attack_type,severity_val,w0,w1,w2,w3,w4,w5,w6,w7,w8,w9,w10,w11,w12,w13,w14,w15,w16,w17,w18,w19,w20,w21,w22,w23,w24,w25,w26,w27,w28,w29,w30,w31,w32,w33,w34,w35,w36,w37,w38,w39,w40,w41,w42,w43,w44,w45,w46,w47
scaling,0.738,0.2507040798664093,0.18017657101154327,0.3023006021976471,0.20207133889198303,0.19971047341823578,0.1521478295326233,0.22335653007030487,0.1939602643251419,0.21587719023227692,0.3346962034702301,0.2507655918598175,0.20986466109752655,0.3013421893119812,0.3944492042064667,0.49531328678131104,0.4462445080280304,0.38219931721687317,0.30558913946151733,0.33153438568115234,0.2243679314851761,0.21801474690437317,0.14169424772262573,0.14409680664539337,0.26878663897514343,0.18375569581985474,0.2759864628314972,0.22135695815086365,0.35863932967185974,0.2865179479122162,0.2420913279056549,0.2984049320220947,0.2731684446334839,0.28035274147987366,0.41907215118408203,0.4190000891685486,0.2828124463558197,0.2474408596754074,0.296379029750824,0.33606186509132385,0.2910143733024597,0.30239975452423096,0.2641846835613251,0.3034314811229706,0.2595645785331726,0.2570520043373108,0.24482029676437378,0.21354331076145172,0.23000375926494598
scaling,0.665,0.1194801926612854,0.0,0.0,0.09121574461460114,0.16011199355125427,0.1764804571866989,0.0943019911646843,0.24812404811382294,0.18161484599113464,0.313436359167099,0.30394604802131653,0.32456880807876587,0.4194098114967346,0.5594757795333862,0.38048404455184937,0.5063973665237427,0.26940616965293884,0.3742007911205292,0.4002266824245453,0.3012789487838745,0.24866320192813873,0.35854700207710266,0.32889071106910706,0.3038400411605835,0.4661642014980316,0.5841628909111023,0.532727837562561,0.5610218048095703,0.5957709550857544,0.7076589465141296,0.5930833220481873,0.5475058555603027,0.399097204208374,0.3316977322101593,0.26442432403564453,0.2509838938713074,0.28522148728370667,0.19104182720184326,0.23481595516204834,0.43694692850112915,0.5043648481369019,0.3536805212497711,0.3588888943195343,0.2753414809703827,0.1445683091878891,0.3705804944038391,0.5045409798622131,0.6272035241127014
scaling,0.38,0.26502856612205505,0.6418066620826721,0.5148576498031616,0.8720175623893738,0.88881915807724,0.6015908718109131,0.3867012560367584,0.4167596399784088,0.41417884826660156,0.3929135501384735,0.350136399269104,0.21407675743103027,0.3002282679080963,0.1609029918909073,0.28744345903396606,0.14803197979927063,0.2506946921348572,0.47373783588409424,0.4924030601978302,0.48174187541007996,0.415888249874115,0.35125458240509033,0.2988594174385071,0.35950183868408203,0.3203697204589844,0.4425024092197418,0.6368480920791626,0.8398588299751282,0.9024409055709839,0.7339015603065491,0.6573961973190308,0.5097604990005493,0.7093205451965332,0.8459208607673645,0.8398178219795227,0.6837447881698608,0.8769610524177551,0.9437722563743591,0.8337482810020447,1.0184270143508911,0.8520562648773193,1.0509414672851562,1.1488316059112549,0.732258677482605,0.8734320402145386,0.9245204329490662,0.9650174379348755,0.8992444276809692
scaling,0.724,0.5759856104850769,0.554043173789978,0.4831264317035675,0.42358243465423584,0.40992382168769836,0.5175537467002869,0.4504750967025757,0.3427082598209381,0.3667052388191223,0.28582140803337097,0.17426042258739471,0.24206985533237457,0.21919776499271393,0.13346973061561584,0.15940110385417938,0.1917063593864441,0.2544343173503876,0.23844268918037415,0.3344370424747467,0.4607997536659241,0.43948429822921753,0.3575880527496338,0.31114500761032104,0.4335838556289673,0.3818661868572235,0.3738631308078766,0.3615025579929352,0.4638851284980774,0.48379355669021606,0.37647515535354614,0.18537206947803497,0.22419044375419617,0.28256720304489136,0.46586763858795166,0.41575735807418823,0.48236867785453796,0.39315491914749146,0.34887582063674927,0.31633859872817993,0.23993423581123352,0.1872197836637497,0.30413052439689636,0.38328129053115845,0.3556574583053589,0.30065569281578064,0.43075820803642273,0.22645486891269684,0.32012057304382324
scaling,0.693,0.23468229174613953,0.22234098613262177,0.13113002479076385,0.22858871519565582,0.0,0.09693000465631485,0.11139130592346191,0.0,0.0,0.012848067097365856,0.04381132125854492,0.13303358852863312,0.17238330841064453,0.09850049018859863,0.17474722862243652,0.3231852650642395,0.44069522619247437,0.3586518168449402,0.35716429352760315,0.42899206280708313,0.36634740233421326,0.5887772440910339,0.37238484621047974,0.49764445424079895,0.5192968249320984,0.4814166724681854,0.4862228333950043,0.3738287091255188,0.211973637342453,0.16604846715927124,0.37204882502555847,0.4894873797893524,0.30075976252555847,0.5337585806846619,0.4420328438282013,0.5482202172279358,0.5283278226852417,0.469788521528244,0.5748857855796814,0.49229884147644043,0.3914175033569336,0.5019262433052063,0.4683873951435089,0.40021446347236633,0.5372791886329651,0.6072588562965393,0.39466679096221924,0.3800086975097656
scaling,0.678,0.29269593954086304,0.4832019507884979,0.4357348084449768,0.36299291253089905,0.20439700782299042,0.4842459261417389,0.5150124430656433,0.4637209177017212,0.2583375871181488,0.14934423565864563,0.19733451306819916,0.1930876225233078,0.28618574142456055,0.20897705852985382,0.26114368438720703,0.31370314955711365,0.4330838620662689,0.4750816226005554,0.41924595832824707,0.47283968329429626,0.403373658657074,0.22156940400600433,0.27787137031555176,0.3652144968509674,0.38764649629592896,0.581784188747406,0.5187445878982544,0.349884569644928,0.3500320315361023,0.2757375240325928,0.3635146915912628,0.332693874835968,0.39399248361587524,0.387953519821167,0.28886687755584717,0.37772682309150696,0.427734911441803,0.4365086555480957,0.2585296630859375,0.2423120141029358,0.10728734731674194,0.3236578106880188,0.33316904306411743,0.3552818298339844,0.3465353846549988,0.3711361885070801,0.327048122882843,0.3261154592037201
scaling,0.382,0.905316948890686,0.7999674081802368,0.8137604594230652,0.718329668045044,0.7227839231491089,0.682838499546051,0.5760043263435364,0.706428050994873,0.6337746977806091,0.7145245671272278,1.081862211227417,1.3134770393371582,0.7998846173286438,0.563442051410675,0.66944819688797,0.5556908845901489,0.7733400464057922,1.2112447023391724,1.2485390901565552,1.1490744352340698,1.1830037832260132,0.9691901803016663,0.850715160369873,0.9535118341445923,1.1253578662872314,1.311858892440796,1.1481488943099976,1.1066079139709473,1.2316293716430664,1.5601403713226318,1.0538122653961182,0.9648389220237732,1.0822405815124512,0.9886282682418823,0.8697295784950256,0.7151920199394226,0.7913103103637695,0.826931893825531,0.5599651336669922,0.41841328144073486,0.668475866317749,0.7491492033004761,0.7192431092262268,0.9942860007286072,1.0699275732040405,1.2274059057235718,1.3977774381637573,1.3875535726547241
scaling,0.367,0.7919516563415527,0.7710850834846497,0.7108756899833679,0.5622643232345581,0.7508819699287415,0.6624817252159119,0.473453551530838,0.41940242052078247,0.48057377338409424,0.5778776407241821,0.5140838623046875,0.7101601958274841,0.6659759283065796,0.2058345526456833,0.1686379462480545,0.28100505471229553,0.34183359146118164,0.42283880710601807,0.6328883767127991,0.7226779460906982,0.7866575717926025,0.7317580580711365,0.9003477692604065,0.6109524965286255,0.6630863547325134,0.7766940593719482,0.6506774425506592,0.7205742597579956,0.5310431122779846,0.60176682472229,0.6130780577659607,0.44563984870910645,0.5983058214187622,0.6187307238578796,0.686111330986023,0.7399618029594421,0.603008508682251,0.805789589881897,0.538504421710968,0.5272068381309509,0.33582058548927307,0.14882798492908478,0.3696748912334442,0.5894941091537476,0.6027073264122009,0.3084172010421753,0.34923574328422546,0.30946028232574463
scaling,0.467,0.5929167866706848,0.44160422682762146,0.6285455822944641,0.6861017346382141,0.578068733215332,0.6783972978591919,0.5362463593482971,0.3963790237903595,0.6039737462997437,0.5694957375526428,0.6844508051872253,0.6753488779067993,0.6003843545913696,0.3827003538608551,0.7998589277267456,0.756076455116272,0.8522745966911316,0.9284018278121948,0.7441983819007874,0.8655879497528076,0.9460051655769348,0.8622603416442871,0.7778827548027039,0.623693585395813,0.5477247834205627,0.4673450291156769,0.4453928470611572,0.42638862133026123,0.42818114161491394,0.2855057716369629,0.4103960394859314,0.43703967332839966,0.34356632828712463,0.2956048846244812,0.5296748876571655,0.55130535364151,0.6784491539001465,0.7165852785110474,0.6412094831466675,0.5235722064971924,0.674384355545044,0.5141626000404358,0.6845824718475342,0.6432604193687439,0.6661446690559387,0.528438925743103,0.469916433095932,0.588899552822113
scaling,0.503,1.0597082376480103,0.6622369289398193,0.6424874067306519,0.4417549669742584,0.5989875197410583,0.5786173343658447,0.6892469525337219,0.888802707195282,0.727021336555481,0.5717036128044128,0.20621463656425476,0.5510103106498718,0.5704556107521057,0.7450165748596191,0.8462733030319214,0.6153818368911743,0.3950450122356415,0.5642286539077759,0.6490508913993835,0.7373058795928955,0.6783990263938904,0.852915346622467,0.7408774495124817,0.812451958656311,0.6989263892173767,0.7489050626754761,0.8801151514053345,0.8306875824928284,0.7423357963562012,0.6927045583724976,0.9112384915351868,0.8957867622375488,0.6456276178359985,0.9550858736038208,1.0326436758041382,1.0148987770080566,0.8135021924972534,0.5885670781135559,0.646061360836029,0.6345680952072144,0.7769287824630737,0.654077410697937,0.7716506123542786,0.8271446228027344,0.6589623689651489,1.0404027700424194,1.035943865776062,1.0110243558883667
scaling,0.797,0.4374781847000122,0.4747147262096405,0.3938107192516327,0.41499727964401245,0.31047192215919495,0.3134489059448242,0.2686708867549896,0.24230548739433289,0.27519136667251587,0.2974717617034912,0.2602196931838989,0.2370927929878235,0.13141775131225586,0.12378668040037155,0.0692429393529892,0.09375999867916107,0.1337328404188156,0.08686337620019913,0.05696285888552666,0.06675408780574799,0.17960244417190552,0.26180484890937805,0.22666627168655396,0.19085608422756195,0.13483597338199615,0.12816423177719116,0.20130380988121033,0.28380900621414185,0.3211972117424011,0.33170098066329956,0.29811009764671326,0.2573546767234802,0.23526574671268463,0.17832887172698975,0.20657651126384735,0.22907216846942902,0.25805652141571045,0.22097384929656982,0.20169678330421448,0.2633778154850006,0.161494180560112,0.2669956386089325,0.29298636317253113,0.2927810847759247,0.19123324751853943,0.3360290825366974,0.33762529492378235,0.3508320152759552
scaling,0.676,0.3574143946170807,0.22922790050506592,0.275970458984375,0.2550019323825836,0.35862016677856445,0.21592333912849426,0.1059311181306839,0.2788321375846863,0.22907668352127075,0.1355908066034317,0.28359946608543396,0.3054507374763489,0.18921473622322083,0.3874240517616272,0.4819648861885071,0.5770084261894226,0.6890963315963745,0.7670310139656067,0.6687552332878113,0.5867067575454712,0.6313143968582153,0.534501314163208,0.44122451543807983,0.4725513160228729,0.5695347785949707,0.6990344524383545,0.5134478211402893,0.5031783580780029,0.41620057821273804,0.4177384376525879,0.41811493039131165,0.39348408579826355,0.33872270584106445,0.19969719648361206,0.34093013405799866,0.25901859998703003,0.23137500882148743,0.25570523738861084,0.2154926359653473,0.17939075827598572,0.12926125526428223,0.08310901373624802,0.10088947415351868,0.04789357632398605,0.16030579805374146,0.17541712522506714,0.16034379601478577,0.21442554891109467
scaling,0.793,0.11094148457050323,0.1714198738336563,0.19228176772594452,0.17036530375480652,0.20000268518924713,0.136232390999794,0.15713413059711456,0.07297566533088684,0.11078283190727234,0.1415168195962906,0.287655234336853,0.3511379361152649,0.4029533267021179,0.30215713381767273,0.3376336991786957,0.3662325143814087,0.4051157236099243,0.24155382812023163,0.12796303629875183,0.16680647432804108,0.10178880393505096,0.05947083607316017,0.1446315199136734,0.16766591370105743,0.15918467938899994,0.13112449645996094,0.10474833101034164,0.09068613499403,0.11350881308317184,0.14897680282592773,0.07687564194202423,0.14432860910892487,0.1861521154642105,0.15822668373584747,0.1583583801984787,0.21191979944705963,0.07176834344863892,0.18936119973659515,0.22816532850265503,0.2029992789030075,0.15716852247714996,0.25859203934669495,0.19756019115447998,0.117612823843956,0.1977645754814148,0.18863801658153534,0.17460380494594574,0.12057647854089737
scaling,0.329,0.5005689263343811,0.06545775383710861,0.21892409026622772,0.24685637652873993,0.20465348660945892,0.2680540680885315,0.40033143758773804,0.0,0.1695963591337204,0.2592242956161499,0.503758430480957,0.39450398087501526,0.46883365511894226,0.26091790199279785,0.32399046421051025,0.5186096429824829,0.8079671263694763,0.9514743089675903,0.9990085363388062,1.2047384977340698,0.6356278657913208,0.9021672010421753,0.7468095421791077,0.8884090185165405,0.8942740559577942,0.8288799524307251,0.8894842863082886,0.9272844195365906,0.876500129699707,0.4762723445892334,0.4542899429798126,0.23133614659309387,0.2971789538860321,0.11069492250680923,0.1453981101512909,0.3296242952346802,0.6519153714179993,0.8271006941795349,1.199976921081543,0.7723134756088257,0.5232155919075012,0.8308233618736267,1.0011098384857178,1.223136067390442,1.2543973922729492,1.2949742078781128,1.0615355968475342,1.119776964187622
scaling,0.568,0.06268734484910965,0.0,0.0,0.015951432287693024,0.12194608896970749,0.032260503619909286,0.1626889407634735,0.20158103108406067,0.2629392445087433,0.3771424889564514,0.34904682636260986,0.4432968199253082,0.21332700550556183,0.27936482429504395,0.364543080329895,0.22345922887325287,0.4499802589416504,0.4335578382015228,0.40229424834251404,0.3632832169532776,0.3528195917606354,0.2455378919839859,0.21138547360897064,0.30454128980636597,0.46664026379585266,0.5590816736221313,0.5516741871833801,0.5778634548187256,0.40980634093284607,0.41794466972351074,0.39579957723617554,0.4738428592681885,0.488887220621109,0.6220195293426514,0.5672812461853027,0.4335807263851166,0.649320125579834,0.5844250321388245,0.4789845943450928,0.4370953440666199,0.5466678142547607,0.5115865468978882,0.6301808953285217,0.49466174840927124,0.4782714247703552,0.483851820230484,0.5463829636573792,0.7645220756530762
scaling,0.226,1.194311499595642,1.176254391670227,1.1914036273956299,1.44334876537323,1.2724300622940063,0.7794904708862305,0.6230264902114868,1.0480796098709106,1.1310368776321411,1.5151491165161133,1.2542734146118164,1.5459866523742676,1.0573856830596924,1.063220500946045,1.1487507820129395,0.9698811173439026,1.0750821828842163,1.091083288192749,1.3127068281173706,1.1447845697402954,0.9733558893203735,1.278775930404663,1.0163629055023193,1.001449704170227,1.275377631187439,1.086207389831543,1.1844112873077393,1.0764646530151367,1.1018264293670654,0.8987699151039124,0.7760907411575317,0.853962779045105,0.521772027015686,0.3444399833679199,0.6556479930877686,0.6860795617103577,0.5222561359405518,0.5308060646057129,0.7514927387237549,0.6564610600471497,0.7381219863891602,0.6276565790176392,0.7103656530380249,0.766004204750061,0.7749677896499634,0.7054453492164612,0.557492196559906,0.9696871042251587
scaling,0.509,0.8800279498100281,0.504065990447998,0.41777122020721436,0.4172945022583008,0.3400159776210785,0.35839366912841797,0.20578289031982422,0.21793070435523987,0.0,0.21244260668754578,0.3650607764720917,0.2518196702003479,0.5737763047218323,0.47257763147354126,0.3414323329925537,0.042357929050922394,0.32816004753112793,0.4709460735321045,0.2878772020339966,0.33227020502090454,0.3725922703742981,0.6290739178657532,0.7863701581954956,0.6629595160484314,0.5520792007446289,0.522104024887085,0.30207687616348267,0.3234061598777771,0.45241865515708923,0.3050701916217804,0.44211307168006897,0.554368257522583,0.7642363905906677,0.7793450355529785,0.883958637714386,0.6491581201553345,0.7060608863830566,0.8070242404937744,0.5965251326560974,0.6252471804618835,0.7352813482284546,0.8327499032020569,0.6235615015029907,0.7530763745307922,0.5438765287399292,0.6317076683044434,0.8963489532470703,0.4501980245113373
scaling,0.48,1.0716606378555298,1.319236159324646,1.0805777311325073,1.1053707599639893,1.0182979106903076,0.8020616769790649,0.7115407586097717,0.9119108319282532,0.8627112507820129,0.5752017498016357,0.8624363541603088,0.47491705417633057,0.6183350682258606,0.646580696105957,0.402799516916275,0.5253540277481079,0.48112431168556213,0.5876310467720032,0.5786924958229065,0.2637884318828583,0.5126421451568604,0.6199538111686707,0.8095058798789978,0.8635488152503967,0.5095332860946655,0.0,0.014484317973256111,0.06349857896566391,0.07776036113500595,0.17557303607463837,0.40198078751564026,0.3230169415473938,0.2240191549062729,0.39363330602645874,0.5584270358085632,0.5369556546211243,0.2203703224658966,0.2043680101633072,0.6218627095222473,0.7584419250488281,0.6497712135314941,0.648183286190033,0.943293035030365,0.5871379971504211,0.7173298001289368,0.731441080570221,0.36805105209350586,0.44157513976097107
scaling,0.578,0.6317154765129089,0.64406818151474,0.6595506072044373,0.6701642870903015,0.49516069889068604,0.4458763301372528,0.6890321373939514,0.6471056938171387,0.7254587411880493,0.8394915461540222,0.93524169921875,0.6135329008102417,0.4958062469959259,0.5997324585914612,0.654354453086853,0.6057976484298706,0.8300353288650513,0.8370214700698853,0.8624154925346375,0.7021762728691101,0.6135905981063843,0.607187032699585,0.5857706069946289,0.7659544944763184,0.8350514769554138,0.8443760275840759,0.8971001505851746,0.6766030788421631,0.5782198905944824,0.2665380537509918,0.26891812682151794,0.5074301362037659,0.34948164224624634,0.29738277196884155,0.32002273201942444,0.32833755016326904,0.40992844104766846,0.390475869178772,0.31273454427719116,0.5703217387199402,0.4632883667945862,0.5402889847755432,0.5210200548171997,0.5791975259780884,0.5750420093536377,0.8821173906326294,0.6350690722465515,0.7194651961326599
scaling,0.508,0.3960730731487274,0.35137757658958435,0.3616166114807129,0.3293260335922241,0.4687279760837555,0.3876924514770508,0.24842001497745514,0.43877536058425903,0.5040070414543152,0.5936053395271301,0.5977569818496704,0.35635772347450256,0.5547714233398438,0.5250262022018433,0.5395565629005432,0.5597823262214661,0.5388582348823547,0.752866268157959,0.5365818738937378,0.6455918550491333,0.5255152583122253,0.6476457715034485,0.5944790244102478,0.7734596729278564,0.8829604983329773,0.9279974699020386,0.7084235548973083,0.9527957439422607,1.3356221914291382,1.1522548198699951,1.3677167892456055,1.1542918682098389,1.186220407485962,0.9612743854522705,0.6680752635002136,0.7135578989982605,0.46846717596054077,0.5078104138374329,0.3356887102127075,0.344251424074173,0.2699459195137024,0.35449734330177307,0.24979840219020844,0.0567091703414917,0.1168452650308609,0.10739197582006454,0.20361445844173431,0.4129020869731903
scaling,0.349,1.9189281463623047,1.8472939729690552,1.7851054668426514,1.9727766513824463,1.7678799629211426,1.5050114393234253,1.4793133735656738,1.5900908708572388,1.351745367050171,1.6344764232635498,1.3608372211456299,1.5337693691253662,1.3929145336151123,0.9425562620162964,0.6633668541908264,0.6605715751647949,0.7443468570709229,1.0558600425720215,0.5703255534172058,0.6015182733535767,0.8808823823928833,0.6432520747184753,0.8198529481887817,1.0515530109405518,1.1294063329696655,1.106188178062439,1.0078315734863281,1.187483787536621,1.2495508193969727,1.0892553329467773,1.0755301713943481,0.7602975964546204,0.9173911809921265,0.5890499353408813,0.7197661995887756,1.0930495262145996,1.055907964706421,1.3108248710632324,1.3525452613830566,1.4357270002365112,1.1336959600448608,1.091344952583313,1.3539187908172607,1.5208102464675903,1.2346071004867554,1.0978528261184692,1.1540215015411377,0.7938712239265442
scaling,0.207,0.11738690733909607,0.4932408332824707,0.6354638338088989,0.7631754875183105,0.4799697697162628,0.16740383207798004,0.2532493472099304,0.4766116440296173,0.4338527321815491,0.7209604382514954,0.7353482246398926,0.7147247791290283,0.6619651317596436,1.1070151329040527,1.3669118881225586,1.02687406539917,1.1680026054382324,1.1043261289596558,1.1862072944641113,0.6309465169906616,0.5979401469230652,1.1613783836364746,1.3887102603912354,1.1471108198165894,0.9881843328475952,0.6606537699699402,0.8112046718597412,0.9103967547416687,0.5547507405281067,0.5949838757514954,0.7199941873550415,0.9995067715644836,1.289561152458191,1.3811705112457275,1.328489065170288,1.533372163772583,1.1813033819198608,1.2282018661499023,1.5634372234344482,1.6630254983901978,1.9277701377868652,1.4057623147964478,1.2444466352462769,1.0746618509292603,1.165562629699707,0.9558495879173279,1.0619231462478638,1.3224384784698486
scaling,0.615,0.3245195746421814,0.3454594910144806,0.3829724192619324,0.35788458585739136,0.12927667796611786,0.1389889121055603,0.17698901891708374,0.17463481426239014,0.3127363920211792,0.36691147089004517,0.4470272958278656,0.22546599805355072,0.1627386212348938,0.31642746925354004,0.40633371472358704,0.5147690176963806,0.5058594346046448,0.49165281653404236,0.38664311170578003,0.46614664793014526,0.42920881509780884,0.38734713196754456,0.4191582202911377,0.5030043721199036,0.3164979815483093,0.3074455261230469,0.24102437496185303,0.4563264548778534,0.5108331441879272,0.42062145471572876,0.4058201313018799,0.5317707061767578,0.7676920294761658,0.8132331371307373,0.7146382927894592,0.6290194988250732,0.37702688574790955,0.5820565223693848,0.618811845779419,0.8830431699752808,0.7952251434326172,0.6344002485275269,0.4501614272594452,0.4757739007472992,0.645020067691803,0.6046063303947449,0.7982741594314575,0.6002750396728516
scaling,0.32,1.2847049236297607,1.0723793506622314,1.3331687450408936,1.4124404191970825,1.2847156524658203,1.42559814453125,1.099406123161316,1.5500143766403198,1.104468822479248,1.2107431888580322,0.804757833480835,1.1773974895477295,1.036902904510498,1.0482219457626343,1.0956941843032837,1.007452368736267,0.84736567735672,1.0169413089752197,0.8901424407958984,1.047276258468628,1.0701128244400024,1.2588804960250854,0.8810396790504456,1.0007216930389404,0.9217149615287781,1.566659927368164,1.2318496704101562,0.8481096625328064,0.9272816181182861,1.0341886281967163,1.1424808502197266,1.08079993724823,1.158371925354004,1.0248920917510986,1.241978406906128,1.1496905088424683,1.293897032737732,1.003385066986084,0.9773648381233215,0.8042433857917786,0.7806904315948486,0.5988540649414062,0.7173296809196472,0.9822732210159302,1.1287528276443481,0.9683201313018799,0.9738323092460632,1.2974766492843628
scaling,0.202,0.49340713024139404,0.6921626925468445,0.8890754580497742,1.0283801555633545,1.0704013109207153,0.8915319442749023,1.0223050117492676,0.5227252244949341,0.5065482258796692,0.8165310621261597,1.276321530342102,0.8748248219490051,0.5742154121398926,0.8103311657905579,0.6682890057563782,1.4404460191726685,1.4268393516540527,1.0517868995666504,1.0104109048843384,1.1469190120697021,1.4339889287948608,1.1820368766784668,0.9858437180519104,1.0999650955200195,0.8319506049156189,1.1738052368164062,0.6582690477371216,0.7929049134254456,0.9342858195304871,0.8047820925712585,1.4922661781311035,0.9874422550201416,1.3917529582977295,1.0428040027618408,1.2505744695663452,1.2672611474990845,1.1194472312927246,0.8229360580444336,0.9053978323936462,1.0745140314102173,1.0054863691329956,1.0688531398773193,1.6192758083343506,1.7951076030731201,1.7527738809585571,0.974015474319458,0.7196779251098633,1.0003747940063477
scaling,0.698,0.5826217532157898,0.6038681864738464,0.5600701570510864,0.489765465259552,0.5488202571868896,0.5677515864372253,0.41514256596565247,0.5065281987190247,0.4719371199607849,0.3378615081310272,0.30784931778907776,0.2900242209434509,0.34744077920913696,0.2724097669124603,0.25927790999412537,0.32513490319252014,0.335151731967926,0.41341254115104675,0.3882378935813904,0.31992894411087036,0.31104087829589844,0.402625173330307,0.2620405852794647,0.4609881043434143,0.25125402212142944,0.2282620370388031,0.3166508078575134,0.3753644824028015,0.323064923286438,0.3583565652370453,0.3542398512363434,0.3950878381729126,0.41617724299430847,0.4755426049232483,0.6131826639175415,0.649355411529541,0.7060016989707947,0.7217321395874023,0.6801215410232544,0.6382620334625244,0.571593701839447,0.5741229057312012,0.5789686441421509,0.4066610336303711,0.3528464734554291,0.3733214735984802,0.4077085554599762,0.2676011621952057
scaling,0.361,1.1816182136535645,0.4442726969718933,0.7598147988319397,0.6593483686447144,0.7054319381713867,0.561362624168396,0.36987248063087463,0.7873479127883911,0.8635576367378235,0.9888932108879089,0.9795657396316528,1.1580955982208252,0.7887113094329834,0.6264953017234802,0.4164215624332428,0.7609493136405945,0.9461248517036438,0.5115698575973511,0.3894030749797821,0.33411967754364014,0.32176464796066284,0.5885789394378662,0.6392892003059387,0.8062776923179626,0.8087682723999023,0.7320994138717651,0.7464240789413452,0.7718928456306458,0.8727415800094604,0.6026476621627808,0.9035923480987549,0.6637910604476929,0.7375842332839966,0.7025532126426697,0.7725180983543396,1.0694382190704346,0.6317330002784729,0.5494467616081238,0.9089692831039429,0.581299901008606,0.8234239220619202,0.972104549407959,1.1716498136520386,1.17507803440094,1.1919628381729126,1.190583348274231,1.195638656616211,0.8413926959037781
scaling,0.728,0.2466248720884323,0.3686904311180115,0.3953770697116852,0.3799685537815094,0.36372169852256775,0.47220101952552795,0.393577516078949,0.3514741361141205,0.3701435625553131,0.3906360864639282,0.265811949968338,0.299384742975235,0.46157464385032654,0.40924108028411865,0.33025285601615906,0.3410218358039856,0.21048276126384735,0.16182875633239746,0.17209333181381226,0.260516494512558,0.19726167619228363,0.15537163615226746,0.09862959384918213,0.19118143618106842,0.22371691465377808,0.19710229337215424,0.2706809639930725,0.2435425966978073,0.24687661230564117,0.2326422780752182,0.22569483518600464,0.19705210626125336,0.3500882685184479,0.3389119803905487,0.3928512632846832,0.4035640060901642,0.36324310302734375,0.455430269241333,0.3035542368888855,0.34179648756980896,0.352662056684494,0.3643421530723572,0.36705416440963745,0.481065958738327,0.4067693054676056,0.34303778409957886,0.21688732504844666,0.20379304885864258
scaling,0.708,0.9893713593482971,0.9198700189590454,0.9070405960083008,0.8211100101470947,0.6678746938705444,0.7194088697433472,0.7868760824203491,0.6887304186820984,0.7989048957824707,0.5499776005744934,0.22122865915298462,0.3616361618041992,0.3716048002243042,0.45373907685279846,0.4817265272140503,0.3974420428276062,0.34872451424598694,0.35193106532096863,0.3359389901161194,0.2604401409626007,0.40189605951309204,0.39204221963882446,0.3675563335418701,0.48686927556991577,0.3595017194747925,0.26155856251716614,0.22370071709156036,0.21652770042419434,0.2030247151851654,0.2874622344970703,0.22003179788589478,0.27428698539733887,0.36096492409706116,0.3889010548591614,0.4177931547164917,0.3043379783630371,0.17215918004512787,0.12250224500894547,0.12550997734069824,0.1193724200129509,0.06604460626840591,0.12106451392173767,0.1608833521604538,0.1606816053390503,0.0,0.08083754777908325,0.10560572147369385,0.15794174373149872
scaling,0.584,0.3945433497428894,0.4753437340259552,0.2902454733848572,0.38855329155921936,0.3670942485332489,0.3591882586479187,0.42332082986831665,0.4981343150138855,0.41905897855758667,0.4096294641494751,0.0692535936832428,0.16479450464248657,0.24746277928352356,0.17127294838428497,0.2797219753265381,0.22717225551605225,0.373975932598114,0.3340131342411041,0.2721167504787445,0.28454092144966125,0.27711519598960876,0.18044446408748627,0.28073617815971375,0.29941999912261963,0.27944397926330566,0.24914303421974182,0.11056192219257355,0.11449959129095078,0.18348588049411774,0.14997856318950653,0.22848697006702423,0.36356937885284424,0.4142034947872162,0.3691750466823578,0.47103241086006165,0.5171328783035278,0.6173042058944702,0.6297487616539001,0.5417352914810181,0.6389021873474121,0.5378301739692688,0.4783250689506531,0.3515452742576599,0.6095407605171204,0.5173966884613037,0.632506251335144,0.45194748044013977,0.590065598487854
scaling,0.255,0.6833780407905579,0.7766314148902893,0.553028404712677,0.6515452265739441,0.7465314269065857,0.4022166430950165,0.0,0.3545076549053192,0.4062744081020355,0.4897686541080475,0.3803359568119049,0.09775854647159576,0.19609270989894867,0.27619796991348267,0.6062160730361938,0.43942978978157043,0.5048083066940308,0.627368152141571,0.789793848991394,0.8189166188240051,0.7303102016448975,0.7734277248382568,0.8093308210372925,0.9523475766181946,0.7945080399513245,0.6842232346534729,0.5769844651222229,0.8741846084594727,0.8807770013809204,0.832717776298523,0.6606955528259277,0.4627237617969513,1.0204391479492188,1.2199558019638062,1.766611933708191,1.6201095581054688,1.296142816543579,1.2019416093826294,1.1272807121276855,1.2279622554779053,1.1030453443527222,0.8117194175720215,1.153677225112915,1.1675153970718384,1.058336853981018,0.9015859365463257,0.5994659662246704,1.2806636095046997
scaling,0.525,0.36273762583732605,0.3365224003791809,0.24521277844905853,0.3338024616241455,0.2873336672782898,0.05130556598305702,0.006871887482702732,0.10691531002521515,0.15535415709018707,0.22382181882858276,0.1385165899991989,0.26493188738822937,0.057463403791189194,0.3779095411300659,0.15140388906002045,0.18533273041248322,0.32740074396133423,0.38649314641952515,0.22105586528778076,0.264800488948822,0.45644262433052063,0.4540941119194031,0.47292929887771606,0.5861790180206299,0.6321381330490112,0.4297885298728943,0.4731396436691284,0.5538768172264099,0.8601799607276917,0.6757811307907104,0.5280569195747375,0.5150303840637207,0.5539233684539795,0.5318999290466309,0.4938361644744873,0.5352522134780884,0.3807653784751892,0.4938150644302368,0.31287455558776855,0.22981058061122894,0.5118083953857422,0.47182193398475647,0.5516398549079895,0.31256088614463806,0.3179960250854492,0.4235915541648865,0.3831610381603241,0.45547282695770264
scaling,0.723,0.5957990288734436,0.599086582660675,0.6050081849098206,0.66905277967453,0.7124653458595276,0.50893634557724,0.5309451222419739,0.46361109614372253,0.34193095564842224,0.30183273553848267,0.21387547254562378,0.17377112805843353,0.19172291457653046,0.2121201902627945,0.3385886251926422,0.2698797881603241,0.22310766577720642,0.2670336365699768,0.3025824725627899,0.35596799850463867,0.14236125349998474,0.18085414171218872,0.307052880525589,0.32970133423805237,0.22952552139759064,0.27719128131866455,0.24825814366340637,0.25793221592903137,0.2132161557674408,0.3111816644668579,0.35696861147880554,0.4286309480667114,0.45458853244781494,0.4876146912574768,0.4163256585597992,0.4035475552082062,0.38394588232040405,0.3559826612472534,0.316072940826416,0.3217972218990326,0.3806302547454834,0.4073827266693115,0.3785521984100342,0.372647762298584,0.319478303194046,0.5652170181274414,0.4437122046947479,0.304816335439682
scaling,0.417,0.2470879852771759,0.05736524611711502,0.0,0.15221571922302246,0.23408694565296173,0.2280723750591278,0.3914600908756256,0.4321828782558441,0.4309961795806885,0.25465965270996094,0.2903825044631958,0.260185182094574,0.451882541179657,0.547632098197937,0.45346471667289734,0.3892930746078491,0.1741255223751068,0.2234528362751007,0.3331387937068939,0.3442194163799286,0.6368373036384583,0.5310049653053284,0.8000187277793884,0.670002818107605,0.501307487487793,0.34259697794914246,0.4794638752937317,0.43487611413002014,0.3906235098838806,0.43052902817726135,0.6144526600837708,0.3844816982746124,0.3427882492542267,0.5474094748497009,0.42312029004096985,0.7751743197441101,0.721442461013794,0.7569566965103149,0.9307975769042969,0.6125330328941345,0.7876942157745361,1.2511122226715088,1.4235190153121948,1.4671870470046997,1.5732172727584839,1.2303940057754517,1.1759878396987915,1.3256406784057617
scaling,0.236,1.490342378616333,1.5556279420852661,1.6846810579299927,2.1250691413879395,1.9936002492904663,1.7203245162963867,1.2280290126800537,1.5206444263458252,1.507850170135498,1.4666906595230103,1.3405649662017822,1.284857153892517,1.311933994293213,1.8299663066864014,1.070050597190857,1.125629186630249,1.0482088327407837,1.3950316905975342,0.9383938312530518,1.3121259212493896,1.6426301002502441,1.4730144739151,1.7404003143310547,1.8393439054489136,1.8392680883407593,1.7681739330291748,1.424198865890503,1.5921378135681152,1.5041162967681885,1.6186779737472534,1.499018669128418,1.0134799480438232,1.0335975885391235,1.0848184823989868,1.365679383277893,1.0306612253189087,1.2738219499588013,0.9852676391601562,1.21865713596344,0.8596527576446533,0.9039454460144043,1.1773185729980469,1.3015190362930298,1.297468662261963,1.479375958442688,1.0049928426742554,0.7488728761672974,0.8026392459869385
scaling,0.433,2.001621961593628,1.429481029510498,1.3932157754898071,0.9845935702323914,0.7083460092544556,0.8298954367637634,0.6355224251747131,0.5873009562492371,0.593264639377594,0.6077200770378113,0.6828519105911255,0.968427836894989,0.8604433536529541,0.5887748003005981,0.5205815434455872,0.7679088711738586,0.6309037208557129,0.7385871410369873,0.9404376745223999,1.0732048749923706,1.0430241823196411,1.2379252910614014,1.160170316696167,0.7840681672096252,0.7308703660964966,0.9733951687812805,0.8334953188896179,0.7319890260696411,0.8479670882225037,0.656024158000946,0.49567902088165283,0.34720492362976074,0.33891236782073975,0.3118876516819,0.47405412793159485,0.3207365572452545,0.5382099747657776,0.44257184863090515,0.40978723764419556,0.8400904536247253,0.7296720147132874,0.532025933265686,0.5115347504615784,0.4707547426223755,0.7649067640304565,0.5970019102096558,0.9497947692871094,0.8156129121780396
scaling,0.29,2.5041582584381104,1.7883729934692383,1.7430028915405273,1.2317900657653809,0.8861865401268005,1.038252830505371,0.7950795888900757,0.7347514033317566,0.7422123551368713,0.7602970600128174,0.8542917966842651,1.2115657329559326,1.076470136642456,0.7365953326225281,0.6512811183929443,0.9607036113739014,0.7893012762069702,0.9240202307701111,1.1765482425689697,1.3426486253738403,1.3048906326293945,1.5487244129180908,1.4514479637145996,0.9809198975563049,0.9143660068511963,1.2177802324295044,1.04275643825531,0.9157655239105225,1.060861587524414,0.8207285404205322,0.6201264262199402,0.4343757927417755,0.4240012764930725,0.39019158482551575,0.5930722951889038,0.4012621343135834,0.6733354330062866,0.5536859631538391,0.5126702785491943,1.0510073900222778,0.9128668308258057,0.6655988097190857,0.6399629712104797,0.5889446139335632,0.9569476842880249,0.7468879222869873,1.1882545948028564,1.020384430885315
scaling,0.69,0.34648457169532776,0.31079840660095215,0.43342605233192444,0.5543765425682068,0.3438309133052826,0.4358666241168976,0.5544784069061279,0.3756561577320099,0.4129663407802582,0.2672809362411499,0.07420472055673599,0.16194447875022888,0.27236631512641907,0.4582110345363617,0.5665703415870667,0.2888762354850769,0.33446410298347473,0.3941444754600525,0.33198273181915283,0.36271047592163086,0.4175662696361542,0.4059775471687317,0.532305896282196,0.6801728010177612,0.39816027879714966,0.6389508843421936,0.5819022059440613,0.4472551941871643,0.3643490672111511,0.3174979090690613,0.4070422649383545,0.33152565360069275,0.2395060956478119,0.2901412546634674,0.42287638783454895,0.30002114176750183,0.4033898413181305,0.460134357213974,0.32875657081604004,0.2726643979549408,0.41671738028526306,0.38594311475753784,0.44714146852493286,0.5218755006790161,0.45890095829963684,0.4944955110549927,0.644740879535675,0.6160752773284912
scaling,0.787,0.16051632165908813,0.05937604978680611,0.0,0.13397252559661865,0.10883202403783798,0.06059286743402481,0.0,0.0701463595032692,0.09150084853172302,0.22501946985721588,0.15501905977725983,0.16870054602622986,0.1574820876121521,0.0,0.0,0.03211349993944168,0.11547138541936874,0.0941002368927002,0.06094084307551384,0.05229313671588898,0.16182135045528412,0.08862818032503128,0.09523236751556396,0.034614186733961105,0.11583404988050461,0.09268685430288315,0.20648691058158875,0.1496279239654541,0.06739310920238495,0.0743345394730568,0.1461971253156662,0.1555451601743698,0.20853498578071594,0.19049720466136932,0.14289656281471252,0.13709129393100739,0.14445415139198303,0.054282717406749725,0.23912367224693298,0.2079067826271057,0.1983100175857544,0.12664280831813812,0.18111355602741241,0.23149104416370392,0.17729957401752472,0.20297417044639587,0.3390682637691498,0.294537216424942
scaling,0.554,0.33285054564476013,0.29383915662765503,0.4622943103313446,0.4415220320224762,0.46755561232566833,0.47655561566352844,0.34306755661964417,0.25463035702705383,0.16141533851623535,0.25143811106681824,0.332033634185791,0.41994190216064453,0.7686192393302917,0.6742369532585144,0.7736762166023254,0.8146647810935974,0.9282127618789673,1.0414156913757324,0.8308282494544983,0.8564152121543884,0.6388154029846191,0.7807861566543579,0.9920647740364075,0.793861448764801,0.8277847766876221,0.9497137665748596,0.9922135472297668,1.0909569263458252,1.1465466022491455,1.12379789352417,0.910984992980957,0.6974454522132874,0.8097469210624695,0.9677883386611938,0.7960808873176575,0.8200579285621643,0.8750317692756653,0.686989963054657,0.5869750380516052,0.7689138650894165,0.6189819574356079,0.6520618796348572,0.49284473061561584,0.5063889026641846,0.428143709897995,0.47286903858184814,0.6473046541213989,0.6672461032867432
scaling,0.583,0.621533215045929,0.5256215929985046,0.32985663414001465,0.2614513337612152,0.341255784034729,0.21995772421360016,0.4898427128791809,0.34592142701148987,0.3063253164291382,0.2716289460659027,0.182579904794693,0.2325613796710968,0.48328590393066406,0.32074007391929626,0.2929967939853668,0.5923139452934265,0.39567533135414124,0.4860347509384155,0.6461905241012573,0.7398457527160645,0.6982226967811584,0.7306680083274841,0.8372316360473633,0.518792450428009,0.37385573983192444,0.3069552183151245,0.4231570363044739,0.3379531800746918,0.4009275436401367,0.3271005153656006,0.3094222843647003,0.4202292263507843,0.3566543161869049,0.390324205160141,0.4407919645309448,0.2762572169303894,0.21718120574951172,0.29790619015693665,0.3839208781719208,0.2659571170806885,0.3874357044696808,0.4093683958053589,0.28236594796180725,0.18147285282611847,0.08221139758825302,0.18628178536891937,0.03841685876250267,0.1793370544910431
scaling,0.606,0.48407235741615295,0.1908634901046753,0.2787577509880066,0.4556214213371277,0.634629487991333,0.5256359577178955,0.5877121090888977,0.7120638489723206,0.7150692343711853,0.8106104135513306,0.7546935081481934,0.6317141056060791,0.6013476848602295,0.31126755475997925,0.4462617039680481,0.4644932150840759,0.5338980555534363,0.5470514893531799,0.6825069189071655,0.646184504032135,0.6278045773506165,0.8039113283157349,0.6222960352897644,0.6544421911239624,0.6517412662506104,0.55290287733078,0.6626088619232178,0.5058157444000244,0.5957528352737427,0.5572330355644226,0.42431312799453735,0.48189908266067505,0.4467853903770447,0.08591779321432114,0.2087913155555725,0.2613537013530731,0.5927252173423767,0.6054530739784241,0.5383639931678772,0.5467139482498169,0.5009701251983643,0.5537928342819214,0.6206647157669067,0.5211682915687561,0.7352073192596436,0.7243512868881226,0.6148430705070496,0.9385835528373718
scaling,0.464,0.3813248574733734,0.22533954679965973,0.2211100310087204,0.47852805256843567,0.6220857501029968,0.5838556289672852,0.9403786659240723,0.8131024837493896,0.7854875326156616,0.7666568160057068,0.823814868927002,0.8177685737609863,0.8248999118804932,0.6572896242141724,0.637485682964325,0.605853259563446,0.46421879529953003,0.5689945220947266,0.515691339969635,0.6090578436851501,0.3932695686817169,0.2733501195907593,0.21443292498588562,0.194765105843544,0.16979627311229706,0.34363889694213867,0.27185696363449097,0.3716064691543579,0.6375339031219482,0.2976258397102356,0.14028488099575043,0.3564213812351227,0.6150776743888855,0.8091766238212585,0.8710311055183411,0.9380720257759094,0.8444860577583313,0.6680991649627686,0.7452093362808228,0.5113976001739502,0.1627744734287262,0.31462186574935913,0.3006865680217743,0.5229635238647461,0.3971392512321472,0.5749722123146057,0.7565604448318481,0.9009020328521729
scaling,0.344,0.5850481390953064,0.2279793918132782,0.014323897659778595,0.20583932101726532,0.35737183690071106,0.49498340487480164,0.0,0.0,0.43699318170547485,0.24428953230381012,0.14956188201904297,0.302095890045166,0.5519583821296692,0.4415309727191925,0.44613951444625854,0.6658570170402527,0.9191679954528809,0.36583560705184937,0.4305835962295532,0.4167833924293518,0.3960859775543213,0.32790300250053406,0.8589212894439697,0.6713845729827881,0.44599050283432007,0.7198629975318909,1.32611882686615,1.6579079627990723,1.9892051219940186,2.0011098384857178,1.6219755411148071,1.615537405014038,1.487368106842041,1.2853138446807861,1.2021502256393433,1.4503897428512573,1.013770341873169,1.0961830615997314,1.054496169090271,1.0165413618087769,0.6834437251091003,0.6929039359092712,0.5582751035690308,0.8269293904304504,1.3261579275131226,1.595341444015503,1.5558791160583496,1.6160916090011597
scaling,0.258,0.26586341857910156,0.15521501004695892,0.6536988019943237,0.7107922434806824,0.45492440462112427,0.7586151957511902,0.5516249537467957,0.8038671612739563,0.5836507678031921,0.671340823173523,0.8300920128822327,0.5405346751213074,0.6062355637550354,0.9515979290008545,1.1321300268173218,1.087751030921936,0.9286149144172668,0.6971890330314636,0.7515854239463806,0.6276510953903198,0.6470791101455688,0.523694634437561,0.9354991316795349,1.173906922340393,1.0771015882492065,1.384299635887146,1.0670106410980225,0.9536670446395874,0.9899599552154541,1.0297297239303589,1.1910525560379028,1.398500680923462,1.2517623901367188,1.2767828702926636,1.5042883157730103,1.1648787260055542,1.0853400230407715,1.3179370164871216,0.9214852452278137,1.3436813354492188,1.1912593841552734,0.8300827145576477,0.6927286386489868,0.5971047878265381,0.4593128263950348,0.7997111678123474,0.5653916597366333,0.6230522394180298
scaling,0.781,0.08673643320798874,0.10648304969072342,0.031595367938280106,0.12004147469997406,0.057962220162153244,0.10404560714960098,0.28604039549827576,0.22387461364269257,0.19651120901107788,0.22739706933498383,0.09489454329013824,0.1776275336742401,0.3067011833190918,0.32136934995651245,0.4233053922653198,0.35019487142562866,0.32949331402778625,0.35048940777778625,0.359642893075943,0.23304812610149384,0.2935931086540222,0.25707125663757324,0.3728339672088623,0.3686778247356415,0.23047906160354614,0.23660817742347717,0.18922460079193115,0.14073176681995392,0.14484435319900513,0.193484827876091,0.17402704060077667,0.1710961014032364,0.24276958405971527,0.23654888570308685,0.25982776284217834,0.27853235602378845,0.18676237761974335,0.22879497706890106,0.27913612127304077,0.28390049934387207,0.2656533122062683,0.29035261273384094,0.2521112263202667,0.2918816804885864,0.33033496141433716,0.3380979895591736,0.38081908226013184,0.36732831597328186
scaling,0.603,0.0,0.0,0.0,0.0,0.21700237691402435,0.05887918174266815,0.01569180004298687,0.060224320739507675,0.1986819952726364,0.03131531924009323,0.20610690116882324,0.0,0.0,0.0,0.0,0.07761328667402267,0.002637232420966029,0.09912490844726562,0.0023334440775215626,0.0028236694633960724,0.021690577268600464,0.048991914838552475,0.14699602127075195,0.06594831496477127,0.09046293795108795,0.2963497042655945,0.24741706252098083,0.49945303797721863,0.44433003664016724,0.5292067527770996,0.6279244422912598,0.5535183548927307,0.5421215295791626,0.4497837424278259,0.48373404145240784,0.6075800657272339,0.4115005135536194,0.5938645601272583,0.525239109992981,0.36938607692718506,0.4755607545375824,0.30766165256500244,0.6270691156387329,0.5494827628135681,0.6540205478668213,0.631922721862793,0.9587018489837646,1.0207549333572388
scaling,0.38,0.8470577597618103,0.7263492941856384,0.9271551966667175,0.7529534697532654,0.638872504234314,0.6469889879226685,0.531054675579071,0.6343299150466919,0.4837917685508728,0.8164665102958679,0.6068153381347656,0.863230288028717,1.0323904752731323,0.9658469557762146,0.8617705702781677,1.1573413610458374,1.1144742965698242,1.1280490159988403,0.9834811687469482,1.5252436399459839,1.339047908782959,1.320796012878418,1.4714008569717407,1.3918838500976562,1.072320580482483,1.2827717065811157,1.5288026332855225,1.1823925971984863,0.916740357875824,1.0327378511428833,0.933038592338562,0.8931048512458801,0.7327077984809875,1.001814842224121,0.9693775177001953,0.7210968136787415,0.2182449847459793,0.24418149888515472,0.3932884931564331,0.6179802417755127,1.009302020072937,0.7524988651275635,0.8222336173057556,0.8109045028686523,0.3091643452644348,0.4867646098136902,0.43833956122398376,0.3184643089771271
scaling,0.597,0.059612710028886795,0.250482976436615,0.32270821928977966,0.38756415247917175,0.24374352395534515,0.08501285314559937,0.1286078691482544,0.24203816056251526,0.2203238606452942,0.36612606048583984,0.37343260645866394,0.3629593849182129,0.3361664116382599,0.5621765851974487,0.6941602230072021,0.5214784741401672,0.593147873878479,0.5608109831809998,0.6023927927017212,0.3204142153263092,0.3036525249481201,0.5897839665412903,0.7052301168441772,0.5825384259223938,0.5018306374549866,0.33550047874450684,0.4119548797607422,0.4623276889324188,0.2817195951938629,0.30215126276016235,0.36563533544540405,0.5075805187225342,0.654879093170166,0.7014011740684509,0.6746479272842407,0.7786939144134521,0.5999024510383606,0.6237189769744873,0.7939618825912476,0.8445358872413635,0.9789814352989197,0.7138896584510803,0.6319685578346252,0.5457465648651123,0.5919088125228882,0.48541006445884705,0.5392774939537048,0.6715752482414246
scaling,0.279,0.5305807590484619,0.5977266430854797,0.9881736040115356,0.691167414188385,0.8569766879081726,0.7214822173118591,0.5525094866752625,0.819721519947052,0.5355067849159241,1.0144836902618408,0.7518138289451599,0.8769179582595825,0.6811376810073853,1.1225236654281616,0.963714063167572,1.0346603393554688,1.4134596586227417,1.1229599714279175,1.017360806465149,0.944383442401886,0.9549291729927063,0.838556170463562,0.5609853267669678,1.043105125427246,0.7769712209701538,0.684654712677002,0.5749291181564331,0.4935324788093567,0.4937523603439331,0.4341341257095337,0.47768911719322205,0.46095654368400574,0.5978952050209045,0.6161882281303406,0.7069604396820068,0.07947564870119095,0.20669908821582794,0.0,0.39780423045158386,0.23427852988243103,0.1535319685935974,0.08871582895517349,0.1869933009147644,0.18957874178886414,0.5541946887969971,0.4826401174068451,0.364266574382782,0.4077723026275635
scaling,0.767,0.033777810633182526,0.0,0.0,0.00859510712325573,0.06570818275213242,0.017382921651005745,0.08766164630651474,0.1086178719997406,0.14167949557304382,0.2032156139612198,0.18807682394981384,0.23886153101921082,0.11494695395231247,0.15053009986877441,0.19642668962478638,0.12040649354457855,0.24246278405189514,0.23361387848854065,0.21676813066005707,0.19574782252311707,0.1901097148656845,0.1323031336069107,0.11390078812837601,0.1640959233045578,0.2514396905899048,0.3012498617172241,0.29725849628448486,0.31137004494667053,0.22081588208675385,0.22520104050636292,0.21326860785484314,0.25532063841819763,0.2634269893169403,0.3351626396179199,0.30566805601119995,0.23362621665000916,0.34987303614616394,0.31490564346313477,0.25809118151664734,0.23551999032497406,0.29456090927124023,0.2756580710411072,0.33956024050712585,0.26653850078582764,0.2577069103717804,0.2607137858867645,0.2944074273109436,0.4119472801685333
scaling,0.742,0.03734630346298218,0.0,0.0,0.009503147564828396,0.0726500004529953,0.019219359382987022,0.09692276269197464,0.12009292840957642,0.15664738416671753,0.22468455135822296,0.20794641971588135,0.26409631967544556,0.12709064781665802,0.16643302142620087,0.21717840433120728,0.13312697410583496,0.2680780291557312,0.2582942843437195,0.2396688461303711,0.21642781794071198,0.21019406616687775,0.1462804526090622,0.12593397498130798,0.18143202364444733,0.2780033051967621,0.33307576179504395,0.3286626935005188,0.34426507353782654,0.24414421617984772,0.2489926666021347,0.2357996106147766,0.28229427337646484,0.2912570536136627,0.3705712854862213,0.33796069025993347,0.25830793380737305,0.3868357539176941,0.34817421436309814,0.2853575050830841,0.26040178537368774,0.32568010687828064,0.3047803044319153,0.37543347477912903,0.29469725489616394,0.2849326431751251,0.2882571816444397,0.3255104124546051,0.45546790957450867
scaling,0.287,0.0,0.04352390766143799,0.048734623938798904,0.10789118707180023,0.15333488583564758,0.44155415892601013,0.731298565864563,0.5093149542808533,0.30257493257522583,0.5464217662811279,0.7064161896705627,0.7787085771560669,1.0107057094573975,0.8502358794212341,0.5138728022575378,0.6112545132637024,0.6825489401817322,0.6390911340713501,0.9470110535621643,1.6906002759933472,1.5336439609527588,1.6174709796905518,1.3939508199691772,1.1366785764694214,1.0367166996002197,1.1366828680038452,1.067913293838501,1.231058120727539,1.2188771963119507,1.2208610773086548,1.1362160444259644,1.211788535118103,1.2290679216384888,0.7746816873550415,0.9527414441108704,1.4299616813659668,1.0281370878219604,1.273016333580017,0.9885351061820984,0.6286605596542358,0.7941088080406189,0.8707337379455566,0.9929245710372925,0.8753474950790405,1.0359803438186646,1.084545612335205,1.3259484767913818,1.2750993967056274
scaling,0.315,0.5079050660133362,0.6317655444145203,0.8143395781517029,1.0159047842025757,0.9147822856903076,0.8514584898948669,0.6573523879051208,0.6465557813644409,0.4746934175491333,0.7449227571487427,0.6364924907684326,0.8844513297080994,0.8002521395683289,0.6133164763450623,0.7474851012229919,0.664699912071228,0.8599546551704407,1.0406179428100586,0.6009992957115173,0.8775238394737244,0.7482561469078064,0.5919055938720703,0.6114917397499084,0.45645710825920105,0.5751551985740662,0.5516014695167542,0.785171627998352,0.8109601140022278,0.8043778538703918,0.5437676906585693,0.5712236166000366,0.43793660402297974,0.5402438044548035,1.03787100315094,0.8292385935783386,0.5717964172363281,0.7903122901916504,0.6075419187545776,0.6882638931274414,0.7015100121498108,0.714140772819519,0.627160370349884,0.44578608870506287,0.6706179976463318,0.5825055241584778,0.20124934613704681,0.27475979924201965,0.29385673999786377
scaling,0.531,0.21011397242546082,0.33353859186172485,0.5629714727401733,0.690131664276123,0.9070550799369812,0.7957262992858887,0.9290318489074707,1.4591517448425293,1.6650550365447998,1.711302638053894,1.2515113353729248,1.1904104948043823,0.8390579223632812,0.9669432044029236,1.1116772890090942,0.8917881846427917,0.6295439004898071,0.4437888562679291,0.28796160221099854,0.18617166578769684,0.3896365761756897,0.22348932921886444,0.33140841126441956,0.5920693278312683,0.5926308035850525,0.43559530377388,0.19065430760383606,0.22942276298999786,0.657424807548523,0.7157367467880249,0.9111019372940063,1.0134676694869995,0.5274667739868164,0.9938722848892212,0.9096291661262512,1.0161950588226318,0.8621577620506287,0.8146196007728577,0.7784264087677002,0.8734567761421204,0.5781266689300537,0.5914250612258911,0.7720410227775574,0.8546208739280701,0.8054038286209106,0.7126039862632751,0.528511106967926,0.7616150975227356
scaling,0.308,0.3551299273967743,0.22841331362724304,0.05447451025247574,0.22392509877681732,0.24288630485534668,0.04126812890172005,0.34082481265068054,0.16233065724372864,0.3510727882385254,0.26576921343803406,0.6549168229103088,0.47198253870010376,0.5508082509040833,0.43930473923683167,0.615780770778656,0.4475319981575012,0.6417357921600342,0.297097384929657,0.6090616583824158,0.6398146748542786,0.4116726815700531,0.7345489263534546,0.7472912669181824,1.1292355060577393,0.7799970507621765,0.6634392738342285,0.9580652117729187,1.197043776512146,0.9449884295463562,0.7125555276870728,0.5416092276573181,0.698781430721283,0.7606515288352966,0.9669202566146851,0.6890912055969238,0.773604154586792,0.640912652015686,0.7803361415863037,1.124668836593628,1.1095671653747559,1.1862953901290894,0.9328453540802002,0.887526273727417,0.8235539197921753,0.9882845878601074,1.2775498628616333,0.9337761402130127,1.1766746044158936
scaling,0.585,0.14278379082679749,0.337932288646698,0.22179317474365234,0.257097989320755,0.3833142817020416,0.5814077258110046,0.5500897169113159,0.4209422469139099,0.6037639379501343,0.5474315285682678,0.680589497089386,0.7324057221412659,0.5346596837043762,0.15899866819381714,0.14482755959033966,0.33277398347854614,0.36048176884651184,0.28388628363609314,0.2798045575618744,0.30444976687431335,0.3333526849746704,0.28177446126937866,0.2675092816352844,0.24903486669063568,0.32642778754234314,0.1566137671470642,0.24281133711338043,0.1699257344007492,0.43084219098091125,0.4671053886413574,0.7857596278190613,0.7505556344985962,0.6322939991950989,1.0939998626708984,1.3720834255218506,1.460019826889038,1.2712194919586182,0.9836500287055969,0.7460553646087646,0.7989058494567871,0.7053177356719971,0.6528013348579407,0.7645561099052429,0.7765421271324158,0.7136328816413879,0.6979451179504395,0.5321779847145081,0.33306536078453064
scaling,0.542,1.1085996627807617,0.9455124139785767,0.6685908436775208,0.7406518459320068,0.6553680896759033,0.6647322773933411,0.7815293669700623,0.7890061140060425,0.8394618630409241,0.86387699842453,0.7526485919952393,0.5175222754478455,0.3918292820453644,0.4240044355392456,0.5915877819061279,0.5497632622718811,0.35442039370536804,0.5703145861625671,0.5831321477890015,0.34613946080207825,0.2531343698501587,0.3293808400630951,0.2604542374610901,0.44209712743759155,0.40239933133125305,0.4276075065135956,0.5065563321113586,0.5139601230621338,0.30604228377342224,0.332793653011322,0.23094816505908966,0.2698534429073334,0.1327158510684967,0.1370401680469513,0.2264597862958908,0.3710090219974518,0.47849568724632263,0.610207736492157,0.5857865214347839,0.6050503253936768,0.4535510838031769,0.6254560351371765,0.5697565078735352,0.5087931156158447,0.3332660496234894,0.5616405010223389,0.6307768821716309,0.5843453407287598
scaling,0.447,0.7799323797225952,0.7503148317337036,0.8051668405532837,0.9527707099914551,0.9853237271308899,0.9152436852455139,0.7815316915512085,0.7034722566604614,0.7549623847007751,0.7095515131950378,0.5929200649261475,0.5695470571517944,0.5548140406608582,0.5864571928977966,0.7657428979873657,0.7120246291160583,0.6315248012542725,0.8445467948913574,0.7334161996841431,0.7108830213546753,0.7466357946395874,0.8322823643684387,0.8720391392707825,0.9241854548454285,0.910021960735321,0.8410935997962952,0.6752710938453674,0.6075273156166077,0.655347466468811,0.646931529045105,0.6011147499084473,0.6384236216545105,0.6691023707389832,0.7035470604896545,0.840715765953064,0.4310760498046875,0.29795679450035095,0.3955507278442383,0.4592534899711609,0.35430049896240234,0.5344600081443787,0.26422572135925293,0.34106355905532837,0.42625513672828674,0.2360553741455078,0.36604538559913635,0.32200050354003906,0.30900025367736816
scaling,0.344,0.8916980624198914,0.8861209154129028,1.09577476978302,1.0338090658187866,0.9946919083595276,0.9770688414573669,0.7794493436813354,0.7553377151489258,0.7956699132919312,0.7815821766853333,0.7584907412528992,0.34347105026245117,0.2248499095439911,0.3757176101207733,0.660638689994812,0.6822449564933777,1.1658347845077515,1.0983222723007202,1.067304253578186,1.0154539346694946,0.5001106858253479,0.7091388702392578,0.8869248032569885,1.066419243812561,1.0437233448028564,0.5781762599945068,0.7398186922073364,0.4413323700428009,0.6781991720199585,0.5736771821975708,0.6760782599449158,0.7890762686729431,0.820395290851593,0.6067882180213928,0.3821372389793396,0.649979829788208,0.38573259115219116,0.7457649111747742,0.847277045249939,1.0015193223953247,0.8068511486053467,0.9214606881141663,0.7222827672958374,0.9566046595573425,1.1826221942901611,1.177754521369934,1.4069513082504272,1.3999592065811157
scaling,0.726,0.2530541718006134,0.2435745894908905,0.27248263359069824,0.40176910161972046,0.49336087703704834,0.4462968707084656,0.3304463028907776,0.34196069836616516,0.27509385347366333,0.28093212842941284,0.3375293016433716,0.3374941647052765,0.29670006036758423,0.29528239369392395,0.13602329790592194,0.18394692242145538,0.2056620717048645,0.1704951524734497,0.22501198947429657,0.24063457548618317,0.25669899582862854,0.341769278049469,0.3823063373565674,0.44884389638900757,0.3448299169540405,0.39001336693763733,0.4051024913787842,0.3426373600959778,0.5015720129013062,0.4972003400325775,0.42183205485343933,0.4441696107387543,0.4638829529285431,0.42263367772102356,0.48335596919059753,0.6373027563095093,0.6411489248275757,0.5569907426834106,0.5666777491569519,0.44238826632499695,0.4115752577781677,0.39195308089256287,0.5683442950248718,0.47567087411880493,0.5396714210510254,0.5263603329658508,0.5178208351135254,0.40547749400138855
scaling,0.481,0.0,0.03197651356458664,0.03421942889690399,0.21581360697746277,0.38939619064331055,0.2599828839302063,0.21232205629348755,0.2899262607097626,0.10761656612157822,0.25715893507003784,0.28360918164253235,0.34248849749565125,0.19995610415935516,0.12780612707138062,0.04229675233364105,0.0,0.18913409113883972,0.09599792957305908,0.19087743759155273,0.23611773550510406,0.31564244627952576,0.3991108536720276,0.22696492075920105,0.3836902678012848,0.43113476037979126,0.5306623578071594,0.4523516297340393,0.43868693709373474,0.4444391131401062,0.2097720354795456,0.18132232129573822,0.32930758595466614,0.29698053002357483,0.37578725814819336,0.26113083958625793,0.4065368175506592,0.6392311453819275,0.7885152101516724,0.6713025569915771,0.7051923274993896,0.7320199012756348,0.5835564136505127,0.8654687404632568,0.5977151989936829,0.6210373640060425,0.6581586599349976,0.7605957984924316,0.8716709613800049
scaling,0.393,0.3910779654979706,0.30933743715286255,0.3396599590778351,0.34641751646995544,0.3967811167240143,0.6808602809906006,0.6365799903869629,0.7375580072402954,0.5709547400474548,0.9179129600524902,0.929043173789978,0.5841038227081299,0.6814070343971252,1.1849727630615234,0.9647225737571716,1.1360595226287842,0.8971570134162903,0.9798592329025269,0.7896110415458679,0.556599497795105,0.4935086965560913,0.5169856548309326,0.5122389197349548,0.5174053907394409,0.7575675249099731,0.6551979780197144,0.764951229095459,0.7972102165222168,0.6481467485427856,0.9889923334121704,0.9157096147537231,0.8478006720542908,0.8189172148704529,0.241974338889122,0.16845537722110748,0.2992737591266632,0.5501465797424316,0.4520215094089508,0.5421912670135498,0.6742696166038513,0.7625147104263306,0.560233473777771,0.63751220703125,0.43335196375846863,0.5947357416152954,0.7135071754455566,0.6523937582969666,0.9439241290092468
scaling,0.651,0.24842290580272675,0.2303411364555359,0.18247370421886444,0.24769148230552673,0.2448073774576187,0.197829470038414,0.12545529007911682,0.1890079528093338,0.15101251006126404,0.2153349071741104,0.2342195361852646,0.21670661866664886,0.09667529165744781,0.28770190477371216,0.3733034133911133,0.30275097489356995,0.26839950680732727,0.37062668800354004,0.333635151386261,0.22327321767807007,0.3584619462490082,0.4591899514198303,0.4477194547653198,0.28254130482673645,0.3291817307472229,0.3758889138698578,0.25688692927360535,0.14079022407531738,0.2905503511428833,0.3632984459400177,0.303626149892807,0.4308856725692749,0.3411569893360138,0.3849886357784271,0.3181838393211365,0.40519028902053833,0.38998085260391235,0.3309856057167053,0.3717231750488281,0.29616010189056396,0.33793678879737854,0.14032448828220367,0.17856213450431824,0.1450013965368271,0.1669594943523407,0.2743946611881256,0.3745756149291992,0.27229124307632446
scaling,0.423,0.34411412477493286,0.376557856798172,0.3312276601791382,0.31444603204727173,0.3552416265010834,0.5626115798950195,0.4027155637741089,0.44699612259864807,0.2683362066745758,0.33059102296829224,0.40022775530815125,0.4124731123447418,0.5224586129188538,0.48250293731689453,0.3056005835533142,0.36760467290878296,0.3534109592437744,0.22808483242988586,0.009448816999793053,0.4131527543067932,0.4778846800327301,0.5383186340332031,0.5372579097747803,0.5626806616783142,0.5802852511405945,0.6005324125289917,0.5898575782775879,0.6784763932228088,0.7766205668449402,0.8193234205245972,0.6764894723892212,0.473030149936676,0.39934319257736206,0.32141759991645813,0.42842671275138855,0.49937674403190613,0.5145865082740784,0.5086594223976135,0.6080068945884705,0.41258084774017334,0.7252311706542969,0.6448130011558533,0.5275431275367737,0.8864501714706421,0.7921745181083679,0.6973458528518677,0.928031861782074,0.9597935080528259
scaling,0.218,0.8238313794136047,0.8507938385009766,0.9380264282226562,1.0120669603347778,0.974006175994873,1.0933250188827515,0.9074923396110535,1.153494119644165,1.0765643119812012,1.0325583219528198,0.9784821271896362,0.9469937086105347,0.9260842204093933,0.9429208040237427,0.7081707119941711,0.7222045063972473,0.5958147048950195,1.1045353412628174,0.9199979901313782,0.816251814365387,0.6788638830184937,0.6372349262237549,0.4699954092502594,0.48204177618026733,0.9483241438865662,0.8727262616157532,1.1230641603469849,1.0986082553863525,0.7758505344390869,1.2035928964614868,1.4119842052459717,1.1555417776107788,0.9363833665847778,0.5849454998970032,0.7120938897132874,0.9322701096534729,0.7676430344581604,1.1266402006149292,0.9219020009040833,0.6407293677330017,0.9950814843177795,0.4173494875431061,0.5670073628425598,0.9675046801567078,1.0271475315093994,1.1076327562332153,1.4152863025665283,1.2780574560165405
scaling,0.78,0.060183554887771606,0.1250975877046585,0.11274071037769318,0.09709642827510834,0.22813402116298676,0.1262279599905014,0.2105088084936142,0.10018611699342728,0.10061337053775787,0.1158231571316719,0.20319707691669464,0.27316299080848694,0.23904208838939667,0.258806437253952,0.22085875272750854,0.0941522940993309,0.2337159961462021,0.3284112811088562,0.2443990856409073,0.2020636349916458,0.22154812514781952,0.14826318621635437,0.10444384068250656,0.08794688433408737,0.11907622963190079,0.11557336896657944,0.12324262410402298,0.18369507789611816,0.14097516238689423,0.2225913554430008,0.31329038739204407,0.21289165318012238,0.0831088274717331,0.14085566997528076,0.25332915782928467,0.27477937936782837,0.2525317370891571,0.22370001673698425,0.3052999675273895,0.24393486976623535,0.1934044510126114,0.22464361786842346,0.20492912828922272,0.19788697361946106,0.20508192479610443,0.17698344588279724,0.15032947063446045,0.16971100866794586
scaling,0.595,0.30109289288520813,0.20020824670791626,0.1719004511833191,0.17371797561645508,0.15944766998291016,0.33301010727882385,0.2083853930234909,0.24290989339351654,0.3802873194217682,0.3541514277458191,0.298626184463501,0.37725183367729187,0.2607623040676117,0.2067243456840515,0.1805703192949295,0.16827799379825592,0.4966717064380646,0.5571603775024414,0.5047897100448608,0.4079243242740631,0.4101947546005249,0.30196720361709595,0.40582275390625,0.3437569737434387,0.38790908455848694,0.2832864224910736,0.43051284551620483,0.4908253252506256,0.58473801612854,0.49512574076652527,0.4863519072532654,0.40936148166656494,0.4873238205909729,0.29234835505485535,0.21438004076480865,0.3895961046218872,0.5739642381668091,0.6327845454216003,0.6456887722015381,0.5075722932815552,0.653907835483551,0.43968138098716736,0.49713900685310364,0.4049049913883209,0.4777708649635315,0.43028488755226135,0.33759012818336487,0.526654064655304
scaling,0.514,0.0,0.16658179461956024,0.1360148936510086,0.06502765417098999,0.28273478150367737,0.23949342966079712,0.14464537799358368,0.14857043325901031,0.21601948142051697,0.42217281460762024,0.3915831446647644,0.4982701241970062,0.5149936676025391,0.40260133147239685,0.40280354022979736,0.27842265367507935,0.4152390658855438,0.22334878146648407,0.5341660976409912,0.40926897525787354,0.3433384597301483,0.30472368001937866,0.46652281284332275,0.48010972142219543,0.48165133595466614,0.4703773558139801,0.2852320969104767,0.3171365559101105,0.44940173625946045,0.5053713321685791,0.3714543879032135,0.43049341440200806,0.4190463125705719,0.5721491575241089,0.6765647530555725,0.523607075214386,0.5432229042053223,0.4691542983055115,0.29835566878318787,0.3704744279384613,0.3698157072067261,0.4462706744670868,0.5328208208084106,0.5135343670845032,0.3336690068244934,0.32260432839393616,0.3707466721534729,0.32264983654022217
scaling,0.724,0.3213306963443756,0.29805827140808105,0.43634745478630066,0.48528969287872314,0.4074322283267975,0.4263194501399994,0.39460107684135437,0.6283262372016907,0.5378631353378296,0.5633535981178284,0.35328003764152527,0.3748886287212372,0.34483301639556885,0.3705449402332306,0.5027852058410645,0.4755900800228119,0.35864901542663574,0.2322622388601303,0.2743786573410034,0.2907414734363556,0.2524823844432831,0.23680216073989868,0.18032079935073853,0.35873839259147644,0.4490305781364441,0.457232803106308,0.4281866252422333,0.43042588233947754,0.38590794801712036,0.29379579424858093,0.24953000247478485,0.18201643228530884,0.29113370180130005,0.2476465404033661,0.3532136082649231,0.4487510919570923,0.4403877556324005,0.3747459948062897,0.27629685401916504,0.3133094310760498,0.35715723037719727,0.2743428647518158,0.37607237696647644,0.3485015034675598,0.24973787367343903,0.2402900606393814,0.31332769989967346,0.2708096206188202
scaling,0.554,1.1986814737319946,1.040731430053711,0.8913866281509399,0.8172844648361206,0.9428197145462036,0.8762654066085815,0.6888505816459656,1.0333119630813599,0.8738749623298645,0.9258251786231995,1.066402792930603,0.9904863238334656,0.7585349678993225,0.7710226774215698,0.6577350497245789,0.7181077003479004,0.7070913314819336,0.6720951199531555,0.7564211487770081,0.7563602328300476,0.6601496338844299,0.4908275902271271,0.5450119972229004,0.6416589021682739,0.7699865698814392,0.6684942245483398,0.538581132888794,0.5738102793693542,0.553172767162323,0.4992428123950958,0.4394363760948181,0.5108934640884399,0.6876776218414307,0.5491467714309692,0.6543797850608826,0.7886565327644348,0.6138232946395874,0.7450336813926697,0.5714379549026489,0.5651504993438721,0.5543944835662842,0.5665449500083923,0.6909398436546326,0.7862599492073059,0.8467583656311035,0.6696281433105469,0.4376034140586853,0.5042617917060852
scaling,0.61,0.2674039602279663,0.34820717573165894,0.05545072257518768,0.031116347759962082,0.1746641844511032,0.21071769297122955,0.3130035996437073,0.19076023995876312,0.2785250246524811,0.36505019664764404,0.11003177613019943,0.29968175292015076,0.2330445498228073,0.3613661229610443,0.5637565851211548,0.538956344127655,0.4810551404953003,0.3845416307449341,0.5519804358482361,0.5462989211082458,0.5514583587646484,0.36903226375579834,0.23903390765190125,0.27010825276374817,0.21642443537712097,0.14378541707992554,0.3442970812320709,0.34819239377975464,0.13342563807964325,0.10019181668758392,0.39846500754356384,0.6164312362670898,0.4802623391151428,0.5059411525726318,0.5672008991241455,0.4989365339279175,0.3533044457435608,0.23782825469970703,0.31372544169425964,0.4133526384830475,0.3172912001609802,0.40424230694770813,0.33127352595329285,0.4623839557170868,0.4849654734134674,0.5690628290176392,0.3668479323387146,0.33729690313339233
scaling,0.511,0.4465424120426178,0.45927995443344116,0.3690521717071533,0.35770729184150696,0.5555393099784851,0.3219098150730133,0.2800222337245941,0.299500435590744,0.24797408282756805,0.15961851179599762,0.29118096828460693,0.33847174048423767,0.20296308398246765,0.21985164284706116,0.4077671468257904,0.3086123764514923,0.5435768961906433,0.7050403952598572,0.6989967226982117,0.6723939180374146,0.7771726846694946,0.556693971157074,0.5505548715591431,0.5577458739280701,0.705184817314148,0.729983925819397,0.5903490781784058,0.5250841379165649,0.4755759537220001,0.3838033080101013,0.3870573937892914,0.3935183882713318,0.2950817346572876,0.4356955885887146,0.266459584236145,0.3035200238227844,0.3044089674949646,0.46317702531814575,0.3723113238811493,0.3052281141281128,0.20147055387496948,0.28849032521247864,0.3554726839065552,0.4177344739437103,0.33879709243774414,0.2618330419063568,0.3981468379497528,0.35666823387145996
scaling,0.659,0.18869087100028992,0.1597135365009308,0.19097234308719635,0.22946782410144806,0.2517814636230469,0.369902640581131,0.19194626808166504,0.21980468928813934,0.3959496319293976,0.44561970233917236,0.3491058051586151,0.35091811418533325,0.26337698101997375,0.19461652636528015,0.281148225069046,0.37346842885017395,0.3702116906642914,0.5398183465003967,0.708652675151825,0.6716387867927551,0.5847751498222351,0.5783065557479858,0.6082062721252441,0.4526098370552063,0.4641934037208557,0.4996507167816162,0.620037853717804,0.28308454155921936,0.30557507276535034,0.537117600440979,0.4641927182674408,0.41821467876434326,0.4149971306324005,0.47162747383117676,0.38407668471336365,0.5395718216896057,0.5083426833152771,0.40904319286346436,0.5362582206726074,0.3646857738494873,0.3989483714103699,0.44340288639068604,0.27685099840164185,0.40756335854530334,0.45052000880241394,0.3241903781890869,0.27577298879623413,0.2534182369709015
scaling,0.291,1.4566922187805176,1.153297781944275,1.2123953104019165,1.019663691520691,1.4240827560424805,1.5774638652801514,1.4858392477035522,1.772428035736084,1.668501853942871,1.2480545043945312,0.8754362463951111,0.6046300530433655,0.7781161665916443,0.8578160405158997,0.6500234603881836,0.6224837303161621,0.6729938983917236,0.9336929321289062,0.6908946633338928,0.9570188522338867,0.7828810811042786,0.9459318518638611,1.4554907083511353,1.2729108333587646,0.7776622176170349,0.8976031541824341,0.45079970359802246,0.7171889543533325,0.5894681215286255,0.6693243980407715,1.0044147968292236,0.9633659720420837,0.9215282797813416,0.7870582342147827,0.919979453086853,0.6610086560249329,0.7973634004592896,0.9855800867080688,0.9737693667411804,1.0372960567474365,0.7154850363731384,0.30490565299987793,0.2432328164577484,0.6050584316253662,0.6542705297470093,0.7292268872261047,0.6576120257377625,0.4558839797973633
scaling,0.76,0.0,0.091775082051754,0.034057170152664185,0.030102340504527092,0.02295536920428276,0.11689215153455734,0.23359160125255585,0.1472504884004593,0.18180938065052032,0.25064706802368164,0.1782926470041275,0.2627676725387573,0.15565864741802216,0.19213423132896423,0.16038858890533447,0.196115642786026,0.2633263170719147,0.2980005443096161,0.3173781633377075,0.31434720754623413,0.22501249611377716,0.21472764015197754,0.21159875392913818,0.13581328094005585,0.19045427441596985,0.22868196666240692,0.17644749581813812,0.20189239084720612,0.22910675406455994,0.1591925323009491,0.3344760239124298,0.41093653440475464,0.4012032449245453,0.4339272081851959,0.5159546732902527,0.48147034645080566,0.3000718653202057,0.22538688778877258,0.23666569590568542,0.26361772418022156,0.37366488575935364,0.30762937664985657,0.25213852524757385,0.38535672426223755,0.46336689591407776,0.475497305393219,0.4605403244495392,0.5630071759223938
scaling,0.652,0.5849846601486206,0.7694655060768127,0.6939126253128052,0.6218281984329224,0.7118140459060669,0.6618322134017944,0.5691562294960022,0.5375417470932007,0.4442787766456604,0.4250497817993164,0.3930806815624237,0.3454655110836029,0.3312188982963562,0.4666253626346588,0.6046081781387329,0.597004234790802,0.47204241156578064,0.4633418917655945,0.6796755790710449,0.44699186086654663,0.41590920090675354,0.3139450252056122,0.4921207129955292,0.39793193340301514,0.42283740639686584,0.48804229497909546,0.2675764858722687,0.33840450644493103,0.21643836796283722,0.46712496876716614,0.35278958082199097,0.35419371724128723,0.4437529742717743,0.5981982946395874,0.5115637183189392,0.4681960940361023,0.4064042568206787,0.30961859226226807,0.4240378439426422,0.5529752373695374,0.5398987531661987,0.3855414390563965,0.31736958026885986,0.47206977009773254,0.326984167098999,0.29231512546539307,0.46704116463661194,0.2537355422973633
scaling,0.686,0.28535082936286926,0.4710761308670044,0.42480015754699707,0.3538837134838104,0.19926773011684418,0.47209393978118896,0.5020883679389954,0.4520839750766754,0.25185468792915344,0.1455964744091034,0.19238245487213135,0.18824215233325958,0.2790040075778961,0.20373283326625824,0.25459036231040955,0.30583083629608154,0.4222157299518585,0.46315959095954895,0.4087251126766205,0.46097391843795776,0.39325112104415894,0.21600918471813202,0.2708982825279236,0.3560495376586914,0.37791863083839417,0.5671845078468323,0.5057268142700195,0.34110429883003235,0.341248095035553,0.2688179612159729,0.3543923795223236,0.32434502243995667,0.3841053545475006,0.3782179355621338,0.2816178500652313,0.3682478964328766,0.41700103878974915,0.4255545735359192,0.25204193592071533,0.23623126745224,0.10459500551223755,0.3155357241630554,0.3248082399368286,0.34636613726615906,0.33783918619155884,0.36182263493537903,0.31884095072746277,0.3179316818714142
scaling,0.451,0.8403874635696411,0.6487424969673157,0.7869899272918701,0.7348780632019043,0.8853286504745483,1.0296432971954346,0.7722485661506653,0.6713427901268005,0.680161714553833,0.7172019481658936,0.38595330715179443,0.2885492742061615,0.3516901433467865,0.2505854666233063,0.5307974219322205,0.3479411005973816,0.5133517384529114,0.5863257050514221,0.775583028793335,0.6749305129051208,0.8088120222091675,0.7294463515281677,0.5674406886100769,0.6775360703468323,0.534233808517456,0.4230137765407562,0.4885842502117157,0.41516590118408203,0.7190409898757935,0.522956371307373,0.278544545173645,0.4399271607398987,0.7315202951431274,0.8110052943229675,0.7302708625793457,0.654167890548706,0.8646835684776306,0.7441127896308899,0.7123088836669922,0.4826511740684509,0.6415657997131348,0.8662959337234497,0.8594900369644165,0.8995869755744934,0.9136315584182739,0.9943625330924988,0.9302018284797668,1.3916577100753784
scaling,0.689,0.1908315122127533,0.23460549116134644,0.20906518399715424,0.17259033024311066,0.18117091059684753,0.2947271764278412,0.33199799060821533,0.28523460030555725,0.3045879304409027,0.3840290606021881,0.3334342837333679,0.45626941323280334,0.4830014407634735,0.3783313035964966,0.4556976556777954,0.2566288709640503,0.23291073739528656,0.19542540609836578,0.3331068158149719,0.35506436228752136,0.41170167922973633,0.2213541716337204,0.2238018661737442,0.26768913865089417,0.20750275254249573,0.26827168464660645,0.3052220344543457,0.23296013474464417,0.2515240013599396,0.3097621202468872,0.19970521330833435,0.18154098093509674,0.21795348823070526,0.2537767291069031,0.33224716782569885,0.5078415274620056,0.539036214351654,0.6668585538864136,0.4518728256225586,0.5078119039535522,0.36263909935951233,0.26775628328323364,0.4535025358200073,0.5167137384414673,0.3914033770561218,0.37785908579826355,0.4627257287502289,0.5666782855987549
scaling,0.577,0.28245189785957336,0.3467605412006378,0.23356112837791443,0.2800508737564087,0.07181886583566666,0.2377539575099945,0.2807578444480896,0.2054947167634964,0.25621145963668823,0.3662280738353729,0.31015869975090027,0.2933899164199829,0.35711342096328735,0.34623605012893677,0.5879774689674377,0.6305814385414124,0.5820446014404297,0.5805723667144775,0.8737200498580933,0.5963057279586792,0.7166478633880615,0.7694873809814453,0.6805812120437622,0.4850836396217346,0.6573410034179688,0.6258907914161682,0.5822433829307556,0.4320864975452423,0.5698874592781067,0.5903452038764954,0.5223897099494934,0.5062557458877563,0.4282056987285614,0.611531138420105,0.5186129212379456,0.4055236577987671,0.2107928842306137,0.3258872330188751,0.27694323658943176,0.3892373740673065,0.4169899821281433,0.2072780430316925,0.21631647646427155,0.22854198515415192,0.14102081954479218,0.406618595123291,0.3602772653102875,0.3715466260910034
scaling,0.676,0.9019646048545837,0.6415814757347107,0.5509380102157593,0.47458234429359436,0.35809916257858276,0.1357642114162445,0.1871730536222458,0.4171808958053589,0.28564950823783875,0.2494162768125534,0.2649465799331665,0.2870161831378937,0.13095548748970032,0.252126008272171,0.3986476957798004,0.32752591371536255,0.15372183918952942,0.3014083206653595,0.3538500964641571,0.3351539671421051,0.4886036813259125,0.2940826117992401,0.19961994886398315,0.21442247927188873,0.2323625534772873,0.3679790794849396,0.30929824709892273,0.37975114583969116,0.4448566734790802,0.3735172748565674,0.32399776577949524,0.2484220713376999,0.31363120675086975,0.34703919291496277,0.2714899182319641,0.10588572174310684,0.2474486231803894,0.1628197580575943,0.3805162012577057,0.4315381944179535,0.4279658794403076,0.2542364299297333,0.2616044282913208,0.3222556412220001,0.16831983625888824,0.27229374647140503,0.3177679479122162,0.6165135502815247
scaling,0.636,0.20570510625839233,0.1649378389120102,0.18166689574718475,0.13042540848255157,0.22696566581726074,0.14610837399959564,0.15852829813957214,0.09880029410123825,0.05771517753601074,0.20204424858093262,0.30694180727005005,0.147285595536232,0.0,0.32501035928726196,0.43676823377609253,0.22360479831695557,0.4525061845779419,0.3481249511241913,0.2614721953868866,0.03389684110879898,0.10526783764362335,0.3187696635723114,0.12866009771823883,0.19769099354743958,0.13084012269973755,0.24472260475158691,0.18851123750209808,0.27179592847824097,0.18407276272773743,0.15737493336200714,0.09292837977409363,0.0046382686123251915,0.3007648289203644,0.08020588010549545,0.15202456712722778,0.17191196978092194,0.05379677563905716,0.08783122897148132,0.13111081719398499,0.2561540901660919,0.07026921957731247,0.18870235979557037,0.11354342103004456,0.3007223308086395,0.34695136547088623,0.21500949561595917,0.4096575081348419,0.3990025520324707
scaling,0.336,0.5786603689193726,0.867884635925293,0.8934268355369568,1.0927432775497437,0.9602714776992798,0.6523610949516296,0.42985999584198,0.7935241460800171,0.7611733675003052,1.0225132703781128,1.0180386304855347,0.7550053596496582,0.49434611201286316,0.3699280321598053,0.5476353168487549,0.731722354888916,0.5279441475868225,0.7810046672821045,0.644555926322937,0.555689811706543,0.5612340569496155,0.6547474265098572,0.5504103302955627,0.6151720285415649,0.6813905239105225,0.5728097558021545,0.5623903870582581,0.5757313370704651,0.6903542280197144,0.5942617654800415,0.5877928733825684,0.6020686030387878,0.9633806943893433,0.9504287242889404,0.905164361000061,0.9634925127029419,0.6882344484329224,0.450178861618042,0.32075953483581543,0.718912661075592,0.5444481372833252,0.7224650979042053,0.5240840911865234,0.5594585537910461,0.44619444012641907,0.2841615378856659,0.3728119134902954,0.662721574306488
scaling,0.418,0.7364095449447632,0.708301305770874,0.7391123175621033,1.0596073865890503,0.8921974301338196,0.9651814103126526,0.7542456388473511,0.6634038686752319,0.5484046936035156,0.662148654460907,0.5292854309082031,0.5057345032691956,0.6333383321762085,0.4488374590873718,0.34151485562324524,0.3408929407596588,0.5161542892456055,0.6797416806221008,0.3667706251144409,0.34248054027557373,0.708955705165863,0.624971330165863,0.5215292572975159,0.6511375904083252,0.6562179923057556,0.654272735118866,0.5978497862815857,0.5706089735031128,0.7808130979537964,0.6885055303573608,0.7150358557701111,0.6775519847869873,0.6675055623054504,0.7027486562728882,0.6195077300071716,0.6850560307502747,0.9496432542800903,0.9711326956748962,0.9352803826332092,0.8278591632843018,0.923974335193634,0.9134494662284851,0.9958282113075256,0.6884848475456238,0.9533575177192688,0.6599465608596802,0.7264195680618286,0.8368021249771118
scaling,0.308,1.212068796157837,0.7991071939468384,0.7108538746833801,0.6233286261558533,0.6826199889183044,0.9170202016830444,1.0602502822875977,0.6313285827636719,0.6423643827438354,0.3555326461791992,0.4403962194919586,0.19954083859920502,0.2722471058368683,0.3421202301979065,0.5509118437767029,0.6326624751091003,0.9347830414772034,0.966281533241272,0.9391197562217712,1.048668622970581,0.7165437340736389,0.9326372742652893,1.1896125078201294,0.9916360378265381,1.073270559310913,0.8543450236320496,0.5252270698547363,0.7899271845817566,0.5489144325256348,0.647812008857727,0.35402780771255493,0.529563844203949,1.158847451210022,0.9100149273872375,1.3553050756454468,1.0114808082580566,1.4206563234329224,1.6688055992126465,1.7979625463485718,1.485166072845459,0.9537529945373535,1.267181396484375,1.3275314569473267,1.1200764179229736,1.5293965339660645,1.8078439235687256,1.4342252016067505,1.5152944326400757
scaling,0.769,0.9925333261489868,0.7474395036697388,0.8389382362365723,0.6915041208267212,0.6756654977798462,0.501201331615448,0.7524096369743347,0.5530142188072205,0.29192259907722473,0.3976711630821228,0.48072177171707153,0.5358686447143555,0.27891990542411804,0.347942978143692,0.3786732852458954,0.26076656579971313,0.5141457915306091,0.5895076394081116,0.6005190014839172,0.5361070036888123,0.34264785051345825,0.259738564491272,0.34047937393188477,0.31717708706855774,0.2660485804080963,0.4616621732711792,0.4233534336090088,0.5310690402984619,0.5263751745223999,0.43163102865219116,0.35498306155204773,0.14245256781578064,0.33660390973091125,0.29334181547164917,0.13590329885482788,0.16559810936450958,0.024930711835622787,0.2243242859840393,0.31860265135765076,0.27913326025009155,0.03065405786037445,0.18163873255252838,0.013698983006179333,0.17752830684185028,0.29529497027397156,0.23547381162643433,0.3112948536872864,0.6111632585525513
scaling,0.544,0.6003646850585938,0.46380582451820374,0.7201207876205444,0.6060080528259277,0.5928460359573364,0.38495832681655884,0.39170190691947937,0.4007139205932617,0.5551337003707886,0.4787708818912506,0.5026305317878723,0.4059343636035919,0.38948854804039,0.4313035309314728,0.40590327978134155,0.42301568388938904,0.4930882453918457,0.388651579618454,0.4894036650657654,0.16958588361740112,0.49788907170295715,0.49990829825401306,0.6889023184776306,0.8278721570968628,0.6826426386833191,0.5630362629890442,0.23277470469474792,0.47399845719337463,0.3344801366329193,0.5507269501686096,0.6100544333457947,0.6133149266242981,0.910268247127533,1.0773359537124634,0.8219926357269287,0.7722803354263306,0.6999730467796326,0.4449021518230438,0.6942765712738037,0.7844632863998413,0.7538383603096008,0.72269207239151,0.741794228553772,0.6018861532211304,0.5421748757362366,0.45175901055336,0.530178427696228,0.33501261472702026
scaling,0.363,0.36552882194519043,0.9082375168800354,0.8228354454040527,0.599179208278656,0.6759935021400452,0.9679553508758545,0.5346015095710754,0.3687978982925415,0.6899188756942749,0.7539463043212891,0.7532497644424438,0.8255394697189331,1.1984914541244507,1.2064785957336426,1.1766091585159302,1.0078778266906738,1.196444034576416,0.9675996899604797,0.8867888450622559,1.159461259841919,0.9380671977996826,0.6785121560096741,0.7483646273612976,0.7477787137031555,1.0818514823913574,0.9728220701217651,0.8256331086158752,0.8699958920478821,0.6751225590705872,0.49817511439323425,0.6985233426094055,0.799431324005127,0.7286734580993652,0.3736729919910431,0.46716421842575073,0.5223010778427124,0.26108092069625854,0.13814371824264526,0.37312495708465576,0.2401532679796219,0.3303587734699249,0.3708976209163666,0.1681758314371109,0.35541215538978577,0.3230469226837158,0.16384601593017578,0.178430438041687,0.22370170056819916
scaling,0.771,0.3065076470375061,0.38099175691604614,0.3775921165943146,0.4531693756580353,0.4573747515678406,0.38251203298568726,0.37850385904312134,0.40182873606681824,0.3709185719490051,0.3549160361289978,0.44463008642196655,0.3434188663959503,0.36728498339653015,0.47498416900634766,0.36087027192115784,0.3270165026187897,0.26023557782173157,0.25156164169311523,0.4330001473426819,0.3655104339122772,0.3180471360683441,0.34827977418899536,0.4312877655029297,0.3439009189605713,0.2914259433746338,0.2431909441947937,0.10729146003723145,0.2269897162914276,0.3220265507698059,0.28441739082336426,0.2887914180755615,0.22800017893314362,0.11204816401004791,0.22348353266716003,0.2218053787946701,0.1509353220462799,0.007669668644666672,0.09990595281124115,0.07106166332960129,0.2113279104232788,0.08126720786094666,0.013398288749158382,0.0,0.0,0.05895770713686943,0.10781073570251465,0.1866212785243988,0.05410618707537651
scaling,0.788,0.10833146423101425,0.13086463510990143,0.12628526985645294,0.28675827383995056,0.3311394155025482,0.2695560157299042,0.35283055901527405,0.26451942324638367,0.2943042516708374,0.36733126640319824,0.32480156421661377,0.37377509474754333,0.36111411452293396,0.3336108326911926,0.32721906900405884,0.2451629489660263,0.33125659823417664,0.34308600425720215,0.45716309547424316,0.44275134801864624,0.4236721992492676,0.4487088620662689,0.5782172679901123,0.46712371706962585,0.548901379108429,0.5315073132514954,0.4102305471897125,0.39637643098831177,0.3616371750831604,0.312669962644577,0.2526145875453949,0.21234185993671417,0.2786414325237274,0.26836061477661133,0.2252567857503891,0.2355150431394577,0.19645854830741882,0.2774101793766022,0.29827889800071716,0.23266160488128662,0.2431267350912094,0.22120732069015503,0.33398953080177307,0.40676358342170715,0.31741464138031006,0.31171977519989014,0.23749350011348724,0.279777854681015
scaling,0.509,0.8793464303016663,0.5036755800247192,0.41744768619537354,0.4169713258743286,0.3397526443004608,0.35811612010002136,0.20562352240085602,0.21776191890239716,0.0,0.2122780829668045,0.364778071641922,0.2516246438026428,0.573331892490387,0.472211629152298,0.3411679267883301,0.04232512786984444,0.32790589332580566,0.4705813527107239,0.28765425086021423,0.3320128619670868,0.37230372428894043,0.6285867691040039,0.7857611179351807,0.662446141242981,0.5516515970230103,0.5216996669769287,0.30184292793273926,0.3231557011604309,0.4520682692527771,0.30483391880989075,0.44177067279815674,0.5539389252662659,0.7636445164680481,0.7787414789199829,0.8832740783691406,0.648655354976654,0.7055140733718872,0.8063992261886597,0.5960631370544434,0.624763011932373,0.7347119450569153,0.8321049809455872,0.6230785846710205,0.7524932026863098,0.5434553623199463,0.631218433380127,0.8956547379493713,0.44984936714172363
scaling,0.738,0.23375342786312103,0.27809762954711914,0.2522841989994049,0.22838148474693298,0.24336279928684235,0.24515147507190704,0.31470203399658203,0.3019419014453888,0.33612436056137085,0.32253333926200867,0.3814513385295868,0.4384545683860779,0.4567232131958008,0.5516855716705322,0.5423182845115662,0.45416688919067383,0.5600395202636719,0.37855350971221924,0.349459707736969,0.27503520250320435,0.18153855204582214,0.10928495228290558,0.1645299345254898,0.2271793782711029,0.17538481950759888,0.06457292288541794,0.1241467222571373,0.32243266701698303,0.21621227264404297,0.12936697900295258,0.24669203162193298,0.2363840639591217,0.3421221077442169,0.41861894726753235,0.36761021614074707,0.4140947461128235,0.3325599431991577,0.26805242896080017,0.29650187492370605,0.20549625158309937,0.25217923521995544,0.17214547097682953,0.20313133299350739,0.1456192284822464,0.12145122140645981,0.05047411099076271,0.10219553858041763,0.0755666196346283
scaling,0.646,0.5903514623641968,0.8866829872131348,0.8455138206481934,0.8432390093803406,0.7568472027778625,0.5461986064910889,0.5457002520561218,0.5475160479545593,0.5506357550621033,0.6041613221168518,0.5229150652885437,0.49971914291381836,0.41076502203941345,0.3188989758491516,0.36034223437309265,0.3810010552406311,0.31370165944099426,0.45867982506752014,0.5219417214393616,0.5828551650047302,0.450870156288147,0.3797784447669983,0.3910919427871704,0.43256914615631104,0.5309353470802307,0.557510256767273,0.5347221493721008,0.5957585573196411,0.7646106481552124,0.5336103439331055,0.5492973327636719,0.6786736845970154,0.6847071647644043,0.7896851897239685,0.6512619853019714,0.6268027424812317,0.6538063287734985,0.6375352740287781,0.5873420238494873,0.5887063145637512,0.4395456910133362,0.48144155740737915,0.46519550681114197,0.5052039623260498,0.5782727003097534,0.6495316624641418,0.5194845795631409,0.5845600962638855
scaling,0.456,0.5116278529167175,0.8558282256126404,0.9622089862823486,0.4522600769996643,0.6104764342308044,0.6482970714569092,0.6919763684272766,0.5721657276153564,0.6011251211166382,0.5275000929832458,0.0901346355676651,0.6135374307632446,0.9506548047065735,0.8735219836235046,0.8822225332260132,0.8975943326950073,1.0185189247131348,1.5760705471038818,1.8860763311386108,1.8299368619918823,2.0510995388031006,1.7000303268432617,1.6538193225860596,1.113470196723938,0.941679835319519,0.7706769108772278,0.6597961187362671,0.6987972855567932,0.35871240496635437,0.631826639175415,0.5746453404426575,0.26768577098846436,0.7417850494384766,0.61118084192276,0.6246796250343323,0.21557945013046265,0.003878353862091899,0.10299921035766602,0.4469236731529236,0.4003296494483948,0.12111305445432663,0.47047609090805054,0.2776990234851837,0.15435977280139923,0.036087680608034134,0.0,0.0,0.092986561357975
scaling,0.727,0.5688106417655945,0.4701569974422455,0.37827587127685547,0.41327139735221863,0.3170190751552582,0.27167966961860657,0.2862526476383209,0.2222483605146408,0.3320258855819702,0.46606868505477905,0.35863199830055237,0.3840307891368866,0.44679778814315796,0.43462270498275757,0.5505455136299133,0.5268974304199219,0.5964959859848022,0.5728858709335327,0.6437777876853943,0.5663719177246094,0.5790532827377319,0.5133568644523621,0.4337746500968933,0.508213460445404,0.42278745770454407,0.2800213396549225,0.3099229633808136,0.25558653473854065,0.2973986864089966,0.1567140519618988,0.2982030212879181,0.31715384125709534,0.2812144458293915,0.2648342549800873,0.2773674428462982,0.24535495042800903,0.3535810708999634,0.3826626241207123,0.31578436493873596,0.48792776465415955,0.5034770965576172,0.4560638666152954,0.5378687977790833,0.6225106716156006,0.430789053440094,0.5180146098136902,0.4405020475387573,0.48454952239990234
scaling,0.754,0.454885333776474,0.3034193217754364,0.028186898678541183,0.1216881051659584,0.1009179875254631,0.13353408873081207,0.14921967685222626,0.12643538415431976,0.2507103383541107,0.1890064924955368,0.16708391904830933,0.32571592926979065,0.2910853922367096,0.09008274972438812,0.030854979529976845,0.04234984517097473,0.12199859321117401,0.17715896666049957,0.21143484115600586,0.19058892130851746,0.2249101847410202,0.15376931428909302,0.18535229563713074,0.23888608813285828,0.23288410902023315,0.04302984103560448,0.27074241638183594,0.23454199731349945,0.11507365852594376,0.11982259899377823,0.3359936773777008,0.3321612477302551,0.31233274936676025,0.20159319043159485,0.2073357254266739,0.2917608618736267,0.25833824276924133,0.31255054473876953,0.4932786524295807,0.550553023815155,0.48617759346961975,0.5522253513336182,0.5908210873603821,0.6382461190223694,0.44992655515670776,0.3696368336677551,0.3923172056674957,0.23277707397937775
scaling,0.241,1.2523703575134277,1.6034905910491943,1.1769734621047974,1.3472384214401245,1.0018086433410645,1.4710888862609863,1.3211027383804321,1.1183092594146729,1.3061641454696655,1.428483486175537,1.2623714208602905,0.9395812153816223,0.8313113451004028,0.8323713541030884,0.564943790435791,1.1739345788955688,1.0993324518203735,0.9298537373542786,0.9834911227226257,0.48910048604011536,0.7298581004142761,1.1238044500350952,1.1188726425170898,1.2348114252090454,1.127855896949768,1.4794389009475708,1.1164374351501465,0.7528764009475708,0.6896336078643799,0.7156093716621399,0.7079520225524902,0.5844422578811646,1.0160300731658936,0.6963168382644653,0.976179301738739,1.0614248514175415,0.9673722982406616,0.8352217674255371,0.6801301836967468,0.8810064792633057,0.6346774101257324,0.49931469559669495,1.158992052078247,1.0932341814041138,1.0434435606002808,1.404218316078186,1.0157561302185059,0.8114165663719177
scaling,0.512,0.11903387308120728,0.08408810943365097,0.09100940078496933,0.15500549972057343,0.3047775328159332,0.0,0.0,0.22412917017936707,0.22474831342697144,0.3896295726299286,0.47610771656036377,0.5237744450569153,0.4233427941799164,0.4845122694969177,0.31396088004112244,0.40096214413642883,0.5550073385238647,0.5244175791740417,0.4725772440433502,0.6073632836341858,0.8024201393127441,0.9895507097244263,0.8819194436073303,0.9892607927322388,0.8971644639968872,0.7605539560317993,0.5759586095809937,0.6001319885253906,0.81656813621521,0.5890624523162842,0.5856826901435852,0.9297218918800354,0.8638452291488647,0.9543801546096802,1.0795713663101196,1.1962840557098389,1.051571011543274,1.184253454208374,1.0118688344955444,0.9096662402153015,0.8479773998260498,0.7244802117347717,0.8824176788330078,0.47791141271591187,0.6404114365577698,0.6987127065658569,0.8148142099380493,0.8076877593994141
scaling,0.771,0.12050629407167435,0.1804715394973755,0.10456746816635132,0.17507801949977875,0.1880464106798172,0.22434808313846588,0.2792692482471466,0.19868645071983337,0.263435959815979,0.21909788250923157,0.23647502064704895,0.17352195084095,0.11694357544183731,0.1538209468126297,0.04502721130847931,0.08554534614086151,0.04256226867437363,0.12338553369045258,0.11127347499132156,0.04698372632265091,0.04317908734083176,0.0482710562646389,0.14586219191551208,0.15539251267910004,0.1824866533279419,0.1093951016664505,0.15983282029628754,0.21882571280002594,0.252914696931839,0.19768160581588745,0.2785535752773285,0.26533618569374084,0.37020429968833923,0.22394602000713348,0.2939813733100891,0.24677106738090515,0.28312748670578003,0.24461060762405396,0.2602565884590149,0.30470165610313416,0.219162717461586,0.19855304062366486,0.3590749502182007,0.3381405770778656,0.24127116799354553,0.2735580801963806,0.32777440547943115,0.2719811797142029
scaling,0.684,0.312573105096817,0.35091695189476013,0.2817414402961731,0.41033631563186646,0.5818653106689453,0.4225355088710785,0.5430123805999756,0.4307721257209778,0.3574926555156708,0.3369561731815338,0.30046969652175903,0.36948129534721375,0.3263794779777527,0.2598319947719574,0.35836124420166016,0.3043515384197235,0.22174185514450073,0.2516319155693054,0.12735073268413544,0.18025892972946167,0.0,0.20338848233222961,0.269851416349411,0.3300696909427643,0.22801938652992249,0.20624510943889618,0.35140126943588257,0.4677904546260834,0.5564336776733398,0.33409151434898376,0.44169628620147705,0.48600345849990845,0.5313364863395691,0.44492006301879883,0.33671772480010986,0.533298671245575,0.5643653273582458,0.40570324659347534,0.5168936252593994,0.4653966426849365,0.5028876066207886,0.6834201216697693,0.7151628732681274,0.5132268667221069,0.46529024839401245,0.6170702576637268,0.49478670954704285,0.5033866763114929
scaling,0.606,0.0,0.0,0.08043941110372543,0.014615391381084919,0.0,0.020188353955745697,0.0,0.0,0.04794919863343239,0.14381419122219086,0.3584509789943695,0.0825142040848732,0.18817561864852905,0.40567925572395325,0.31636565923690796,0.43411487340927124,0.38293710350990295,0.380879670381546,0.41467875242233276,0.3989589810371399,0.2937408685684204,0.20887640118598938,0.2931966781616211,0.21065081655979156,0.4446292519569397,0.5072793364524841,0.20952412486076355,0.14139726758003235,0.02816108614206314,0.13670435547828674,0.054133519530296326,0.20150204002857208,0.1746809482574463,0.3552096486091614,0.33783605694770813,0.28778359293937683,0.27174657583236694,0.11087717115879059,0.2805476188659668,0.11125791817903519,0.14915971457958221,0.17551001906394958,0.1588696837425232,0.3353514075279236,0.4541832208633423,0.3221358060836792,0.37620657682418823,0.277145653963089
scaling,0.578,0.1752738207578659,0.34626680612564087,0.39355871081352234,0.46221446990966797,0.455112099647522,0.3887206017971039,0.24054358899593353,0.31696856021881104,0.34661316871643066,0.5499353408813477,0.31765761971473694,0.3885989785194397,0.32472047209739685,0.39029496908187866,0.279878169298172,0.26300764083862305,0.3592177629470825,0.13221238553524017,0.09769148379564285,0.28722506761550903,0.3746800124645233,0.24527868628501892,0.44233980774879456,0.46654757857322693,0.41035330295562744,0.5262739062309265,0.4745863080024719,0.5244852900505066,0.7801088094711304,0.563864529132843,0.45997539162635803,0.5804837942123413,0.4583168029785156,0.15288856625556946,0.2500244677066803,0.1365344524383545,0.39817580580711365,0.20289891958236694,0.32485431432724,0.11163004487752914,0.17170876264572144,0.0,0.4217112958431244,0.2455274611711502,0.23499619960784912,0.29839181900024414,0.22438758611679077,0.12422732263803482
scaling,0.783,0.2258731573820114,0.18320228159427643,0.20438139140605927,0.26721739768981934,0.3110940158367157,0.31789031624794006,0.2540627717971802,0.2961232662200928,0.30648308992385864,0.28343507647514343,0.22147968411445618,0.2673555016517639,0.2700039744377136,0.2683408260345459,0.27700361609458923,0.287746399641037,0.12955819070339203,0.12246840447187424,0.05680130049586296,0.07207848876714706,0.08498009294271469,0.11187025904655457,0.15551520884037018,0.1806926280260086,0.12245357781648636,0.06956841051578522,0.18498730659484863,0.20854909718036652,0.17233480513095856,0.16223415732383728,0.26035425066947937,0.1910770982503891,0.24618351459503174,0.21142330765724182,0.1387687474489212,0.13534381985664368,0.13807040452957153,0.05620488524436951,0.17813563346862793,0.15899571776390076,0.1783246546983719,0.15490855276584625,0.12431473284959793,0.17047935724258423,0.1437346488237381,0.17225024104118347,0.17728982865810394,0.2382744699716568
scaling,0.439,0.7957151532173157,1.15774667263031,1.0776863098144531,0.7910165190696716,0.6817015409469604,0.5612280964851379,0.5295454263687134,0.8808640241622925,0.615821361541748,0.6313803195953369,0.8106001615524292,0.6923831701278687,0.9080460071563721,1.1444673538208008,1.0445630550384521,0.8131434917449951,0.8610876798629761,0.7193784117698669,0.7284632325172424,0.6679738163948059,0.9280568957328796,0.5793850421905518,0.8020502328872681,0.8215715885162354,0.6981233358383179,0.9549142718315125,0.6808705925941467,0.8013495802879333,0.7479651570320129,0.7045847177505493,0.6552832722663879,0.511474072933197,0.3570747673511505,0.5174815058708191,0.5881200432777405,0.4634532928466797,0.7312858700752258,0.6872611045837402,0.5125225186347961,0.613151490688324,0.5507391095161438,0.6265693306922913,0.4810329079627991,0.38285133242607117,0.40637558698654175,0.33528581261634827,0.6674976944923401,0.553585946559906
scaling,0.322,1.7207213640213013,1.367792010307312,1.1223539113998413,0.6678930521011353,0.3318050801753998,0.5297307968139648,0.4306205213069916,0.4537244737148285,0.7456287741661072,0.5633753538131714,0.7629631757736206,0.20280678570270538,0.25519809126853943,0.39399248361587524,0.3592226505279541,0.2706853747367859,0.7853102684020996,0.41980746388435364,0.47603654861450195,0.49224022030830383,0.2858523726463318,0.3794522285461426,0.7179005146026611,0.8981074094772339,0.971005380153656,0.7827370762825012,0.6283276677131653,0.8657299280166626,1.1666758060455322,1.0290628671646118,0.7005327343940735,0.8656736612319946,0.8516032695770264,0.7851139903068542,0.757053792476654,0.8591060042381287,1.1645257472991943,1.3176215887069702,1.277297019958496,1.3342275619506836,1.0088849067687988,0.8293861150741577,1.0712367296218872,1.1990398168563843,1.2241315841674805,1.2148209810256958,1.2320523262023926,1.3939005136489868
scaling,0.328,0.8631822466850281,0.8289029002189636,0.8506096005439758,0.7445011138916016,0.400598406791687,0.571823239326477,0.7316874265670776,0.715867280960083,0.9377687573432922,0.9375551342964172,1.0391342639923096,1.1324416399002075,0.809721052646637,0.5283942222595215,0.5188292860984802,0.3940904438495636,0.32159626483917236,0.1824314296245575,0.3918091952800751,0.6028079390525818,0.5692177414894104,0.6096406579017639,0.91218101978302,1.009708285331726,0.7341801524162292,0.7865090370178223,0.49483513832092285,0.5905442237854004,0.5901868343353271,0.5604529976844788,0.4901612102985382,0.7449232935905457,0.8768320679664612,1.0314701795578003,1.1560108661651611,1.2419995069503784,0.8333470821380615,0.6023772358894348,1.0582234859466553,0.6792240142822266,0.7182170152664185,0.9562408924102783,0.8718342781066895,1.1771905422210693,0.9348196387290955,1.2077809572219849,1.0548679828643799,0.8559554219245911
scaling,0.749,0.0,0.059617310762405396,0.013254213146865368,0.07642331719398499,0.1074642464518547,0.2473263144493103,0.25519412755966187,0.12807658314704895,0.1535617858171463,0.13469119369983673,0.30174508690834045,0.2666480541229248,0.32630670070648193,0.36497122049331665,0.29218342900276184,0.30853599309921265,0.2230692058801651,0.19108565151691437,0.1994374394416809,0.13095976412296295,0.17215166985988617,0.2050337791442871,0.3053320050239563,0.2564825713634491,0.18994253873825073,0.12869663536548615,0.2024642527103424,0.1851436346769333,0.15280534327030182,0.18473893404006958,0.2250991314649582,0.14606258273124695,0.15255530178546906,0.056372009217739105,0.1176423504948616,0.16743236780166626,0.11852794140577316,0.11382973939180374,0.09847325831651688,0.14259369671344757,0.13674917817115784,0.15981008112430573,0.15483106672763824,0.13534298539161682,0.21224234998226166,0.26801368594169617,0.2873712182044983,0.3269871175289154
scaling,0.267,1.5100715160369873,1.6146941184997559,1.8588796854019165,1.6929939985275269,1.4153482913970947,1.3794443607330322,1.1774487495422363,1.2788712978363037,1.2588787078857422,1.3348968029022217,1.079125165939331,0.9616286158561707,0.9414747953414917,0.7374231815338135,0.7362858057022095,0.9630869030952454,1.4865074157714844,1.3890295028686523,1.1737892627716064,1.0336021184921265,0.9595416784286499,1.0957326889038086,1.0147860050201416,1.3244456052780151,1.1223019361495972,1.144436240196228,0.7413445115089417,0.8645505905151367,0.5951544642448425,0.45503127574920654,0.7694041728973389,0.6383127570152283,0.8471004366874695,0.6939293742179871,0.7410741448402405,0.6003856658935547,0.5036145448684692,0.6769131422042847,0.6874693036079407,0.7095627188682556,0.8453373908996582,0.7082968354225159,0.7621546983718872,1.0027945041656494,0.9765139222145081,1.1356464624404907,1.5188798904418945,1.4975286722183228
scaling,0.562,0.8009162545204163,0.5724816918373108,0.6357622742652893,0.6142996549606323,0.5873332023620605,0.5388054251670837,0.8183966875076294,0.7337499260902405,0.5733014345169067,0.8144655823707581,0.7189723253250122,0.7356970906257629,0.6645093560218811,0.772329568862915,0.4568027853965759,0.600413978099823,0.4429382383823395,0.5367724299430847,0.6607125401496887,0.5600796341896057,0.562721848487854,0.34745651483535767,0.41326749324798584,0.24891144037246704,0.31681886315345764,0.4642183780670166,0.4623723030090332,0.4258986711502075,0.3716890215873718,0.4182676374912262,0.31281453371047974,0.20268648862838745,0.4848039448261261,0.3536076545715332,0.18547427654266357,0.17387230694293976,0.11597856879234314,0.18232960999011993,0.19978658854961395,0.3054984211921692,0.2704058289527893,0.1156507357954979,0.10130812972784042,0.15893670916557312,0.0830187201499939,0.11198438704013824,0.3350394666194916,0.34738993644714355
scaling,0.557,0.0,0.16951029002666473,0.0629042237997055,0.05559958145022392,0.04239899665117264,0.21590197086334229,0.4314480423927307,0.2719743847846985,0.3358052968978882,0.4629497826099396,0.3293098509311676,0.4853367507457733,0.2875044047832489,0.35487550497055054,0.2962407171726227,0.36222922801971436,0.4863686263561249,0.5504125356674194,0.5862033367156982,0.580605149269104,0.41560226678848267,0.3966059386730194,0.3908268213272095,0.2508496642112732,0.35177257657051086,0.42237982153892517,0.3259018063545227,0.37289899587631226,0.4231644570827484,0.29403156042099,0.6177834272384644,0.7590073943138123,0.7410298585891724,0.8014715909957886,0.9529778957366943,0.8892846703529358,0.5542383193969727,0.41629377007484436,0.43712595105171204,0.48690682649612427,0.6901659965515137,0.5681971907615662,0.4657045602798462,0.7117609977722168,0.8558472394943237,0.8782523274421692,0.850626528263092,1.0398846864700317
scaling,0.596,0.0,0.03257216140627861,0.02237885072827339,0.06937218457460403,0.115643709897995,0.13117480278015137,0.2308526188135147,0.1014237254858017,0.1697211116552353,0.18258345127105713,0.28440356254577637,0.14180918037891388,0.12055999785661697,0.20720495283603668,0.31916913390159607,0.23305949568748474,0.3059704601764679,0.5414586067199707,0.6057716012001038,0.4737953245639801,0.37855738401412964,0.65923011302948,0.7858811616897583,0.77333664894104,0.7178971767425537,0.8309661746025085,0.6526835560798645,0.7041457891464233,0.7214655876159668,0.7785167098045349,0.507797360420227,0.47707557678222656,0.5407745838165283,0.7057788968086243,0.4506780803203583,0.6122917532920837,0.5205617547035217,0.52866131067276,0.6432769298553467,0.6884357929229736,0.6079083681106567,0.5063126683235168,0.39400532841682434,0.4354408085346222,0.5778811573982239,0.8189967274665833,0.858462929725647,0.6559576392173767
scaling,0.777,0.3032388985157013,0.30134227871894836,0.3726390302181244,0.35156646370887756,0.3382638990879059,0.3322708308696747,0.26506656408309937,0.2568669617176056,0.2705826759338379,0.2657918930053711,0.2579392194747925,0.1168038621544838,0.07646448910236359,0.12776991724967957,0.22466275095939636,0.2320103645324707,0.3964642882347107,0.3735053539276123,0.3629571199417114,0.34532439708709717,0.17007215321063995,0.24115616083145142,0.3016156554222107,0.3626561462879181,0.35493797063827515,0.19661983847618103,0.25158941745758057,0.15008346736431122,0.23063452541828156,0.19508984684944153,0.22991326451301575,0.2683403789997101,0.2789910137653351,0.20634987950325012,0.1299530416727066,0.22103799879550934,0.131175696849823,0.2536115348339081,0.2881326675415039,0.34058570861816406,0.2743850648403168,0.3133602440357208,0.24562598764896393,0.3253116011619568,0.40217316150665283,0.4005178213119507,0.47846055030822754,0.4760827422142029
scaling,0.48,0.9299964308738708,0.8805120587348938,0.8245299458503723,0.5612050294876099,0.5073263645172119,0.49772778153419495,0.825006365776062,0.7469189763069153,0.4866076409816742,0.4887318015098572,0.600028932094574,0.4128502607345581,0.5320801138877869,0.5084989070892334,0.43093717098236084,0.617218554019928,0.4917982220649719,0.32064151763916016,0.6136617064476013,0.5506688952445984,0.45955127477645874,0.9568151831626892,1.0910948514938354,1.1275246143341064,1.2187081575393677,0.9561724662780762,1.2167930603027344,1.2400107383728027,1.4999054670333862,1.8183894157409668,1.2777209281921387,1.1537017822265625,0.9723761677742004,0.8501732349395752,1.0032923221588135,0.7277989387512207,0.2813095152378082,0.201172336935997,0.40834495425224304,0.6377726197242737,0.5024108290672302,0.58170086145401,0.6722776293754578,0.5857436060905457,0.49935853481292725,0.2116289734840393,0.5876789093017578,0.46058693528175354
scaling,0.581,0.3351883590221405,0.5070339441299438,0.47064268589019775,0.6366234421730042,0.38730520009994507,0.4480072557926178,0.2937859296798706,0.3593045175075531,0.28370219469070435,0.3443814218044281,0.14424355328083038,0.07181893289089203,0.15000726282596588,0.0,0.033304087817668915,0.03525584936141968,0.20012786984443665,0.087088942527771,0.017882680520415306,0.0,0.12620967626571655,0.14798563718795776,0.004351768177002668,0.12875370681285858,0.1456277221441269,0.10545926541090012,0.054019466042518616,0.32957085967063904,0.12248440831899643,0.0,0.1615760177373886,0.20856313407421112,0.1163920909166336,0.18030980229377747,0.07427041977643967,0.23882585763931274,0.44024696946144104,0.5920405983924866,0.5449028611183167,0.5536984801292419,0.5889250040054321,0.8186716437339783,0.7755751609802246,0.8730661869049072,0.745568037033081,0.7681781649589539,0.7527045011520386,0.7340425848960876
scaling,0.31,0.5970059037208557,0.6850349307060242,0.9632377624511719,1.0165231227874756,0.7724140882492065,1.1226203441619873,1.0284603834152222,1.2650572061538696,1.0447807312011719,0.9286074042320251,1.0514378547668457,0.9017679691314697,0.7022916674613953,0.5472073554992676,0.7196788191795349,0.5279948711395264,0.4952988624572754,0.42414334416389465,0.6267913579940796,0.9209849834442139,0.7869365811347961,0.9496825933456421,1.066188097000122,0.8527933955192566,0.7385212779045105,0.7465473413467407,0.7221044898033142,1.0264005661010742,0.4956590235233307,0.9460232853889465,0.48095178604125977,0.7149222493171692,0.6583809852600098,0.6247330904006958,0.7811247706413269,0.4317713677883148,0.30156686902046204,0.17366568744182587,0.5382071137428284,0.6350789070129395,1.20596182346344,1.00180983543396,0.8017243146896362,0.7605577111244202,1.4228025674819946,0.9394019246101379,1.2533663511276245,1.22571861743927
scaling,0.447,0.26609471440315247,0.4178074896335602,0.40858468413352966,0.43641993403434753,0.19526994228363037,0.3122507333755493,0.2676241099834442,0.47567591071128845,0.3217538893222809,0.3398952782154083,0.47847962379455566,0.4876137673854828,0.6080074310302734,0.5616645216941833,0.46945735812187195,0.44936391711235046,0.7098188996315002,0.6524766087532043,0.48325589299201965,0.715753436088562,0.7904263734817505,0.7724717259407043,0.8681097030639648,0.7826778292655945,0.6487961411476135,0.8529229760169983,0.8808131217956543,0.8946123123168945,0.6285502314567566,1.0358408689498901,0.9525214433670044,0.963908314704895,0.8424894213676453,0.7881139516830444,0.544177770614624,0.5216147303581238,0.39388561248779297,0.23086711764335632,0.5071143507957458,0.4484606683254242,0.40187668800354004,0.4416797161102295,0.31481659412384033,0.34811335802078247,0.4752459228038788,0.564384937286377,0.6253995895385742,0.6354041695594788
scaling,0.658,0.4941207766532898,0.30202722549438477,0.5464863181114197,0.49006444215774536,0.48095136880874634,0.28221428394317627,0.32273629307746887,0.29955270886421204,0.46463674306869507,0.3193170726299286,0.2926381230354309,0.2617303133010864,0.2879437804222107,0.18633237481117249,0.1611766368150711,0.2873479425907135,0.3108624815940857,0.2429470270872116,0.19242408871650696,0.14495623111724854,0.34501564502716064,0.3227849006652832,0.5099450945854187,0.4931044578552246,0.28061968088150024,0.30541089177131653,0.33413243293762207,0.3280355930328369,0.1507011353969574,0.052552469074726105,0.24671469628810883,0.2069874405860901,0.18045052886009216,0.39417698979377747,0.38126638531684875,0.3662618100643158,0.1769748330116272,0.14253129065036774,0.3063999116420746,0.26283398270606995,0.3666806221008301,0.32873260974884033,0.359806627035141,0.4315494894981384,0.3763662874698639,0.28999394178390503,0.29463204741477966,0.19393354654312134
scaling,0.638,0.7264746427536011,0.5651649832725525,0.5191723704338074,0.3255873918533325,0.19446703791618347,0.23351027071475983,0.045375414192676544,0.14965638518333435,0.1684686541557312,0.10747524350881577,0.12781427800655365,0.14752322435379028,0.018246037885546684,0.0,0.03684469312429428,0.18268819153308868,0.19428381323814392,0.2791321575641632,0.33811160922050476,0.3829902112483978,0.1935010552406311,0.12533153593540192,0.19762231409549713,0.3075391352176666,0.350717693567276,0.0980505719780922,0.022325824946165085,0.030482247471809387,0.18009699881076813,0.26235777139663696,0.0,0.12082291394472122,0.13882584869861603,0.038581620901823044,0.33711498975753784,0.4972905218601227,0.5716089606285095,0.5758736729621887,0.5348103046417236,0.5087382793426514,0.44847995042800903,0.5655776262283325,0.5019658207893372,0.5258010625839233,0.34324100613594055,0.38871484994888306,0.23554067313671112,0.3593219518661499
scaling,0.268,0.4506603479385376,0.37359458208084106,0.5949720740318298,0.7524794936180115,0.8815910816192627,0.7706522345542908,0.8144139647483826,0.5338706374168396,0.9316819310188293,0.5243687033653259,0.5365592241287231,0.7088226675987244,0.5936872363090515,0.6170214414596558,0.5383602976799011,0.594182550907135,0.6234681010246277,0.5435183644294739,0.8561279773712158,0.8784565925598145,0.7230345606803894,0.6701511144638062,0.21544159948825836,0.7185860276222229,0.5874001383781433,0.7452818751335144,0.7485817670822144,0.6183096766471863,0.9836263656616211,0.34062010049819946,0.3596513867378235,0.6926735639572144,1.0398502349853516,1.6230803728103638,1.4815295934677124,2.080054521560669,2.2065844535827637,1.9318454265594482,1.3238168954849243,1.2994353771209717,1.2261362075805664,1.5302377939224243,1.5749595165252686,0.9604742527008057,0.7425227165222168,0.869138777256012,0.6539211273193359,0.9292970895767212
scaling,0.681,0.19301991164684296,0.21964868903160095,0.2091977596282959,0.12880949676036835,0.16485707461833954,0.1289863884449005,0.0395364835858345,0.12655478715896606,0.007814740762114525,0.0017573704244568944,0.10494150221347809,0.15509666502475739,0.17053870856761932,0.2643968164920807,0.1756162792444229,0.168488547205925,0.26862549781799316,0.22396773099899292,0.25641438364982605,0.29883208870887756,0.26428765058517456,0.36663326621055603,0.3490261137485504,0.25705698132514954,0.29087162017822266,0.32197341322898865,0.23368710279464722,0.12466873973608017,0.08335128426551819,0.0974176824092865,0.11418095231056213,0.1279781013727188,0.0041209375485777855,0.0,0.10287848860025406,0.03163665905594826,0.27475887537002563,0.1656067669391632,0.24779130518436432,0.10418381541967392,0.07773860543966293,0.1861364245414734,0.2486952543258667,0.10438073426485062,0.1572583168745041,0.2017686665058136,0.19129367172718048,0.21855804324150085
scaling,0.727,0.1783035546541214,0.2592563033103943,0.21021893620491028,0.16208037734031677,0.2273057997226715,0.22664028406143188,0.2752164900302887,0.2101961225271225,0.25896933674812317,0.17057305574417114,0.14888568222522736,0.11743948608636856,0.22181648015975952,0.3475225865840912,0.37075820565223694,0.29463255405426025,0.32282426953315735,0.22360603511333466,0.14128562808036804,0.11722767353057861,0.24694423377513885,0.09894341230392456,0.1443483829498291,0.11609075218439102,0.01261166576296091,0.1718844622373581,0.15417170524597168,0.08486433327198029,0.07992410659790039,0.1342657208442688,0.2675580084323883,0.23351407051086426,0.2932320535182953,0.19341665506362915,0.2693353295326233,0.156223863363266,0.2409307211637497,0.14433416724205017,0.3109433650970459,0.1366725116968155,0.15762057900428772,0.23987723886966705,0.24449822306632996,0.22662581503391266,0.06883420050144196,0.07071659713983536,0.1113220751285553,0.14241965115070343
scaling,0.749,0.23946498334407806,0.2907600402832031,0.24066993594169617,0.2269737720489502,0.2537226676940918,0.26291564106941223,0.3835528790950775,0.3824617266654968,0.34151944518089294,0.3932880759239197,0.4219433069229126,0.5209618806838989,0.540993332862854,0.6022374629974365,0.597935676574707,0.5145376324653625,0.5705567002296448,0.48810893297195435,0.5056896209716797,0.5431166887283325,0.43539923429489136,0.49399203062057495,0.398782879114151,0.3250977694988251,0.3171852231025696,0.4570316672325134,0.5052692890167236,0.556221604347229,0.4836826026439667,0.5120217800140381,0.42461302876472473,0.48200511932373047,0.42069190740585327,0.37351104617118835,0.4518158733844757,0.3637329936027527,0.37207525968551636,0.37113526463508606,0.40067827701568604,0.36400407552719116,0.38194790482521057,0.3218514323234558,0.2430277168750763,0.25726357102394104,0.2096853405237198,0.40229329466819763,0.31374821066856384,0.2984912693500519
scaling,0.228,0.8347546458244324,1.194617748260498,1.097309947013855,1.13870108127594,0.9667904376983643,1.407607913017273,1.4610404968261719,1.4390151500701904,1.2553017139434814,1.1178549528121948,1.0461046695709229,0.8036433458328247,0.2977164685726166,0.9402304887771606,0.5116196870803833,0.7519294023513794,0.8059461116790771,0.40756359696388245,0.657855749130249,0.2415613830089569,0.4361478388309479,0.3152310848236084,0.5634119510650635,0.3774265646934509,0.688824474811554,0.6133123636245728,0.7048728466033936,0.7206759452819824,0.6982559561729431,0.7624370455741882,0.8508045077323914,0.7387640476226807,0.648557186126709,0.8022139072418213,0.7159571647644043,1.0111076831817627,0.8358333706855774,0.5280318260192871,0.8423864841461182,0.4885828495025635,0.3939215838909149,0.723675012588501,0.7354790568351746,0.37824785709381104,0.8020286560058594,0.5572125315666199,0.3651999831199646,0.6311572790145874
scaling,0.212,1.0784111022949219,1.6757996082305908,1.2870126962661743,1.7612066268920898,1.6347461938858032,1.7453755140304565,1.8109625577926636,1.9633057117462158,1.7597684860229492,1.712726354598999,1.8715726137161255,1.8414849042892456,1.7544318437576294,1.2803304195404053,1.2623683214187622,0.9552025198936462,1.1408008337020874,0.9175713658332825,1.424157977104187,1.6335676908493042,1.4688771963119507,1.0416450500488281,1.3440502882003784,1.1392512321472168,0.9995956420898438,0.778274655342102,0.4611215591430664,0.6268402338027954,0.9244233965873718,0.8702877163887024,0.5632858872413635,0.6877405047416687,0.7237991094589233,0.9102098941802979,1.2684131860733032,1.4065587520599365,1.2060667276382446,1.2756301164627075,1.2057340145111084,1.1677035093307495,1.0941510200500488,1.0059400796890259,1.3356430530548096,0.8997511863708496,0.8386539816856384,0.6943839192390442,0.45428985357284546,1.5117111206054688
scaling,0.352,0.7517895102500916,0.8800846934318542,1.021225094795227,1.2012735605239868,0.6689842939376831,0.7043964266777039,0.6768113374710083,0.604273796081543,0.7279365062713623,0.738196074962616,1.077527403831482,1.1144380569458008,1.160757303237915,1.2927221059799194,1.6637424230575562,1.6442639827728271,1.6708788871765137,1.4951813220977783,1.3203171491622925,1.1362171173095703,0.8085491061210632,1.183349370956421,1.3516806364059448,1.147106409072876,0.986733078956604,1.3881266117095947,1.1318635940551758,1.0442308187484741,0.9995829463005066,1.2785310745239258,1.2476409673690796,1.1988383531570435,1.1675020456314087,0.9257479906082153,0.909159779548645,0.7616024613380432,0.651680052280426,0.6157708764076233,0.8335469961166382,0.9910138249397278,0.7793895602226257,0.5716807246208191,0.3797157108783722,0.47738197445869446,0.48328739404678345,0.4784238040447235,0.36160576343536377,0.37697556614875793
scaling,0.313,0.5586678385734558,0.6511713862419128,0.5874648690223694,0.46921032667160034,0.43724489212036133,0.33446618914604187,0.574830174446106,0.5144836902618408,0.49017372727394104,0.31270772218704224,0.3229667544364929,0.4336901307106018,0.6192067265510559,0.8764568567276001,0.8244409561157227,0.7400570511817932,0.854917585849762,0.8392347097396851,0.805738091468811,1.1424909830093384,0.9338677525520325,0.5552703142166138,0.674126386642456,0.7626712918281555,0.489458829164505,0.39384809136390686,0.36350780725479126,0.5118861198425293,0.33840277791023254,0.22693271934986115,0.4807637631893158,0.33707374334335327,0.2026177942752838,0.295669823884964,0.2578889727592468,0.29587501287460327,0.32286447286605835,0.4576694071292877,0.30116376280784607,0.4707341194152832,0.5327256321907043,0.21747128665447235,0.48812973499298096,0.5529307723045349,0.3959971070289612,0.6366460919380188,0.44174203276634216,0.3072621822357178
scaling,0.54,0.11208024621009827,0.0791759118437767,0.0856928825378418,0.14595051109790802,0.2869732975959778,0.0,0.0,0.21103616058826447,0.21161913871765137,0.3668684959411621,0.44829481840133667,0.49317702651023865,0.39861229062080383,0.45620840787887573,0.2956201732158661,0.3775390386581421,0.522585391998291,0.49378255009651184,0.44497057795524597,0.5718827843666077,0.7555450201034546,0.9317439198493958,0.8304001688957214,0.9314709305763245,0.8447546362876892,0.7161244750022888,0.542312741279602,0.5650739669799805,0.7688664793968201,0.5546510219573975,0.5514687299728394,0.8754101395606995,0.8133817911148071,0.8986279368400574,1.0165058374404907,1.1264004707336426,0.9901412129402161,1.1150726079940796,0.9527583122253418,0.8565260767936707,0.7984408736228943,0.6821581125259399,0.8308693170547485,0.44999316334724426,0.6030003428459167,0.6578958630561829,0.7672150731086731,0.7605049014091492
scaling,0.554,0.3259901702404022,0.48181426525115967,0.36725667119026184,0.40302419662475586,0.2742609679698944,0.3254673480987549,0.5563243627548218,0.676165759563446,0.6132954955101013,0.49116653203964233,0.16966547071933746,0.6345090866088867,0.6288942098617554,0.43190860748291016,0.6133469343185425,0.3228488564491272,0.1783108115196228,0.25330376625061035,0.4703616797924042,0.766801655292511,0.6711820960044861,0.6154660582542419,0.622495710849762,0.26143157482147217,0.16628478467464447,0.20450212061405182,0.08209087699651718,0.0,0.0,0.0,0.19145257771015167,0.44511619210243225,0.3391454815864563,0.4995269775390625,0.5876889824867249,0.5302103161811829,0.4040569067001343,0.4120235741138458,0.5292055606842041,0.3158944845199585,0.3084896206855774,0.39240947365760803,0.33561378717422485,0.4357773959636688,0.3495890498161316,0.22463539242744446,0.291341632604599,0.139648899435997
scaling,0.3,1.2980339527130127,1.4783822298049927,1.4923591613769531,1.6559103727340698,1.6829742193222046,1.256152868270874,1.1798380613327026,1.3366270065307617,1.1722615957260132,0.931252121925354,1.2129640579223633,1.1918548345565796,1.2436846494674683,0.6543293595314026,0.9616419076919556,1.0526881217956543,1.230944037437439,1.0600931644439697,0.9585666656494141,1.2433502674102783,1.3371590375900269,1.1684091091156006,0.9394581317901611,0.8572127819061279,0.9938969016075134,0.6149556636810303,0.8384086489677429,0.8011481165885925,0.7827913761138916,0.9362002015113831,1.172137975692749,0.869123101234436,1.053936243057251,0.9783368110656738,0.6668022871017456,1.1172170639038086,0.8094589710235596,0.7855821251869202,0.7728103995323181,0.6981974244117737,0.5352963209152222,0.6764487028121948,0.7636402249336243,0.5753450393676758,0.5596275329589844,0.5202142596244812,0.5781477093696594,0.41775408387184143
scaling,0.213,0.4405478835105896,0.43955665826797485,0.4284021556377411,0.13526704907417297,0.0,0.23051781952381134,0.38257500529289246,0.5461505055427551,0.44570645689964294,0.3428415060043335,0.37763711810112,0.6409512162208557,0.16036784648895264,0.5487222671508789,0.6968845129013062,0.7656114101409912,0.8506597876548767,0.7983837127685547,0.5339879393577576,0.9456079602241516,0.5316265821456909,0.8630881309509277,0.40730810165405273,0.2603398561477661,0.4209788739681244,0.3306253254413605,0.6673759818077087,0.3640357255935669,0.3797597289085388,0.2824974060058594,0.2815403938293457,0.27431178092956543,0.18320336937904358,0.28253066539764404,0.4148618280887604,0.0,0.0,0.30178192257881165,0.1248415932059288,0.21386700868606567,0.0606435090303421,0.10454901307821274,0.0,0.0,0.0,0.07905048877000809,0.0,0.1796347200870514
scaling,0.386,0.5064923763275146,0.3646250069141388,0.41283443570137024,0.634346067905426,0.4043063521385193,0.4153745770454407,0.8237616419792175,0.7705565094947815,0.8351141214370728,1.3940831422805786,1.4263660907745361,1.4971565008163452,1.75108003616333,1.6465085744857788,1.379262924194336,1.0607227087020874,1.1149970293045044,1.0082082748413086,0.9849902987480164,0.9510985016822815,0.9888198971748352,0.5955973863601685,0.7766846418380737,0.6011727452278137,0.44381967186927795,0.7179025411605835,0.8057063817977905,0.6939144134521484,0.3235379755496979,0.29410356283187866,0.37976154685020447,0.6019896268844604,0.5571525692939758,0.6531875133514404,0.6755793690681458,0.5386221408843994,0.9638400673866272,0.9517530202865601,0.9051930904388428,0.8636995553970337,0.730023205280304,0.6528259515762329,0.5827468633651733,0.7335077524185181,0.4885370135307312,0.44651684165000916,0.7624399065971375,0.5710734128952026
scaling,0.523,0.19968976080417633,0.046084579080343246,0.09974555671215057,0.005627722945064306,0.3462370038032532,0.2284015566110611,0.2420702427625656,0.21798597276210785,0.14900675415992737,0.09352145344018936,0.4134218096733093,0.38547152280807495,0.35670194029808044,0.4423387050628662,0.4226415753364563,0.45790350437164307,0.5416185855865479,0.6277471780776978,0.5189911127090454,0.6269461512565613,0.45566272735595703,0.5526759624481201,0.8475451469421387,0.6597194075584412,0.809002697467804,0.7261804938316345,0.7336385250091553,0.5705799460411072,0.7794385552406311,0.6694257855415344,0.6484819650650024,0.8615745306015015,0.7146197557449341,0.4363946318626404,0.6242327690124512,0.5910202860832214,0.5761998891830444,0.9022335410118103,0.8215662837028503,0.2851310074329376,0.24086499214172363,0.5819442868232727,0.5875985026359558,0.47781142592430115,0.7161714434623718,0.8105179071426392,0.5460405945777893,0.7222908139228821
scaling,0.687,0.4644755423069,0.46700549125671387,0.3284772038459778,0.5007286667823792,0.3994171619415283,0.2373722642660141,0.17343978583812714,0.24168352782726288,0.3293839395046234,0.3990403115749359,0.5313669443130493,0.48251914978027344,0.4885247051715851,0.5153992772102356,0.484123557806015,0.4266124367713928,0.456186980009079,0.36942121386528015,0.37960317730903625,0.40214410424232483,0.3699537515640259,0.49204352498054504,0.2912501394748688,0.4783651530742645,0.37765589356422424,0.5661205649375916,0.4811452329158783,0.5631360411643982,0.43108490109443665,0.4581112861633301,0.4185577630996704,0.5074774026870728,0.4440857172012329,0.5909571647644043,0.5129031538963318,0.48305544257164,0.5860692262649536,0.5439498424530029,0.4321901798248291,0.3450416624546051,0.2722034752368927,0.20235700905323029,0.27496010065078735,0.0488123819231987,0.22026604413986206,0.22435468435287476,0.28727471828460693,0.18303808569908142
scaling,0.566,0.8347612023353577,0.9326578378677368,0.9216845035552979,0.8090969324111938,0.8220286965370178,0.5560965538024902,0.7345012426376343,0.6490439772605896,0.49235624074935913,0.530269980430603,0.49085283279418945,0.42192333936691284,0.3041878044605255,0.34767937660217285,0.3493136167526245,0.4652489721775055,0.44169890880584717,0.4728687107563019,0.5275218486785889,0.44735440611839294,0.5679982304573059,0.45934218168258667,0.3461931347846985,0.5422137975692749,0.5773149728775024,0.49997422099113464,0.36362823843955994,0.3094640374183655,0.2154230922460556,0.2954878509044647,0.33521533012390137,0.28632718324661255,0.36673980951309204,0.28866541385650635,0.36885425448417664,0.3717157244682312,0.17203247547149658,0.2637852728366852,0.27018752694129944,0.15723571181297302,0.26297053694725037,0.31189098954200745,0.3360714316368103,0.28529611229896545,0.345121294260025,0.2850860059261322,0.23006244003772736,0.5473848581314087
scaling,0.315,0.9819547533988953,1.0474309921264648,0.8782931566238403,1.1590549945831299,1.271228551864624,0.8107405304908752,0.7390027642250061,1.1291899681091309,1.0810514688491821,1.5181012153625488,1.4888110160827637,1.0069314241409302,1.0488548278808594,0.763300359249115,0.5107126832008362,0.47440987825393677,0.349515438079834,0.4148915410041809,0.35469698905944824,0.6267848610877991,0.7331060767173767,1.0245118141174316,0.8992387652397156,0.8602823615074158,0.7522801160812378,0.846598207950592,0.6311854720115662,0.741432785987854,0.6114981174468994,0.6055888533592224,0.5928438305854797,0.7486701011657715,0.6161738634109497,0.43452805280685425,0.6607695817947388,0.845813512802124,0.7156415581703186,0.7598073482513428,0.6458455920219421,0.6618955135345459,0.8755373358726501,0.7533859610557556,0.722635805606842,0.9577157497406006,0.9974594116210938,0.7900426983833313,0.9073095321655273,0.7027077078819275
scaling,0.224,0.5003281235694885,0.39575281739234924,0.4345461428165436,0.4431914687156677,0.5076245069503784,0.8710629343986511,0.8144127130508423,0.9435995221138,0.7304546236991882,1.1743378639221191,1.1885772943496704,0.7472769618034363,0.8717624545097351,1.5160025358200073,1.2342239618301392,1.4534250497817993,1.1477835178375244,1.253589153289795,1.010193943977356,0.7120891809463501,0.6313735246658325,0.6614089012145996,0.6553361415863037,0.6619459390640259,0.9691988229751587,0.8382318019866943,0.9786453247070312,1.01991605758667,0.8292106986045837,1.2652736902236938,1.1715189218521118,1.0846391916275024,1.0476869344711304,0.30957141518592834,0.21551446616649628,0.38287779688835144,0.7038335800170898,0.5782966017723083,0.6936559081077576,0.8626311421394348,0.9755281209945679,0.7167382836341858,0.8156053423881531,0.5544115900993347,0.7608789801597595,0.9128299951553345,0.8346441388130188,1.2076153755187988
scaling,0.681,0.38756656646728516,0.4642537236213684,0.49228334426879883,0.3307642340660095,0.13390567898750305,0.3848678767681122,0.6021745204925537,0.6332942843437195,0.4961202144622803,0.37658679485321045,0.4318186044692993,0.42518481612205505,0.44624093174934387,0.49961504340171814,0.18375451862812042,0.5626466870307922,0.5563607811927795,0.630949854850769,0.7224966287612915,0.5260685682296753,0.3248331844806671,0.26848962903022766,0.4459777772426605,0.5221642851829529,0.518679141998291,0.5765674710273743,0.7047032117843628,0.7915979623794556,0.7281312942504883,0.6788347959518433,0.6506795287132263,0.6244648098945618,0.6135157346725464,0.707330048084259,0.7849392294883728,0.6996496319770813,0.8574753999710083,1.0038083791732788,0.7802100777626038,0.5373131036758423,0.33767181634902954,0.6125910878181458,0.671625018119812,0.4456495940685272,0.43978753685951233,0.3522723913192749,0.2561006247997284,0.5069707036018372
scaling,0.712,0.3598434329032898,0.3503621816635132,0.32300451397895813,0.2554791271686554,0.3411823809146881,0.3010154962539673,0.21512570977210999,0.19056619703769684,0.21836096048355103,0.2625734508037567,0.2335871309041977,0.32267940044403076,0.30260318517684937,0.09352618455886841,0.07662495225667953,0.12768182158470154,0.15532080829143524,0.19212761521339417,0.28756898641586304,0.3283671736717224,0.35743793845176697,0.3324929475784302,0.40909600257873535,0.27760186791419983,0.30129021406173706,0.3529107868671417,0.295651912689209,0.32741132378578186,0.24129299819469452,0.2734281122684479,0.27856767177581787,0.20248784124851227,0.27185553312301636,0.28113609552383423,0.31175220012664795,0.33622053265571594,0.27399230003356934,0.366131067276001,0.24468323588371277,0.2395498901605606,0.15258866548538208,0.0676237940788269,0.16797122359275818,0.26785171031951904,0.2738554775714874,0.1401372253894806,0.15868417918682098,0.1406111866235733
scaling,0.23,0.0,0.04699557647109032,0.05262192338705063,0.11649709194898605,0.1655655950307846,0.47677457332611084,0.7896303534507751,0.549940288066864,0.32670971751213074,0.5900068879127502,0.762763261795044,0.8408220410346985,1.0913243293762207,0.9180546998977661,0.5548617243766785,0.6600110530853271,0.7369922399520874,0.6900680065155029,1.0225491523742676,1.8254504203796387,1.6559745073318481,1.7464879751205444,1.505138874053955,1.2273454666137695,1.1194100379943848,1.2273499965667725,1.153095006942749,1.329253077507019,1.3161005973815918,1.3182426691055298,1.2268458604812622,1.3084465265274048,1.327104091644287,0.8364738821983337,1.0287365913391113,1.5440220832824707,1.110146164894104,1.3745580911636353,1.0673853158950806,0.6788054704666138,0.8574506044387817,0.9401875138282776,1.0721248388290405,0.9451692700386047,1.118614912033081,1.1710540056228638,1.4317123889923096,1.3768073320388794
scaling,0.391,0.7648990154266357,0.820305585861206,0.8571228981018066,0.645815372467041,0.7470212578773499,0.7538548111915588,0.7148540616035461,0.6333521008491516,0.48937225341796875,0.6976584792137146,0.7698659300804138,0.7259756326675415,0.7336522936820984,0.8454853892326355,0.6482267379760742,0.6589159369468689,0.8928027749061584,0.8952323198318481,0.7582621574401855,0.866862952709198,0.6348710656166077,0.8909829258918762,0.7770956754684448,0.7487632036209106,0.7329587340354919,0.6062642335891724,0.7564010620117188,1.0395721197128296,0.8983257412910461,0.9461684823036194,0.6215118765830994,0.7621748447418213,0.8026955127716064,0.8100571036338806,0.9200442433357239,1.0358918905258179,0.9294723272323608,0.7168053984642029,0.6414785981178284,0.6387981176376343,0.8087755441665649,0.8183043599128723,0.7990702986717224,0.6203333139419556,0.6485459804534912,0.6100137829780579,0.5347314476966858,0.8323686122894287
scaling,0.268,0.8137989044189453,0.7385103702545166,0.5106238126754761,0.3341503143310547,0.6971306800842285,0.7810559868812561,0.0,0.2837836742401123,0.6095581650733948,0.5488925576210022,0.3913353979587555,0.643003523349762,0.5288072824478149,0.3178613781929016,0.8504962921142578,0.42372098565101624,0.30079859495162964,0.710569441318512,0.7662985920906067,0.7085695862770081,0.8495041131973267,1.1198416948318481,1.267568826675415,0.9776164889335632,0.9476200938224792,0.7393425703048706,0.6020991206169128,0.6768479943275452,0.5830798745155334,1.1820775270462036,1.1919580698013306,1.2752206325531006,0.915443480014801,1.133062481880188,1.1225417852401733,0.6296454668045044,0.7304266095161438,0.8152799606323242,0.7290039658546448,0.6610302925109863,0.6783732175827026,0.8727641701698303,0.5201638340950012,0.9808071851730347,0.8024272918701172,1.1284295320510864,0.8277812600135803,1.0976758003234863
scaling,0.678,0.3547080159187317,0.40603107213974,0.3348544239997864,0.39231881499290466,0.323212206363678,0.3327829837799072,0.4158940017223358,0.538564920425415,0.4653486907482147,0.3905656933784485,0.43900859355926514,0.5634213089942932,0.46056169271469116,0.5373698472976685,0.42936986684799194,0.3245967626571655,0.37363898754119873,0.4861977994441986,0.38797593116760254,0.4922320544719696,0.4755365550518036,0.29038259387016296,0.26125577092170715,0.2100980132818222,0.2819565236568451,0.256754606962204,0.4030967354774475,0.4217272996902466,0.39392322301864624,0.38605377078056335,0.5069193840026855,0.4647706151008606,0.5913869738578796,0.6041647791862488,0.6426177024841309,0.4865821301937103,0.578312337398529,0.5424922108650208,0.4423266649246216,0.41199058294296265,0.4526003301143646,0.44552600383758545,0.43534785509109497,0.3781961500644684,0.3694479167461395,0.3030884861946106,0.2819445729255676,0.3168843686580658
scaling,0.388,0.8520129323005676,1.1937183141708374,1.1801201105117798,0.937129557132721,0.7882311940193176,0.92136549949646,0.43123725056648254,0.6147067546844482,0.5650926828384399,0.3383093774318695,0.13782548904418945,0.27394765615463257,0.12387484312057495,0.3981986939907074,0.41813015937805176,0.5518749952316284,0.856167733669281,0.5458755493164062,0.6141093969345093,0.5118873119354248,0.5840503573417664,0.5086252689361572,0.4197002649307251,0.6058411598205566,0.5618888735771179,0.44236519932746887,0.509200930595398,0.5821786522865295,0.4597782790660858,0.4580090343952179,0.316224604845047,0.39448341727256775,0.3907541036605835,0.6229381561279297,0.671166718006134,0.6336687207221985,0.4166540205478668,0.39042598009109497,0.37738558650016785,0.24762603640556335,0.3244772255420685,0.3441154658794403,0.4018481969833374,0.6948879957199097,0.5333215594291687,0.7189421653747559,1.0430649518966675,1.1658581495285034
scaling,0.678,0.3809213936328888,0.3753407597541809,0.35906144976615906,0.36115825176239014,0.38079309463500977,0.29083919525146484,0.2885190546512604,0.3687885105609894,0.27879253029823303,0.2721739411354065,0.3219611346721649,0.3839607536792755,0.37810060381889343,0.3129272758960724,0.15160058438777924,0.3484758138656616,0.34068432450294495,0.27606236934661865,0.4031045734882355,0.33456969261169434,0.40260830521583557,0.3692234754562378,0.4275142252445221,0.313210129737854,0.3136444091796875,0.26360318064689636,0.182221457362175,0.3486613929271698,0.3239084780216217,0.23001353442668915,0.24330715835094452,0.22617626190185547,0.1802377700805664,0.20002242922782898,0.17766150832176208,0.3375341296195984,0.30411460995674133,0.3249807059764862,0.387037992477417,0.40561649203300476,0.42192596197128296,0.29089850187301636,0.5132956504821777,0.3167228698730469,0.43707481026649475,0.4660710394382477,0.4043615460395813,0.5262717008590698
scaling,0.277,0.9474759101867676,0.9603570103645325,1.0018104314804077,0.7611615657806396,0.5097642540931702,0.642136812210083,0.6000573039054871,0.9376816153526306,0.8725454807281494,0.7379013895988464,0.9150142073631287,0.7425640225410461,0.7380926012992859,0.5698909759521484,0.6311203837394714,0.6646825671195984,0.4648258686065674,0.6919862031936646,1.2359516620635986,0.9039208889007568,0.7797051668167114,0.8770929574966431,1.1126964092254639,1.22368586063385,1.2353577613830566,1.1656962633132935,1.0236884355545044,1.4510929584503174,1.3088995218276978,1.4900362491607666,1.091639757156372,1.2718532085418701,1.210610270500183,1.2421746253967285,1.1920419931411743,1.4233520030975342,1.1184533834457397,0.8102074861526489,1.051424264907837,0.8522960543632507,0.9786144495010376,0.8690246343612671,0.9045762419700623,0.9120591878890991,1.36387038230896,1.270726203918457,1.357660174369812,1.7731654644012451
scaling,0.73,0.21063192188739777,0.13033267855644226,0.17330342531204224,0.19993330538272858,0.3009655177593231,0.26388731598854065,0.23593021929264069,0.1887301802635193,0.19986164569854736,0.1086316704750061,0.15660245716571808,0.220271036028862,0.2328539788722992,0.13621759414672852,0.1489449143409729,0.15407897531986237,0.14249299466609955,0.15400972962379456,0.25941941142082214,0.2005993127822876,0.09587644785642624,0.2801204025745392,0.331500381231308,0.333619624376297,0.38877540826797485,0.3507406413555145,0.3373245298862457,0.23091720044612885,0.28150179982185364,0.3412778675556183,0.2939843237400055,0.3456743061542511,0.2820793390274048,0.14599601924419403,0.1863187849521637,0.35403209924697876,0.2664182782173157,0.3636256456375122,0.4097931683063507,0.4007786810398102,0.3680447041988373,0.2838279604911804,0.33718788623809814,0.4149650037288666,0.31844931840896606,0.34894219040870667,0.40004074573516846,0.2552340030670166
scaling,0.318,0.36616361141204834,0.39254066348075867,0.4598070979118347,0.7367697358131409,0.6002945303916931,0.30095088481903076,0.7081370949745178,0.693058431148529,0.626720130443573,0.7504115104675293,0.6072519421577454,0.4480854570865631,0.8129023313522339,0.7410805821418762,0.4206053614616394,0.5477489829063416,0.5582171082496643,0.5219658613204956,0.39830106496810913,0.3049871027469635,0.5570288300514221,0.2749151587486267,0.5367647409439087,0.38339725136756897,0.5128169655799866,0.43149328231811523,0.41833916306495667,0.5939188003540039,0.5633644461631775,0.46317258477211,0.43498650193214417,0.5329034924507141,0.49123239517211914,0.5097141265869141,0.5755662322044373,0.7512065172195435,0.8641866445541382,1.017562747001648,1.166146159172058,1.1163990497589111,0.9065095782279968,1.050718069076538,1.261206865310669,1.069084882736206,0.9331598281860352,1.0992668867111206,0.8311183452606201,0.635940432548523
scaling,0.583,0.2450619488954544,0.33976250886917114,0.5141403675079346,0.7237216830253601,0.9689212441444397,0.8359649777412415,0.5924898982048035,0.8231858611106873,0.6530441641807556,0.7561531662940979,0.8043625354766846,0.7843124866485596,0.3161589205265045,0.40944331884384155,0.41582247614860535,0.5085111260414124,0.6693231463432312,0.723135769367218,0.5438856482505798,0.6960740685462952,0.47881633043289185,0.476570725440979,0.8390940427780151,0.6892296075820923,0.7947825193405151,0.8082036972045898,0.7428634166717529,0.6341645121574402,0.5653321743011475,0.6922984719276428,0.6671980023384094,0.4542742073535919,0.5375066995620728,0.46490564942359924,0.48072943091392517,0.4272856116294861,0.4854266047477722,0.566363513469696,0.5552801489830017,0.47468534111976624,0.46479272842407227,0.3663440942764282,0.597662627696991,0.5436083674430847,0.7242281436920166,0.8771777153015137,0.622581958770752,0.8105621933937073
scaling,0.566,0.3582165837287903,0.38139864802360535,0.40273791551589966,0.5142049789428711,0.38694947957992554,0.56136155128479,0.6027768850326538,0.39489153027534485,0.2790718972682953,0.42186492681503296,0.3043561279773712,0.13827373087406158,0.38901498913764954,0.12380971014499664,0.3876471221446991,0.4077138900756836,0.4513874053955078,0.41140592098236084,0.41830676794052124,0.43189936876296997,0.2657660245895386,0.22225290536880493,0.31685104966163635,0.3086949288845062,0.35196664929389954,0.45275869965553284,0.3221593499183655,0.42002353072166443,0.3699726164340973,0.504536509513855,0.510344386100769,0.4851849377155304,0.3855820596218109,0.44933009147644043,0.33198606967926025,0.34282419085502625,0.5175589323043823,0.4411916732788086,0.3052339553833008,0.41803213953971863,0.23461343348026276,0.27745765447616577,0.21655850112438202,0.21321408450603485,0.3787073493003845,0.31655818223953247,0.5155830979347229,0.5118551254272461
scaling,0.597,0.22542588412761688,0.36522376537323,0.30406665802001953,0.2549588084220886,0.5022357702255249,0.4394719898700714,0.6425102949142456,0.5853320956230164,0.3838835656642914,0.3580275774002075,0.32157695293426514,0.19530166685581207,0.34119462966918945,0.5387043356895447,0.3545091450214386,0.4593815207481384,0.511013925075531,0.36881178617477417,0.5332447290420532,0.5322387218475342,0.6067727208137512,0.567385733127594,0.6592075824737549,0.7281164526939392,0.7319177985191345,0.807961642742157,0.9584784507751465,0.6676235795021057,0.6771146655082703,0.62027508020401,0.5610918402671814,0.5596992373466492,0.3607664704322815,0.6112570762634277,0.21462760865688324,0.2921709716320038,0.28493353724479675,0.264583557844162,0.2590979039669037,0.10726212710142136,0.0,0.028519585728645325,0.0781240463256836,0.23219798505306244,0.21724213659763336,0.30724483728408813,0.2983940541744232,0.29276102781295776
scaling,0.579,0.36124980449676514,0.22844098508358002,0.3585590720176697,0.23660966753959656,0.058554746210575104,0.3278639614582062,0.16978219151496887,0.16262631118297577,0.2825302481651306,0.47836533188819885,0.18249915540218353,0.27891969680786133,0.331597238779068,0.20143891870975494,0.1426474004983902,0.13728486001491547,0.1784534454345703,0.07745987176895142,0.1435227394104004,0.0,0.36718639731407166,0.2856042683124542,0.5302014946937561,0.37900587916374207,0.25670546293258667,0.211030051112175,0.3178580105304718,0.07758505642414093,0.10507439821958542,0.03188026323914528,0.0,0.1358882188796997,0.46846044063568115,0.5212705135345459,0.5014793872833252,0.38462281227111816,0.2090940773487091,0.23825329542160034,0.4138195812702179,0.25966739654541016,0.19003090262413025,0.243195578455925,0.3346230387687683,0.31756627559661865,0.34268322587013245,0.20119576156139374,0.07828234881162643,0.02039092779159546
scaling,0.682,0.24280086159706116,0.23003260791301727,0.13566631078720093,0.23649649322032928,0.0,0.1002831906080246,0.11524476110935211,0.0,0.0,0.013292531482875347,0.045326922088861465,0.137635737657547,0.17834670841693878,0.10190800577402115,0.1807924062013626,0.33436548709869385,0.4559405744075775,0.37105897068977356,0.369519978761673,0.44383254647254944,0.3790207803249359,0.6091453433036804,0.38526707887649536,0.5148599147796631,0.5372613072395325,0.49807074666023254,0.5030431747436523,0.3867608904838562,0.21930663287639618,0.17179271578788757,0.3849194347858429,0.5064206719398499,0.3111642003059387,0.5522233843803406,0.45732444524765015,0.5671852827072144,0.5466046929359436,0.486040323972702,0.5947732925415039,0.5093293786048889,0.4049581289291382,0.5192897915840149,0.4845907390117645,0.41405943036079407,0.5558657050132751,0.6282662749290466,0.4083198308944702,0.39315468072891235
scaling,0.396,0.238178551197052,0.014794089831411839,0.06825551390647888,0.05142397806048393,0.0,0.0,0.2143077552318573,0.25270557403564453,0.15095074474811554,0.2734071910381317,0.4674195349216461,0.4136078953742981,0.5472367405891418,0.4823719263076782,0.40485936403274536,0.47521376609802246,0.6982602477073669,0.9065753221511841,0.5671966075897217,0.7499875426292419,0.769069492816925,0.4877326488494873,0.6009101867675781,0.4728175103664398,0.5584861636161804,0.596592366695404,0.7559377551078796,0.880499541759491,0.8328930139541626,0.8572744727134705,0.6376299262046814,0.6502568125724792,0.589975118637085,0.5095403790473938,0.31415942311286926,0.08489234000444412,0.2870430052280426,0.339467853307724,0.3995871841907501,0.37962445616722107,0.4850795865058899,0.384875625371933,0.23743383586406708,0.09297814220190048,0.0,0.11852201819419861,0.31035783886909485,0.3879077732563019
scaling,0.72,0.18961425125598907,0.11028067767620087,5.2336272347019985e-06,0.04383976012468338,0.07291842997074127,0.055704694241285324,0.1354011446237564,0.23084579408168793,0.29535961151123047,0.2348892241716385,0.16120272874832153,0.2560558021068573,0.20414744317531586,0.234779953956604,0.2508034408092499,0.25891628861427307,0.25662437081336975,0.43686020374298096,0.395994633436203,0.28031298518180847,0.30717989802360535,0.39735034108161926,0.4325408935546875,0.4579622447490692,0.5101621150970459,0.3729313015937805,0.4345819354057312,0.6317259073257446,0.4190610945224762,0.3258776366710663,0.3019268214702606,0.19387945532798767,0.2897506356239319,0.26179906725883484,0.2311415821313858,0.33404749631881714,0.3351684510707855,0.23245377838611603,0.28689199686050415,0.3075445294380188,0.2408149242401123,0.21264198422431946,0.23773126304149628,0.3455333411693573,0.32856485247612,0.456978976726532,0.3653169870376587,0.4941488206386566
scaling,0.736,0.5635244250297546,0.5523849129676819,0.4354502558708191,0.4692927300930023,0.4953596889972687,0.36419230699539185,0.24500945210456848,0.29110369086265564,0.2754042148590088,0.19450172781944275,0.139016792178154,0.21144545078277588,0.15687847137451172,0.19179020822048187,0.08026470988988876,0.1264362931251526,0.0,0.04290109500288963,0.0977308452129364,0.1899217963218689,0.21290844678878784,0.08869373053312302,0.14447356760501862,0.15724295377731323,0.24430197477340698,0.17454420030117035,0.12052004039287567,0.22295548021793365,0.2654839754104614,0.26478317379951477,0.24222329258918762,0.25103887915611267,0.2786479592323303,0.34447991847991943,0.33007726073265076,0.30091050267219543,0.1971801072359085,0.2964164912700653,0.17731168866157532,0.24803130328655243,0.19356198608875275,0.1889496147632599,0.025241084396839142,0.0,0.06344066560268402,0.1266254484653473,0.06397368758916855,0.008877410553395748
scaling,0.216,0.4186035990715027,0.3259638845920563,0.4661908745765686,0.33478856086730957,0.7207323312759399,0.7069859504699707,0.9466118812561035,0.17640575766563416,0.37854188680648804,0.42489904165267944,0.7631492614746094,0.48213711380958557,0.8178002834320068,0.9041330218315125,0.9570791125297546,0.9001042246818542,0.7324698567390442,0.7348576784133911,0.8892326951026917,0.9621915221214294,1.0292346477508545,1.293878197669983,1.1279579401016235,0.9188672304153442,0.7372351288795471,1.0098395347595215,0.9632242321968079,1.3376940488815308,1.3865209817886353,1.5291121006011963,1.7440539598464966,1.5051809549331665,1.076029658317566,1.1910902261734009,1.1646631956100464,1.210171103477478,1.3649098873138428,1.5099880695343018,1.993009090423584,2.1818795204162598,1.43699312210083,1.5598957538604736,1.0947861671447754,1.6733874082565308,1.200622797012329,1.1093528270721436,1.5356546640396118,1.6290185451507568
scaling,0.59,0.27063268423080444,0.3266952931880951,0.3418266177177429,0.397842675447464,0.8549760580062866,0.5684252381324768,0.41097891330718994,0.10205094516277313,0.2654069662094116,0.29601746797561646,0.2888543903827667,0.2943604588508606,0.2205391824245453,0.22566795349121094,0.03402335196733475,0.31330734491348267,0.491048663854599,0.5738278031349182,0.5480751395225525,0.7090117335319519,0.696384608745575,0.8625191450119019,0.9739648103713989,0.9669480323791504,0.8799729943275452,0.48448747396469116,0.4296093285083771,0.46442729234695435,0.42336130142211914,0.5755124092102051,0.4184774160385132,0.38882508873939514,0.4217383861541748,0.3854610323905945,0.7275775074958801,0.5998732447624207,0.7944068312644958,0.8183808922767639,0.7880277037620544,0.8391727209091187,0.6359490752220154,0.5563251376152039,0.5186989307403564,0.6320303678512573,0.6478990316390991,0.3319857120513916,0.38076841831207275,0.651170551776886
scaling,0.538,0.12344671785831451,0.23515215516090393,0.518008291721344,0.5407642722129822,0.5775949358940125,0.5698011517524719,0.5030302405357361,0.8779063820838928,0.826714813709259,0.8386708498001099,1.1020891666412354,1.0601909160614014,1.2276912927627563,1.2390880584716797,1.1878688335418701,0.8324298858642578,0.8104643821716309,0.7926584482192993,0.6873214840888977,0.39916184544563293,0.5596131682395935,0.3702639639377594,0.5755046010017395,0.9672064781188965,0.7776147127151489,0.5654028058052063,0.5623942613601685,0.4187890291213989,0.30112066864967346,0.47114577889442444,0.6067644953727722,0.4784555733203888,0.5124093890190125,0.6412864923477173,0.6367113590240479,0.7174119353294373,0.7224130034446716,0.4895891547203064,0.6522973775863647,0.887954592704773,0.9604010581970215,0.959006130695343,0.8714444041252136,0.6698319911956787,0.5247256755828857,0.7044671773910522,0.6879773736000061,0.5352538824081421
scaling,0.767,0.6407249569892883,0.47095298767089844,0.4108152985572815,0.48134541511535645,0.44958600401878357,0.4536702036857605,0.5101798176765442,0.4805378317832947,0.3674952983856201,0.3388310670852661,0.25668975710868835,0.28939223289489746,0.20717933773994446,0.1706484705209732,0.24755099415779114,0.13006949424743652,0.17378883063793182,0.2383081018924713,0.2229783535003662,0.3097066581249237,0.3377029299736023,0.21605528891086578,0.18966129422187805,0.1394786834716797,0.20111024379730225,0.2605157196521759,0.2369544357061386,0.2609766125679016,0.30509108304977417,0.2736477255821228,0.24319350719451904,0.3764461874961853,0.4567272663116455,0.4754980504512787,0.4821307957172394,0.3546254336833954,0.3497813642024994,0.38845184445381165,0.31823810935020447,0.3391684293746948,0.2737079858779907,0.2903170883655548,0.2940751016139984,0.2545919120311737,0.35855066776275635,0.3979312479496002,0.4162321388721466,0.5389310717582703
scaling,0.352,0.649504542350769,1.074366569519043,1.2290962934494019,0.9936832189559937,0.8314898610115051,0.9611905813217163,0.8423869609832764,0.8791805505752563,0.7982991933822632,0.8240814805030823,1.0191019773483276,0.6611375212669373,0.6075868606567383,0.5097002387046814,0.529744565486908,0.6921936869621277,0.4087185561656952,0.5600515007972717,1.0746960639953613,1.0199940204620361,0.8054091334342957,0.8529924750328064,1.1032906770706177,0.9256054759025574,0.8561432361602783,0.9522601366043091,0.6353057622909546,0.758884072303772,1.1523752212524414,1.0226351022720337,0.6571699380874634,0.7041400074958801,0.6329528093338013,0.4180619716644287,0.36240875720977783,0.476712167263031,0.7482764720916748,0.617407500743866,0.6365572810173035,0.5677149295806885,0.5227099657058716,0.7678868770599365,0.5496582984924316,0.5571359395980835,0.6480981707572937,0.37171855568885803,0.5544112324714661,0.8583929538726807
scaling,0.474,0.39262041449546814,0.34660375118255615,0.5453083515167236,0.5208060145378113,0.5515143871307373,0.5621305108070374,0.4046720862388611,0.3003542721271515,0.190400630235672,0.2965887784957886,0.3916568160057068,0.49535074830055237,0.9066399931907654,0.7953094840049744,0.9126049876213074,0.9609538316726685,1.0948916673660278,1.2284224033355713,0.9800198078155518,1.0102014541625977,0.7535272836685181,0.9209916591644287,1.170209527015686,0.936414897441864,0.9764298796653748,1.120253562927246,1.1703850030899048,1.2868597507476807,1.3524315357208252,1.3255980014801025,1.0745702981948853,0.8226855397224426,0.9551529288291931,1.1415737867355347,0.9390328526496887,0.9673154354095459,1.0321608781814575,0.8103525042533875,0.6923779845237732,0.9069874882698059,0.7301324009895325,0.7691524624824524,0.5813446640968323,0.5973210334777832,0.505025327205658,0.557781994342804,0.7635409235954285,0.7870633006095886
scaling,0.261,0.6677272319793701,0.748285710811615,0.6689510345458984,0.6584770083427429,0.5595738887786865,0.5145190954208374,0.5312699675559998,0.2438904196023941,0.3034648597240448,0.5857197046279907,0.1926420032978058,0.41861170530319214,0.48294082283973694,0.9644885659217834,1.2128454446792603,0.9661042094230652,1.1187189817428589,0.957140326499939,0.7454445958137512,0.9686689972877502,0.9112918376922607,0.8431998491287231,0.8115818500518799,0.6620429158210754,0.4599756896495819,0.57375568151474,0.6446451544761658,0.7361747026443481,0.7731710076332092,0.47889915108680725,0.5390196442604065,0.410767525434494,0.4545116424560547,0.21526463329792023,0.20002438127994537,0.198920339345932,0.28023561835289,0.24882657825946808,0.2515626847743988,0.2740051746368408,0.5049312710762024,0.3513343930244446,0.38323768973350525,0.1811908483505249,0.0,0.07515247166156769,0.1238778606057167,0.6163446307182312
scaling,0.428,0.8002111911773682,1.0644985437393188,0.5764727592468262,0.6319748759269714,0.7221059799194336,0.4637339115142822,0.4454911947250366,0.6296053528785706,0.435619592666626,0.5278822183609009,0.5077344179153442,0.7702962160110474,0.8371232748031616,0.7822984457015991,0.6427509188652039,0.42390066385269165,0.3018426299095154,0.3634357154369354,0.4881558120250702,0.9134553670883179,0.6815772652626038,0.5927569270133972,0.49547404050827026,0.6255217790603638,1.1713119745254517,1.147592544555664,1.168709635734558,1.4004065990447998,1.2859169244766235,1.1805702447891235,1.1508922576904297,0.8171460628509521,0.873710572719574,0.7518407702445984,0.3296439051628113,0.5922062993049622,0.823530912399292,0.7080230712890625,0.5810118317604065,0.4253769516944885,0.4937777817249298,0.5195938348770142,0.7030956149101257,0.7529727220535278,1.1513181924819946,1.0982577800750732,1.1554887294769287,0.9046152830123901
scaling,0.597,0.3391856849193573,0.19900548458099365,0.2334650754928589,0.3363911509513855,0.3340526819229126,0.3014622628688812,0.6237921118736267,0.32417944073677063,0.4825325906276703,0.5894166231155396,0.42558228969573975,0.2541707158088684,0.2977524995803833,0.3447028696537018,0.44472289085388184,0.3796144723892212,0.7143101096153259,0.8671882152557373,0.9268732666969299,0.7512202262878418,0.7904765605926514,0.720207154750824,0.8329392075538635,1.0647443532943726,1.2871556282043457,1.2883269786834717,1.2263540029525757,1.0646358728408813,1.005837321281433,0.9432232975959778,0.63533616065979,0.6766861081123352,0.449882447719574,0.5624241232872009,0.6860722899436951,0.38048073649406433,0.44528985023498535,0.5638888478279114,0.5589608550071716,0.46077626943588257,0.46988192200660706,0.4235764443874359,0.37855032086372375,0.3992176651954651,0.40115609765052795,0.5769854784011841,0.7779896259307861,0.8750625848770142
scaling,0.698,0.37311142683029175,0.35472625494003296,0.368149995803833,0.4987339973449707,0.5901245474815369,0.5690946578979492,0.46702295541763306,0.4334959089756012,0.45734187960624695,0.4156746566295624,0.3730965256690979,0.495136559009552,0.4309597909450531,0.570967972278595,0.5541681051254272,0.5017125606536865,0.6752811074256897,0.502275288105011,0.44685956835746765,0.5677515268325806,0.3137968182563782,0.45632827281951904,0.4464408755302429,0.5127114057540894,0.3225354552268982,0.3787139356136322,0.39397597312927246,0.38864371180534363,0.25646525621414185,0.438024640083313,0.39697811007499695,0.37597015500068665,0.29310694336891174,0.3245452344417572,0.39934006333351135,0.37288233637809753,0.16553129255771637,0.09644192457199097,0.30410057306289673,0.22182218730449677,0.17548774182796478,0.21094749867916107,0.13055820763111115,0.28798338770866394,0.25684067606925964,0.15494172275066376,0.36327701807022095,0.385418564081192
scaling,0.423,0.7099460363388062,0.6205933094024658,0.4903438985347748,0.7988930940628052,0.7886631488800049,0.7455542683601379,0.5034555196762085,0.7832624316215515,0.9012578129768372,1.066515564918518,0.7992518544197083,0.617490828037262,0.4847346246242523,0.6062608361244202,0.8013166189193726,0.9049084782600403,0.8221611380577087,0.7035940885543823,0.637471079826355,0.4611556828022003,0.4769790470600128,0.4206266403198242,0.6247661709785461,0.6676909327507019,0.4933384656906128,0.6982232332229614,0.7292952537536621,0.9370535016059875,0.7450471520423889,0.7117346525192261,0.9337902665138245,0.8016343116760254,0.7379124760627747,0.7547075748443604,0.9025593996047974,0.8639333844184875,0.7967291474342346,0.7013837695121765,0.5482629537582397,0.700264036655426,0.6166755557060242,0.4946514666080475,0.4215841293334961,0.47269487380981445,0.24594222009181976,0.24142225086688995,0.4883037209510803,0.452993243932724
scaling,0.524,0.14553113281726837,0.3031986355781555,0.37323811650276184,0.21011953055858612,0.4970584511756897,0.1690133959054947,0.32033413648605347,0.38606059551239014,0.2131487876176834,0.22795213758945465,0.0,0.24617637693881989,0.2201130986213684,0.44297513365745544,0.7139570713043213,0.4674767255783081,0.6055126786231995,0.6502360105514526,0.8248282074928284,1.083412528038025,1.1632311344146729,1.000036358833313,0.932133138179779,0.795758843421936,0.8730952739715576,0.7949721217155457,0.9282180070877075,1.09861159324646,1.1907856464385986,0.8061503767967224,0.9860755205154419,0.6947972178459167,0.6784662008285522,0.8873979449272156,0.7147632837295532,0.643192708492279,0.4988383650779724,0.5211663842201233,0.6423593759536743,0.620098888874054,0.5221585631370544,0.5732779502868652,0.29855796694755554,0.30832991003990173,0.48184385895729065,0.31576159596443176,0.05360111594200134,0.3573199510574341
scaling,0.348,0.43104109168052673,0.32166141271591187,0.484462708234787,0.39650464057922363,0.6026384234428406,0.9274811148643494,1.1029133796691895,1.319608449935913,1.2587621212005615,1.3544245958328247,1.1923084259033203,1.3141676187515259,1.3102701902389526,1.2427101135253906,1.196913242340088,1.295571208000183,1.1722115278244019,0.9732798337936401,1.1346664428710938,1.3473180532455444,0.8758177161216736,0.954803466796875,0.9161235690116882,0.6540194153785706,0.5957292914390564,0.19931022822856903,0.6511270999908447,0.9200653433799744,0.5016522407531738,0.36080217361450195,0.587799608707428,0.5071024298667908,0.5613336563110352,1.0256792306900024,1.0828748941421509,1.0138225555419922,0.8170696496963501,0.704957127571106,0.5739683508872986,0.6478055119514465,0.6564404368400574,0.7293528318405151,0.8059545755386353,0.9099323749542236,1.364862322807312,1.0651732683181763,0.9689412117004395,0.6929335594177246
scaling,0.398,0.8229214549064636,0.7056524157524109,0.9007365107536316,0.7314985990524292,0.6206682920455933,0.6285535097122192,0.5159226059913635,0.6162551045417786,0.47000643610954285,0.7932018041610718,0.5895245671272278,0.838633120059967,1.002973198890686,0.938325822353363,0.8372149467468262,1.124363660812378,1.082718014717102,1.0959060192108154,0.9554575085639954,1.4817829132080078,1.3008925914764404,1.2831608057022095,1.4294743537902832,1.3522230386734009,1.0417654514312744,1.2462198734283447,1.4852404594421387,1.1487010717391968,0.8906185030937195,1.0033106803894043,0.9064522981643677,0.867656409740448,0.7118297815322876,0.9732687473297119,0.9417557716369629,0.7005496025085449,0.21202623844146729,0.23722369968891144,0.3820819854736328,0.6003713011741638,0.9805426597595215,0.7310568690299988,0.7988045811653137,0.7877983450889587,0.300354927778244,0.4728945791721344,0.4258493483066559,0.3093898594379425
scaling,0.249,0.28495118021965027,0.23136335611343384,0.06692356616258621,0.13617278635501862,0.6247747540473938,0.6713171601295471,0.6061111092567444,0.5471706390380859,0.6413816809654236,0.35584306716918945,0.7386440634727478,0.8485102653503418,1.4772953987121582,1.0647399425506592,1.1909983158111572,0.8812769055366516,0.8361656069755554,1.2116862535476685,1.1159850358963013,0.8067210912704468,0.7862420082092285,0.9899407029151917,0.3146192133426666,0.4988088607788086,0.7015948295593262,0.6653470396995544,0.6891263127326965,0.5199170112609863,0.45628103613853455,0.511523962020874,0.4769158959388733,0.0,0.13018664717674255,0.24277572333812714,0.4053518772125244,0.21812132000923157,0.6233469843864441,0.4182928502559662,0.4184374511241913,0.2361861616373062,0.3252003788948059,0.352560430765152,0.429310142993927,0.638626217842102,0.39466166496276855,0.40006428956985474,0.5190889835357666,0.5966735482215881
scaling,0.652,0.47511306405067444,0.5610843300819397,0.7021504640579224,0.6425097584724426,0.5823359489440918,0.5520554780960083,0.5269564986228943,0.4274253845214844,0.5398350954055786,0.5888908505439758,0.5504414439201355,0.5943887829780579,0.32636573910713196,0.38343241810798645,0.3107697367668152,0.615452229976654,0.5437199473381042,0.43452188372612,0.29824012517929077,0.3524050712585449,0.4186818599700928,0.380988210439682,0.41048702597618103,0.4933689832687378,0.5199539065361023,0.42947566509246826,0.32644131779670715,0.35753679275512695,0.18148915469646454,0.18867065012454987,0.2793373465538025,0.22205941379070282,0.23836417496204376,0.23632219433784485,0.38952967524528503,0.3569677770137787,0.17666573822498322,0.13646046817302704,0.2306811362504959,0.3129136860370636,0.26406463980674744,0.1829775869846344,0.2821728587150574,0.3893454968929291,0.25071319937705994,0.00954284705221653,0.24880795180797577,0.07578842341899872
scaling,0.38,1.4451851844787598,1.272386908531189,1.1000895500183105,1.121801495552063,1.1253626346588135,1.2104252576828003,0.7124006748199463,0.9162636995315552,0.8430129289627075,0.7776737213134766,0.7730582356452942,0.699613094329834,0.5861031413078308,0.29460975527763367,0.43477874994277954,0.5603213310241699,0.5071488618850708,0.5330318808555603,0.5466916561126709,0.5550504326820374,0.3812795877456665,0.1850341111421585,0.10462766885757446,0.29585957527160645,0.2266351878643036,0.1558067351579666,0.5596173405647278,0.7596701383590698,0.8117886781692505,0.7068808674812317,0.665249228477478,0.6463161110877991,0.8356726169586182,1.0573333501815796,0.589398980140686,0.649631142616272,0.8519734740257263,0.7266098856925964,0.744790256023407,0.5030965805053711,0.5200328826904297,0.784577488899231,0.47241854667663574,0.5156990885734558,0.25827136635780334,0.5799645185470581,0.7564606666564941,0.6150191426277161
scaling,0.247,0.9460469484329224,1.0145752429962158,1.0601118803024292,0.798761248588562,0.9239353537559509,0.9323871731758118,0.8841500878334045,0.7833463549613953,0.6052682995796204,0.862882137298584,0.9521901607513428,0.8979055285453796,0.9074001908302307,1.0457183122634888,0.8017436265945435,0.8149643540382385,1.1042416095733643,1.1072466373443604,0.9378383159637451,1.0721585750579834,0.7852250337600708,1.101990818977356,0.9611321091651917,0.9260897636413574,0.9065424203872681,0.7498433589935303,0.9355365037918091,1.2857699394226074,1.1110726594924927,1.1702457666397095,0.7687020301818848,0.9426776170730591,0.9927946925163269,1.0018996000289917,1.1379345655441284,1.2812180519104004,1.1495954990386963,0.8865635395050049,0.7933974266052246,0.7900820970535278,1.0003145933151245,1.012100100517273,0.9883109331130981,0.7672443389892578,0.8021385073661804,0.7544808983802795,0.6613697409629822,1.029495120048523
scaling,0.279,0.32038307189941406,0.25767767429351807,0.390750914812088,0.40099260210990906,0.04913312569260597,0.214399516582489,0.14561831951141357,0.3186638057231903,0.18363535404205322,0.46682611107826233,0.500555694103241,0.6998037695884705,0.8162267804145813,0.7890112400054932,0.8641596436500549,0.8598249554634094,1.0749403238296509,0.8864644765853882,0.6458932757377625,0.5130927562713623,0.6420090198516846,0.28221985697746277,0.4523114860057831,0.1733725517988205,0.44444605708122253,0.5483670830726624,0.5460090041160583,0.3866577446460724,0.47937270998954773,0.36988210678100586,0.27921661734580994,0.4045828580856323,0.43831801414489746,0.670028030872345,0.20265741646289825,0.571166455745697,0.6902471780776978,0.6947190165519714,0.9626970887184143,1.0417832136154175,0.6583150625228882,0.9663245677947998,0.7091458439826965,0.6226659417152405,0.5510317087173462,0.8159964084625244,0.533645749092102,0.636252760887146
scaling,0.28,0.7807788252830505,0.8112479448318481,0.8607499599456787,0.9954432249069214,0.9021818041801453,1.0156570672988892,1.0408556461334229,0.7152302861213684,0.6384440660476685,0.5484203696250916,0.4635746479034424,0.3341953158378601,0.5180550813674927,0.37401002645492554,0.686029314994812,0.8839158415794373,0.9115893244743347,0.8843637704849243,0.8405881524085999,0.5607808828353882,0.7550809383392334,0.7941159605979919,0.7025834321975708,0.6884415745735168,0.8736570477485657,0.4503457248210907,0.7542298436164856,1.4066557884216309,1.4413459300994873,1.5664398670196533,1.2709176540374756,0.8693894743919373,0.743580162525177,0.9748697876930237,1.2818671464920044,1.5657163858413696,1.8384402990341187,2.087074041366577,1.6297545433044434,1.5815740823745728,1.331427812576294,0.8681327104568481,0.7648998498916626,0.3086540400981903,0.3772808015346527,0.3146713674068451,0.31704697012901306,0.26925861835479736
scaling,0.249,0.8699889183044434,0.9413770437240601,1.2929842472076416,1.4139719009399414,1.5920944213867188,1.443179726600647,1.6609405279159546,1.7112690210342407,1.140363335609436,1.6205253601074219,1.3143846988677979,1.0289725065231323,0.42917317152023315,0.14034658670425415,0.2526656687259674,0.5244753956794739,0.5449028611183167,1.2106211185455322,1.5880717039108276,1.9191006422042847,1.4353206157684326,1.758439540863037,2.0312068462371826,1.289255976676941,1.4589734077453613,1.2267893552780151,1.133238673210144,1.2702326774597168,1.2728245258331299,1.5833377838134766,1.1623775959014893,1.3887642621994019,1.6604188680648804,1.4549812078475952,1.0019205808639526,0.5416406989097595,0.603267252445221,0.9534331560134888,0.4896324872970581,0.6773696541786194,0.5142861008644104,0.7632336020469666,0.8530550599098206,0.8740529417991638,0.969540536403656,1.452142596244812,1.8381158113479614,2.2442398071289062
scaling,0.744,0.3031216561794281,0.14778423309326172,0.11292373389005661,0.20143291354179382,0.2633848786354065,0.31823745369911194,0.30430513620376587,0.21485373377799988,0.26271381974220276,0.35749688744544983,0.22086048126220703,0.22321927547454834,0.1672370731830597,0.1412568837404251,0.16163350641727448,0.14651688933372498,0.24083667993545532,0.2227509319782257,0.24444687366485596,0.25301215052604675,0.21165503561496735,0.23034560680389404,0.2884552776813507,0.33144333958625793,0.33453530073165894,0.3314603567123413,0.37340447306632996,0.3691639006137848,0.2709403932094574,0.2645229399204254,0.09696238487958908,0.16944153606891632,0.2628629505634308,0.28283819556236267,0.15933658182621002,0.17577962577342987,0.26126787066459656,0.27425330877304077,0.26456549763679504,0.17392033338546753,0.21035423874855042,0.29300782084465027,0.30131790041923523,0.27214059233665466,0.24444711208343506,0.3381463289260864,0.3766133189201355,0.5528793931007385
scaling,0.384,1.002478837966919,0.7513872981071472,0.9981997609138489,0.9399052858352661,1.1817864179611206,0.9107841849327087,1.1556293964385986,1.4996892213821411,1.278941035270691,1.092442512512207,0.9935094118118286,1.0375906229019165,0.7196704745292664,1.0667749643325806,1.164705753326416,1.0650948286056519,1.4181853532791138,1.3334734439849854,1.4095016717910767,1.2376246452331543,0.9512681365013123,0.7550818920135498,0.9376152753829956,0.9601701498031616,0.6132016777992249,0.5374518036842346,0.8715787529945374,0.3559954762458801,0.14987879991531372,0.6210819482803345,0.6242176294326782,0.43590015172958374,0.4347430467605591,0.5299240350723267,0.3164043724536896,0.4889453649520874,0.30178797245025635,0.11534246802330017,0.37428051233291626,0.5618070363998413,0.4564221203327179,0.3423023819923401,0.825233519077301,0.5724108815193176,0.49791672825813293,0.7981984615325928,1.3991186618804932,1.1725599765777588
scaling,0.7,0.1471177041530609,0.1414162814617157,0.2112651914358139,0.49734094738960266,0.3853885531425476,0.39263904094696045,0.2313060313463211,0.27158093452453613,0.3875463306903839,0.5384363532066345,0.40013882517814636,0.34973832964897156,0.3637937605381012,0.4193377196788788,0.428960919380188,0.3076852560043335,0.2993275821208954,0.23797331750392914,0.24030078947544098,0.4515046775341034,0.515990138053894,0.5938000082969666,0.6474553942680359,0.6338604688644409,0.5025599598884583,0.4217665195465088,0.2944510281085968,0.2663370668888092,0.392408549785614,0.2913070321083069,0.32749471068382263,0.2782089114189148,0.34041595458984375,0.25461527705192566,0.4698850214481354,0.39422550797462463,0.3799853026866913,0.6144158244132996,0.5913079977035522,0.709308922290802,0.7548592686653137,0.6620507836341858,0.8296598196029663,0.7051504254341125,0.6406897902488708,0.682762861251831,0.7724840044975281,1.050266146659851
scaling,0.312,0.6826972365379333,1.186767578125,0.7272040247917175,1.0268608331680298,1.1334961652755737,0.9028120040893555,1.024486780166626,0.6980194449424744,1.0165704488754272,0.7566625475883484,0.5587765574455261,0.3924623429775238,0.5072460174560547,0.49442461133003235,0.4404159188270569,0.30360329151153564,0.4406023621559143,0.45189589262008667,0.4008016884326935,0.4741467535495758,0.5168479084968567,0.6054368019104004,0.6904523968696594,0.43719562888145447,0.7688734531402588,0.3918205499649048,0.5310586094856262,0.3770207464694977,0.5634910464286804,0.6816214323043823,0.6013107299804688,0.24553413689136505,0.6444276571273804,0.6938992142677307,0.8888683915138245,0.77824467420578,0.49010562896728516,0.6012222766876221,0.6290611624717712,0.6640486121177673,0.5729091763496399,0.5003025531768799,0.41600924730300903,0.49884721636772156,0.46179160475730896,0.5472360253334045,0.5324239730834961,0.8710864186286926
scaling,0.461,0.2129105031490326,0.35270270705223083,0.15114334225654602,0.21743355691432953,0.0,0.03375638648867607,0.24591730535030365,0.27610304951667786,0.5060891509056091,0.5179159045219421,0.635148286819458,0.609049379825592,0.3963526487350464,0.3440670073032379,0.5394808053970337,0.3436817228794098,0.30217283964157104,0.270586222410202,0.4592900574207306,0.4169531762599945,0.5197878479957581,0.5287894606590271,0.5450685620307922,0.6755344867706299,0.8188703656196594,1.1502622365951538,1.4384649991989136,1.5542125701904297,1.2231006622314453,1.2921942472457886,1.125548243522644,1.2141485214233398,1.2895008325576782,1.139614462852478,1.0555369853973389,1.1096206903457642,0.9335435628890991,0.89212965965271,1.0056627988815308,0.5399959087371826,0.5899284482002258,0.7541733980178833,0.7388827204704285,1.2124296426773071,0.8531187772750854,0.6009812355041504,0.42697638273239136,0.29235726594924927
scaling,0.425,0.5547253489494324,0.5774900317192078,0.5725643634796143,0.7297271490097046,0.6353592872619629,0.5173806548118591,0.7128917574882507,0.9537073373794556,0.6572296023368835,0.8707380294799805,0.8682844042778015,1.0381609201431274,0.5802146792411804,0.5874496698379517,0.48419785499572754,0.7234141826629639,0.6149362325668335,0.5029889345169067,0.6677257418632507,0.7803360819816589,0.4974001944065094,0.3429830074310303,0.4774150550365448,0.7139033675193787,0.7563075423240662,0.7904888987541199,0.8916822671890259,0.8113406896591187,0.8489959836006165,0.5105708837509155,0.3138270080089569,0.40717047452926636,0.7091024518013,0.7130007147789001,0.8479583859443665,0.7643895745277405,0.629438042640686,0.8438487648963928,0.6299473643302917,0.6926724910736084,0.6883795857429504,0.7471291422843933,0.46493300795555115,0.3827010989189148,0.3416826128959656,0.5612767934799194,0.6324178576469421,0.8227770328521729
scaling,0.627,0.9036335349082947,0.7706990242004395,0.5449768304824829,0.603714644908905,0.5341987609863281,0.5418316721916199,0.6370344161987305,0.6431288123130798,0.6842558979988098,0.7041569948196411,0.6134933233261108,0.4218389391899109,0.31938499212265015,0.3456113338470459,0.482210636138916,0.4481189548969269,0.2888925075531006,0.4648706018924713,0.47531837224960327,0.28214263916015625,0.2063329964876175,0.2684824764728546,0.21229951083660126,0.36035892367362976,0.3280007541179657,0.3485482633113861,0.412900447845459,0.4189353585243225,0.249458909034729,0.27126428484916687,0.18824875354766846,0.21996092796325684,0.10817835479974747,0.11170316487550735,0.18459022045135498,0.3024141192436218,0.39002785086631775,0.49738797545433044,0.4774819612503052,0.4931841492652893,0.36969518661499023,0.5098170638084412,0.46441569924354553,0.4147236943244934,0.2716493606567383,0.4578002393245697,0.5141541957855225,0.476307213306427
scaling,0.636,0.26383355259895325,0.24580037593841553,0.24365317821502686,0.3704761266708374,0.5250257253646851,0.6335812211036682,0.41870829463005066,0.5968911051750183,0.49355244636535645,0.4108009338378906,0.5204818844795227,0.5521181225776672,0.3897700607776642,0.3907807469367981,0.23273798823356628,0.1027824804186821,0.16340361535549164,0.13765113055706024,0.21666136384010315,0.27059218287467957,0.10748820006847382,0.08957206457853317,0.17206396162509918,0.3390439450740814,0.2653157114982605,0.31648164987564087,0.33941522240638733,0.3356453478336334,0.2881714403629303,0.31683382391929626,0.4108145236968994,0.3966316878795624,0.5328853726387024,0.48668166995048523,0.37660446763038635,0.6733675003051758,0.6184676885604858,0.5068903565406799,0.33904188871383667,0.4318261444568634,0.38758525252342224,0.3184908926486969,0.2134018987417221,0.395923376083374,0.3660553991794586,0.18302178382873535,0.10711001604795456,0.2133423388004303
scaling,0.666,0.43512198328971863,0.41507601737976074,0.2853788435459137,0.38218358159065247,0.4495607912540436,0.434438556432724,0.3514223098754883,0.37214237451553345,0.3155595064163208,0.3854479193687439,0.2535362243652344,0.4389607012271881,0.28330713510513306,0.22855032980442047,0.29937225580215454,0.22037793695926666,0.3110136091709137,0.3584105372428894,0.41241589188575745,0.42069846391677856,0.3094474971294403,0.20572514832019806,0.2870512306690216,0.30028235912323,0.2113787829875946,0.35004618763923645,0.2873491644859314,0.24309903383255005,0.43414437770843506,0.37390008568763733,0.3474152684211731,0.25203636288642883,0.38941001892089844,0.3967335820198059,0.32520195841789246,0.3613840639591217,0.294032484292984,0.4109874367713928,0.2839183509349823,0.41208818554878235,0.2946688234806061,0.2570575475692749,0.3506149649620056,0.31463193893432617,0.40612152218818665,0.4138447046279907,0.34181836247444153,0.4519769549369812
scaling,0.605,0.3733842968940735,0.2344968169927597,0.17888997495174408,0.3363606333732605,0.3703448474407196,0.3108452260494232,0.08518937230110168,0.17424039542675018,0.14157560467720032,0.38731080293655396,0.3914291560649872,0.637444794178009,0.5646669268608093,0.4884987473487854,0.44132930040359497,0.30797386169433594,0.36572927236557007,0.2889854311943054,0.33862942457199097,0.3514082431793213,0.34877175092697144,0.3307327628135681,0.23764728009700775,0.33101579546928406,0.3612252175807953,0.2942989766597748,0.2181614488363266,0.44390520453453064,0.4296858012676239,0.42276886105537415,0.4345056712627411,0.4104311466217041,0.3759815990924835,0.34364593029022217,0.44243937730789185,0.5213898420333862,0.40528613328933716,0.31715819239616394,0.3952832818031311,0.30062034726142883,0.4129320979118347,0.4083458483219147,0.3279513418674469,0.5234849452972412,0.42715954780578613,0.5445045232772827,0.5727048516273499,0.7289807200431824
scaling,0.422,1.151086449623108,0.6729159355163574,0.8481842875480652,1.2215934991836548,0.6532755494117737,0.7572436332702637,0.7771909832954407,0.8522927165031433,0.8639022707939148,0.6726484894752502,0.5141141414642334,0.7406346201896667,0.6587225794792175,0.5840874910354614,0.2931574285030365,0.33564993739128113,0.6287054419517517,0.6392821669578552,0.5682297348976135,0.5060142874717712,0.7656188011169434,0.5793606638908386,0.8058363199234009,0.6341647505760193,0.5879241228103638,0.23217810690402985,0.5041260123252869,0.5747631192207336,0.3511098325252533,0.1236119419336319,0.4201163053512573,0.32325834035873413,0.5411924719810486,0.4368014633655548,0.5138434767723083,0.5940662622451782,0.5216140151023865,0.4745261073112488,0.5608705282211304,0.6602650880813599,0.5249950885772705,0.7355018258094788,0.41044753789901733,0.6422761678695679,0.9010364413261414,0.7810776829719543,0.8404397964477539,0.6629818081855774
scaling,0.511,0.880894660949707,1.0048710107803345,1.068947672843933,0.9596442580223083,1.1288820505142212,1.3803048133850098,1.1127338409423828,0.8318051099777222,0.908774733543396,0.5669382214546204,0.7782861590385437,0.8641489148139954,0.960388720035553,1.103425145149231,1.060439109802246,0.9247764348983765,1.0166176557540894,1.137036919593811,0.7352307438850403,1.1058405637741089,0.9441298842430115,0.9961567521095276,1.1680887937545776,0.6164940595626831,1.0679672956466675,0.8529083132743835,0.7706763744354248,0.9795246720314026,1.1597732305526733,1.0060638189315796,1.085977554321289,1.0142490863800049,0.826309859752655,0.7996416687965393,0.7132103443145752,0.5966870188713074,0.637037992477417,0.7463522553443909,0.9128819704055786,0.7846707105636597,0.7836205363273621,0.7628227472305298,0.5406795144081116,0.4233151078224182,0.40068408846855164,0.4812009036540985,0.32445722818374634,0.47321662306785583
scaling,0.654,0.3486051857471466,0.4590334892272949,0.6443485617637634,0.5642412304878235,0.5344126224517822,0.487987756729126,0.5209729075431824,0.4645383656024933,0.5394862294197083,0.5629207491874695,0.5403760671615601,0.4578462243080139,0.3213363587856293,0.3238799273967743,0.3153921365737915,0.26102206110954285,0.4081972539424896,0.214636892080307,0.12690949440002441,0.2989458739757538,0.2897619605064392,0.5179339647293091,0.43475496768951416,0.7382840514183044,0.4827119708061218,0.4615429639816284,0.4524068534374237,0.4201788604259491,0.5272719860076904,0.5240664482116699,0.5458273887634277,0.4837777614593506,0.3551901876926422,0.3056650161743164,0.2586611807346344,0.31422698497772217,0.10516270250082016,0.19913546741008759,0.3456681966781616,0.410640150308609,0.38942453265190125,0.36900338530540466,0.47143375873565674,0.4409206211566925,0.46695855259895325,0.4524919390678406,0.5329104661941528,0.6207819581031799
scaling,0.36,0.3941371440887451,0.3267371952533722,0.520348846912384,0.6581012010574341,0.7710192203521729,0.6739946603775024,0.7122676968574524,0.4669109284877777,0.8148275017738342,0.4586007595062256,0.46926233172416687,0.6199199557304382,0.5192251801490784,0.5396327376365662,0.4708375036716461,0.5196583867073059,0.5452708005905151,0.4753486216068268,0.7487497925758362,0.7682778239250183,0.6323493719100952,0.5860987305641174,0.18842025101184845,0.6284587979316711,0.5137266516685486,0.6518063545227051,0.6546923518180847,0.5407593846321106,0.8602569103240967,0.29789847135543823,0.31454282999038696,0.6057963371276855,0.9094290137290955,1.4195085763931274,1.2957115173339844,1.8191677331924438,1.9298278093338013,1.6895474195480347,1.1577798128128052,1.1364561319351196,1.0723505020141602,1.3383105993270874,1.3774231672286987,0.8400086164474487,0.6493932604789734,0.7601287364959717,0.5719043612480164,0.812741756439209
scaling,0.522,0.9552894830703735,0.9755041599273682,0.8987390995025635,1.0221168994903564,0.9434680938720703,0.9233983755111694,0.8469200134277344,0.6134506464004517,0.7522491812705994,0.9191802740097046,0.5974118113517761,0.39382338523864746,0.2613255977630615,0.11499994248151779,0.08376225084066391,0.3444417715072632,0.4217741787433624,0.305905282497406,0.18648768961429596,0.2177937626838684,0.0,0.0,0.13027003407478333,0.11559110879898071,0.0,0.0,0.0,0.3012179136276245,0.39937806129455566,0.25943589210510254,0.39767375588417053,0.1408790647983551,0.08932939916849136,0.06875509023666382,0.2622242271900177,0.444661408662796,0.5073907375335693,0.26288244128227234,0.3812427520751953,0.5225037932395935,0.3754097521305084,0.5085616707801819,0.7812696099281311,0.3619685769081116,0.5182324051856995,0.6243913173675537,0.5746735334396362,0.6631146669387817
scaling,0.738,0.29728323221206665,0.27820056676864624,0.33781084418296814,0.36316731572151184,0.3925619125366211,0.30729731917381287,0.3816474676132202,0.5356299877166748,0.44808921217918396,0.4626035988330841,0.3833127021789551,0.27572453022003174,0.31694236397743225,0.32603156566619873,0.2847227156162262,0.2094336748123169,0.20471148192882538,0.28031694889068604,0.42068108916282654,0.41667020320892334,0.365709513425827,0.3032477796077728,0.30016666650772095,0.22248008847236633,0.2609160244464874,0.1855667531490326,0.25498029589653015,0.28033944964408875,0.35655665397644043,0.23480606079101562,0.10953303426504135,0.22949033975601196,0.16631892323493958,0.14850680530071259,0.15194253623485565,0.26568350195884705,0.2899574041366577,0.3196609616279602,0.15618114173412323,0.15565694868564606,0.23807600140571594,0.1539897471666336,0.15726593136787415,0.14750467240810394,0.1772177666425705,0.19681619107723236,0.21007801592350006,0.2876577079296112
scaling,0.275,0.20638294517993927,0.0,0.0,0.0,0.0,0.0,0.0,0.0,0.11524388939142227,0.0,0.0,0.1773187220096588,0.43904250860214233,0.35244569182395935,0.24687740206718445,0.0,0.3179263770580292,0.37647345662117004,0.7608115673065186,0.5491086840629578,0.7077099084854126,0.7407254576683044,0.7127965688705444,1.155442476272583,0.5438886880874634,0.8841351270675659,1.2975486516952515,1.1289761066436768,1.1725233793258667,1.219960331916809,1.292819857597351,1.098465919494629,1.1276100873947144,1.4032745361328125,1.2812669277191162,0.9297472834587097,0.9518650770187378,0.8681323528289795,0.8839248418807983,0.9809370636940002,0.7885689735412598,1.063357949256897,1.053879737854004,1.13670015335083,1.0043878555297852,0.9397886395454407,1.2748785018920898,1.368716835975647
scaling,0.68,0.4998471736907959,0.5266163349151611,0.5853541493415833,0.6261252760887146,0.5764780044555664,0.518143355846405,0.405546635389328,0.42148318886756897,0.5096102952957153,0.514824628829956,0.42164579033851624,0.4164517819881439,0.2911169230937958,0.265960156917572,0.3040314316749573,0.2810530364513397,0.258762389421463,0.17825230956077576,0.22933511435985565,0.3068491816520691,0.3553774952888489,0.2833523452281952,0.3358197510242462,0.5198956727981567,0.4112405776977539,0.3404201865196228,0.28449058532714844,0.33239293098449707,0.5518743991851807,0.41496360301971436,0.38622042536735535,0.3154025971889496,0.4703926146030426,0.3127167522907257,0.3563936948776245,0.4245835542678833,0.3571794927120209,0.3724066913127899,0.3575769364833832,0.22696416079998016,0.3173779547214508,0.23949743807315826,0.33355993032455444,0.25731682777404785,0.29651448130607605,0.3478192389011383,0.39251959323883057,0.4727154076099396
scaling,0.587,0.6345309019088745,0.6905084252357483,0.7902867794036865,0.6820073127746582,0.5096706748008728,0.4080634117126465,0.49540430307388306,0.5666133165359497,0.46596989035606384,0.4277523458003998,0.3332996964454651,0.43853357434272766,0.2763665020465851,0.3689391613006592,0.4484268128871918,0.5323770642280579,0.5527606010437012,0.4818234443664551,0.39771926403045654,0.5032829642295837,0.4309450387954712,0.3774429261684418,0.5729411840438843,0.4422246217727661,0.40853390097618103,0.26724863052368164,0.38840267062187195,0.38880521059036255,0.3062412738800049,0.37453341484069824,0.35166090726852417,0.3758542537689209,0.47964057326316833,0.45900192856788635,0.6877928972244263,0.5918474793434143,0.44559943675994873,0.35558339953422546,0.2755797505378723,0.2458273321390152,0.23355655372142792,0.32455912232398987,0.25273337960243225,0.3757450580596924,0.2935749590396881,0.34346190094947815,0.35067659616470337,0.28087085485458374
scaling,0.798,0.37630781531333923,0.4789610803127289,0.5053465962409973,0.327732115983963,0.41975387930870056,0.3189113736152649,0.41555967926979065,0.47846949100494385,0.4063025414943695,0.39718079566955566,0.46805694699287415,0.4069601595401764,0.4632439613342285,0.3922055959701538,0.4620465338230133,0.45020243525505066,0.453575998544693,0.38405680656433105,0.31672900915145874,0.35304978489875793,0.26327961683273315,0.1886926144361496,0.21393302083015442,0.29941973090171814,0.22924184799194336,0.3265470862388611,0.1824968010187149,0.22939254343509674,0.2838059067726135,0.25890129804611206,0.17662787437438965,0.08354126662015915,0.16070939600467682,0.1437268853187561,0.05021614208817482,0.13725708425045013,0.03238917514681816,0.07383672893047333,0.0,0.0968853160738945,0.18264897167682648,0.16296030580997467,0.17271709442138672,0.1635928750038147,0.21942682564258575,0.17079710960388184,0.2417733073234558,0.3278035819530487
scaling,0.764,0.14626821875572205,0.20518836379051208,0.26356223225593567,0.3048584461212158,0.31731539964675903,0.2642904222011566,0.3030574917793274,0.15495941042900085,0.15016382932662964,0.24205677211284637,0.37835946679115295,0.2593376636505127,0.1702234447002411,0.240218847990036,0.19811111688613892,0.42701342701911926,0.42297977209091187,0.31179723143577576,0.2995315194129944,0.339998722076416,0.4250992238521576,0.35040926933288574,0.2922486960887909,0.32607945799827576,0.2466278225183487,0.34796902537345886,0.1951407492160797,0.2350528985261917,0.27696460485458374,0.2385738343000412,0.4423752725124359,0.29272258281707764,0.4125785827636719,0.309134304523468,0.37072688341140747,0.3756735920906067,0.33185482025146484,0.24395550787448883,0.2684009075164795,0.31853461265563965,0.2980716824531555,0.3168564736843109,0.48002663254737854,0.5321511626243591,0.5196015238761902,0.2887422740459442,0.21334511041641235,0.29655635356903076
scaling,0.666,0.5810517072677612,0.5683473944664001,0.5651387572288513,0.5605043172836304,0.7081647515296936,0.7083255052566528,0.6196573376655579,0.5354611873626709,0.3597909212112427,0.48531633615493774,0.55113685131073,0.5519543290138245,0.519726037979126,0.5545207262039185,0.41429445147514343,0.3915165662765503,0.4641721248626709,0.34737688302993774,0.3262648284435272,0.3386302590370178,0.23069223761558533,0.4278624355792999,0.5682762861251831,0.5220522284507751,0.5229088664054871,0.48419973254203796,0.5326359868049622,0.5443695783615112,0.6064346432685852,0.6271973848342896,0.5145816802978516,0.5386959910392761,0.4288148581981659,0.33340126276016235,0.39841756224632263,0.613617479801178,0.6461610794067383,0.5606735944747925,0.4142334461212158,0.32006722688674927,0.3495110869407654,0.39243486523628235,0.36577722430229187,0.4491058588027954,0.5853211283683777,0.5691463351249695,0.4224514961242676,0.3831319510936737
scaling,0.437,0.7105981111526489,0.40590700507164,0.234720379114151,0.3398919701576233,0.36971643567085266,0.14807650446891785,0.2519582509994507,0.2668328583240509,0.42241591215133667,0.3942747712135315,0.5732141733169556,0.5347533822059631,0.44568291306495667,0.5599439740180969,0.428391695022583,0.4758443236351013,0.3633584976196289,0.7109900116920471,0.5440505146980286,0.7220300436019897,0.5149140954017639,0.667078971862793,0.7078840136528015,0.5954897403717041,0.4953646659851074,0.7485915422439575,0.6784125566482544,0.7006129622459412,0.5718575119972229,0.569199800491333,0.5149308443069458,0.5037395358085632,0.5696020722389221,0.4601617157459259,0.3658997416496277,0.3977050483226776,0.5563023090362549,0.5094153881072998,0.6761320233345032,0.43021804094314575,0.40080973505973816,0.44538140296936035,0.22411246597766876,0.1541755497455597,0.47992998361587524,0.5033628344535828,0.44736534357070923,0.5557506680488586
offset,0.311,0.6355845928192139,1.2316399812698364,0.8733012676239014,0.6356993913650513,0.8107829093933105,0.3341132700443268,0.7275274991989136,0.5738334655761719,0.55680251121521,0.45511338114738464,0.7954608201980591,0.2164621651172638,1.0987588167190552,1.2490102052688599,1.0811327695846558,1.6414915323257446,1.7536481618881226,1.8076187372207642,1.6843456029891968,1.6638070344924927,1.1058704853057861,0.971413254737854,0.7499823570251465,0.8919222354888916,0.2709045708179474,0.26578488945961,0.1091664731502533,0.2325620949268341,0.4373485743999481,0.2519172728061676,0.2113991677761078,0.0,0.0,0.32439908385276794,0.0,0.34213265776634216,0.07278290390968323,0.17957696318626404,0.1519385278224945,0.017607897520065308,0.3658786118030548,0.17218640446662903,0.23943403363227844,0.3569420874118805,0.10266593098640442,0.3114972412586212,0.3245599567890167,0.14810022711753845
offset,0.656,0.0,0.13585937023162842,0.0,0.6480063199996948,0.0880170464515686,0.08363097906112671,0.2238316535949707,0.0,0.12633299827575684,0.0,0.1517871618270874,0.07114744186401367,0.7734307050704956,0.7130300998687744,0.6343884468078613,1.0493214130401611,1.226712703704834,1.2384746074676514,0.6338839530944824,0.25785720348358154,0.6827878952026367,0.6629774570465088,1.0193471908569336,0.6057189702987671,0.3808342218399048,0.25641942024230957,0.07396519184112549,0.6551690101623535,0.5616366863250732,0.13959640264511108,0.527907133102417,0.3139893412590027,0.0,0.066433846950531,0.08549356460571289,0.0,0.0,0.0,0.15016138553619385,0.20221567153930664,0.1624816656112671,0.29842203855514526,0.2778499126434326,0.2386234998703003,0.21457445621490479,0.6298929452896118,0.28865110874176025,0.32305777072906494
offset,0.633,0.0,0.0,0.0,0.0,0.0,0.2888758182525635,0.5411463379859924,0.429448664188385,0.07665807008743286,0.14880019426345825,0.0,0.051826655864715576,0.03049403429031372,0.42904335260391235,0.375407338142395,0.37464678287506104,0.1242784857749939,0.5289055705070496,0.43631261587142944,0.7603022456169128,0.6193739771842957,0.8973913788795471,1.0894103050231934,0.5242908596992493,0.33693963289260864,0.26749861240386963,0.37737876176834106,0.8533317446708679,0.44907110929489136,0.7224323153495789,0.5326851010322571,0.4294043183326721,0.6860465407371521,0.20554322004318237,0.5870557427406311,0.39577609300613403,0.5857071280479431,0.25367265939712524,0.25046902894973755,0.3078083395957947,0.43103307485580444,0.2614588141441345,0.379111111164093,0.0,0.5457461476325989,0.3727002739906311,0.527732789516449,0.768992006778717
offset,0.467,0.37470969557762146,0.06900295615196228,0.0,0.3905998766422272,0.6665188074111938,0.609316349029541,0.7608983516693115,0.5410439968109131,0.13678815960884094,0.0,0.05142214894294739,0.17146030068397522,0.0,0.0,0.27332761883735657,0.43114736676216125,0.48402413725852966,0.11980918049812317,0.7653172016143799,0.6818053722381592,0.9845016002655029,0.6590662002563477,0.35374173521995544,0.08371201157569885,0.26701608300209045,0.552808403968811,0.6163848638534546,0.7708888053894043,0.9586589336395264,0.8922343254089355,0.41931989789009094,0.2948167622089386,0.0,0.2692364752292633,0.5195752382278442,0.3683373034000397,0.28563931584358215,0.8940199613571167,0.599511981010437,0.8571598529815674,0.9913564920425415,0.7666385173797607,1.1310008764266968,1.1217238903045654,1.4551337957382202,0.5259032249450684,0.7515846490859985,0.36379411816596985
offset,0.452,0.5875036716461182,0.36345425248146057,0.2909577190876007,0.3147633373737335,0.2594854533672333,0.6861286163330078,0.8233733177185059,0.3344041407108307,0.7423624992370605,0.5605107545852661,0.7606545686721802,0.763731837272644,0.5044305324554443,0.49304988980293274,0.14413800835609436,0.0,0.0,0.0,0.2988729178905487,0.0,0.06937214732170105,0.0,0.05158451199531555,0.22768273949623108,0.00013503432273864746,0.3943006098270416,0.56878662109375,0.8593870401382446,0.543746829032898,0.6114000082015991,0.8293071985244751,0.6090099811553955,0.7612922191619873,0.1144915521144867,0.02666524052619934,0.4069115221500397,0.91136634349823,0.571372389793396,0.8104264736175537,0.5206121206283569,0.7738986015319824,0.8531515598297119,1.4713362455368042,1.5889387130737305,1.0841989517211914,1.1121951341629028,1.3828105926513672,1.2090585231781006
offset,0.22,0.8029770851135254,1.225676417350769,1.6481508016586304,1.3031718730926514,1.303221583366394,1.9389113187789917,0.9551671743392944,1.159640908241272,1.439327597618103,1.148871660232544,1.5693930387496948,1.4449068307876587,1.337589144706726,1.1272822618484497,1.048898458480835,0.7312012910842896,0.8648837804794312,0.4967949688434601,0.38598909974098206,0.44291606545448303,0.6966063976287842,0.7548174858093262,1.3888484239578247,1.419500470161438,1.102085828781128,0.9467504024505615,1.1489267349243164,1.145416259765625,0.7170861959457397,1.4799996614456177,1.7080150842666626,1.9519814252853394,2.0992331504821777,1.7408853769302368,1.5359193086624146,1.1934353113174438,1.1460288763046265,1.4117759466171265,1.574907660484314,1.3847707509994507,1.5814577341079712,0.8637247085571289,1.4524871110916138,1.5597790479660034,1.2280975580215454,1.4112299680709839,1.3048462867736816,1.2186945676803589
offset,0.525,0.4426225423812866,0.19332170486450195,0.1526007056236267,0.21657174825668335,0.891280472278595,1.076786756515503,1.1519787311553955,1.0048389434814453,1.0823888778686523,0.8148375153541565,0.0,0.5264765620231628,0.2615658640861511,0.3889595866203308,0.30688267946243286,0.7029328942298889,1.015010118484497,1.3180029392242432,1.5720045566558838,1.6244785785675049,1.0801074504852295,0.43016594648361206,0.8024194836616516,0.7472814917564392,0.7633498311042786,0.562110960483551,0.8381559252738953,0.6547144055366516,0.569850504398346,0.5753212571144104,0.41421836614608765,0.26059627532958984,0.4537661075592041,0.035974860191345215,0.0,0.04223620891571045,0.0,0.0,0.0,0.0,0.0,0.0,0.024267613887786865,0.0,0.04493945837020874,0.1630617380142212,0.0,0.35265952348709106
offset,0.433,0.4798893332481384,0.5749160647392273,1.04295015335083,1.2040002346038818,1.4411041736602783,1.2428796291351318,1.5327470302581787,1.599740743637085,0.8397921919822693,1.4789493083953857,1.071436882019043,0.6915168166160583,0.0,0.0,0.0,0.019966602325439453,0.04715818166732788,0.9333142638206482,1.4357492923736572,1.8763911724090576,1.2324180603027344,1.6625306606292725,2.0256190299987793,1.037987470626831,1.2639029026031494,0.9548363089561462,0.8303083777427673,1.012665033340454,1.0161149501800537,1.429447889328003,0.8690959811210632,1.1704456806182861,1.532052755355835,1.2585887908935547,0.6555071473121643,0.04281586408615112,0.12484866380691528,0.5909642577171326,0.0,0.223488450050354,0.00640338659286499,0.3377843499183655,0.45734816789627075,0.4852990508079529,0.6124052405357361,1.2548103332519531,1.768589973449707,2.3091931343078613
offset,0.633,0.4875209927558899,0.4590912461280823,0.26205843687057495,0.18676191568374634,0.013751387596130371,0.0,0.0,0.0,0.0,0.45695775747299194,0.4840429425239563,0.2239241600036621,0.5257633328437805,0.8853809237480164,1.033501148223877,1.038522481918335,1.5229485034942627,1.2135488986968994,0.9037037491798401,0.9979851841926575,0.7388573288917542,0.7139920592308044,0.29418641328811646,0.459327757358551,0.4607618451118469,0.7978320717811584,1.104140281677246,0.9690962433815002,1.2911596298217773,0.7953529953956604,0.5196288228034973,0.2959534525871277,0.0,0.0,0.0,0.0,0.0,0.17523986101150513,0.0,0.0,0.08702915906906128,0.49552375078201294,0.41874784231185913,0.6192198395729065,0.6667130589485168,0.7048806548118591,0.742697536945343,0.43642204999923706
offset,0.429,0.0,0.13726258277893066,0.34196048974990845,0.1398252248764038,0.29726725816726685,0.6482054591178894,0.37092870473861694,0.08614075183868408,0.29916709661483765,0.42529016733169556,0.236111581325531,0.5231761336326599,0.5813284516334534,0.821704089641571,0.7618864178657532,0.548104465007782,0.24393081665039062,0.5805661082267761,0.3654250502586365,0.592576801776886,0.7510692477226257,0.28180044889450073,0.35722845792770386,0.8844818472862244,1.3208732604980469,0.5795853734016418,0.6859939694404602,0.8957887291908264,1.0284202098846436,1.0465247631072998,1.14261794090271,0.7656118273735046,0.710442841053009,0.39535486698150635,0.69798344373703,0.6619704365730286,0.5292237401008606,0.9037215113639832,0.9991787075996399,0.5860713124275208,0.9708742499351501,1.1917169094085693,1.2425644397735596,1.2039868831634521,1.321354866027832,0.9199592471122742,1.13187575340271,1.7893471717834473
offset,0.752,0.0,0.1348508596420288,0.0,0.0,0.0,0.0,0.0,0.07676160335540771,0.0,0.12499260902404785,0.3455080986022949,0.8801053762435913,0.9109045267105103,0.6198571920394897,1.1993376016616821,0.7602359056472778,0.7335551977157593,0.9815555810928345,0.6498303413391113,1.082222819328308,0.8409496545791626,0.7402046918869019,0.2301952838897705,1.0006345510482788,0.564626932144165,0.17731571197509766,0.0,0.6555825471878052,0.7928767204284668,1.1935793161392212,1.2260786294937134,0.8554143905639648,0.9997521638870239,0.21831047534942627,0.41814565658569336,0.6625379323959351,0.26061880588531494,0.1864560842514038,0.41679179668426514,0.32453906536102295,0.6643509864807129,0.133530855178833,0.0,0.0,0.0,0.0,0.0,0.11249029636383057
offset,0.432,0.2836431562900543,0.2470667064189911,0.14335790276527405,0.1487571895122528,0.30767491459846497,0.35599759221076965,0.08676287531852722,0.0,0.19666531682014465,0.05375292897224426,0.0,0.09503999352455139,0.0,0.16193637251853943,0.3248567283153534,0.30069592595100403,0.0646032989025116,0.3562522828578949,0.30872729420661926,0.4219551980495453,0.30206498503685,0.2773948609828949,0.0,0.35617783665657043,0.21213951706886292,0.41705039143562317,0.2745245397090912,0.41954562067985535,0.6203799247741699,0.6246523857116699,0.288422554731369,0.38740548491477966,0.8412296772003174,0.6370658874511719,0.5901811122894287,0.942001461982727,0.7202320098876953,0.7125844955444336,0.7724448442459106,0.5265136957168579,0.2963266670703888,0.5749590396881104,0.5357980728149414,0.5939575433731079,0.24245145916938782,0.484601229429245,0.3653923571109772,0.5009489059448242
offset,0.656,0.06736260652542114,0.3416929841041565,0.48208945989608765,0.5867894291877747,0.829185426235199,0.47059398889541626,0.6614729762077332,1.1920819282531738,1.1114068031311035,0.6180467009544373,0.42232316732406616,0.6448151469230652,0.9626414179801941,0.8689345717430115,0.5522324442863464,0.5018325448036194,0.6830890774726868,0.0327114462852478,0.15289419889450073,0.0999070405960083,0.060783565044403076,0.0,0.0,0.5135580897331238,0.38950949907302856,0.5631994605064392,0.6796357035636902,0.8029484152793884,0.7974339127540588,0.5732744336128235,0.5867628455162048,0.13137215375900269,0.45112353563308716,0.6554569602012634,0.6282629370689392,0.31753093004226685,0.08262866735458374,0.0,0.021548449993133545,0.0,0.0,0.0,0.0,0.0,0.12661248445510864,0.2358683943748474,0.5837268233299255,0.6397613883018494
offset,0.796,0.0,0.0,0.0,0.0,0.0,0.0,0.4781627655029297,0.4702714681625366,0.4087400436401367,1.049644947052002,0.23926913738250732,0.0,0.04503166675567627,0.503394603729248,0.6073637008666992,0.8572156429290771,0.1823434829711914,0.6387274265289307,0.6169751882553101,0.12600278854370117,0.0,0.20235300064086914,0.5788489580154419,0.23317039012908936,0.4711061716079712,0.580329179763794,0.0,0.059682607650756836,0.6132631301879883,0.8785145282745361,0.428774356842041,0.849939227104187,0.520880937576294,0.3908200263977051,0.2181156873703003,0.38628149032592773,0.07824158668518066,0.0,0.25535380840301514,0.9383587837219238,0.6531577110290527,0.08768630027770996,0.0,0.0,0.0,0.0017192363739013672,0.0,0.8666374683380127
offset,0.628,0.0,0.0,0.0,0.0,0.0,0.0,0.0,0.09320789575576782,0.16410064697265625,0.43894410133361816,0.7773679494857788,0.7739232778549194,0.33236831426620483,0.2364487648010254,0.37902700901031494,0.0,0.30837464332580566,0.34252285957336426,0.18132460117340088,0.0,0.0,0.0,0.0,0.0,0.03209805488586426,0.5857083797454834,0.39563071727752686,0.677268385887146,0.6088806390762329,0.6059468984603882,0.5393123626708984,0.782619833946228,0.6093186140060425,0.5699261426925659,0.8200333118438721,0.46270835399627686,0.6648381948471069,1.2094677686691284,1.2522687911987305,1.616172194480896,1.5186513662338257,0.9881829023361206,1.142668604850769,0.5955816507339478,0.7562289237976074,0.3213372826576233,0.3832991123199463,0.4696235656738281
offset,0.695,0.8558455109596252,0.3582654595375061,0.4193444848060608,0.7170711159706116,0.3856596350669861,0.012055575847625732,0.0,0.0,0.0,0.0,0.0,0.0,0.0,0.0,0.0,0.0,0.055808842182159424,0.2441287636756897,0.13308095932006836,0.0,0.2405678629875183,0.013592779636383057,0.02908921241760254,0.3326171040534973,0.31785446405410767,0.6609510779380798,1.288952350616455,0.7317739129066467,0.4922865033149719,0.9743843674659729,0.9154265522956848,0.670251190662384,0.601769745349884,0.9201686978340149,0.6397297978401184,0.3518330454826355,1.2270922660827637,1.2079963684082031,0.998797595500946,0.7682605385780334,0.5711790919303894,0.31241077184677124,0.23752576112747192,0.262376606464386,0.2764623761177063,0.3072921633720398,0.5882918238639832,0.8123448491096497
offset,0.274,1.5607216358184814,0.9458665251731873,0.0,0.2081540822982788,0.12384068965911865,0.25624120235443115,0.31991463899612427,0.2274249792098999,0.7319018244743347,0.48142367601394653,0.3924320340156555,1.0363764762878418,0.8957986235618591,0.07985657453536987,0.0,0.0,0.20941448211669922,0.4333302974700928,0.5724684000015259,0.48784732818603516,0.627169668674469,0.3383832573890686,0.46658992767333984,0.6839028596878052,0.6595386862754822,0.0,0.8132191300392151,0.6662686467170715,0.18130367994308472,0.20058131217956543,1.0780975818634033,1.0625402927398682,0.982049286365509,0.5325176119804382,0.5558286309242249,0.8985406756401062,0.762866199016571,0.9829334616661072,1.71657395362854,1.9490711688995361,1.6877481937408447,1.955859899520874,2.1125338077545166,2.305049180984497,1.5405921936035156,1.2146673202514648,1.3067350387573242,0.6591042280197144
offset,0.255,2.1106019020080566,1.9295258522033691,1.6425139904022217,0.9065690636634827,0.6822646260261536,0.8388381600379944,0.49940675497055054,0.9301038384437561,0.9748414158821106,0.9140594601631165,0.9994780421257019,1.3725228309631348,1.2651572227478027,0.9423344731330872,0.5625928044319153,0.9041414856910706,1.0007214546203613,1.0750579833984375,0.9520878195762634,0.9026486277580261,1.0255024433135986,1.0024256706237793,1.0553863048553467,0.8202534317970276,1.2890913486480713,1.0487699508666992,1.5625100135803223,1.5712358951568604,1.808779001235962,2.164046287536621,1.7384812831878662,1.666266918182373,1.2622406482696533,1.2228527069091797,1.1658883094787598,0.452881395816803,0.29521793127059937,0.5863938331604004,0.6969369053840637,0.617914080619812,0.8385151028633118,0.9798559546470642,1.1254844665527344,0.8290961384773254,0.6701967120170593,0.9038437008857727,1.0775163173675537,1.1288971900939941
offset,0.27,0.8812110424041748,1.2052106857299805,1.1952757835388184,1.373171091079712,1.2953523397445679,1.1182312965393066,1.0948400497436523,1.0292458534240723,1.2716574668884277,1.1804097890853882,0.8368333578109741,0.8091632127761841,0.9007818698883057,1.0463943481445312,0.9114788770675659,0.9648009538650513,0.7425497770309448,1.3752350807189941,0.6621263027191162,0.6663111448287964,0.7172642946243286,0.7500283718109131,1.188410758972168,1.3696746826171875,1.2129172086715698,1.576664686203003,0.8245288133621216,0.7559484243392944,1.3206934928894043,0.7525323629379272,0.7108967304229736,0.639595627784729,0.41008666157722473,0.4675571620464325,0.6587889194488525,0.6621265411376953,1.2407407760620117,0.9874351024627686,1.0550129413604736,1.086836338043213,1.2019011974334717,1.3427848815917969,1.1649231910705566,0.8257497549057007,0.7359665632247925,1.0884990692138672,1.1593588590621948,1.4816875457763672
offset,0.306,1.1825627088546753,0.814362645149231,1.079188346862793,1.631549596786499,1.3245028257369995,1.62290358543396,1.6286790370941162,0.6855392456054688,0.6563422679901123,0.6609896421432495,0.7168620824813843,0.5347765684127808,0.55301833152771,0.0,0.22969618439674377,0.765978217124939,0.7387889623641968,1.0854289531707764,1.3130416870117188,0.9161390066146851,0.9126870632171631,0.7919882535934448,1.1377842426300049,0.8513815402984619,0.56041419506073,0.840997576713562,0.8059929609298706,1.365574836730957,1.5213381052017212,1.0660881996154785,0.9020519256591797,0.7012535333633423,1.5282645225524902,1.6625251770019531,1.2419764995574951,1.4156193733215332,0.7087876796722412,0.6792092323303223,1.0672311782836914,1.2092180252075195,0.22050437331199646,0.6590516567230225,0.5041013956069946,0.9869141578674316,1.119565486907959,1.2811963558197021,1.1988445520401,1.3335225582122803
offset,0.468,0.12780237197875977,0.3921903967857361,0.22835373878479004,0.38352638483047485,0.3217150568962097,0.0,0.0,0.1319674253463745,0.0643460750579834,0.4146944284439087,0.7830221056938171,0.1369640827178955,0.42564302682876587,0.5300094485282898,0.32506388425827026,0.27993685007095337,0.08912640810012817,0.4601360559463501,0.4724658131599426,0.8336908221244812,0.9230441451072693,0.6765227913856506,0.8468944430351257,0.8229696154594421,0.36235755681991577,0.4137834310531616,0.47625988721847534,0.6035891175270081,0.5522100329399109,0.34094977378845215,0.5756893754005432,0.4706917405128479,0.27743661403656006,0.24720549583435059,0.41380029916763306,0.4863906502723694,0.3242199420928955,0.46524322032928467,0.5212884545326233,0.7772595286369324,0.38140159845352173,0.6441647410392761,0.7546674609184265,0.6159917712211609,0.3984602689743042,0.22575759887695312,0.4139116406440735,0.3797253966331482
offset,0.65,0.12234139442443848,0.3627389669418335,0.45060575008392334,0.0,0.0,0.11388158798217773,0.7950906753540039,0.8926445245742798,0.46263349056243896,0.08792221546173096,0.2610619068145752,0.24026644229888916,0.3062727451324463,0.47358906269073486,0.0,0.6711796522140503,0.6514745950698853,0.8852952718734741,1.1722744703292847,0.556515097618103,0.0,0.0,0.3054478168487549,0.5442761182785034,0.5333508253097534,0.7148181200027466,1.116495966911316,1.3888920545578003,1.189937949180603,1.035404086112976,0.9471434354782104,0.8649660348892212,0.8306429386138916,1.1247304677963257,1.3680185079574585,1.1006540060043335,1.5954035520553589,2.0541257858276367,1.3531936407089233,0.5917643308639526,0.0,0.8277443647384644,1.0128029584884644,0.30441904067993164,0.28604280948638916,0.011701822280883789,0.0,0.4966474771499634
offset,0.749,1.3927702903747559,1.148855209350586,0.7060933709144592,0.0,0.33453840017318726,0.14498716592788696,0.20204633474349976,0.6730247139930725,0.6675177216529846,0.26258307695388794,0.019169867038726807,0.0,0.0,0.0,0.09625858068466187,0.4223899245262146,0.5691675543785095,0.9757595658302307,0.808886706829071,0.1389775276184082,0.18882322311401367,0.0,0.037528812885284424,0.18076670169830322,0.3550092577934265,0.540100634098053,0.18016546964645386,0.2649373412132263,0.1756577491760254,0.06581228971481323,0.0,0.007271945476531982,0.0,0.0,0.0,0.0,0.0,0.0,0.0,0.8509314656257629,0.5045543313026428,0.4704659581184387,0.6517416834831238,1.0860011577606201,0.8135238289833069,0.7559882998466492,0.9917280077934265,0.752993643283844
offset,0.33,1.4617500305175781,1.6445097923278809,1.662649393081665,1.410949945449829,1.4443974494934082,1.0259935855865479,1.04697847366333,1.4888041019439697,1.5788991451263428,1.2922303676605225,1.6828322410583496,1.217273235321045,1.4709076881408691,1.4563403129577637,0.9578450322151184,1.267378807067871,1.4100322723388672,0.8720883727073669,0.7588481307029724,1.3237786293029785,1.6624431610107422,1.6012237071990967,2.198759078979492,1.3433785438537598,1.0731756687164307,1.4953622817993164,0.8549122214317322,0.7596772313117981,1.0345215797424316,0.9228609204292297,0.46505337953567505,0.8111774325370789,0.7424253821372986,1.1377148628234863,0.8862096667289734,0.6979346871376038,0.3933377265930176,0.11061674356460571,0.037029385566711426,0.0,0.23634594678878784,0.3544888496398926,0.0,0.017560064792633057,0.1342208981513977,0.01944887638092041,0.0,0.0
offset,0.241,0.9035707712173462,0.433611661195755,0.20215776562690735,0.39434775710105896,0.611089825630188,0.31509676575660706,0.6426659822463989,0.5111911296844482,0.45299437642097473,1.564316749572754,1.489645004272461,1.8344151973724365,1.3616141080856323,0.9928972721099854,1.0181251764297485,1.0494163036346436,1.2346436977386475,0.6776092052459717,0.8639026880264282,1.3131835460662842,0.822019100189209,0.8041338920593262,0.7487330436706543,0.549553632736206,0.8693158626556396,0.8657252788543701,0.25640442967414856,0.0,0.0,0.04657736420631409,0.24442502856254578,0.5804283618927002,0.4817933142185211,0.4829317033290863,0.4148617684841156,0.43743136525154114,0.48061493039131165,0.23405680060386658,0.5288946628570557,0.032082587480545044,0.4998480975627899,0.46056249737739563,0.8860087394714355,1.2523529529571533,1.1153885126113892,0.8941709995269775,1.0721067190170288,0.9932411909103394
offset,0.484,0.4655413031578064,0.587127149105072,0.5609158873558044,0.8475380539894104,0.7491318583488464,0.11707204580307007,0.24531549215316772,0.2919142246246338,0.8779342770576477,1.272092580795288,0.9048109650611877,0.9797825217247009,0.9575950503349304,1.169969081878662,0.626156747341156,0.897404134273529,1.468468189239502,1.0831573009490967,1.0417077541351318,1.0947527885437012,0.9092862010002136,0.6886035799980164,0.8849340081214905,1.281670331954956,1.7607736587524414,0.8967967629432678,0.8993774056434631,0.9504243731498718,1.1876444816589355,0.4578266739845276,0.4202873110771179,1.1189846992492676,1.1707119941711426,1.1254494190216064,1.0064146518707275,0.8206934332847595,0.7935817837715149,0.7346797585487366,0.32378488779067993,0.3578795790672302,0.0,0.0,0.14124059677124023,0.08263808488845825,0.5614516139030457,0.46220165491104126,0.1382715106010437,0.6989946961402893
offset,0.388,1.5681312084197998,1.0671284198760986,0.7760551571846008,0.6444860100746155,0.8740153908729553,1.0828075408935547,1.8101084232330322,0.9419053196907043,0.6609339118003845,0.578692615032196,0.5364616513252258,1.1693859100341797,0.8944955468177795,0.6478449702262878,0.5567536950111389,0.22694694995880127,0.3641255497932434,1.0524797439575195,1.029858112335205,0.8922688364982605,0.699367344379425,0.6439418196678162,0.872648298740387,0.43318480253219604,0.6381813883781433,1.529341459274292,1.4324729442596436,1.7509829998016357,1.707655668258667,1.8949439525604248,1.949575662612915,1.639047622680664,1.3659937381744385,0.8503664135932922,0.9721466898918152,0.5232518315315247,0.5185766816139221,0.8086571097373962,0.45401281118392944,0.6082006096839905,0.959494411945343,0.7535921931266785,0.7123540043830872,0.21762752532958984,0.3400575518608093,0.43169134855270386,0.4299405813217163,0.5358986258506775
offset,0.387,0.0,0.0,0.10818719863891602,0.31069719791412354,0.3928148150444031,0.610164225101471,0.23132508993148804,0.4790272116661072,0.5047391057014465,0.6024557948112488,0.7800844311714172,0.49362725019454956,1.0347986221313477,0.9589259028434753,0.9318421483039856,1.1663639545440674,1.8704032897949219,1.7179768085479736,1.2186133861541748,1.1328680515289307,0.760059654712677,1.241868495941162,1.5144271850585938,1.2692625522613525,0.9985367655754089,1.037170171737671,0.47319239377975464,0.9222670197486877,0.659222424030304,0.852862536907196,1.0083403587341309,0.8069455027580261,0.7137449383735657,0.6393253207206726,1.5308475494384766,1.1341369152069092,0.5307850241661072,0.7870145440101624,0.9490713477134705,0.953440248966217,1.1151766777038574,0.5154229998588562,0.4914211630821228,1.0006892681121826,0.669712483882904,0.979735791683197,0.6614055037498474,0.8470029234886169
offset,0.473,0.0,0.0,0.0,0.0,0.02555897831916809,0.0,0.0,0.0,0.0,0.0,0.5888092517852783,0.058412760496139526,0.26427599787712097,0.12066635489463806,0.49976471066474915,0.5829813480377197,0.3997306525707245,0.5886033773422241,0.3222988545894623,0.42959287762641907,0.0975588858127594,0.7098605632781982,0.43485382199287415,0.45283809304237366,0.2861432135105133,0.3137725293636322,0.1994105875492096,0.7360566854476929,0.4430624544620514,0.5963854789733887,0.45935800671577454,0.4914117157459259,0.12180706858634949,0.15792688727378845,0.0,0.11603078246116638,0.3201667368412018,0.7179070711135864,1.1034350395202637,0.8375339508056641,0.85640549659729,0.5582807064056396,0.4949229061603546,0.782555103302002,0.9556679725646973,0.9408655166625977,0.5602185726165771,0.8246709108352661
offset,0.234,0.8498362302780151,0.5659233331680298,0.9166877269744873,1.0246822834014893,0.8219763040542603,1.0102261304855347,0.7435035705566406,0.4810657501220703,0.8705826997756958,0.8058904409408569,1.0215845108032227,1.0045063495635986,0.8638478517532349,0.4553999900817871,1.238128662109375,1.1559782028198242,1.3364779949188232,1.4793181419372559,1.1336909532546997,1.3614583015441895,1.5123478174209595,1.3552145957946777,1.1968940496444702,0.9075837135314941,0.7650408744812012,0.6142216324806213,0.573032021522522,0.5373737812042236,0.5407371520996094,0.27303051948547363,0.5073663592338562,0.5573586821556091,0.38197147846221924,0.2919797897338867,0.7311732172966003,0.7717592716217041,1.010323405265808,1.0818794965744019,0.9404493570327759,0.7197226285934448,1.0026965141296387,0.7020670175552368,1.0218316316604614,0.9442976713180542,0.9872361421585083,0.7288541793823242,0.6190464496612549,0.8422985076904297
offset,0.733,0.0,0.0,0.0,0.0,0.2844667434692383,0.2804131507873535,0.47528207302093506,0.4240267276763916,0.5923399925231934,0.11690640449523926,0.36836326122283936,0.35427725315093994,0.38583338260650635,0.2076871395111084,0.40684986114501953,0.13575756549835205,0.3216792345046997,0.6239404678344727,0.277738094329834,0.770027756690979,0.3465062379837036,0.2617819309234619,0.4144216775894165,0.6041550636291504,0.5794306993484497,0.47295141220092773,0.4245431423187256,0.5362826585769653,0.32792699337005615,0.40778374671936035,0.7874734401702881,0.6412947177886963,0.40249109268188477,0.2505210041999817,0.29998207092285156,0.224320650100708,0.0,0.2103036642074585,0.12000209093093872,0.06860244274139404,0.30316269397735596,0.13973408937454224,0.413033127784729,0.20452344417572021,0.0,0.0,0.0,0.22827047109603882
offset,0.75,0.6502200961112976,0.6965845227241516,0.8500043749809265,0.5540811419487,0.04116499423980713,0.8161880373954773,0.1956579089164734,0.6577056050300598,0.1237909197807312,0.18474704027175903,0.0,0.007483482360839844,0.3439367413520813,0.19283324480056763,0.6313783526420593,0.5035017132759094,0.34795111417770386,0.28661710023880005,0.7994820475578308,0.7714151740074158,0.7986025214195251,0.719256579875946,1.1706445217132568,1.3140194416046143,1.6648070812225342,1.5491607189178467,0.8832593560218811,0.43506091833114624,0.4570700526237488,0.3635109066963196,0.0,0.0,0.0,0.0,0.0,0.0,0.0,0.0,0.0,0.0,0.0,0.0,0.0,0.025842487812042236,0.3644481301307678,0.0,0.0,0.02859354019165039
offset,0.436,1.0806307792663574,1.322686791419983,1.425452709197998,1.0336960554122925,1.0420444011688232,1.011900782585144,1.0694644451141357,1.3899550437927246,1.1403231620788574,1.5580806732177734,1.0966644287109375,1.2409002780914307,0.8720458745956421,0.4581136703491211,0.36995625495910645,0.4465022683143616,0.16485083103179932,0.4616628885269165,0.4959198236465454,0.6554912328720093,0.2542301416397095,0.0,0.2786979675292969,0.26922547817230225,0.5338068008422852,0.35361915826797485,0.14517176151275635,0.6141403913497925,0.5580304861068726,0.5983899831771851,0.7066209316253662,0.2896195650100708,0.44983017444610596,0.2659987211227417,0.08826029300689697,0.7533870935440063,0.5934627056121826,0.3061344623565674,0.8091847896575928,0.667304277420044,0.4285353422164917,0.7997226715087891,0.4976087808609009,0.6781096458435059,0.8162230253219604,0.6171737909317017,1.3790175914764404,1.4421429634094238
offset,0.336,0.708012580871582,0.18346020579338074,0.025324076414108276,0.6651824712753296,0.9176541566848755,0.8923999071121216,1.2780030965805054,1.640883207321167,2.0266060829162598,1.7972354888916016,0.7381856441497803,2.117684841156006,2.164050579071045,1.8259987831115723,1.581944465637207,1.473498821258545,0.949195146560669,1.197948932647705,1.7491035461425781,1.8102784156799316,1.1925454139709473,0.8712546825408936,1.2486646175384521,0.7640122175216675,0.4904739558696747,0.750035285949707,0.19713625311851501,0.025655657052993774,0.0,0.1251545250415802,0.3065797984600067,0.008371978998184204,0.3510904014110565,0.0803849995136261,0.0,0.0,0.0,0.0,0.0,0.0,0.26501479744911194,0.29972973465919495,0.15176692605018616,0.24411752820014954,0.4938327968120575,0.0,0.036209315061569214,0.6556469202041626
offset,0.22,0.7378526926040649,1.0689752101898193,0.9808434247970581,1.017423391342163,0.7609773874282837,0.6206201314926147,0.23275043070316315,0.6801691055297852,1.0161153078079224,0.9847904443740845,1.1567847728729248,1.206207275390625,1.1408146619796753,0.9829561710357666,0.9225143194198608,0.95106041431427,0.6889561414718628,0.9581047296524048,0.9630700349807739,0.8866653442382812,1.1440762281417847,0.6537327766418457,0.6606021523475647,0.9838981628417969,0.7954226732254028,0.6524501442909241,0.497578501701355,0.7631406784057617,0.5481334924697876,0.19140781462192535,0.3781592845916748,0.30082517862319946,0.32276779413223267,0.3265547752380371,0.167887881398201,0.44643473625183105,0.31923359632492065,0.45396888256073,0.8192476034164429,0.7773095369338989,0.9446717500686646,1.0056043863296509,0.9733719825744629,1.4966089725494385,1.0989083051681519,1.073357343673706,1.4329363107681274,1.203468680381775
offset,0.502,0.8889909982681274,0.3793964385986328,0.3541778326034546,0.5345079898834229,0.60093092918396,0.8687639236450195,0.4302330017089844,0.9068920612335205,0.8289164304733276,0.5039056539535522,0.43240976333618164,0.6354365348815918,0.5415191650390625,0.36823534965515137,0.7104054689407349,0.4376866817474365,0.49503791332244873,0.4031078815460205,0.5219062566757202,0.1399625539779663,0.11817407608032227,0.28937089443206787,0.4520273208618164,0.6036063432693481,0.46830570697784424,0.45753395557403564,0.291678249835968,1.0595992803573608,1.1427935361862183,1.0150083303451538,1.3305217027664185,0.6884075403213501,1.1008514165878296,0.8183382749557495,0.822706937789917,1.081878423690796,0.49725937843322754,0.5545636415481567,0.6813980340957642,0.6917377710342407,0.6794658899307251,0.6890910863876343,0.7525675296783447,0.7101650238037109,0.7754913568496704,0.9756976366043091,1.0511564016342163,1.2472469806671143
offset,0.306,0.3804659843444824,0.7079811096191406,0.8666819334030151,0.9869939088821411,1.0233467817306519,1.1501771211624146,0.7497113943099976,1.1100893020629883,0.9093124866485596,1.3387110233306885,1.234350562095642,1.507412075996399,1.4720752239227295,0.8948646783828735,1.063942313194275,0.7834799289703369,0.9233003854751587,0.9921013116836548,1.4406687021255493,1.4179350137710571,0.9680851697921753,1.0208934545516968,1.139519214630127,1.2008161544799805,1.6829873323440552,1.4260154962539673,1.491897702217102,1.4754191637039185,1.5220816135406494,1.353960394859314,1.5294684171676636,1.3088103532791138,1.1978650093078613,1.225164532661438,1.244533896446228,0.9719473123550415,0.3040619492530823,0.5758059024810791,0.3152672052383423,0.38372480869293213,0.28256678581237793,0.028265774250030518,0.0,0.0,0.0,0.0,0.0,0.2698671817779541
offset,0.716,0.06080472469329834,0.0,0.0,0.0,0.0,0.13954585790634155,0.0,0.0,0.2561807632446289,0.19170242547988892,0.05471926927566528,0.2486920952796936,0.0,0.0,0.0,0.0,0.5433060526847839,0.6925342679023743,0.5633335709571838,0.32436245679855347,0.329963743686676,0.06296169757843018,0.3191778063774109,0.16605883836746216,0.2749840021133423,0.016875386238098145,0.38008934259414673,0.5288828015327454,0.7605695128440857,0.5394920706748962,0.5178466439247131,0.3279079794883728,0.5202444195747375,0.03923159837722778,0.0,0.2791459560394287,0.7339900135993958,0.8791022896766663,0.9109376072883606,0.5701982378959656,0.9312143921852112,0.4027084708213806,0.5444589257240295,0.3169136643409729,0.49667686223983765,0.37952691316604614,0.1508449912071228,0.6172738671302795
offset,0.31,0.8855148553848267,0.5417968034744263,0.278734415769577,0.6802477836608887,0.47237810492515564,0.4743014872074127,0.0970788300037384,0.28410735726356506,0.30192527174949646,0.8849135637283325,0.17109766602516174,0.5158240795135498,0.30685654282569885,0.7813971042633057,0.8749507665634155,0.4760808050632477,1.0030351877212524,0.7951558828353882,0.9202635288238525,0.8696504831314087,0.4226447641849518,0.1518203318119049,0.500978946685791,0.733289361000061,0.8039381504058838,1.179744839668274,1.1611074209213257,1.1093478202819824,0.9454504251480103,1.4294229745864868,1.358971357345581,1.2213565111160278,0.6981712579727173,1.1045235395431519,1.3143198490142822,0.9246687889099121,0.3112368881702423,0.6808301210403442,0.4519498646259308,0.5709736347198486,0.45224276185035706,0.18460866808891296,0.0,0.07174935936927795,0.08025822043418884,0.03356185555458069,0.24304303526878357,0.38111570477485657
offset,0.602,0.0,0.11731421947479248,0.0004017353057861328,0.19022750854492188,0.0,0.4193981885910034,0.46572697162628174,0.20797336101531982,0.00448000431060791,0.08839720487594604,0.039187073707580566,0.9175437688827515,0.8194611072540283,1.0543214082717896,1.3749984502792358,0.633863091468811,0.8321934938430786,0.8079886436462402,0.7664337158203125,0.5982900857925415,0.5239137411117554,0.39155542850494385,0.43849098682403564,0.4251387119293213,0.15524518489837646,0.5261340141296387,0.4798581600189209,0.2382054328918457,0.01806420087814331,0.0,0.012324333190917969,0.3364814519882202,0.3750237226486206,0.15566468238830566,0.7581696510314941,0.6920976638793945,0.8592890501022339,1.1085370779037476,0.5933166742324829,0.20898675918579102,0.2120901346206665,0.6706479787826538,0.27319788932800293,0.628251314163208,0.9473162889480591,0.7463346719741821,1.071219563484192,1.3858426809310913
offset,0.516,1.6432992219924927,1.3993841409683228,0.9566222429275513,0.17728275060653687,0.5850672721862793,0.395516037940979,0.4525752067565918,0.9235535860061646,0.9180465936660767,0.51311194896698,0.26969873905181885,0.0,0.0,0.0,0.3467874526977539,0.6729187965393066,0.8196964263916016,1.2262884378433228,1.059415578842163,0.38950639963150024,0.4393520951271057,0.0009215474128723145,0.28805768489837646,0.43129557371139526,0.6055381298065186,0.790629506111145,0.4306943416595459,0.5154662132263184,0.42618662118911743,0.3163411617279053,0.18648439645767212,0.257800817489624,0.0,0.0,0.0,0.0,0.0,0.15997910499572754,0.1484893560409546,1.101460337638855,0.7550832033157349,0.7209948301315308,0.9022705554962158,1.336530089378357,1.064052700996399,1.0065171718597412,1.2422568798065186,1.003522515296936
offset,0.37,2.2804980278015137,2.170543670654297,2.0750880241394043,2.363152027130127,2.048647880554199,1.6451603174209595,1.6057153940200806,1.7757521867752075,1.409906029701233,1.8438814878463745,1.4238616228103638,1.6893020868301392,1.4730983972549438,0.7818251848220825,0.3532860279083252,0.3489954471588135,0.4775855541229248,0.9557397365570068,0.2104731798171997,0.2583521008491516,0.6871594190597534,0.32241106033325195,0.5934828519821167,0.9491286277770996,1.0686289072036743,1.0329903364181519,0.8820188045501709,1.1577743291854858,1.253043532371521,1.0069994926452637,0.9859322309494019,0.5020689964294434,0.7431982755661011,0.2392140030860901,0.439855694770813,1.012823462486267,0.9558132886886597,1.3470956087112427,1.411133885383606,1.5388129949569702,1.0752131938934326,1.010206937789917,1.413242220878601,1.6694105863571167,1.2301058769226074,1.0201960802078247,1.1064116954803467,0.5536024570465088
offset,0.577,0.0,0.0,0.0,0.0,0.0,0.0,0.0,0.020307034254074097,0.0,0.05459830164909363,0.3759709298610687,0.28683438897132874,0.508184552192688,0.4007388651371002,0.27234283089637756,0.38888171315193176,0.7583479881286621,1.103412389755249,0.5412470102310181,0.8440319299697876,0.8756402730941772,0.40961864590644836,0.5970920324325562,0.3849124014377594,0.5268186330795288,0.5899398326873779,0.8538881540298462,1.0602190494537354,0.9813610315322876,1.0217478275299072,0.6579166650772095,0.6788325309753418,0.5789786577224731,0.4457421600818634,0.1221025288105011,0.0,0.07718542218208313,0.16402480006217957,0.26360973715782166,0.23054239153862,0.4052239954471588,0.23924067616462708,0.0,0.0,0.0,0.0,0.11580535769462585,0.24426332116127014
offset,0.522,1.2990185022354126,1.1369951963424683,0.7485127449035645,0.8236590623855591,0.9719483852386475,0.7211943864822388,0.9122999906539917,0.5502184629440308,1.35714590549469,0.9372261762619019,0.6896927356719971,0.4143791198730469,0.5893139839172363,0.9589544534683228,0.2570056915283203,0.7646671533584595,0.48977112770080566,0.6475775241851807,0.09857040643692017,0.5046027898788452,0.8035722970962524,0.3869493007659912,1.054545283317566,1.0230993032455444,0.4614912271499634,0.3921811580657959,0.04036664962768555,0.0,0.1122671365737915,0.0,0.0,0.0,0.4928385019302368,0.49988245964050293,0.8086992502212524,0.27919721603393555,0.1331470012664795,0.011893987655639648,0.0,0.5685970783233643,1.0456386804580688,1.513201355934143,2.1288928985595703,1.8888486623764038,1.9415208101272583,1.415052056312561,0.829954981803894,0.7245864868164062
offset,0.674,0.0,0.0,0.0,0.0,0.0,0.0,0.0,0.02174365520477295,0.0,0.0,0.0,0.0,0.2131291627883911,0.3661555051803589,0.4104011654853821,0.32979923486709595,0.9114696979522705,0.5073883533477783,0.697041392326355,0.2906949520111084,0.26482248306274414,0.0,0.1007239818572998,0.19901442527770996,0.29657769203186035,0.014989018440246582,0.07212096452713013,0.0797051191329956,0.43390846252441406,0.3063012361526489,0.5984708070755005,0.5288155674934387,0.09163510799407959,0.5009454488754272,0.22928154468536377,0.08284181356430054,0.8691755533218384,0.6174957752227783,0.7975013256072998,1.0661765336990356,0.6676019430160522,0.6119785308837891,0.0,0.30379414558410645,0.0,0.0,0.6276026964187622,0.6839195489883423
offset,0.724,0.0,0.0,0.0,0.0,0.0,0.02339911460876465,0.0,0.08062338829040527,0.09045267105102539,0.0,0.09533941745758057,0.12172496318817139,0.0,0.45140159130096436,0.39212149381637573,0.4032869338989258,0.3598144054412842,0.676116943359375,0.41351914405822754,0.3087649345397949,0.6163977384567261,0.5019639730453491,0.14691662788391113,0.3755130171775818,0.43210268020629883,0.6421538591384888,0.6660517454147339,0.9250518083572388,0.6370639801025391,0.4498540759086609,0.1023414134979248,0.4324023127555847,0.0,0.20135271549224854,0.25929999351501465,0.09698325395584106,0.2969655990600586,0.10351324081420898,0.2429102659225464,0.5455631017684937,0.1414860486984253,0.19258564710617065,0.0,0.19649481773376465,0.28997325897216797,0.0,0.0,0.0
offset,0.282,0.9555618762969971,1.2455408573150635,0.8196322917938232,0.9715492725372314,0.7924455404281616,0.9939932823181152,0.750180721282959,1.3697195053100586,1.058324933052063,0.9120502471923828,1.0125759840011597,1.3220539093017578,1.1750481128692627,1.025016188621521,0.5499565601348877,0.7420101165771484,0.3939841389656067,0.057979702949523926,0.42355942726135254,0.48926615715026855,0.5407977104187012,0.45850080251693726,0.797906756401062,0.6693723797798157,0.835779070854187,0.3840310573577881,0.7846560478210449,0.8467657566070557,1.115675449371338,1.2074620723724365,1.0415573120117188,1.0746128559112549,1.1908259391784668,0.8458552360534668,0.7101775407791138,0.8077809810638428,0.6315110921859741,0.8219115734100342,0.4217416048049927,0.13487279415130615,0.1556563377380371,0.5429308414459229,0.6720700860023499,0.48672252893447876,0.5115845203399658,0.6737410426139832,0.43167638778686523,0.4558713436126709
offset,0.268,0.0,0.24002444744110107,0.1752346158027649,0.14807331562042236,0.550148606300354,0.670142412185669,0.6403411626815796,0.8929651975631714,1.0055792331695557,1.000488042831421,1.242580771446228,1.3907183408737183,1.7124706506729126,1.3888988494873047,0.7729675769805908,0.7137244343757629,0.8671040534973145,0.5395119190216064,0.6444791555404663,0.5227099061012268,0.8660867214202881,0.49758535623550415,0.5822961330413818,0.5739666223526001,0.8697723150253296,1.1596285104751587,1.4907749891281128,1.6176716089248657,1.6279513835906982,1.4520200490951538,1.2021360397338867,1.1394941806793213,0.43157440423965454,0.4971809387207031,0.6779508590698242,0.5775411128997803,0.48571860790252686,0.3479626178741455,0.17261701822280884,0.15596222877502441,0.12916606664657593,0.48954010009765625,0.5362018346786499,0.42999231815338135,0.2887164354324341,0.18854862451553345,0.23777788877487183,0.15414267778396606
offset,0.765,0.0,0.0,0.4694470167160034,0.6101239919662476,0.7776317596435547,0.3461962938308716,0.0,0.0,0.0,0.3405749797821045,0.0,0.0569576621055603,0.0,0.0,0.0,0.062215566635131836,0.2508981227874756,0.0,0.04335451126098633,0.3659907579421997,0.26696932315826416,0.9231990575790405,0.8358885049819946,1.141421914100647,1.348054051399231,1.1617149114608765,0.9719103574752808,0.8772042989730835,0.8298410177230835,0.4880070686340332,0.4618244171142578,0.45818817615509033,0.9960066080093384,0.7072864770889282,0.4911501407623291,0.28855180740356445,0.0,0.0,0.0,0.09938877820968628,0.3492269515991211,0.23107218742370605,0.15056562423706055,0.1219170093536377,0.0,0.0,0.025434017181396484,0.012292146682739258
offset,0.338,0.9662373065948486,0.8099604845046997,0.3758014440536499,0.09022438526153564,0.038876116275787354,0.7074217796325684,0.28972160816192627,0.37759625911712646,0.5014122724533081,0.3137166500091553,0.5118609666824341,0.6161313652992249,0.8273978233337402,0.8667768239974976,0.6701269149780273,0.6143333911895752,0.6655982732772827,0.7960681915283203,0.7034211158752441,0.8057928085327148,0.28243476152420044,0.44154345989227295,0.7624838352203369,0.9890322685241699,0.5194356441497803,0.5645915269851685,0.5425833463668823,0.8217662572860718,1.1117690801620483,1.112491488456726,0.947992205619812,0.7384641170501709,0.556214451789856,0.24927502870559692,0.36949896812438965,0.559238612651825,0.967858076095581,0.43087339401245117,0.2594136595726013,0.49378758668899536,0.6381463408470154,0.7383252382278442,0.8094407320022583,0.7967027425765991,0.48763835430145264,0.6200637817382812,0.9761093854904175,0.5967873334884644
offset,0.325,0.4099995791912079,0.17881640791893005,0.25737717747688293,0.6183464527130127,0.24348005652427673,0.2615165412425995,0.9270129203796387,0.8403112888336182,0.9455125331878662,1.8563930988311768,1.9090003967285156,2.0243585109710693,2.438145399093628,2.2677385807037354,1.832242488861084,1.3131580352783203,1.401602029800415,1.2275820970535278,1.189746618270874,1.1345175504684448,1.1959872245788574,0.5552027225494385,0.8502974510192871,0.5642881393432617,0.30786988139152527,0.7545077800750732,0.8975905179977417,0.7154173851013184,0.11186215281486511,0.06389662623405457,0.20348253846168518,0.5656193494796753,0.49255403876304626,0.6490499973297119,0.6855391263961792,0.46235737204551697,1.1552808284759521,1.1355841159820557,1.0597113370895386,0.9920946359634399,0.7742593288421631,0.6484607458114624,0.5342618227005005,0.7799376249313354,0.3807400166988373,0.3122651278972626,0.8270846605300903,0.5152391195297241
offset,0.504,0.6383734345436096,0.609943687915802,0.4129108786582947,0.33761435747146606,0.1646038293838501,0.0,0.0,0.0,0.014288842678070068,0.6078101992607117,0.634895384311676,0.37477660179138184,0.6766157746315002,1.0362334251403809,1.1843535900115967,1.1893749237060547,1.6738009452819824,1.3644013404846191,1.054556131362915,1.1488375663757324,0.8897097706794739,0.8648445010185242,0.4450388550758362,0.6101801991462708,0.6116142868995667,0.9486845135688782,1.2549927234649658,1.1199486255645752,1.442012071609497,0.9462054371833801,0.670481264591217,0.4468058943748474,0.13274693489074707,0.0,0.0,0.0,0.0,0.32609230279922485,0.0,0.09207397699356079,0.237881600856781,0.6463761925697327,0.5696002840995789,0.7700722813606262,0.8175655007362366,0.8557330965995789,0.8935499787330627,0.5872744917869568
offset,0.749,0.0,0.0,0.07355880737304688,0.3033844828605652,0.0,0.024754703044891357,0.43913060426712036,0.4946008324623108,0.22608143091201782,0.2245364785194397,0.22989028692245483,0.12011247873306274,0.3215087056159973,0.15007668733596802,0.0,0.0,0.2885381579399109,0.21339422464370728,0.1724892258644104,0.27714186906814575,0.0,0.0017988085746765137,0.29138702154159546,0.08299952745437622,0.071178138256073,0.27062612771987915,0.2786741852760315,0.4400501847267151,0.17150229215621948,0.039194345474243164,0.0014778375625610352,0.29024428129196167,0.437627375125885,0.2794474959373474,0.6696222424507141,1.1262009143829346,1.0151159763336182,0.7964439988136292,0.8137722611427307,0.2920047640800476,0.43917030096054077,0.8610994219779968,0.7629958987236023,0.8746605515480042,0.5315352082252502,0.637828528881073,0.6789199709892273,0.3033706545829773
offset,0.224,0.0,0.11043108999729156,0.0,0.5807203054428101,0.4028664231300354,0.6552738547325134,0.7464660406112671,0.9192137718200684,0.6745654344558716,0.6110960245132446,0.661050021648407,0.741449773311615,0.2557268738746643,0.0,0.05687154829502106,0.1685425192117691,0.5926669239997864,0.4275011420249939,0.498058557510376,0.0,0.15917326509952545,0.4293755292892456,0.4779168963432312,0.11408044397830963,0.383758008480072,0.7250455021858215,0.5568434596061707,0.8790538311004639,0.7275221347808838,0.7812714576721191,1.1905051469802856,1.0712076425552368,0.9762120246887207,0.7116004228591919,0.7370966076850891,1.0529662370681763,0.988021731376648,1.1807781457901,1.580734372138977,1.2607011795043945,1.6101042032241821,1.162092685699463,0.9310870170593262,0.331320583820343,0.769028902053833,0.4872475862503052,0.8807586431503296,1.1333307027816772
offset,0.56,1.9338232278823853,1.3381205797195435,1.2464460134506226,1.4499772787094116,1.4289673566818237,1.2632216215133667,0.7543841600418091,0.6581985950469971,0.21027898788452148,0.035560429096221924,0.03776085376739502,0.10871410369873047,0.0,0.0,0.0,0.0,0.37703776359558105,0.12625843286514282,0.500119686126709,0.372119665145874,0.5927414894104004,0.8124629259109497,0.7478721141815186,0.4402717351913452,0.4123625159263611,0.5783683061599731,0.4624965190887451,0.5560095310211182,0.3845473527908325,0.4071570038795471,0.0,0.08881664276123047,0.35660117864608765,0.0,0.10915136337280273,0.40694892406463623,0.6338785886764526,1.030902624130249,0.9916375875473022,0.6606752872467041,0.0,0.006258487701416016,0.0,0.0,0.28998035192489624,0.09179532527923584,0.3835439682006836,0.1643100380897522
offset,0.24,1.0923054218292236,1.1135780811309814,1.2365021705627441,1.4484848976135254,1.7300963401794434,1.4297256469726562,0.8241823315620422,1.348388671875,1.516502857208252,2.2230794429779053,2.215827703475952,2.0379679203033447,1.425037145614624,1.5350871086120605,1.5329039096832275,1.3570888042449951,0.8374006152153015,0.7817351222038269,0.8382673859596252,0.6758108735084534,0.5783718228340149,0.4324192404747009,0.6048163771629333,0.7350988984107971,0.6535545587539673,0.6992542147636414,0.9602615237236023,0.8823625445365906,0.8193473219871521,0.4780747890472412,0.9434017539024353,0.3534756302833557,0.6574326157569885,0.5062306523323059,0.741412341594696,0.9134208559989929,1.1442067623138428,1.1537630558013916,1.2678022384643555,1.1379292011260986,1.3437812328338623,0.4960082173347473,0.832792341709137,0.5026485323905945,0.7833314538002014,0.6394399404525757,0.5353682637214661,1.005685806274414
offset,0.479,0.288905531167984,0.0,0.0,0.15351757407188416,0.0,0.06784239411354065,0.25365033745765686,0.0,0.0,0.2225525677204132,0.0,0.0,0.0,0.0,0.0,0.11507126688957214,0.11294278502464294,0.6521059274673462,1.189687728881836,1.0216240882873535,1.4700896739959717,1.195910930633545,1.3690564632415771,0.9893968105316162,1.7593350410461426,1.8613824844360352,2.0270962715148926,1.6032178401947021,1.206376552581787,1.5978388786315918,1.012358546257019,1.367701530456543,1.2857391834259033,0.8617733716964722,0.49893519282341003,0.4079960882663727,0.0,0.09934279322624207,0.3459378182888031,0.2629186809062958,0.0,0.0,0.0,0.0,0.3041287362575531,0.6483690738677979,0.538794994354248,0.9684066772460938
offset,0.729,0.32331418991088867,0.16179049015045166,0.05104798078536987,0.21003127098083496,0.3532114028930664,0.3515132665634155,0.13679265975952148,0.32713985443115234,0.10274648666381836,0.47855818271636963,0.10374033451080322,0.0,0.30756092071533203,0.43662917613983154,0.06262481212615967,0.0819900631904602,0.46856391429901123,0.3210502862930298,0.0,0.0,0.0,0.0026590824127197266,0.2841984033584595,0.05809110403060913,0.06624722480773926,0.42435407638549805,0.297013521194458,0.1728532314300537,0.0892481803894043,0.882943868637085,1.0531567335128784,0.8970519304275513,0.880203127861023,0.8646478652954102,0.39376747608184814,0.09162694215774536,0.12591230869293213,0.6826510429382324,0.41538023948669434,0.2589613199234009,0.39219987392425537,0.21839570999145508,0.6658501625061035,0.2824605703353882,0.2907305955886841,0.715229868888855,0.7847722768783569,1.0173757076263428
offset,0.697,1.436363935470581,1.1977994441986084,0.4857591986656189,0.0,0.33301299810409546,0.37185221910476685,0.6872629523277283,0.19628340005874634,0.400096595287323,0.11130303144454956,0.0,0.0,0.0,0.0,0.0,0.0,0.0,0.0,0.0,0.20636379718780518,0.13298428058624268,0.12842696905136108,0.0,0.10370224714279175,0.0,0.0,0.0,0.0,0.0,0.00046050548553466797,0.015328288078308105,0.0,0.011705875396728516,0.40907371044158936,0.8889492154121399,0.8737533688545227,0.6714618802070618,0.40705186128616333,0.5438932776451111,0.6783429980278015,0.6623246073722839,0.5485813021659851,0.7684373259544373,0.7711419463157654,0.8926007151603699,1.3476216793060303,1.0806472301483154,1.0886766910552979
offset,0.657,0.12020516395568848,0.141468346118927,0.0,0.0,0.0,0.15151441097259521,0.0,0.004820525646209717,0.0,0.0,0.0,0.0,0.12413012981414795,0.23857903480529785,0.6543588042259216,0.4565262198448181,0.735300600528717,0.43775373697280884,0.0,0.2544834017753601,0.12502628564834595,0.0,0.03773355484008789,0.07702583074569702,0.13706862926483154,0.0,0.24452847242355347,0.5127295851707458,0.729192316532135,0.5873715281486511,0.7013381123542786,0.8074172139167786,0.8195328116416931,1.0620062351226807,0.6766614317893982,0.7312304377555847,1.344632863998413,1.0701236724853516,1.058042049407959,1.0297107696533203,0.9541600346565247,0.9647331833839417,0.46342068910598755,0.41200417280197144,0.013836920261383057,0.18770241737365723,0.16069310903549194,0.3377586007118225
offset,0.71,0.0,0.0,0.2225954532623291,0.017179906368255615,0.0,0.0,0.0,0.0,0.34381920099258423,0.2103373408317566,0.141265869140625,0.054523348808288574,0.0,0.2026689052581787,0.39328283071517944,0.07845550775527954,0.0,0.2653006315231323,0.6395524740219116,0.5259238481521606,0.17913222312927246,0.48319029808044434,0.8630021810531616,0.9594261646270752,0.8531525135040283,1.512651801109314,1.5699042081832886,1.3469568490982056,1.126253366470337,1.1995736360549927,0.6361595392227173,0.5189943313598633,0.3450889587402344,0.3475574851036072,0.05741715431213379,0.0,0.0,0.0,0.0,0.01736748218536377,0.13551652431488037,0.0,0.0,0.0,0.0,0.0,0.0,0.008884668350219727
offset,0.609,0.1286259889602661,0.38014698028564453,0.7026122808456421,0.4965822696685791,0.8896355628967285,0.6945686340332031,0.3994253873825073,0.333166241645813,0.3381073474884033,0.3463979959487915,0.5050872564315796,0.3004484176635742,0.5994540452957153,0.49302732944488525,0.5094290971755981,0.28689926862716675,0.17128151655197144,0.0,0.0,0.0,0.21591323614120483,0.24082303047180176,0.5308492183685303,0.5731369256973267,0.2387675642967224,0.6777169704437256,0.7550626993179321,0.5110957622528076,0.27357858419418335,0.44796061515808105,0.7442476749420166,0.8623100519180298,1.0771008729934692,0.9894634485244751,0.6140278577804565,0.19738250970840454,0.4713557958602905,0.24489915370941162,0.21364963054656982,0.33498620986938477,0.25212597846984863,0.6285824775695801,0.7475172281265259,0.8852560520172119,0.7283319234848022,0.592719554901123,0.49966633319854736,0.0
offset,0.381,0.35363274812698364,1.2305197715759277,1.1191685199737549,0.9827777743339539,1.4897632598876953,1.0366652011871338,0.560398519039154,0.23785990476608276,0.9573937058448792,0.9229784607887268,0.7830821871757507,0.5660635828971863,1.260408878326416,2.296192169189453,1.6042327880859375,1.6135568618774414,1.8079988956451416,1.6759986877441406,1.5759902000427246,1.9071018695831299,1.4818141460418701,0.9794608950614929,1.6381866931915283,1.178173542022705,1.5141687393188477,1.396479606628418,0.39114099740982056,0.8225507140159607,0.5963272452354431,0.8765662312507629,0.8313702940940857,0.32305848598480225,1.211954116821289,0.843022882938385,0.5471516251564026,0.3413829803466797,0.0,0.0,0.0,0.0,0.10659164190292358,0.0,0.2122631072998047,0.2902368903160095,0.5240547060966492,0.34324735403060913,0.4435614347457886,0.46295297145843506
offset,0.301,1.4736831188201904,0.9732966423034668,1.1728205680847168,1.216950535774231,1.0328450202941895,1.4985544681549072,1.5124950408935547,1.5969653129577637,1.5100163221359253,0.9998106956481934,0.6600466370582581,0.034734904766082764,0.016764163970947266,0.21809113025665283,0.24922335147857666,0.327889621257782,0.1629270315170288,0.4304448962211609,0.16557705402374268,0.9812482595443726,0.7548925876617432,1.1470880508422852,0.937292218208313,0.8093353509902954,0.5844966173171997,0.40258097648620605,0.2242857813835144,0.39617598056793213,0.4007223844528198,0.19415295124053955,0.31747204065322876,0.5640436410903931,0.3917461633682251,0.3929760456085205,0.27862125635147095,0.4919614791870117,0.5182504057884216,0.6796696186065674,0.34055548906326294,0.09441101551055908,0.0,0.46955251693725586,0.4820762872695923,0.20178759098052979,0.2672417163848877,0.12514913082122803,0.0,0.0
offset,0.3,1.093894600868225,0.8819993734359741,0.7153794765472412,0.3503161668777466,0.6499025821685791,0.559099555015564,0.3079797029495239,0.7025221586227417,0.2454444169998169,0.785081148147583,0.5151759386062622,0.8489710092544556,0.4834311008453369,0.0,0.0,0.40327179431915283,0.6348727345466614,0.9582904577255249,0.9380835294723511,1.2615647315979004,0.7169637680053711,1.0730996131896973,1.0361050367355347,0.8450751304626465,0.9335925579071045,0.6706095933914185,0.6762076616287231,0.3641105890274048,0.7193272113800049,0.4322636127471924,0.4202069044113159,0.5976216197013855,1.3661713600158691,1.2256251573562622,1.4988850355148315,1.2997853755950928,1.3760735988616943,1.115926742553711,1.086166501045227,1.06700599193573,0.6659060716629028,1.0536673069000244,1.0120960474014282,1.0712496042251587,0.8599426746368408,1.1884344816207886,0.9001939296722412,1.5453317165374756
offset,0.752,1.027686357498169,0.9325680732727051,1.402787446975708,1.1153135299682617,0.9766678810119629,1.4663586616516113,1.4069230556488037,0.9464492797851562,0.5766525268554688,0.3154928684234619,0.610417366027832,0.5947191715240479,1.1716103553771973,0.797358512878418,0.6317017078399658,0.8723454475402832,0.8492865562438965,0.4641224145889282,0.7324104309082031,0.3533024787902832,0.479042649269104,0.39475739002227783,0.5057966709136963,0.4614698886871338,0.5035953521728516,0.2993506193161011,0.04957890510559082,0.6881427764892578,0.0,0.23418211936950684,0.0,0.29345035552978516,0.09057307243347168,0.4046550989151001,0.2130279541015625,0.13515949249267578,0.050501465797424316,0.24415385723114014,0.0,0.0,0.0,0.19351577758789062,0.1979304552078247,0.0,0.12238025665283203,0.3178062438964844,0.1472461223602295,0.683506965637207
offset,0.398,1.145359992980957,1.1850776672363281,0.8965335488319397,1.4412345886230469,1.4468121528625488,0.7388595938682556,0.9519527554512024,1.2385320663452148,0.7903171181678772,0.9468936324119568,1.222923755645752,0.4016934037208557,0.2259424924850464,0.0,0.22857451438903809,0.0,0.6407061815261841,0.8990960717201233,0.290313720703125,0.47654539346694946,0.04927295446395874,0.3309321999549866,0.4528418183326721,0.3133355379104614,0.1371864676475525,0.0,0.25007301568984985,0.0,0.0,0.0,0.0,0.0,0.2546262741088867,0.0,0.1280360221862793,0.3644943833351135,0.6145249009132385,0.44256436824798584,0.2881477475166321,0.32216882705688477,0.38253074884414673,0.13411962985992432,0.546489953994751,0.9198269248008728,0.7205641865730286,0.4113505482673645,0.48200827836990356,0.4925336241722107
offset,0.762,0.0,0.0,0.0,0.0,0.0,0.0,0.0,0.0,0.0,0.0,0.0,0.0,0.0,0.0,0.0,0.2638370990753174,0.3650343418121338,0.6311992406845093,0.6002750396728516,0.4808231592178345,0.14520740509033203,0.4312981367111206,0.317590594291687,0.19392132759094238,0.5555397272109985,0.6802884340286255,0.8898324966430664,1.1071668863296509,0.5096246004104614,0.7538094520568848,0.2519763708114624,0.0,0.2531471252441406,0.019878745079040527,0.31319940090179443,0.576784610748291,0.5527616739273071,0.8155956268310547,0.7028675079345703,0.2897564172744751,0.8385676145553589,0.324141263961792,0.734571099281311,1.0736418962478638,1.1286200284957886,0.7209838628768921,1.1939679384231567,1.0781244039535522
offset,0.509,1.6085548400878906,2.1404430866241455,1.6513478755950928,1.4588487148284912,1.9942688941955566,2.2424423694610596,1.7418849468231201,1.3361423015594482,1.0728609561920166,1.0067460536956787,0.9451330304145813,0.8752071261405945,0.8656689524650574,0.6175562739372253,0.0,0.035911738872528076,0.026631474494934082,1.6244146823883057,0.9014894366264343,1.2023930549621582,1.0158274173736572,1.3724563121795654,0.8860074877738953,0.9147202372550964,0.6116990447044373,1.0869417190551758,0.8631591200828552,0.7856032252311707,0.43466049432754517,0.6116078495979309,0.4690844416618347,0.6133564114570618,0.4793183207511902,0.43465107679367065,0.9067148566246033,0.7284297347068787,0.45812445878982544,0.5383822321891785,0.307508647441864,0.4411028027534485,0.5862947106361389,0.5304606556892395,0.39152878522872925,0.16544002294540405,0.8517460227012634,0.6723446249961853,0.3689054846763611,0.4837110638618469
offset,0.255,1.0104306936264038,0.8255789279937744,0.7861379384994507,0.9457014799118042,0.284226655960083,0.6194372773170471,0.6876870393753052,1.2034499645233154,1.1829885244369507,0.9524781703948975,1.2104400396347046,1.0023740530014038,0.9833306074142456,1.5124515295028687,1.1158925294876099,1.121315836906433,0.9821529388427734,0.8613501787185669,0.9036799669265747,0.6038583517074585,0.0849263072013855,0.10405194759368896,0.42447102069854736,0.26260972023010254,0.0,0.09047460556030273,0.5497468709945679,0.6119389533996582,0.7683326005935669,0.7277402877807617,0.9104249477386475,1.1847213506698608,0.8979208469390869,0.7430070638656616,1.1352596282958984,0.8681894540786743,0.8380134105682373,0.6950283050537109,0.7021455764770508,0.9859635829925537,0.9809818267822266,0.5400229096412659,0.9063476324081421,0.9520206451416016,1.0100505352020264,1.617163062095642,1.601338505744934,1.6024746894836426
offset,0.545,0.5265899300575256,1.2848217487335205,0.7913562655448914,1.3932240009307861,1.2327148914337158,1.3731305599212646,1.456376552581787,1.6497371196746826,1.3913986682891846,1.331690788269043,1.5333054065704346,1.4951167106628418,1.3846251964569092,0.7828747630119324,0.7600765824317932,0.370208203792572,0.6057776808738708,0.3224450945854187,0.9654271006584167,1.2312190532684326,1.0221867561340332,0.47992485761642456,0.8637508749961853,0.6038109660148621,0.4265539050102234,0.14564359188079834,0.0,0.0,0.33114200830459595,0.2624306082725525,0.0,0.030733704566955566,0.07650083303451538,0.313101589679718,0.7677488923072815,0.9430893063545227,0.6886160969734192,0.7769089341163635,0.6881937384605408,0.6399238705635071,0.5465677380561829,0.4346066117286682,0.8530800938606262,0.2998269200325012,0.22227972745895386,0.03916579484939575,0.0,1.0765533447265625
offset,0.682,0.9398839473724365,1.2177388668060303,1.453373908996582,2.238485097885132,1.550813913345337,1.3455171585083008,1.4732215404510498,1.6145954132080078,1.8699023723602295,1.4931695461273193,1.1436069011688232,1.0441620349884033,1.2290594577789307,1.175905466079712,0.9345550537109375,0.4103173017501831,0.5060911178588867,0.5995398759841919,0.0,0.0,0.0,0.0,0.0,0.47574591636657715,0.691558837890625,0.0,0.01727437973022461,0.36879658699035645,0.0,0.30239343643188477,1.033491849899292,0.2507317066192627,0.0,0.3774833679199219,0.0,0.22145509719848633,0.0,0.04587888717651367,0.0,0.22814857959747314,0.0,0.0,0.0,0.09728312492370605,0.6230266094207764,0.57474684715271,0.9528145790100098,0.8569750785827637
offset,0.681,0.3842185139656067,0.8568295836448669,0.20852583646774292,0.7307005524635315,0.5530964732170105,0.8169353604316711,0.8190509676933289,0.32169169187545776,0.2615872025489807,0.3101397156715393,0.16107887029647827,0.32024532556533813,0.45213180780410767,0.13948339223861694,0.0,0.4595993161201477,0.1297634243965149,0.9930614829063416,1.4992306232452393,0.8842687010765076,1.3621387481689453,0.7537137866020203,0.7161278128623962,0.7585129141807556,0.9249247908592224,0.7518412470817566,0.4345213770866394,0.2133045792579651,0.0,0.02438598871231079,0.27167683839797974,0.29098016023635864,0.4840722680091858,0.8281344771385193,0.878821074962616,0.34707003831863403,0.3123026490211487,0.511958658695221,0.5728529095649719,0.6423853039741516,0.20823389291763306,0.2036721110343933,0.689555823802948,0.5676961541175842,0.1000487208366394,0.0,0.0,0.0
offset,0.622,0.0,0.0,0.0,0.0,0.02695930004119873,0.0,0.0,0.0,0.0,0.0,0.0,0.0,0.0,0.0977628231048584,0.07479166984558105,0.23564213514328003,0.3316498398780823,0.3687121868133545,0.0,0.06749129295349121,0.06293880939483643,0.0,0.511847734451294,0.24764591455459595,0.12527954578399658,0.49055182933807373,0.3597009778022766,0.5633773803710938,0.761772632598877,0.4295647144317627,0.19582420587539673,0.6253193020820618,0.6856210231781006,0.5486153364181519,0.2922905683517456,0.5519757270812988,0.2803840637207031,0.18485581874847412,0.4049304723739624,0.013201773166656494,0.1141170859336853,0.5112085938453674,0.31485891342163086,0.42614030838012695,0.8948402404785156,0.84241783618927,0.6587425470352173,0.6543439626693726
offset,0.77,1.2002227306365967,0.3118448257446289,0.0,0.31159257888793945,1.0514070987701416,0.6571836471557617,0.547478199005127,0.7388619184494019,0.0,0.49102139472961426,0.0,0.2444303035736084,0.05077981948852539,0.8572804927825928,0.45486950874328613,0.8130419254302979,0.0,0.3324323892593384,0.42621660232543945,1.1098060607910156,0.5220794677734375,0.24212431907653809,1.0049266815185547,0.6381683349609375,0.2388237714767456,0.4666171073913574,0.0,0.5426292419433594,1.0091464519500732,0.10782802104949951,0.47801101207733154,0.2588226795196533,1.3250572681427002,0.8367229700088501,0.5064465999603271,0.0,0.0,0.0,0.0,0.0,0.052651166915893555,0.0,0.04142880439758301,0.0,0.0,0.0,0.297929048538208,0.4335787296295166
offset,0.46,0.9673342704772949,0.6180365085601807,0.8700103759765625,0.7750297784805298,1.0492454767227173,1.3122775554656982,0.8431422710418701,0.6592284440994263,0.6753021478652954,0.7428127527236938,0.13906913995742798,0.0,0.07662010192871094,0.0,0.4030662775039673,0.06978696584701538,0.3712693452835083,0.5042737722396851,0.849219799041748,0.6657675504684448,0.9097839593887329,0.7651296854019165,0.46985340118408203,0.6705164909362793,0.4093295931816101,0.20661664009094238,0.3261273503303528,0.19231289625167847,0.7461645603179932,0.3887749910354614,0.0,0.23744350671768188,0.7689098119735718,0.9137815237045288,0.7666325569152832,0.6279250383377075,1.0116170644760132,0.7918611764907837,0.7338944673538208,0.31531351804733276,0.6049560308456421,1.014555811882019,1.0021512508392334,1.0752331018447876,1.100831151008606,1.2479737997055054,1.1310325860977173,1.9720958471298218
offset,0.615,0.0,0.0,0.14505380392074585,0.09058690071105957,0.0,0.041085004806518555,0.017702221870422363,0.11206728219985962,0.3430178165435791,0.8662619590759277,0.9666687250137329,0.950459361076355,0.41081589460372925,0.3506584167480469,0.0,0.0,0.3072929382324219,0.4178060293197632,0.596096396446228,0.4399558901786804,0.10933136940002441,0.24912971258163452,0.23842936754226685,0.3240818977355957,0.6488156318664551,0.5615829825401306,0.7326723337173462,0.1681196689605713,0.3730539083480835,0.25826120376586914,0.06186187267303467,0.3391531705856323,0.4184751510620117,0.0,0.057750046253204346,0.12493002414703369,0.35113799571990967,0.1879470944404602,0.3016148805618286,0.4382365942001343,0.3535912036895752,0.2347744107246399,0.5229126811027527,0.38042521476745605,0.14897865056991577,0.027251601219177246,0.0,0.0
offset,0.701,0.0,0.0,0.0,0.0,0.0,0.055741965770721436,0.921423614025116,0.03820359706878662,0.0,0.0,0.13207215070724487,0.08978140354156494,0.0937647819519043,0.0,0.0,0.3977321982383728,0.8254396319389343,0.6830759644508362,1.321054220199585,0.7135444283485413,0.29832738637924194,0.45746058225631714,0.06678485870361328,0.0,0.0,0.0,0.0,0.5838369727134705,0.8491305708885193,1.0967109203338623,0.9746958613395691,0.848970353603363,1.1979141235351562,1.6003286838531494,2.0842955112457275,1.821578025817871,1.6646134853363037,1.3335752487182617,0.9793089032173157,0.5953838229179382,0.8835446238517761,0.5507954955101013,0.25828367471694946,0.0,0.0,0.0,0.0,0.44771379232406616
offset,0.602,0.4062684178352356,0.6166157126426697,0.8586673140525818,0.7708391547203064,1.118220329284668,1.1115903854370117,0.808628499507904,0.9873848557472229,0.9290594458580017,0.878053605556488,0.6192286610603333,0.07440876960754395,0.36793380975723267,0.4498463273048401,0.41007035970687866,0.6494495272636414,0.3887321352958679,0.6060959696769714,0.4386962056159973,0.0,0.3024234175682068,0.20859020948410034,0.5365638136863708,0.7114681601524353,0.2960740327835083,0.4572909474372864,0.6802371144294739,0.5678558945655823,0.5147352814674377,0.26735854148864746,0.0,0.18356281518936157,0.2944672703742981,0.544259250164032,0.31122052669525146,0.47371357679367065,0.31657111644744873,0.08659034967422485,0.25206416845321655,0.1098027229309082,0.06684368848800659,0.21129798889160156,0.4142908453941345,0.08600872755050659,0.02283388376235962,0.171380877494812,0.24818897247314453,0.0
offset,0.325,1.798929214477539,1.3976378440856934,0.9657642245292664,0.867526113986969,1.2125542163848877,1.3916592597961426,1.2554585933685303,1.7618687152862549,1.2918684482574463,1.1080904006958008,1.1327612400054932,1.1565537452697754,1.425182819366455,1.4296112060546875,1.503082036972046,0.6055218577384949,0.6158875823020935,0.7721593976020813,0.706703245639801,0.30606943368911743,0.30479830503463745,0.7058853507041931,0.8462932705879211,0.19222939014434814,0.0,0.0,0.8436947464942932,1.0735642910003662,1.3738255500793457,1.2273426055908203,0.9103792309761047,1.0245640277862549,0.6727457642555237,0.39978379011154175,0.7706344723701477,0.47868794202804565,0.3553735613822937,0.49968093633651733,0.5019840598106384,0.5566636919975281,0.866544783115387,0.6312211155891418,0.6142005324363708,0.49972712993621826,0.0,0.5562319755554199,1.0948102474212646,1.6834192276000977
offset,0.662,0.6774111390113831,0.40334540605545044,0.20326215028762817,0.7978700995445251,1.2905869483947754,0.9156692624092102,0.6819555163383484,0.24156349897384644,0.5475218892097473,1.1467771530151367,1.2231931686401367,0.735660970211029,0.1577281355857849,0.0,0.0,0.0,0.07343631982803345,0.16568076610565186,0.0,0.31147271394729614,0.2764080762863159,0.01274263858795166,0.0,0.09787434339523315,0.0,0.0,0.3580055832862854,0.0,0.0,0.0,0.0,0.1015554666519165,0.23552894592285156,0.0,0.05338406562805176,0.18484681844711304,0.1949479579925537,0.49229681491851807,0.30561453104019165,0.1031990647315979,0.09596002101898193,0.2255362868309021,0.4810521602630615,0.6540260910987854,0.5675182938575745,0.2820168137550354,0.3076421618461609,0.3668496012687683
offset,0.239,1.7856637239456177,1.8067253828048706,1.322416067123413,1.558572769165039,1.2412110567092896,1.4642075300216675,1.5116783380508423,1.0072623491287231,0.7810255289077759,0.8010187149047852,0.34554293751716614,1.0676921606063843,1.109670639038086,0.4376462996006012,0.5926411151885986,0.6511818170547485,0.6213771104812622,0.908530592918396,0.8551663160324097,0.6410784721374512,0.8867994546890259,0.23403188586235046,0.4349069893360138,1.0089986324310303,0.9062807559967041,0.5041700601577759,0.8056684732437134,0.6648362874984741,0.6590757369995117,0.5679912567138672,0.4726370871067047,0.46366724371910095,0.6130820512771606,0.8915086984634399,0.9358607530593872,0.7216757535934448,1.1111665964126587,0.9081481695175171,0.8241485357284546,0.6168978214263916,0.6592018604278564,0.5412527322769165,0.631371021270752,0.38735607266426086,0.17376074194908142,0.06552353501319885,0.1428109109401703,0.45610108971595764
offset,0.209,0.5967227816581726,0.7624114155769348,0.3166266083717346,0.260597825050354,0.45059365034103394,0.3955313563346863,0.4073207974433899,0.766221821308136,0.6753090023994446,0.8336518406867981,0.24025164544582367,0.7480068802833557,0.3213755488395691,0.6340934634208679,0.5302456021308899,0.5345612168312073,0.5815895199775696,0.30540919303894043,0.5377983450889587,0.9684305787086487,0.541059672832489,0.3502768278121948,0.0,0.45691972970962524,0.6841544508934021,0.8493778109550476,0.6685054898262024,0.7533727288246155,1.1394456624984741,0.8274940848350525,0.9004297852516174,0.9831475615501404,1.0278624296188354,1.145967721939087,1.011686086654663,1.1066380739212036,1.2442712783813477,0.7345510125160217,0.6144402623176575,0.7792858481407166,0.5901976227760315,0.7341678142547607,0.8634148240089417,0.7178624868392944,0.5759575963020325,0.9205661416053772,0.47888535261154175,0.5347965359687805
offset,0.775,0.30926668643951416,0.0,0.023756980895996094,0.0,0.07543474435806274,0.5239162445068359,0.5116105079650879,0.4841660261154175,0.3355780839920044,0.3945735692977905,0.0,0.25054049491882324,0.4799644947052002,0.5617461204528809,0.5207831859588623,0.0,0.4949054718017578,0.13621050119400024,0.2962377071380615,0.475777268409729,0.11087393760681152,0.0,0.0,0.6668887138366699,0.2524906396865845,0.03499317169189453,0.40905964374542236,0.036744117736816406,0.002876579761505127,0.006265044212341309,0.07768726348876953,0.0,0.0,0.0,0.1766289472579956,0.3304826021194458,0.6329680681228638,0.7818927764892578,0.4001041650772095,0.3174649477005005,0.3000223636627197,0.5793333053588867,0.7880560159683228,0.21123254299163818,0.035627663135528564,0.13933807611465454,0.0,0.25991153717041016
offset,0.445,1.5187503099441528,1.5278748273849487,1.5957585573196411,1.7347615957260132,1.7600938081741333,1.9334625005722046,1.698600172996521,1.4631708860397339,0.9988998174667358,0.7034696340560913,0.5905338525772095,1.2407093048095703,1.146884799003601,1.1870824098587036,1.0864437818527222,0.7546221017837524,0.20345109701156616,1.0758730173110962,1.6099215745925903,1.0526974201202393,0.8489573001861572,0.8175870180130005,0.9971281290054321,1.0351265668869019,1.0847982168197632,1.2986220121383667,0.9346821308135986,0.1679224967956543,0.0,0.06586110591888428,0.6717694997787476,0.47456061840057373,0.606417179107666,0.7988708019256592,1.2489262819290161,1.1536219120025635,1.212866187095642,1.06551992893219,0.437862753868103,0.2527681589126587,0.486422061920166,0.0,0.018885374069213867,0.1793210506439209,0.36537671089172363,0.0,0.6001780033111572,0.9907399415969849
offset,0.632,0.7923558950424194,1.7296538352966309,1.2574942111968994,0.962831974029541,1.0515377521514893,0.9731764793395996,0.7443771362304688,0.5920442342758179,1.0076828002929688,1.0738916397094727,0.9111983776092529,0.7519605159759521,0.7501194477081299,0.661001443862915,0.5611494779586792,0.2593008279800415,0.12026989459991455,0.11449944972991943,0.5607246160507202,0.07920128107070923,0.4409937262535095,0.5383991003036499,0.32638293504714966,0.2755279541015625,0.19118815660476685,0.008464395999908447,0.18246066570281982,0.045284152030944824,0.0,0.0,0.0,0.10557162761688232,0.04924750328063965,0.0,0.0,0.0,0.36013519763946533,0.0928913950920105,0.25985056161880493,0.04128807783126831,0.0,0.0,0.05165529251098633,0.0,0.0,0.0,0.0,0.0
offset,0.639,0.6290926337242126,0.7177113890647888,0.9652239680290222,1.1524136066436768,1.034147024154663,0.7427504658699036,1.2043530941009521,0.8679843544960022,0.6866458058357239,1.2022109031677246,1.1947259902954102,0.6605756878852844,0.9634891152381897,0.2742782235145569,0.11528629064559937,0.471687376499176,0.001259148120880127,0.059857189655303955,0.371326744556427,0.052903592586517334,8.910894393920898e-05,0.0,0.0,0.0,0.33880680799484253,0.0,0.0,0.0,0.0736646056175232,0.2388257384300232,0.5399585366249084,0.09296232461929321,0.009565889835357666,0.289664089679718,0.5247805714607239,0.6838304400444031,0.17706948518753052,0.04295390844345093,0.4390261769294739,1.159005880355835,1.2999110221862793,0.8908098340034485,0.8800657391548157,0.7853949666023254,0.584287703037262,0.6170417666435242,0.7616267800331116,0.5196542143821716
offset,0.251,0.8354952931404114,1.3016339540481567,1.1755889654159546,1.2292038202285767,1.0065240859985352,1.5775247812271118,1.6467372179031372,1.618207335472107,1.3802392482757568,1.2022013664245605,1.1092616319656372,0.7951961159706116,0.13985775411128998,0.972120463848114,0.4169313311576843,0.728209912776947,0.7981789708137512,0.2821452021598816,0.6063541769981384,0.0671188086271286,0.3191710114479065,0.1625448316335678,0.48401904106140137,0.24310801923274994,0.6464686989784241,0.548656165599823,0.6672564744949341,0.6877265572547913,0.6586855053901672,0.7418206930160522,0.856285035610199,0.7111564874649048,0.5943095684051514,0.7933445572853088,0.6816142797470093,1.0639292001724243,0.8368925452232361,0.43819040060043335,0.845380961894989,0.3870912194252014,0.26447439193725586,0.6916113495826721,0.7069013714790344,0.2441718429327011,0.7931045889854431,0.47598880529403687,0.22727064788341522,0.5717710852622986
offset,0.535,0.0,0.0,0.0,0.0,0.16060614585876465,0.0,0.0,0.0,0.11445224285125732,0.0,0.13315755128860474,0.0,0.0,0.0,0.0,0.0,0.0,0.0,0.0,0.0,0.0,0.0,0.0,0.0,0.0,0.3605031967163086,0.2372288703918457,0.8721746802330017,0.7333051562309265,0.9471322894096375,1.1958284378051758,1.0083796977996826,0.9796679615974426,0.7470445036888123,0.8325743079185486,1.144575595855713,0.6505988240242004,1.1100225448608398,0.937136709690094,0.5445013642311096,0.8119836449623108,0.3890010714530945,1.1936736106872559,0.9982128739356995,1.2615714073181152,1.2059011459350586,2.029144763946533,2.1854729652404785
offset,0.759,0.8856061697006226,0.956731915473938,0.981998085975647,1.0727773904800415,0.7812806367874146,0.39089322090148926,0.5275417566299438,0.227569580078125,0.0,0.01241922378540039,0.0,0.0,0.0,0.0,0.16908156871795654,0.04799509048461914,0.6208795309066772,0.7838584184646606,0.7871954441070557,0.5829373598098755,0.536978006362915,0.0,0.0,0.14273607730865479,0.48592305183410645,0.7985466718673706,0.8401662111282349,0.7453315258026123,0.5311305522918701,0.18923640251159668,0.11265158653259277,0.13925087451934814,0.0,0.0,0.0,0.0,0.012524425983428955,0.012759685516357422,0.31455719470977783,0.0,0.0,0.15361183881759644,0.44887709617614746,0.4536776542663574,0.5569677352905273,0.4558025598526001,0.14779162406921387,0.09430217742919922
offset,0.472,0.9238496422767639,0.7150102257728577,0.6874259114265442,0.17742878198623657,0.721156895160675,0.925408661365509,0.9652674794197083,0.6334581971168518,0.35262346267700195,0.0,0.2309386134147644,0.5807275176048279,0.5973318219184875,0.5664802193641663,0.7492061257362366,0.3537915349006653,0.3111112713813782,0.5091591477394104,0.6242079138755798,0.7830732464790344,0.3995524048805237,0.29990512132644653,0.3321223855018616,0.2008557915687561,0.4138525128364563,0.582546055316925,0.3732413053512573,0.36209481954574585,0.1992226243019104,0.21438509225845337,0.6601399779319763,0.3225453495979309,0.6700765490531921,0.574569046497345,0.8160832524299622,0.3823721408843994,0.5354536175727844,0.46367281675338745,0.413307249546051,0.29212433099746704,0.02178436517715454,0.16308999061584473,0.39907652139663696,0.7168928980827332,0.49344170093536377,1.2884693145751953,1.1828646659851074,0.7588561177253723
offset,0.579,0.9201416373252869,0.9060460925102234,0.783000648021698,0.9005830883979797,0.5964458584785461,0.4945194125175476,0.3487173318862915,0.42351871728897095,0.4475930333137512,0.6862249970436096,0.23603695631027222,0.18109184503555298,0.2871069312095642,0.588494598865509,0.5889860987663269,0.1807803511619568,0.11880183219909668,0.12302261590957642,0.3793732523918152,0.08253204822540283,0.11817663908004761,0.25891679525375366,0.0,0.32799750566482544,0.242603600025177,0.4895327687263489,0.4715725779533386,0.7541808485984802,0.3647450804710388,0.2625649571418762,0.4806669354438782,0.38300251960754395,0.47620898485183716,0.519260585308075,0.7984140515327454,0.996913731098175,0.738476574420929,0.8105528950691223,0.34188348054885864,0.4479263424873352,0.10551255941390991,0.4284917712211609,0.4859171509742737,0.31306010484695435,0.0,0.15277397632598877,0.11367231607437134,0.2343791127204895
offset,0.244,2.421593427658081,2.9865002632141113,2.7719616889953613,2.190596580505371,1.6646630764007568,1.427201509475708,1.4008147716522217,1.602250576019287,1.4006870985031128,1.2868083715438843,1.282935380935669,0.6589051485061646,0.3930443823337555,0.6162359714508057,0.49083396792411804,0.8680411577224731,0.78196120262146,1.1854515075683594,1.3918417692184448,1.2452359199523926,1.356152057647705,1.4367749691009521,1.5445648431777954,1.32680082321167,1.0226410627365112,1.1384292840957642,1.3538967370986938,1.3760634660720825,1.7955734729766846,1.6052591800689697,1.3699861764907837,1.2307231426239014,0.9035309553146362,1.6001572608947754,1.750236988067627,1.2138956785202026,0.4905548393726349,0.7971489429473877,0.34459707140922546,1.0192067623138428,0.8294682502746582,0.9375756978988647,0.9800875186920166,0.9131186008453369,0.7721290588378906,0.7200217247009277,0.6268035173416138,1.1036297082901
offset,0.556,0.29609954357147217,0.349967896938324,0.1975807547569275,0.08212137222290039,0.2483544945716858,0.19853085279464722,0.44077569246292114,0.7041246294975281,0.5868502259254456,0.6459951996803284,0.7359809279441833,0.5468922257423401,0.46901756525039673,0.4997023940086365,0.7627125382423401,0.5036477446556091,0.5325465798377991,0.6770686507225037,0.17603939771652222,0.23560184240341187,0.08813422918319702,0.18532198667526245,0.0,0.018728256225585938,0.10595118999481201,0.19887858629226685,0.2420167326927185,0.63885098695755,0.8100317120552063,0.9204677939414978,0.6770270466804504,0.5602167248725891,0.5554719567298889,0.4494200348854065,0.8583396077156067,0.5796055197715759,0.8007202744483948,0.9983188509941101,1.222670555114746,1.5448529720306396,1.0422327518463135,1.055973768234253,0.49149566888809204,0.15630680322647095,0.22825485467910767,0.352965772151947,0.2332940697669983,0.17804086208343506
offset,0.317,0.0,0.0,0.0,0.0,0.0,0.0,0.0,0.0,0.0,0.0,0.10808363556861877,0.03658363223075867,0.0,0.29033151268959045,0.42740878462791443,0.6120924949645996,0.7184011936187744,0.5121121406555176,0.6284980773925781,0.7331511974334717,0.8753292560577393,0.32944241166114807,0.6053130626678467,0.8713849782943726,0.820534348487854,0.9037302732467651,0.5753424167633057,1.03220796585083,0.4380386769771576,0.8055942058563232,0.2570783197879791,0.385865718126297,0.5012619495391846,0.8308805227279663,0.3632219135761261,0.7450942993164062,0.7631571292877197,0.8381025791168213,1.2771697044372559,1.219499945640564,1.5108577013015747,0.5248610973358154,0.5712792873382568,0.1312609612941742,0.9389657974243164,0.750011682510376,0.6199491024017334,0.22985664010047913
offset,0.727,0.0,0.0,0.45951879024505615,0.2017524242401123,0.358745813369751,0.05238562822341919,0.0,0.5045502185821533,0.7548764944076538,0.708692193031311,0.9002329111099243,1.3199692964553833,0.6632077693939209,0.6497044563293457,0.7922816276550293,0.6369441747665405,0.8421851396560669,1.4782980680465698,0.7524517774581909,0.9643982648849487,0.763320803642273,0.2754474878311157,0.0,0.0,0.0,0.0,0.0,0.0,0.03950577974319458,0.2932640314102173,0.545217752456665,0.15816724300384521,0.5751242637634277,0.49353277683258057,0.47926247119903564,0.32788336277008057,0.28154051303863525,0.0,0.2733820676803589,0.2695891857147217,0.21124756336212158,0.0,0.0,0.0,0.0,0.0,0.0,0.0
offset,0.473,0.2951048016548157,0.0,0.0,0.15971684455871582,0.0,0.07404166460037231,0.2598496079444885,0.0,0.0,0.22875183820724487,0.0,0.0,0.0,0.0,0.0,0.12127053737640381,0.11914205551147461,0.6583051681518555,1.1958869695663452,1.0278233289718628,1.476288914680481,1.2021101713180542,1.3752557039260864,0.9955960512161255,1.7655342817306519,1.8675817251205444,2.0332956314086914,1.6094170808792114,1.2125757932662964,1.604038119316101,1.0185577869415283,1.3739007711410522,1.2919384241104126,0.8679726123809814,0.5051344633102417,0.41419535875320435,0.0,0.10554206371307373,0.35213708877563477,0.26911795139312744,0.0,0.0,0.0,0.0,0.31032800674438477,0.6545683145523071,0.5449942350387573,0.974605917930603
offset,0.65,0.07592165470123291,0.9796350002288818,0.8985501527786255,0.8115322589874268,0.7349035739898682,0.7611736059188843,0.5982502698898315,0.5274671316146851,0.8283596038818359,0.3832012414932251,0.7084189653396606,0.4532051086425781,0.3381158113479614,0.017879128456115723,0.19649243354797363,0.5289733409881592,0.4809153079986572,0.45045769214630127,0.38537704944610596,0.4705355167388916,0.6353317499160767,0.3648669719696045,0.36935651302337646,0.1640768051147461,0.2320215106010437,0.6195813417434692,0.021852493286132812,0.0,0.0,0.0,0.1788322925567627,0.29537487030029297,0.4049779176712036,0.525938868522644,0.588182806968689,0.5363847017288208,0.31755316257476807,0.3204725980758667,0.5184592008590698,0.17763996124267578,0.2986576557159424,0.2137758731842041,0.06391429901123047,0.45503926277160645,0.5451993942260742,0.38815152645111084,0.4951202869415283,0.010940074920654297
offset,0.532,0.31723880767822266,0.7875121831893921,1.0868810415267944,0.923021674156189,0.7636604309082031,0.5829600095748901,0.6673122644424438,0.5389086008071899,0.30479174852371216,0.5146160125732422,0.3298206329345703,0.4961118698120117,0.43654024600982666,0.456882119178772,0.8953143358230591,0.7803968191146851,0.8748779296875,0.8529213666915894,1.2474442720413208,1.007058024406433,0.6348667144775391,0.9829956293106079,0.6721193790435791,0.6542414426803589,1.0996712446212769,0.6721929311752319,0.6020961999893188,0.539836049079895,0.6694141626358032,0.5234489440917969,0.4460768699645996,0.18937695026397705,0.6604797840118408,0.7476966381072998,0.8985300064086914,1.119423270225525,0.7512402534484863,0.23194050788879395,0.35612112283706665,0.13624584674835205,0.5854949951171875,0.0,0.0,0.03387010097503662,0.0,0.0049942731857299805,0.0,0.181313157081604
offset,0.684,0.04231518507003784,0.29383617639541626,0.6163014769554138,0.41027146577835083,0.8033247590065002,0.6082578301429749,0.31311458349227905,0.24685543775558472,0.25179654359817505,0.26008719205856323,0.4187764525413513,0.21413761377334595,0.5131432414054871,0.406716525554657,0.4231182932853699,0.20058846473693848,0.08497071266174316,0.0,0.0,0.0,0.12960243225097656,0.1545122265815735,0.444538414478302,0.4868261218070984,0.15245676040649414,0.5914061665534973,0.6687518954277039,0.42478495836257935,0.18726778030395508,0.3616498112678528,0.6579368710517883,0.7759992480278015,0.990790069103241,0.9031526446342468,0.5277170538902283,0.11107170581817627,0.38504499197006226,0.15858834981918335,0.12733882665634155,0.2486754059791565,0.16581517457962036,0.5422716736793518,0.6612064242362976,0.7989452481269836,0.642021119594574,0.5064087510108948,0.4133555293083191,0.0
offset,0.572,1.298449158668518,0.7974463701248169,0.5063730478286743,0.37480390071868896,0.6043332815170288,0.813125491142273,1.5404263734817505,0.6722232103347778,0.391251802444458,0.30901050567626953,0.2667795419692993,0.8997037410736084,0.624813437461853,0.37816286087036133,0.2870715856552124,0.0,0.0944434404373169,0.7827976942062378,0.7601760625839233,0.622586727142334,0.42968523502349854,0.37425971031188965,0.6029661893844604,0.16350269317626953,0.3684992790222168,1.2596594095230103,1.1627908945083618,1.481300950050354,1.4379736185073853,1.625261902809143,1.6798936128616333,1.3693655729293823,1.0963115692138672,0.5806843042373657,0.7024645805358887,0.25356972217559814,0.2488945722579956,0.5389750003814697,0.18433070182800293,0.33851850032806396,0.6898123025894165,0.48391008377075195,0.44267189502716064,0.0,0.07037544250488281,0.16200923919677734,0.1602584719657898,0.266216516494751
offset,0.691,0.0,0.0,0.0,0.0,0.12445294857025146,0.0,0.0,0.0,0.0,0.0,0.22460496425628662,0.0,0.0,0.2678202986717224,0.14416223764419556,0.0,0.0,0.0,0.0,0.0,0.19221943616867065,0.04472476243972778,0.15237289667129517,0.26876670122146606,0.37882453203201294,0.4988899827003479,0.44607359170913696,0.6533463597297668,1.015913724899292,0.561088502407074,0.5681019425392151,0.22151607275009155,0.6945064663887024,0.27500253915786743,0.36462587118148804,0.635463535785675,0.623177707195282,0.6145883202552795,0.5013238787651062,0.2949751615524292,0.46725302934646606,0.6431776881217957,0.678726851940155,0.49111443758010864,0.7552551627159119,0.3180932402610779,0.5972463488578796,0.48881369829177856
offset,0.585,0.23403030633926392,0.8767215609550476,0.8728266358375549,0.6361632943153381,0.5702889561653137,0.648699939250946,0.7580590844154358,0.14594143629074097,0.15189129114151,0.2424541711807251,0.37480348348617554,0.31144964694976807,0.16607946157455444,0.40908515453338623,0.602652370929718,0.84792560338974,0.36043840646743774,0.5538212656974792,0.19332283735275269,0.6898654103279114,0.9612997174263,0.7251763939857483,0.5483630299568176,0.6056485772132874,0.3884040117263794,0.28786832094192505,0.51006680727005,0.0524289608001709,0.32985079288482666,0.5235688090324402,0.12647360563278198,0.23616695404052734,0.8251251578330994,0.4340112805366516,0.6654053330421448,0.2771610617637634,0.0,0.3046887516975403,0.46031254529953003,0.4259272813796997,0.3227226138114929,0.0,0.373176634311676,0.0728464126586914,0.0,0.0,0.0,0.0
offset,0.444,0.25778377056121826,0.02660059928894043,0.10516136884689331,0.4661306142807007,0.09126424789428711,0.10930073261260986,0.7747970819473267,0.6880954504013062,0.7932966947555542,1.7041772603988647,1.7567845582962036,1.8721426725387573,2.2859296798706055,2.115522861480713,1.680026650428772,1.1609421968460083,1.249386191368103,1.0753662586212158,1.037530779838562,0.9823017120361328,1.0437713861465454,0.40298688411712646,0.6980816125869751,0.4120723009109497,0.15565407276153564,0.6022919416427612,0.7453746795654297,0.5632015466690063,0.0,0.0,0.05126672983169556,0.4134035110473633,0.34033823013305664,0.4968341588973999,0.5333232879638672,0.31014156341552734,1.0030649900436401,0.9833682775497437,0.9074954986572266,0.8398787975311279,0.6220434904098511,0.4962449073791504,0.3820459842681885,0.6277217864990234,0.22852420806884766,0.16004931926727295,0.6748688220977783,0.3630232810974121
offset,0.438,1.6504533290863037,1.411888837814331,0.6998485922813416,0.1347353458404541,0.5471023917198181,0.5859416127204895,0.9013523459434509,0.410372793674469,0.6141859889030457,0.3253924250602722,0.14555388689041138,0.0,0.0,0.0,0.0,0.0,0.06170165538787842,0.0,0.0,0.42045319080352783,0.34707367420196533,0.34251636266708374,0.10781461000442505,0.3177916407585144,0.0,0.0,0.0,0.0,0.16034018993377686,0.21454989910125732,0.22941768169403076,0.17609703540802002,0.22579526901245117,0.623163104057312,1.1030385494232178,1.0878427028656006,0.8855512738227844,0.621141254901886,0.7579826712608337,0.8924323916435242,0.8764140009880066,0.7626706957817078,0.9825267195701599,0.985231339931488,1.1066901683807373,1.561711072921753,1.294736623764038,1.3027660846710205
offset,0.647,0.0,0.0,0.0,0.0,0.0,0.0,0.07168024778366089,0.0,0.0,0.0,0.0,0.34304380416870117,0.38576579093933105,0.38750481605529785,0.650598406791687,0.7133045196533203,0.28684985637664795,0.33078134059906006,0.43968749046325684,0.6504932641983032,0.5341053009033203,0.22796601057052612,0.11155319213867188,0.44133663177490234,0.7294538021087646,0.9180605411529541,1.051408052444458,1.224824070930481,0.815709114074707,0.957233190536499,0.8057087659835815,1.1449782848358154,1.1534600257873535,1.350356101989746,1.2005629539489746,0.7900208234786987,0.5136101245880127,0.5429232120513916,0.21628069877624512,0.5172522068023682,0.4213162660598755,0.22802674770355225,0.3770759105682373,0.0,0.0,0.056107401847839355,0.07400566339492798,0.14842748641967773
offset,0.48,1.807722806930542,1.7235126495361328,1.4890191555023193,1.3301506042480469,0.9507662653923035,0.9182376265525818,0.61226886510849,0.5227087140083313,0.897930920124054,0.7744807600975037,0.7204329371452332,0.7657905220985413,0.563853919506073,0.2578856348991394,0.6992130875587463,0.8506240248680115,0.9976707100868225,1.1297922134399414,1.7278857231140137,1.464792251586914,1.459810733795166,1.4013652801513672,1.3320274353027344,1.2183434963226318,1.2410602569580078,1.6926836967468262,1.151620864868164,0.38321322202682495,0.6296300292015076,0.3244919776916504,0.12115949392318726,0.0,0.025679290294647217,0.6214016079902649,0.06388205289840698,0.03533893823623657,0.0,0.0,0.0,0.0,0.049951016902923584,0.0,0.0,0.6144025921821594,0.6569402813911438,1.1046104431152344,1.0654034614562988,0.5734257102012634
offset,0.653,0.0,0.2570157051086426,0.5904637575149536,0.0,0.3016335964202881,0.27117490768432617,0.0,0.2982422113418579,0.10550397634506226,0.1915651559829712,0.39423203468322754,0.23512804508209229,0.22630196809768677,0.3941185474395752,0.4336855411529541,0.39101290702819824,0.0,0.0,0.0,0.10413146018981934,0.0,0.0072803497314453125,0.9028381109237671,0.7437385320663452,0.7649149894714355,0.3493770360946655,0.383398175239563,0.49433040618896484,0.8297696113586426,0.8335450887680054,0.5323629379272461,0.23865771293640137,0.45858609676361084,0.4813232421875,0.4747971296310425,0.8876622915267944,0.4926490783691406,0.45343029499053955,0.5275832414627075,0.621411919593811,0.673190712928772,0.7741700410842896,0.6746858358383179,0.47370362281799316,1.3275662660598755,1.0453248023986816,1.0614794492721558,0.9461897611618042
offset,0.403,0.0,0.0,0.0,0.30291634798049927,0.2989991307258606,0.06120717525482178,0.24555784463882446,0.6297672390937805,0.6098019480705261,1.297255277633667,1.0445914268493652,0.5236955881118774,0.7758672833442688,1.0324897766113281,1.0584981441497803,0.6120712161064148,0.919844925403595,0.471757709980011,0.4793568253517151,0.17312443256378174,0.1866978406906128,0.4133208394050598,0.750122606754303,0.6549568772315979,0.5076189041137695,0.21936661005020142,0.6280900835990906,0.37745362520217896,0.5258849859237671,0.9187713265419006,0.9936525225639343,0.4816100001335144,0.30554789304733276,0.25342708826065063,0.3906581997871399,0.6913880705833435,0.9898657202720642,1.3214774131774902,1.2994003295898438,1.7024929523468018,1.3542299270629883,1.0450429916381836,0.9507473111152649,0.5408041477203369,1.0038518905639648,0.4691660404205322,0.9926645159721375,1.4913523197174072
offset,0.696,0.39873582124710083,0.008962690830230713,0.18417853116989136,0.0,0.0,0.005668461322784424,0.0,0.0,0.0,0.0,0.0,0.0,0.0,0.0,0.0,0.0,0.0,0.0,0.49901825189590454,0.0,0.0,0.0,0.05683469772338867,0.577779233455658,0.0,0.053408801555633545,0.32078713178634644,0.8516965508460999,1.3264281749725342,0.9339693188667297,0.8087528347969055,0.09488612413406372,1.0741081237792969,1.1179509162902832,0.8659953474998474,1.0700387954711914,0.9615779519081116,0.40424102544784546,0.5211188197135925,1.091043472290039,1.2996339797973633,2.212820053100586,1.6959595680236816,1.4257020950317383,1.2986605167388916,1.1901473999023438,0.9356915354728699,1.0848407745361328
offset,0.707,0.0,0.0,0.0,0.11730584502220154,0.15513482689857483,0.41460004448890686,0.02714499831199646,0.0,0.30264583230018616,0.4209858477115631,0.4050898849964142,0.19229695200920105,0.2769980728626251,0.40698304772377014,0.16534581780433655,0.6382707357406616,0.4309414327144623,0.5337749719619751,0.2910597622394562,0.436208039522171,0.0,0.0,0.13293632864952087,0.3112075626850128,0.0,0.04124221205711365,0.3670941889286041,0.22385379672050476,0.36972132325172424,0.42514172196388245,0.025126010179519653,0.17879578471183777,0.47334399819374084,0.38242295384407043,0.508215069770813,0.5838018655776978,0.0,0.13286229968070984,0.0,0.16060617566108704,0.0,0.0,0.0,0.0,0.19803664088249207,0.1370469033718109,0.40239009261131287,0.6584607362747192
offset,0.671,0.21887868642807007,0.0,0.0,0.36964792013168335,0.7411084771156311,0.7732148766517639,0.6037502884864807,0.5557896494865417,0.12891000509262085,0.6864026188850403,0.1725115180015564,0.47394686937332153,0.5706891417503357,0.37526220083236694,1.1558864116668701,0.8454315066337585,0.5814524292945862,0.8377531170845032,0.7547146677970886,1.005697250366211,0.6401306986808777,1.004258632659912,1.2766351699829102,1.3983266353607178,1.1130037307739258,0.28290075063705444,0.06658035516738892,0.17806965112686157,0.0,0.0,0.5728074908256531,0.0,0.6295316815376282,0.0214882493019104,0.6984012722969055,0.7831514477729797,0.20925301313400269,0.07096487283706665,0.5160265564918518,0.46735018491744995,0.7446078658103943,0.32388967275619507,0.0,0.0,0.0,0.0,0.0,0.518454372882843
offset,0.628,0.9417807459831238,0.7144079804420471,0.7309066653251648,0.5002149939537048,0.27638620138168335,0.3964049220085144,0.6691270470619202,1.0226774215698242,0.7317720055580139,0.6108892560005188,0.6037771105766296,0.24398547410964966,0.07915657758712769,0.30144327878952026,0.5050860643386841,0.36525338888168335,0.2712499499320984,0.4451010823249817,0.3868699073791504,0.8717313408851624,0.5434753894805908,0.36262112855911255,0.7382132411003113,0.5654292702674866,0.25495296716690063,0.20830130577087402,0.07820343971252441,0.03167504072189331,0.37168025970458984,0.0,0.0729827880859375,0.4930177330970764,0.0,0.04786181449890137,0.0035570859909057617,0.04768592119216919,0.02388167381286621,0.08328884840011597,0.0,0.0,0.02934819459915161,0.0,0.0,0.0,0.0,0.0,0.0,0.12608224153518677
offset,0.221,0.0,0.0,0.0,0.0,0.18404127657413483,0.0,0.0,0.0,0.0,0.0,0.7472915053367615,0.21689505875110626,0.4227582812309265,0.2791486382484436,0.6582469940185547,0.7414636611938477,0.55821293592453,0.747085690498352,0.4807811379432678,0.5880751609802246,0.25604116916656494,0.8683428764343262,0.5933361053466797,0.6113203763961792,0.44462549686431885,0.47225481271743774,0.35789287090301514,0.8945389986038208,0.6015447378158569,0.7548677921295166,0.6178402900695801,0.6498939990997314,0.28028935194015503,0.316409170627594,0.09283681213855743,0.2745130658149719,0.4786490201950073,0.8763893842697144,1.2619173526763916,0.996016263961792,1.014887809753418,0.7167630195617676,0.6534051895141602,0.9410374164581299,1.1141502857208252,1.0993478298187256,0.7187008857727051,0.983153223991394
offset,0.716,0.2403702735900879,0.21260583400726318,0.043443381786346436,0.0,0.0,0.0,0.22646546363830566,0.0,0.0,0.2573434114456177,0.3508152961730957,0.8164067268371582,0.948395848274231,0.6137115955352783,0.0,0.0,0.053946077823638916,0.23017680644989014,0.204673171043396,0.3292965888977051,0.36376655101776123,0.3499101400375366,0.3756295442581177,0.1932687759399414,0.2465353012084961,0.33021628856658936,0.0,0.0,0.0,0.0,0.10934531688690186,0.0,0.1401379108428955,0.46199607849121094,0.8434574604034424,0.738152027130127,0.8670694828033447,1.0011048316955566,1.0085177421569824,0.5874829292297363,0.6638598442077637,0.9113106727600098,1.2140753269195557,1.0323522090911865,0.949185848236084,0.5613175630569458,0.5722830295562744,0.918664813041687
offset,0.548,0.8788961172103882,1.0102206468582153,1.1143958568572998,0.46370959281921387,0.8005897998809814,0.36681485176086426,0.48650944232940674,0.7050858736038208,0.5563571453094482,0.272649884223938,0.7159122228622437,0.2776298522949219,0.5397260189056396,0.6339644193649292,0.9014283418655396,0.9617758989334106,0.8446569442749023,0.51298987865448,0.6526246070861816,0.7019646167755127,0.6664080619812012,0.7476288080215454,0.14870679378509521,0.636648416519165,1.0061908960342407,0.8108150959014893,0.8495973348617554,0.39844000339508057,0.9250727891921997,0.7247660160064697,0.42153871059417725,0.0,0.021108150482177734,0.1270350217819214,0.39864301681518555,0.0,0.0,0.008252918720245361,0.0,0.1707732081413269,0.0,0.0,0.0,0.28181779384613037,0.13747763633728027,0.11540144681930542,0.3715019226074219,0.32508790493011475
offset,0.599,0.13512390851974487,0.5609367489814758,0.4322895407676697,0.0,0.31908029317855835,0.45710164308547974,0.9804406762123108,0.6599109768867493,0.35344284772872925,0.4910394549369812,0.5174641013145447,0.5815935730934143,0.6902475953102112,0.5178437829017639,0.0,0.631923496723175,0.5426185727119446,0.2706626057624817,0.7429919838905334,0.38260942697525024,0.2175012230873108,0.10378342866897583,1.0018646717071533,0.7081932425498962,0.6523085236549377,0.5991286635398865,0.9796501994132996,0.7483599781990051,0.3070397973060608,0.875203549861908,1.1463422775268555,1.1109871864318848,1.2681074142456055,0.7358033061027527,1.0334293842315674,1.1099462509155273,0.9118751883506775,0.8678447604179382,1.2852153778076172,1.420764446258545,0.5717654824256897,0.7547760605812073,0.8020699620246887,0.8919938206672668,1.3235530853271484,0.5782107710838318,0.4019717574119568,0.5192634463310242
offset,0.607,0.0,0.13945043087005615,0.0,0.06570327281951904,0.20645511150360107,0.0,0.0,0.0,0.031088709831237793,0.2750730514526367,0.8939694166183472,0.8481446504592896,1.4449048042297363,1.2404811382293701,0.928786039352417,0.7899119853973389,1.2675716876983643,0.9441795349121094,0.7580211162567139,0.15902864933013916,0.4083847999572754,0.7042731046676636,0.8477185964584351,0.875624418258667,1.2357335090637207,0.9986841678619385,0.36929333209991455,0.5607560873031616,0.5016131401062012,0.6128256320953369,0.057866811752319336,0.6217076778411865,0.0,0.3614102602005005,0.18173491954803467,0.6102918386459351,0.2704387903213501,0.20660185813903809,0.2911837697029114,0.873485803604126,0.48877453804016113,0.01261138916015625,0.3269073963165283,0.2693203091621399,0.7455451488494873,0.42780494689941406,0.0,0.0
offset,0.452,1.2363420724868774,1.1455694437026978,0.6836169958114624,0.8240060806274414,0.5955313444137573,0.5536010265350342,1.198398232460022,1.2132445573806763,0.9410561323165894,1.2186168432235718,1.2422455549240112,0.9086089134216309,0.5696367025375366,0.5519732236862183,0.4151366353034973,0.0,0.6202001571655273,0.0,0.031231403350830078,0.0,0.0,0.0,0.18532270193099976,0.0,0.17967212200164795,0.38651764392852783,0.17214059829711914,0.5955058336257935,0.29175233840942383,0.453743577003479,0.4846072196960449,0.8907736539840698,0.6104927062988281,0.4004526138305664,0.7111836671829224,0.971815824508667,0.28245699405670166,0.38924098014831543,0.6102678775787354,1.1518582105636597,0.8465355634689331,1.5685538053512573,1.200424313545227,0.9439452886581421,1.4171212911605835,1.6338099241256714,2.3424367904663086,2.1781578063964844
offset,0.31,0.0,0.08283203840255737,0.43993645906448364,0.0,0.0,0.0,0.0,0.3706210255622864,0.8345919847488403,0.8028889894485474,0.8410717248916626,0.9639132022857666,0.8359193801879883,0.8386584520339966,1.119938611984253,0.8567212820053101,0.7108197212219238,0.6720901727676392,0.4986323118209839,0.6772559881210327,0.4278355836868286,0.849400520324707,1.3210852146148682,1.3532346487045288,0.9556208848953247,0.5223799347877502,0.27639240026474,0.5935441851615906,1.0446202754974365,1.2457852363586426,1.1774909496307373,1.369544506072998,0.9290136098861694,0.8181201219558716,1.0468693971633911,0.991753101348877,0.6905375123023987,1.0371304750442505,0.6081681847572327,0.5066664218902588,0.1659664511680603,0.344546914100647,0.654572606086731,0.007611393928527832,0.6883921027183533,0.9760391712188721,0.8563780784606934,1.270121693611145
offset,0.376,0.32303181290626526,0.08075758814811707,0.0,0.5375642776489258,0.5794936418533325,0.5977555513381958,0.45539429783821106,0.7870171070098877,0.502304196357727,0.5486589670181274,0.24958738684654236,0.3294812738895416,0.09779509902000427,0.1624411642551422,0.0,0.22988131642341614,0.525459885597229,0.4984274208545685,0.48686864972114563,0.6549676656723022,0.5216220617294312,0.2812909185886383,0.2446989119052887,0.5975015163421631,0.7812440395355225,1.0459200143814087,0.8479055166244507,0.39711156487464905,0.544797420501709,0.7102502584457397,0.9060227870941162,0.6584700345993042,0.6326487064361572,1.3632283210754395,0.9515600204467773,0.8457469940185547,0.9791760444641113,0.935105562210083,1.3055568933486938,1.784659504890442,1.0274287462234497,1.4563275575637817,1.073667049407959,0.8317641019821167,0.7735508680343628,0.8457275629043579,0.3120611011981964,0.6581947803497314
offset,0.458,0.0,0.0,0.0,0.0,0.08178621530532837,0.0,0.0,0.0,0.6311221718788147,0.252500057220459,0.0,0.5448291897773743,0.387179434299469,0.6463138461112976,0.8866121172904968,0.5946654677391052,0.41819316148757935,0.4357273578643799,0.6698839068412781,0.3362017273902893,0.6275176405906677,0.35089725255966187,0.4095550775527954,0.29231446981430054,0.7111049294471741,0.5809656977653503,0.07271426916122437,0.0,0.0,0.5636938214302063,0.7190150618553162,0.764756977558136,0.8633511662483215,1.4033191204071045,1.6159746646881104,1.6101303100585938,1.0556612014770508,1.043653964996338,1.041902780532837,1.1861546039581299,1.5486242771148682,1.7573676109313965,2.026036024093628,1.3999967575073242,1.8260562419891357,0.8877888321876526,0.7727426886558533,1.2007215023040771
offset,0.412,1.326111912727356,0.9574934840202332,1.305883526802063,1.2833174467086792,1.4325370788574219,0.7743253111839294,0.5776874423027039,0.7869035601615906,0.22433151304721832,0.8921797871589661,0.6932162642478943,0.8010385632514954,0.6546357274055481,0.5631315112113953,0.0,0.15979082882404327,0.5417957305908203,0.5918611884117126,0.11520959436893463,0.846268355846405,0.5031951069831848,0.5605862736701965,0.5272746682167053,0.4171798825263977,0.6667137742042542,0.8761895298957825,0.4418158531188965,0.5569948554039001,0.33582955598831177,0.25999951362609863,0.08204878866672516,0.0,0.0,0.05719311535358429,0.0,0.0,0.0,0.0,0.0,0.0529717355966568,0.0,0.0,0.0,0.0,0.0,0.0,0.0,0.0
offset,0.468,0.0,0.0,0.0,0.28630727529525757,0.5903163552284241,0.6200363039970398,0.40716201066970825,0.38683491945266724,0.0,0.23589545488357544,0.453815221786499,0.4737098813056946,0.10101646184921265,0.2726803421974182,0.515553891658783,0.6623515486717224,1.01033353805542,1.0556252002716064,1.430755853652954,1.2208101749420166,1.0593907833099365,1.063378095626831,1.0275568962097168,1.5183742046356201,1.270888328552246,0.8872206807136536,0.75882488489151,0.7542288899421692,0.7784416079521179,1.0923223495483398,0.8674632906913757,0.22964411973953247,0.19278723001480103,0.4593060612678528,0.34446895122528076,0.7066403031349182,0.8469529747962952,1.0782618522644043,0.6601138710975647,0.3477780222892761,0.13070178031921387,0.10395640134811401,0.39898812770843506,0.47984594106674194,0.8035866618156433,0.6170861124992371,1.2541189193725586,1.5385935306549072
offset,0.549,0.23230504989624023,0.37096714973449707,1.0426881313323975,1.2201149463653564,1.08317232131958,1.0366504192352295,1.0886681079864502,0.4083331823348999,1.0481233596801758,0.8762636184692383,1.3348870277404785,1.3363621234893799,0.8135590553283691,0.0,0.0,0.4977238178253174,0.4988901615142822,0.1741492748260498,0.11520898342132568,0.2648308277130127,0.45296573638916016,0.6295807361602783,0.20562613010406494,0.1406625509262085,0.0,0.5164682865142822,0.5792381763458252,0.6641252040863037,0.95428466796875,0.7264358997344971,0.6261248588562012,0.8670635223388672,1.4898977279663086,1.4696874618530273,1.6178092956542969,2.559175968170166,1.7667908668518066,1.5834059715270996,1.171903133392334,0.6619889736175537,0.5437874794006348,1.2326936721801758,1.628014326095581,1.2051811218261719,0.8595412969589233,1.1159577369689941,1.2992854118347168,1.7121670246124268
offset,0.769,0.0,0.0,0.0,0.0,0.0,0.0,0.0,0.0,0.0,0.27280956506729126,0.4567717909812927,0.5495135188102722,0.5861461758613586,0.4243714213371277,0.12848609685897827,0.3523712754249573,0.30114132165908813,0.0,0.23616749048233032,0.4351502060890198,0.3650422692298889,0.35510605573654175,0.04275017976760864,0.0,0.0,0.0,0.008931279182434082,0.8302710652351379,0.7075421214103699,0.6098042130470276,0.4822874665260315,0.2964637875556946,0.10104948282241821,0.6957421898841858,0.4082643389701843,0.5282512307167053,0.7046141028404236,0.5029246211051941,0.9826050400733948,0.9425706267356873,0.6487684845924377,0.8228426575660706,0.7494826912879944,0.4757764935493469,0.9605525135993958,0.6805480122566223,1.347163200378418,0.903759777545929
offset,0.426,0.25500673055648804,0.5297945141792297,0.6307175755500793,0.2882812023162842,0.5158894658088684,0.6672132611274719,0.8397092223167419,0.7342599034309387,0.0,0.0,0.0,0.8478706479072571,0.5051453709602356,0.6910949349403381,0.3502362370491028,0.890360414981842,0.8505539298057556,1.2379231452941895,1.3444452285766602,1.5569417476654053,1.0169496536254883,0.2939339280128479,0.4968627095222473,0.4500897526741028,0.836988627910614,1.0229392051696777,0.8945958018302917,0.7641434073448181,0.6647526621818542,0.9488456845283508,1.3173139095306396,1.5234110355377197,1.4292573928833008,1.5891273021697998,1.7745749950408936,1.1720311641693115,0.6771261096000671,0.8525363802909851,1.3362398147583008,1.196584701538086,1.2579290866851807,0.8855376839637756,1.2937920093536377,1.2420768737792969,1.8693900108337402,1.8960461616516113,2.200222969055176,1.6558079719543457
offset,0.36,0.0,0.14282721281051636,0.36684882640838623,0.6586752533912659,0.8853954672813416,0.690414547920227,0.41932082176208496,0.26037925481796265,0.24917632341384888,0.26908427476882935,0.598641574382782,0.5993905067443848,0.5758339762687683,0.23883867263793945,0.0,0.0,0.02047741413116455,0.03778153657913208,0.17627841234207153,0.0,0.04912489652633667,0.030489861965179443,0.21374964714050293,0.41438382863998413,0.2742255926132202,0.6654071807861328,0.6282554268836975,0.7006757855415344,1.015568494796753,1.0533509254455566,0.7184370160102844,0.8511798977851868,0.8903711438179016,0.9467584490776062,0.785854160785675,0.5805119276046753,1.134817123413086,0.8902211785316467,1.0992636680603027,1.2015790939331055,0.6152331829071045,0.3881840109825134,0.7727753520011902,1.0351026058197021,1.1854219436645508,0.7968621850013733,0.6684587597846985,0.46720391511917114
offset,0.496,0.4720733165740967,0.6609517335891724,0.7351610660552979,1.0746203660964966,1.0072482824325562,0.6011719703674316,0.5529080629348755,0.9579123258590698,1.0561532974243164,0.8356059789657593,0.7026413679122925,0.331085205078125,0.36044538021087646,0.0,0.0,0.0,0.0,0.0,0.0,0.2879422903060913,0.222775399684906,0.12178647518157959,0.26576584577560425,0.4122139811515808,0.06948566436767578,0.012313246726989746,0.36539310216903687,0.5538389682769775,0.2728455066680908,0.4213958978652954,0.26246529817581177,0.054476261138916016,0.6075612306594849,0.39439988136291504,0.526897668838501,0.8582689762115479,0.9582638740539551,1.2445447444915771,0.9438436031341553,0.6509139537811279,0.7292041778564453,0.648880124092102,0.9249167442321777,0.7687125205993652,0.8457146883010864,1.0951225757598877,0.7437800168991089,0.8868005275726318
offset,0.611,0.0,0.0,0.14991909265518188,0.31817567348480225,0.0,0.41356992721557617,1.0732969045639038,0.5085406303405762,0.38192665576934814,0.4905639886856079,0.6580629348754883,0.6580379009246826,0.4639461040496826,1.2058582305908203,1.0898734331130981,0.9358519315719604,1.4129146337509155,1.1683648824691772,0.7764036655426025,0.06250005960464478,0.2267453670501709,0.11372727155685425,0.37199974060058594,0.37525439262390137,0.0438464879989624,0.0666583776473999,0.0,0.16635358333587646,0.20500075817108154,0.41963648796081543,0.7488818168640137,0.15043199062347412,0.0362166166305542,0.08646905422210693,0.2063610553741455,0.3656266927719116,0.6655141115188599,0.02263617515563965,0.7357689142227173,0.4087752103805542,0.010176777839660645,0.44348692893981934,0.4509453773498535,0.0,0.4113500118255615,0.7037274837493896,0.30169111490249634,0.5546257495880127
offset,0.72,0.46757835149765015,0.0,0.0,0.07061189413070679,0.31245630979537964,0.5265864729881287,0.4721983075141907,0.12300330400466919,0.3098366856575012,0.6798451542854309,0.14645206928253174,0.1556602120399475,0.0,0.0,0.0,0.0,0.22443395853042603,0.15383189916610718,0.23852723836898804,0.27196383476257324,0.11051642894744873,0.18347954750061035,0.4103246331214905,0.5781388878822327,0.5902090668678284,0.5782052874565125,0.7419442534446716,0.7253901362419128,0.34195107221603394,0.31689900159835815,0.0,0.0,0.3104187846183777,0.3883969187736511,0.0,0.0,0.3041920065879822,0.3548838496208191,0.3170650601387024,0.0,0.10543841123580933,0.42809659242630005,0.4605368971824646,0.3466363549232483,0.23852813243865967,0.6043055653572083,0.7544706463813782,1.4425675868988037
offset,0.388,1.1803823709487915,0.8938747644424438,0.26090213656425476,0.2737438380718231,0.44525250792503357,0.39241185784339905,0.5128173828125,0.4481339156627655,0.6759670972824097,0.439313143491745,0.29921457171440125,0.021172136068344116,0.39723333716392517,0.35506072640419006,0.593485951423645,0.2973996102809906,0.21634718775749207,0.6144493818283081,0.4667809307575226,0.3292017877101898,0.132755845785141,0.46046891808509827,0.6064287424087524,0.3648882806301117,0.3906429708003998,0.3959718644618988,0.54300856590271,0.08180996775627136,0.42350950837135315,0.590996265411377,0.4551791846752167,0.15749052166938782,0.8724074363708496,1.100929617881775,0.7917767763137817,1.1402854919433594,0.8834675550460815,0.758159875869751,1.1406660079956055,1.1435009241104126,1.1906675100326538,1.1309696435928345,1.3959604501724243,0.9321801662445068,1.000128984451294,1.6218451261520386,1.3929195404052734,1.0430593490600586
offset,0.319,0.0,0.13224846124649048,0.2261446714401245,0.09808856248855591,0.33213376998901367,0.4008920192718506,0.32206106185913086,0.13540619611740112,0.45404207706451416,1.0675734281539917,0.9116486310958862,1.0852686166763306,0.7806704044342041,1.4023089408874512,1.9398514032363892,1.4524829387664795,1.9694639444351196,1.4140183925628662,1.1391091346740723,1.261417269706726,1.3702419996261597,0.9092764854431152,0.9532742500305176,0.7993814945220947,0.9282512664794922,0.4954529404640198,0.7337912321090698,1.0702484846115112,0.7646178007125854,0.6126366257667542,0.5735103487968445,1.030065894126892,0.7149983644485474,1.0334399938583374,0.8112640380859375,0.6753919124603271,0.4021182060241699,0.46868789196014404,0.5567553639411926,1.012711763381958,0.6376008987426758,0.3941972255706787,0.2780228853225708,0.41021811962127686,0.0737878680229187,0.0,0.0,0.15331166982650757
offset,0.452,0.3271275758743286,0.7903991341590881,0.6796323657035828,0.9575214982032776,1.0004937648773193,1.4968369007110596,0.7488858103752136,0.9736869931221008,1.1675536632537842,0.6830206513404846,0.8671970963478088,1.6442503929138184,1.406707763671875,0.7507215142250061,0.8965417742729187,0.29667407274246216,0.1936091184616089,0.9693319201469421,0.6831554770469666,0.5918918251991272,0.6131232380867004,0.29654937982559204,0.14408105611801147,0.36481863260269165,0.5596902966499329,0.42371612787246704,0.8285835385322571,0.5181036591529846,0.7689390778541565,0.38265460729599,0.7146510481834412,0.3824008107185364,0.7249525189399719,1.4577810764312744,1.261286973953247,1.2453773021697998,0.6722939610481262,0.876229465007782,0.3722371459007263,0.6716119647026062,0.5866053700447083,0.5604656338691711,0.4847375750541687,1.384589672088623,1.0799119472503662,1.0084185600280762,1.0529558658599854,1.2682709693908691
offset,0.697,0.13803601264953613,0.10076355934143066,0.0,0.18210875988006592,0.349550724029541,0.0,0.06869053840637207,0.9163098335266113,0.8835980892181396,0.6698101758956909,1.1692551374435425,1.0231460332870483,1.4665688276290894,1.6583369970321655,1.1672996282577515,1.3493977785110474,0.6091119050979614,1.2037979364395142,1.2793086767196655,1.0366867780685425,0.540984034538269,0.3935943841934204,0.18441498279571533,0.0,0.19664883613586426,0.4434610605239868,0.0,0.08033943176269531,0.0,0.6568151712417603,0.7596746683120728,0.1874147653579712,0.2220853567123413,0.13754570484161377,0.23707246780395508,0.4330812692642212,0.031175971031188965,0.14719009399414062,0.10041511058807373,0.12458193302154541,0.5970247983932495,0.028780221939086914,0.617745041847229,0.0,0.26611173152923584,0.4501882791519165,0.13142728805541992,0.5818518400192261
offset,0.484,0.3101910352706909,0.013256669044494629,0.17215591669082642,0.2706291675567627,0.6442309021949768,0.5071213841438293,0.4037402868270874,0.22920173406600952,0.2703642249107361,0.0,0.1103982925415039,0.34583503007888794,0.39236485958099365,0.03501814603805542,0.0820818543434143,0.10106682777404785,0.0582236647605896,0.10081076622009277,0.4905998110771179,0.27309197187423706,0.0,0.5671488642692566,0.7571442723274231,0.7649808526039124,0.9689385294914246,0.8282918334007263,0.7786810994148254,0.38520294427871704,0.5722571015357971,0.7932998538017273,0.6184155344963074,0.8095572590827942,0.5743927359580994,0.07117730379104614,0.22028475999832153,0.8404631018638611,0.5164805054664612,0.8759385943412781,1.046658992767334,1.0133249759674072,0.8922795653343201,0.5808588862419128,0.7781757712364197,1.0657837390899658,0.7088833451271057,0.8216413855552673,1.0105960369110107,0.47512274980545044
offset,0.475,0.15942609310150146,0.7297244071960449,0.9172554016113281,1.0141500234603882,0.33643442392349243,1.307369589805603,0.7604515552520752,0.3735090494155884,0.16571307182312012,0.0,0.0,0.0,0.0,0.25152313709259033,0.6232086420059204,0.9058605432510376,0.6912727355957031,1.531955599784851,1.1022943258285522,1.2648202180862427,1.5092917680740356,0.8798848390579224,1.3882032632827759,1.0248147249221802,1.182332992553711,1.3163983821868896,1.4727574586868286,0.8792486190795898,0.6472835540771484,0.22433578968048096,0.1540030837059021,0.3118981719017029,0.4692113399505615,0.6557741165161133,0.7538679838180542,0.7756303548812866,0.9428863525390625,0.4041746258735657,0.7895848751068115,0.0,0.29427945613861084,0.34354233741760254,0.49191081523895264,1.2782362699508667,0.7624673843383789,0.26161181926727295,0.2750924825668335,0.13998794555664062
offset,0.424,0.5311629772186279,0.270208477973938,0.2755800485610962,0.4491325616836548,0.5825902223587036,0.6957790851593018,0.5520001649856567,1.0218842029571533,1.0340059995651245,1.394451379776001,1.2166551351547241,1.2341059446334839,1.0834070444107056,0.9925541877746582,0.7219809293746948,0.35453325510025024,0.1003950834274292,0.4353712797164917,1.071926236152649,1.1467901468276978,1.118510127067566,1.5356863737106323,0.8615609407424927,0.2824292778968811,0.4893275499343872,0.624862790107727,0.39351946115493774,0.01172715425491333,0.8094576597213745,0.4949357509613037,1.082783818244934,1.0209428071975708,0.7030602693557739,0.29939305782318115,0.4349166750907898,1.1748915910720825,1.246567964553833,0.8548281192779541,0.5521737337112427,0.30549442768096924,0.5761263370513916,0.7110103368759155,0.819456934928894,0.6297904253005981,0.9564439058303833,0.8817243576049805,1.1160008907318115,1.6739851236343384
offset,0.321,0.0,0.4646894037723541,0.45413699746131897,0.0,0.22500231862068176,0.4332050383090973,0.3599450886249542,0.5022845268249512,0.5761685371398926,0.7079834938049316,0.7065906524658203,0.61603844165802,0.6141482591629028,0.6375192403793335,0.15509632229804993,0.6291093826293945,0.5210261344909668,0.630024790763855,0.6379661560058594,0.5087200403213501,0.5312104225158691,0.7549751996994019,0.6381518840789795,0.6065394878387451,0.9545607566833496,0.92580246925354,0.7745426893234253,0.8987566232681274,0.6563217639923096,0.7515610456466675,0.8981807231903076,1.0717731714248657,1.0589873790740967,1.2630964517593384,1.060834527015686,0.6831138134002686,1.0941178798675537,0.5635071992874146,1.2433186769485474,1.0578718185424805,0.9473363161087036,0.33304306864738464,0.9136720895767212,1.0430936813354492,1.2899458408355713,1.1407142877578735,1.1327091455459595,0.9271553754806519
offset,0.39,0.03087592124938965,0.5567914247512817,0.08189427852630615,0.17102909088134766,0.3986247777938843,0.9767487049102783,0.9964512586593628,0.748150110244751,0.5791292190551758,0.4628281593322754,1.0074211359024048,1.4666345119476318,1.5408143997192383,1.50492525100708,0.6726201772689819,0.950272798538208,1.4615521430969238,1.5268139839172363,1.1213765144348145,1.505096197128296,1.3069902658462524,1.3628898859024048,1.0712472200393677,0.6388828754425049,0.9232908487319946,0.864690899848938,0.7267060279846191,0.4891996383666992,0.38227593898773193,0.5970351099967957,0.6915900707244873,0.763530969619751,0.2771263122558594,0.0,0.0,0.0,0.2873455286026001,0.0,0.0,0.0,0.0,0.05583411455154419,0.22445076704025269,0.2320834994316101,0.09119182825088501,0.0,0.09688198566436768,0.0
offset,0.662,1.6667451858520508,1.3194398880004883,0.9449960589408875,1.1385958194732666,1.0251145362854004,0.9137097001075745,0.9719272255897522,0.86160808801651,0.3706147074699402,0.5470207333564758,0.1996205449104309,0.29473191499710083,0.0,0.0,0.0,0.0,0.2971723675727844,0.380723774433136,0.09430402517318726,0.0,0.07603460550308228,0.0,0.0,0.0,0.36932510137557983,0.6331811547279358,0.8553922772407532,0.7661105990409851,0.9802325367927551,1.2666263580322266,0.5979042649269104,0.05665379762649536,0.27717405557632446,0.0,0.0,0.0,0.3565078377723694,0.339447557926178,0.7818679213523865,0.7211883664131165,0.17929083108901978,0.5642781853675842,0.36020129919052124,0.524242103099823,0.3887931704521179,0.21979552507400513,0.6631380915641785,0.7231449484825134
offset,0.234,0.6379078030586243,0.7724588513374329,0.6797944903373718,0.5077874064445496,0.4612920880317688,0.31179535388946533,0.6614167094230652,0.5736398100852966,0.5382797122001648,0.28014659881591797,0.2950688600540161,0.4561215043067932,0.7259646654129028,1.1001477241516113,1.0244879722595215,0.9017474055290222,1.0688177347183228,1.046006202697754,0.9972837567329407,1.4871076345443726,1.1836546659469604,0.6329659819602966,0.8058480024337769,0.9346409440040588,0.5372398495674133,0.39816927909851074,0.3540378212928772,0.5698614716529846,0.317521333694458,0.15538255870342255,0.5245924592018127,0.31558817625045776,0.12001530826091766,0.2553641200065613,0.20040999352931976,0.25566256046295166,0.29492008686065674,0.49100059270858765,0.2633553147315979,0.5100038647651672,0.6001735925674438,0.1416204422712326,0.5353066325187683,0.6295629739761353,0.40129512548446655,0.751331090927124,0.46783339977264404,0.2722257971763611
offset,0.69,0.38624656200408936,0.3639873266220093,0.3747103214263916,0.4393761157989502,0.5909773111343384,0.3663862943649292,0.7742973566055298,0.09446084499359131,0.3043479919433594,0.39244866371154785,0.0,0.38556087017059326,0.0,0.3560706377029419,0.7224864959716797,0.48194313049316406,0.4967273473739624,0.31334567070007324,0.2535454034805298,0.7072954177856445,0.37697672843933105,0.572471022605896,0.9345493316650391,0.8898240327835083,0.6178339719772339,0.5965516567230225,0.5991833209991455,0.5253286361694336,0.5988811254501343,0.7715295553207397,0.9146032333374023,0.8139052391052246,1.1890277862548828,0.6034092903137207,0.6091678142547607,0.7290651798248291,0.22889220714569092,0.12154197692871094,0.0,0.00648266077041626,0.09888601303100586,0.5719336271286011,0.15665459632873535,0.19272494316101074,0.0,0.3235342502593994,0.20007574558258057,0.4980428218841553
offset,0.467,1.098881483078003,0.9406660199165344,0.8076373934745789,0.8188039660453796,0.5909745097160339,0.7847806811332703,0.849548876285553,0.6860089898109436,0.5652351975440979,0.6594553589820862,0.8487972617149353,0.8110408186912537,1.1518621444702148,1.2119152545928955,0.7685886025428772,0.8307017683982849,0.7570105195045471,0.6849389672279358,0.6148714423179626,0.44383877515792847,0.4074295163154602,0.18447989225387573,0.11944836378097534,0.0,0.04782384634017944,0.0630420446395874,0.3562880754470825,0.43295401334762573,0.5249689221382141,0.34678739309310913,0.5025388598442078,0.3462781310081482,0.06898599863052368,0.4651591181755066,0.3474242091178894,0.7130119204521179,0.7335976958274841,0.6548078656196594,0.9186225533485413,0.9906854033470154,1.29264497756958,1.0738303661346436,0.6107047200202942,0.8242053389549255,0.8491047024726868,1.1048104763031006,1.0881237983703613,1.1607201099395752
offset,0.61,0.4634411931037903,0.0,0.0,0.0,0.0,0.0,0.0,0.0,0.0,0.27867311239242554,0.24794822931289673,0.5671722292900085,0.281676709651947,0.307564377784729,0.4718537926673889,0.0,0.0,0.487122118473053,0.7952294945716858,1.0419378280639648,1.2011408805847168,1.5108976364135742,1.6319966316223145,0.9942795634269714,0.40572279691696167,0.8157132267951965,1.048130750656128,1.0281238555908203,1.2621722221374512,0.8259153962135315,0.8449684977531433,0.895231306552887,0.5523741841316223,0.6838100552558899,0.5417107939720154,0.3313668370246887,0.0,0.4023144841194153,0.16187304258346558,0.14605432748794556,0.4248320460319519,0.0,0.0,0.09325152635574341,0.4503726363182068,0.3441133499145508,0.3852553963661194,0.03152662515640259
offset,0.348,0.0,0.0,0.13338378071784973,0.38931235671043396,0.7845213413238525,0.533677339553833,0.2560112178325653,1.1207164525985718,0.9729982614517212,1.1003366708755493,1.0662623643875122,1.2181557416915894,0.7587713003158569,0.9705302715301514,1.2659775018692017,1.1142258644104004,0.22465547919273376,0.08913055062294006,0.967727780342102,0.9973280429840088,0.4920376241207123,0.3208467662334442,0.6523317098617554,0.054334014654159546,0.41111013293266296,0.7559268474578857,0.48879775404930115,0.6002767086029053,1.2287089824676514,0.8771053552627563,0.6904330253601074,0.5079258680343628,1.09702467918396,1.2265496253967285,1.0113344192504883,1.0182428359985352,0.0,0.22827062010765076,0.16547635197639465,0.0,0.0,0.0,0.0,0.455951064825058,0.9733506441116333,0.6841697692871094,0.8428418636322021,1.324191689491272
offset,0.426,1.0031750202178955,1.3808441162109375,0.902915358543396,0.6385307312011719,0.8830785751342773,0.6008650064468384,0.6571329832077026,0.6553789377212524,0.7919620275497437,0.652252197265625,0.04483598470687866,0.15985792875289917,0.32082676887512207,0.0,0.0,0.5371125340461731,0.3085113763809204,0.12994086742401123,0.16981208324432373,0.4627012014389038,0.1804652214050293,0.3876791000366211,0.36946284770965576,0.35849618911743164,0.5637003183364868,0.7489972114562988,0.7653712034225464,0.7380295991897583,0.4836743474006653,0.8041326999664307,0.6469659805297852,0.6069923639297485,0.4036102294921875,0.5335589647293091,0.48287391662597656,0.3301424980163574,0.07522547245025635,0.14053714275360107,0.5597949028015137,0.2006508708000183,0.09254699945449829,0.16201043128967285,0.723246693611145,1.2055271863937378,1.4881566762924194,1.4031537771224976,0.9321403503417969,1.019059419631958
offset,0.582,0.9105687141418457,0.9959707260131836,1.1647891998291016,1.7408747673034668,1.5688962936401367,1.2114155292510986,0.5674282312393188,0.9502077102661133,0.9334712028503418,0.8796291351318359,0.7146400213241577,0.6417669057846069,0.6771869659423828,1.3548414707183838,0.36077165603637695,0.4334757328033447,0.3321998119354248,0.785889744758606,0.1885472536087036,0.6774380207061768,1.10978102684021,0.8879015445709229,1.2376773357391357,1.3671085834503174,1.3670094013214111,1.2740089893341064,0.8240442276000977,1.0437304973602295,0.9285867214202881,1.0784485340118408,0.9219183921813965,0.2867697477340698,0.31308627128601074,0.38008999824523926,0.7474930286407471,0.309245228767395,0.6273313760757446,0.2498643398284912,0.555168628692627,0.08554351329803467,0.1434842348098755,0.5010923147201538,0.6635628938674927,0.6582643985748291,0.8962231874465942,0.27566754817962646,0.0,0.010962367057800293
offset,0.486,0.9758109450340271,1.457146406173706,1.0154595375061035,1.3693594932556152,0.9772265553474426,1.2902016639709473,0.7492775321006775,1.0283501148223877,1.2689130306243896,0.8850014805793762,1.3781497478485107,0.9296771883964539,1.258770227432251,1.145411491394043,0.8909798264503479,0.6767939925193787,0.6622379422187805,1.168041467666626,0.667853057384491,0.6687057614326477,0.7138078808784485,0.997351348400116,0.9237390160560608,1.3086621761322021,1.3157029151916504,1.1845216751098633,1.1445691585540771,1.0717928409576416,0.8017463088035583,0.641306459903717,0.7364436984062195,0.15943211317062378,0.7727640271186829,0.0,0.18088388442993164,0.0,0.0,0.0,0.0,0.0,0.0,0.0,0.07879596948623657,0.0,0.0,0.20197826623916626,0.1701316237449646,0.17651516199111938
offset,0.515,0.0,0.0,0.0,0.058267056941986084,0.06433838605880737,0.0,0.0,0.0,0.3463402986526489,0.07173854112625122,0.17259597778320312,0.2723442316055298,0.4356094002723694,0.4848756790161133,0.5592681169509888,0.6580653786659241,0.8828767538070679,0.7548519372940063,0.8332823514938354,0.0,0.021816372871398926,0.18659472465515137,0.3363947868347168,0.46769893169403076,0.5973994731903076,0.6089737415313721,0.9222549200057983,0.9173750877380371,0.13262289762496948,0.06473994255065918,0.08145242929458618,0.08052271604537964,0.0,0.0,0.0,0.0,0.3629588484764099,0.41593122482299805,0.33094120025634766,0.6053081750869751,0.31256622076034546,0.351737380027771,0.1512477993965149,0.30858612060546875,0.38434791564941406,0.2773192524909973,0.5047510862350464,0.8006483316421509
offset,0.322,0.0,0.23807433247566223,0.21811553835868835,0.38963302969932556,0.15110865235328674,0.33177080750465393,0.3392767608165741,0.14781364798545837,0.8097423315048218,0.6603748798370361,0.8482151031494141,1.1364094018936157,1.2364006042480469,0.9560691118240356,0.9124103784561157,0.5116673707962036,0.2794099748134613,0.5364158153533936,0.8209953308105469,0.8783321380615234,1.3793071508407593,1.1428782939910889,1.1118735074996948,1.2082406282424927,1.6495318412780762,1.6321117877960205,2.003105640411377,1.2939461469650269,1.369979977607727,0.87871253490448,0.5767576694488525,0.14745470881462097,0.504061222076416,1.1582603454589844,1.179695725440979,1.3199546337127686,0.9587360620498657,1.395873785018921,0.6627184152603149,0.2447887361049652,0.44211509823799133,0.7669248580932617,1.2803696393966675,1.4679062366485596,0.5337251424789429,0.5416349172592163,0.1624487340450287,0.7483268976211548
offset,0.777,1.5922257900238037,1.1003549098968506,1.1218130588531494,0.917782187461853,0.897721529006958,1.170320749282837,0.9847338199615479,0.7608840465545654,0.16440832614898682,0.008100152015686035,0.4106009006500244,0.2904074192047119,0.0,0.0,0.026423335075378418,0.0,0.0,0.29543614387512207,0.40643203258514404,0.36690568923950195,0.10088944435119629,0.15017497539520264,0.29920506477355957,0.5266290903091431,0.2612786293029785,1.0108506679534912,0.5874407291412354,0.4712560176849365,0.22940409183502197,0.22957301139831543,0.2376805543899536,0.06637048721313477,0.13335788249969482,0.33366096019744873,0.21652638912200928,0.0,0.09888708591461182,0.15723919868469238,0.0,0.0,0.0,0.41549229621887207,0.0,0.1646517515182495,0.0,0.0,0.0,0.0
offset,0.384,0.8476967811584473,0.5482258796691895,1.1103196144104004,0.8600726127624512,0.8312085866928101,0.3753148317337036,0.3901033401489258,0.4098665118217468,0.7485061883926392,0.5810439586639404,0.633367657661438,0.4213148355484009,0.3852494955062866,0.47694897651672363,0.4212467074394226,0.4587738513946533,0.6124416589736938,0.38341403007507324,0.6043614149093628,0.0,0.6229697465896606,0.627397894859314,1.0418580770492554,1.346616268157959,1.0281307697296143,0.765836238861084,0.04157906770706177,0.5705780982971191,0.26461708545684814,0.738842248916626,0.8689461946487427,0.8760964870452881,1.5273092985153198,1.8936855792999268,1.3337225914001465,1.2247045040130615,1.0661360025405884,0.5067704916000366,1.0536437034606934,1.2514214515686035,1.1842615604400635,1.1159584522247314,1.1578490734100342,0.8510333299636841,0.7200876474380493,0.5218074321746826,0.693779706954956,0.2657848596572876
offset,0.354,0.0,0.0,0.0,0.03017568588256836,0.41719233989715576,0.6733201742172241,0.8073047399520874,1.1640300750732422,1.0883467197418213,1.5896176099777222,1.0749002695083618,1.2109824419021606,1.2190539836883545,1.0463006496429443,0.7259036302566528,0.5019010305404663,0.2983723282814026,0.29120397567749023,0.035627782344818115,0.2539418935775757,0.49002605676651,0.1128053069114685,0.9571847915649414,0.33544039726257324,0.42477238178253174,0.5271692872047424,0.2583889961242676,0.6601070165634155,0.35157352685928345,0.5326297283172607,0.49156665802001953,0.7260607481002808,0.849977970123291,1.0304030179977417,1.2978659868240356,1.5923477411270142,1.0720025300979614,1.0578221082687378,1.335422396659851,1.0467678308486938,0.8404501676559448,1.0550888776779175,1.1780827045440674,1.2112993001937866,1.1386466026306152,1.147139549255371,1.2066611051559448,1.3932374715805054
offset,0.454,0.5221055746078491,0.7051132917404175,0.9908169507980347,0.42942285537719727,0.7089934349060059,0.7726545333862305,0.644295334815979,0.24021703004837036,0.4004119634628296,0.35540783405303955,0.6542133092880249,0.4123145341873169,0.3325258493423462,0.0,0.1707007884979248,0.3704780340194702,0.5448338985443115,0.407802939414978,1.199161171913147,1.0877729654312134,1.1108428239822388,1.0826221704483032,0.9787458181381226,0.7247651815414429,1.1541998386383057,0.7751920223236084,0.9478466510772705,0.7289900779724121,0.3478848934173584,1.1647342443466187,1.5577105283737183,0.896831750869751,1.172009825706482,1.543415904045105,2.3746166229248047,1.5794075727462769,1.6860255002975464,0.9367872476577759,1.1273404359817505,1.5664786100387573,1.6038669347763062,1.277520775794983,0.9496055841445923,0.9529954195022583,0.7772656679153442,0.40991759300231934,0.5812981128692627,0.4671335220336914
offset,0.663,1.1761664152145386,0.7884953022003174,0.6639295816421509,0.39599406719207764,0.7549077272415161,0.5647395849227905,0.687652587890625,0.21468722820281982,0.26556122303009033,0.04123210906982422,0.15770292282104492,0.0,0.0,0.0,0.0,0.0,0.0,0.0,0.1648397445678711,0.0,0.0,0.0,0.0,0.227350115776062,0.0,0.07702767848968506,0.18400835990905762,0.7233082056045532,0.8401411771774292,1.141865849494934,1.0428228378295898,0.43421781063079834,0.34754669666290283,0.545315146446228,0.5196362733840942,0.7206395864486694,0.6969670057296753,0.587868332862854,0.5040231943130493,0.7063248157501221,0.8431884050369263,1.0633906126022339,1.0201406478881836,0.7848241329193115,0.7089086771011353,0.8428481817245483,1.2617298364639282,1.4096404314041138
offset,0.317,0.751011312007904,0.7436948418617249,0.44137704372406006,0.7626408934593201,0.8352007269859314,1.2036395072937012,1.2495274543762207,1.2122118473052979,1.1590328216552734,1.1496236324310303,1.3170888423919678,1.0444974899291992,1.3628261089324951,1.4325575828552246,1.609098196029663,1.2606525421142578,1.574110507965088,1.2879674434661865,1.0726726055145264,0.7475871443748474,0.44845694303512573,0.4572708010673523,0.5554679036140442,0.710459291934967,0.44028276205062866,0.40684157609939575,0.007162988185882568,0.10595911741256714,0.43515700101852417,0.5984477400779724,0.7723975777626038,0.4651258587837219,0.2859681248664856,0.8081076741218567,0.8001821637153625,0.7300223708152771,0.983241856098175,0.683609664440155,0.4923667907714844,0.709618866443634,0.9121406674385071,1.0436131954193115,1.3262295722961426,1.2956318855285645,1.347357988357544,1.803954839706421,1.3697302341461182,1.330383062362671
offset,0.282,1.2245019674301147,1.0046038627624512,0.9492802619934082,1.0798022747039795,1.5029115676879883,1.016754150390625,1.1674714088439941,0.9936056137084961,0.5734344720840454,1.1970915794372559,0.8231333494186401,0.2707410156726837,0.17939254641532898,0.2415781319141388,0.0,0.5777968168258667,0.5538519620895386,0.5181822776794434,0.11456993222236633,0.5870132446289062,0.7556867599487305,1.0284088850021362,1.045170545578003,1.1000583171844482,0.9131518602371216,0.9638857841491699,1.2729746103286743,1.3426964282989502,1.2254679203033447,1.1635264158248901,1.3064358234405518,1.5237517356872559,2.0030932426452637,1.7775678634643555,1.3589272499084473,1.7128715515136719,1.4040864706039429,1.4489001035690308,1.2108210325241089,0.8925752639770508,0.9916286468505859,0.9193341732025146,0.9356709718704224,1.0396137237548828,1.129883885383606,1.1885552406311035,1.5614583492279053,2.2843005657196045
offset,0.661,0.47571492195129395,0.49482524394989014,0.675773024559021,0.3511061668395996,0.6518959999084473,0.5407044887542725,0.05085408687591553,0.45023107528686523,0.4915597438812256,0.746645450592041,0.48173391819000244,1.033376932144165,0.5363671779632568,0.6168808937072754,0.44006097316741943,0.3132423162460327,0.5297341346740723,0.24419140815734863,0.9945526123046875,0.7892124652862549,0.7964229583740234,0.6950658559799194,0.8744925260543823,0.7035596370697021,0.764161229133606,0.22871005535125732,0.05609583854675293,0.0,0.0,0.0,0.0,0.0,0.316439151763916,0.8589874505996704,0.9946991205215454,1.044293999671936,0.5987701416015625,0.7191195487976074,0.32182180881500244,0.0,0.0,0.6036413908004761,0.8730524778366089,0.6962316036224365,0.6313567161560059,0.20339250564575195,0.1453688144683838,0.008793234825134277
offset,0.493,0.3648269772529602,0.0,0.0,0.2683207392692566,0.0,0.0,0.28134262561798096,0.06897121667861938,0.0,0.46993952989578247,0.0,0.0,0.73936527967453,0.3276174068450928,0.979992687702179,1.074634313583374,0.8050798773765564,0.8713086247444153,0.8064060807228088,0.7517189383506775,0.6780756115913391,0.5552156567573547,0.8469873070716858,0.8036752343177795,0.2133907675743103,0.1008564829826355,0.0,0.6725285649299622,1.395172357559204,0.9022839665412903,0.5707628130912781,0.8431969285011292,0.2267652153968811,0.7890421748161316,0.6160293221473694,0.9147832989692688,0.5943109393119812,0.4205605387687683,0.0,0.5679744482040405,0.20740288496017456,0.4749682545661926,0.2705676555633545,0.0,0.0,0.19515371322631836,0.6902924180030823,0.7607945799827576
offset,0.594,0.08256655931472778,0.0,0.0,0.1766713261604309,0.29866182804107666,0.0,0.252193808555603,0.6831987500190735,1.1249992847442627,0.8875470757484436,0.3936975598335266,0.11860603094100952,0.2733343839645386,0.0,0.5689111351966858,0.21018266677856445,0.029742419719696045,0.0,0.35681623220443726,0.3170011043548584,0.5835959315299988,0.5151479840278625,1.0869948863983154,0.7166121602058411,0.32578045129776,0.06761592626571655,0.0,0.3766314387321472,0.0992397665977478,0.2090412974357605,0.1555817723274231,0.22275233268737793,0.38552504777908325,1.0703718662261963,1.3711223602294922,1.33817458152771,0.793535053730011,0.36019009351730347,0.5825923085212708,0.49840158224105835,0.8944999575614929,0.7483523488044739,0.9100634455680847,0.854780375957489,0.7957820296287537,0.7892561554908752,1.0409557819366455,0.6710072159767151
offset,0.573,1.6808339357376099,1.5966237783432007,1.3621302843093872,1.2032617330551147,0.8238774538040161,0.7913488149642944,0.48538005352020264,0.39581990242004395,0.7710421085357666,0.6475919485092163,0.5935441255569458,0.6389017105102539,0.43696510791778564,0.13099682331085205,0.572324275970459,0.7237352132797241,0.8707818984985352,1.0029033422470093,1.6009968519210815,1.337903380393982,1.3329218626022339,1.274476408958435,1.2051385641098022,1.0914546251296997,1.1141713857650757,1.565794825553894,1.024731993675232,0.2563244104385376,0.5027412176132202,0.19760316610336304,0.0,0.0,0.0,0.49451279640197754,0.0,0.0,0.0,0.0,0.0,0.0,0.0,0.0,0.0,0.48751378059387207,0.5300514698028564,0.9777216911315918,0.9385147094726562,0.4465368986129761
offset,0.65,0.5325927734375,0.6605732440948486,0.7948940992355347,0.9813781976699829,1.2822482585906982,0.505717396736145,0.2696630358695984,0.5993344783782959,0.7798070907592773,0.3974766731262207,0.1554654836654663,0.1306978464126587,0.2931045889854431,0.03896605968475342,0.18951785564422607,0.40512216091156006,0.7752916812896729,0.7856894731521606,0.563961386680603,0.6498579978942871,0.2680758833885193,0.3423478603363037,0.5372306108474731,0.886284351348877,0.861247181892395,0.8940702676773071,0.3508812189102173,0.14217758178710938,0.0,0.0,0.0,0.3352771997451782,0.5244829654693604,0.6981039047241211,0.2841314673423767,0.4527479410171509,0.0,0.0,0.0,0.08186185359954834,0.0,0.0,0.0,0.36986851692199707,0.3156459927558899,0.2454116940498352,0.5113018751144409,0.10661482810974121
offset,0.406,0.2959073781967163,0.0,0.011366188526153564,0.39001214504241943,0.5120026469230652,0.06812781095504761,0.46553462743759155,0.896539568901062,1.338340163230896,1.1008878946304321,0.6070383787155151,0.33194684982299805,0.4866752028465271,0.20458418130874634,0.7822519540786743,0.423523485660553,0.24308323860168457,0.05105823278427124,0.5701570510864258,0.5303419232368469,0.7969367504119873,0.7284888029098511,1.3003357648849487,0.9299529790878296,0.5391212701797485,0.2809567451477051,0.06549471616744995,0.5899722576141357,0.31258058547973633,0.422382116317749,0.3689225912094116,0.43609315156936646,0.5988658666610718,1.2837127447128296,1.5844632387161255,1.5515154600143433,1.0068758726119995,0.573530912399292,0.7959331274032593,0.7117424011230469,1.1078407764434814,0.9616931676864624,1.1234042644500732,1.0681211948394775,1.0091228485107422,1.0025969743728638,1.2542966604232788,0.8843480348587036
offset,0.463,1.2234525680541992,0.8728197813034058,0.854127049446106,1.0547583103179932,1.3992080688476562,1.7972164154052734,1.8119616508483887,1.6610932350158691,1.093423843383789,0.8685283660888672,0.9795644283294678,1.0364573001861572,1.2716898918151855,1.1810166835784912,0.6290192604064941,0.5427052974700928,0.13654959201812744,0.0,0.4221590757369995,0.60094153881073,0.7672829627990723,0.3700636625289917,0.23095214366912842,0.5916246175765991,0.39000189304351807,0.9466655254364014,0.855675220489502,0.3252071142196655,0.6078052520751953,0.1692134141921997,0.7425731420516968,0.7207858562469482,0.35418522357940674,1.0426678657531738,0.7323048114776611,0.6069246530532837,1.1548326015472412,0.9979212284088135,0.49066150188446045,0.563165545463562,0.22668582201004028,0.678185224533081,1.0206657648086548,0.7667566537857056,0.5812420845031738,1.092354655265808,0.8635216951370239,0.15207672119140625
offset,0.494,0.0,0.2573089599609375,0.1190144419670105,0.625575602054596,0.6943425536155701,0.6872357726097107,0.7645134329795837,0.23209315538406372,0.510881245136261,0.017259061336517334,0.6877908110618591,0.1406646966934204,0.21297425031661987,0.14577370882034302,0.25265592336654663,0.1714169979095459,0.39071208238601685,0.5484438538551331,0.6786858439445496,0.45114666223526,0.49855297803878784,0.6667097210884094,0.9834168553352356,1.1155779361724854,1.5316052436828613,1.5638365745544434,1.6450819969177246,1.4666192531585693,1.3788762092590332,1.5230021476745605,1.4295861721038818,1.0672831535339355,0.9068456292152405,0.9980431199073792,0.8110368847846985,1.034198522567749,0.8576158881187439,1.1330397129058838,0.8950070738792419,0.8902629017829895,0.8018285632133484,0.6103447079658508,0.7407291531562805,0.8025828003883362,0.860696017742157,0.8068614602088928,0.7807720303535461,0.36584144830703735
offset,0.465,2.0593652725219727,2.624272108078003,2.409733533859253,1.8283684253692627,1.3024349212646484,1.0649733543395996,1.0385866165161133,1.2400224208831787,1.038459062576294,0.9245802760124207,0.9207072854042053,0.2966770529747009,0.030816316604614258,0.25400787591934204,0.1286059021949768,0.5058130621910095,0.41973310708999634,0.8232234120368958,1.029613733291626,0.883007824420929,0.9939239621162415,1.0745468139648438,1.1823368072509766,0.9645727276802063,0.6604129672050476,0.7762011885643005,0.9916686415672302,1.0138354301452637,1.4333453178405762,1.2430310249328613,1.0077581405639648,0.8684950470924377,0.5413028597831726,1.237929105758667,1.3880088329315186,0.851667582988739,0.12832677364349365,0.4349208474159241,0.0,0.6569786667823792,0.4672401547431946,0.5753476023674011,0.617859423160553,0.5508905053138733,0.409900963306427,0.3577936291694641,0.26457542181015015,0.7414016127586365
offset,0.584,0.0,0.019536972045898438,0.0,0.029235243797302246,0.3784258961677551,0.22866153717041016,0.48749130964279175,0.29243195056915283,0.3089776635169983,0.0,0.0,0.15079665184020996,0.053740501403808594,0.49745428562164307,0.0,0.0,0.0,0.0,0.0,0.0,0.2406773567199707,0.0,0.0,0.3492928743362427,0.026563704013824463,0.20606237649917603,0.36605238914489746,0.23019540309906006,0.3058816194534302,0.0,0.4882621169090271,0.08064919710159302,0.5257696509361267,0.7818387746810913,0.4881119132041931,1.0825879573822021,0.6438546180725098,0.40046226978302,0.7195925712585449,1.0134066343307495,1.0743159055709839,0.7596417665481567,0.7408143281936646,0.5102866291999817,0.5715794563293457,0.3257024884223938,0.57414710521698,0.582433819770813
offset,0.283,0.0,0.27944836020469666,0.45881369709968567,0.6198779344558716,0.2627114951610565,0.0,0.0,0.2584763467311859,0.20455071330070496,0.5666382312774658,0.5847834348678589,0.5587741136550903,0.49223592877388,1.0535131692886353,1.3812835216522217,0.9524428844451904,1.1304278373718262,1.0501219034194946,1.1533868312835693,0.45311668515205383,0.41149047017097473,1.122073769569397,1.4087746143341064,1.104080080986023,0.903649091720581,0.490582138299942,0.6804502010345459,0.8055468797683716,0.35702189803123474,0.40776219964027405,0.5654195547103882,0.9179284572601318,1.2837321758270264,1.3992657661437988,1.3328263759613037,1.5912158489227295,1.1472022533416748,1.2063485383987427,1.6291325092315674,1.7547287940979004,2.0886130332946777,1.4302798509597778,1.2268357276916504,1.012710690498352,1.1273506879806519,0.8628699779510498,0.9966452121734619,1.325195550918579
offset,0.304,1.562257170677185,1.70728600025177,1.7426332235336304,0.4085390865802765,0.8372561931610107,0.8086426258087158,0.3770798146724701,0.7584973573684692,0.6597986221313477,0.550529956817627,0.9698888063430786,1.2540408372879028,1.7312570810317993,1.5224305391311646,1.4907246828079224,1.1663347482681274,0.5099953413009644,0.5888118743896484,1.4618419408798218,1.4907399415969849,1.6478976011276245,1.7068661451339722,1.5989869832992554,0.9199028015136719,1.327768087387085,0.9877265691757202,0.9383786916732788,1.573585867881775,1.2107223272323608,1.2576823234558105,0.828371524810791,0.8202023506164551,0.6529232263565063,1.0573015213012695,1.417142629623413,1.1952459812164307,1.2773759365081787,1.5156100988388062,0.9640039205551147,0.8318618535995483,0.7446016073226929,0.8617916107177734,0.959792971611023,0.8844850063323975,1.4307957887649536,0.7463948726654053,0.6589769124984741,1.1280726194381714
offset,0.777,0.7794049382209778,0.636370837688446,0.51535564661026,0.6788989901542664,0.5054236054420471,0.4182317852973938,0.42006415128707886,0.15912991762161255,0.5849196314811707,0.649751603603363,0.48091667890548706,0.1368439793586731,0.0788159966468811,0.09963709115982056,0.22969436645507812,0.267622172832489,0.0,0.0,0.5549834370613098,0.4534692168235779,0.3996836543083191,0.34604328870773315,0.17143601179122925,0.0,0.046418964862823486,0.2574348449707031,0.02690988779067993,0.0,0.0,0.0,0.09529536962509155,0.21117174625396729,0.05701249837875366,0.0,0.07462269067764282,0.06817704439163208,0.1631922721862793,0.0,0.0,0.0,0.0,0.3066135048866272,0.43676549196243286,0.05888020992279053,0.0,0.11205154657363892,0.1992442011833191,0.2072213888168335
offset,0.215,0.9945956468582153,1.3703417778015137,1.733717918395996,1.5895848274230957,0.9285229444503784,1.2033631801605225,0.9762628078460693,1.049845814704895,0.7069236040115356,1.4565331935882568,1.7130178213119507,1.3697476387023926,1.2517645359039307,0.8619219064712524,0.9125257730484009,1.1428706645965576,0.9345419406890869,1.1166210174560547,1.7335257530212402,1.6571911573410034,1.4818668365478516,1.6825356483459473,2.0457441806793213,1.501189947128296,2.061339855194092,1.5432238578796387,1.5680749416351318,1.1637457609176636,0.9697872400283813,0.8763307332992554,0.9335503578186035,1.0840128660202026,0.7367008924484253,1.0291228294372559,0.3341391682624817,0.592854380607605,0.4225544333457947,0.4375169277191162,0.22197479009628296,0.0,0.48547816276550293,0.208146870136261,0.346613347530365,0.43582338094711304,0.34172284603118896,0.2728500962257385,0.0,0.0
offset,0.299,0.3638779819011688,0.5680352449417114,0.3168017566204071,0.6128230094909668,0.5541234016418457,0.3437449634075165,0.5940804481506348,0.124235600233078,0.028872281312942505,0.0,0.38851413130760193,0.5668988227844238,0.6517801284790039,0.5212615728378296,0.3031279146671295,0.6083492040634155,0.3374515473842621,0.7254993915557861,0.7998392581939697,1.492794156074524,1.0258744955062866,0.6743826866149902,0.6081398725509644,1.018852710723877,0.7946007251739502,0.6199562549591064,0.94923996925354,0.9756886959075928,0.8428686857223511,1.1209752559661865,1.4274359941482544,1.3073283433914185,1.1745814085006714,1.383996605873108,1.8826113939285278,1.5893882513046265,1.8024245500564575,1.6358014345169067,1.4134382009506226,1.1493020057678223,1.0267741680145264,0.9414771795272827,0.9683398008346558,0.4286222755908966,0.8026273250579834,0.8641914129257202,0.4128135144710541,0.7044827938079834
offset,0.485,1.0300166606903076,1.1654613018035889,1.4068877696990967,1.1448919773101807,0.7279017567634583,0.4820501208305359,0.6933824419975281,0.8656815886497498,0.6221621632575989,0.5296899676322937,0.3011499047279358,0.5557765364646912,0.1633928418159485,0.3873840570449829,0.5797144770622253,0.7828426957130432,0.8321631550788879,0.6605218052864075,0.45702117681503296,0.7124457955360413,0.537415087223053,0.4079599976539612,0.8809927105903625,0.5647074580192566,0.4831885099411011,0.1413310170173645,0.4344784617424011,0.4354524612426758,0.23567861318588257,0.4009200930595398,0.3455771207809448,0.40411603450775146,0.6552401185035706,0.6053022742271423,1.158890962600708,0.9267387986183167,0.5728732943534851,0.3550681471824646,0.16148924827575684,0.08949947357177734,0.05980879068374634,0.2800009846687317,0.10620951652526855,0.40385180711746216,0.2050309181213379,0.3257386088371277,0.34319549798965454,0.1742916703224182
offset,0.475,1.782247543334961,1.440800666809082,1.2367208003997803,0.7908227443695068,1.1380469799041748,1.4408683776855469,0.875889778137207,0.9994988441467285,0.7233967781066895,0.8279606103897095,0.3766225576400757,0.8250956535339355,0.30761486291885376,0.7950305938720703,1.0215976238250732,0.9783977270126343,0.23617297410964966,0.3127825856208801,0.5944966077804565,0.3398122787475586,0.45337510108947754,0.688485860824585,0.8401074409484863,0.830693244934082,0.8894920349121094,0.16415929794311523,0.6919475793838501,0.5785609483718872,0.5225309133529663,0.14986741542816162,0.09335720539093018,0.632211446762085,0.8992544412612915,0.895012617111206,0.9074670076370239,0.6493401527404785,0.7330869436264038,0.566250205039978,0.6668541431427002,0.8810231685638428,0.8427284955978394,0.6887962818145752,1.056092381477356,1.0304806232452393,1.006340742111206,0.3118448853492737,0.1907649040222168,0.25247395038604736
offset,0.298,0.34987500309944153,0.5758256912231445,0.8671233654022217,0.4729222357273102,1.0584269762039185,0.7600270509719849,0.8879526853561401,1.2511948347091675,1.2317777872085571,1.229711890220642,1.0318673849105835,1.1681970357894897,0.8186850547790527,1.3033474683761597,0.7537789344787598,0.9839916229248047,1.0067627429962158,1.0084866285324097,0.44441649317741394,0.6269887685775757,0.34376052021980286,0.5241140127182007,0.6296849250793457,0.5288522243499756,0.8938237428665161,0.8150734901428223,0.8941816091537476,1.3002065420150757,1.8546825647354126,1.3537471294403076,1.361344337463379,0.6286249160766602,0.714972734451294,0.6326361894607544,0.7409942150115967,0.5982844829559326,0.3119402825832367,0.706039309501648,0.7298927307128906,1.003214716911316,1.1356042623519897,1.2392839193344116,1.1318771839141846,1.1980963945388794,1.18788480758667,0.9476238489151001,0.9317948818206787,1.1490015983581543
offset,0.675,0.5358679890632629,0.7988350987434387,0.3558330535888672,0.39841389656066895,0.0,0.15672266483306885,0.2301965355873108,0.6819178462028503,0.3274993300437927,0.019249558448791504,0.0,0.022153496742248535,0.11018764972686768,0.0,0.05966860055923462,0.0,0.0,0.1460062861442566,0.09301471710205078,0.7747659087181091,0.54835444688797,0.6445826888084412,0.5012445449829102,0.3245847821235657,0.5764936804771423,0.3445888161659241,0.18046611547470093,0.3061307668685913,0.6322997212409973,0.0,0.0,0.0012601613998413086,0.3739813566207886,0.2143281102180481,0.6968180537223816,0.27899593114852905,0.08311748504638672,0.0,0.0,0.0,0.025086700916290283,0.263985276222229,0.01610773801803589,0.0,0.1523216962814331,0.0,0.09434521198272705,0.19188636541366577
offset,0.31,1.1851458549499512,1.1299984455108643,0.7440299987792969,0.19535252451896667,0.5704481601715088,0.6295909881591797,0.5393333435058594,0.5392260551452637,0.4453013241291046,0.5460058450698853,0.5968364477157593,0.7585649490356445,0.7669786214828491,0.527652382850647,0.07651892304420471,0.16760560870170593,0.0,0.0,0.35336247086524963,0.3531881272792816,0.0077606141567230225,0.2069593369960785,0.20898130536079407,0.34395071864128113,0.0,0.0,0.2098112404346466,0.7410286664962769,0.7233915328979492,0.4734451472759247,0.34767255187034607,0.46656516194343567,0.7768430709838867,0.5648757219314575,1.1727616786956787,1.1034973859786987,1.5600643157958984,1.1139265298843384,1.4870693683624268,1.5881898403167725,0.6686700582504272,0.8728784322738647,0.8802558183670044,1.09647536277771,0.6841986179351807,0.6377905607223511,0.705095648765564,0.9137927293777466
offset,0.444,0.0,0.0,0.0,0.0,0.1328487992286682,0.0,0.0,0.0,0.0,0.0,0.07384896278381348,0.2405475378036499,0.3584349751472473,0.03873598575592041,0.496529757976532,0.1822165846824646,0.3970344662666321,0.25874942541122437,0.46985924243927,0.2712172269821167,0.17680394649505615,0.538097620010376,0.952354371547699,1.2139606475830078,1.2498457431793213,1.1620864868164062,1.4918584823608398,1.2768568992614746,1.1306226253509521,1.3098485469818115,1.3586571216583252,1.0617895126342773,1.1502890586853027,0.8241302371025085,1.123438835144043,0.8328567147254944,0.8080779910087585,0.8102996945381165,0.6485679745674133,0.5394487380981445,0.5339347720146179,0.3375231623649597,0.4182794690132141,0.29706043004989624,0.13119405508041382,0.33705389499664307,0.7271146178245544,0.5402270555496216
offset,0.451,0.5763997435569763,0.4951454997062683,0.4713069796562195,0.5286434292793274,0.761461079120636,0.21218758821487427,0.07924079895019531,0.4283081889152527,0.03078359365463257,0.1414443850517273,0.16145795583724976,0.6525256037712097,0.4087870121002197,0.2396976351737976,0.24601787328720093,0.760683000087738,0.4820767045021057,0.3610547184944153,0.6680131554603577,1.3671684265136719,1.320390224456787,1.2127525806427002,1.149601697921753,1.3097009658813477,1.1641249656677246,1.299166202545166,1.025454044342041,1.1442644596099854,1.2917962074279785,1.498908281326294,1.5891544818878174,1.0691237449645996,1.2690863609313965,1.1820926666259766,0.8407198786735535,0.6097034811973572,0.20433908700942993,0.22585588693618774,0.514894425868988,0.2316097617149353,0.4636593461036682,0.6449052691459656,0.5611816048622131,0.32113373279571533,0.5077448487281799,0.41670936346054077,1.2283015251159668,0.9412141442298889
offset,0.297,0.23247236013412476,0.4781264662742615,0.377835214138031,0.997934877872467,0.8448979258537292,0.7171681523323059,0.42611628770828247,0.275520920753479,1.1285278797149658,1.1056482791900635,0.7534617781639099,0.3436063528060913,0.5152669548988342,0.5200574994087219,0.9766572117805481,1.234800100326538,0.2974192500114441,0.5384082198143005,0.24693048000335693,0.0,0.049801528453826904,0.7237624526023865,1.9899847507476807,1.7889869213104248,1.1019246578216553,1.46443772315979,1.293135404586792,1.1209890842437744,1.3709731101989746,1.3330833911895752,1.2307140827178955,1.0399320125579834,1.5113093852996826,1.39143967628479,1.9796264171600342,2.1686618328094482,1.2249438762664795,0.21449941396713257,0.6412490010261536,1.3615822792053223,1.2176434993743896,0.9583738446235657,1.1811723709106445,1.3176116943359375,0.927781879901886,1.3688199520111084,1.7110707759857178,1.4847955703735352
offset,0.754,0.4442827105522156,0.16159117221832275,0.24788838624954224,0.40174299478530884,0.7755947709083557,0.3268292546272278,0.638346254825592,0.12679308652877808,0.18304097652435303,0.014160096645355225,0.0,0.0,0.0,0.0,0.06106299161911011,0.0,0.035501062870025635,0.040857017040252686,0.3851913809776306,0.0,0.3579065203666687,0.20692306756973267,0.0,0.1555514931678772,0.2587723135948181,0.5974016785621643,0.21262747049331665,0.06168210506439209,0.572511613368988,0.3509085774421692,0.8257265686988831,0.7879212498664856,0.6608076691627502,0.6717104315757751,0.2930898070335388,0.23240727186203003,0.6039109826087952,0.5095074772834778,0.7221220135688782,0.6284309029579163,0.17468875646591187,0.4197470545768738,0.1941501498222351,0.06049686670303345,0.07562828063964844,0.19948500394821167,0.19765371084213257,0.19070595502853394
offset,0.601,0.7625967264175415,0.8082475662231445,0.7803183794021606,0.6223939657211304,0.5565952062606812,0.48578858375549316,0.24265456199645996,0.38913989067077637,0.22309553623199463,0.5224477052688599,0.0,0.01202458143234253,0.17171001434326172,0.6087514162063599,1.4812721014022827,1.213480830192566,0.9620554447174072,0.7351951599121094,0.8090946674346924,1.0097945928573608,0.30717933177948,0.7668002843856812,0.6734491586685181,1.047916293144226,0.4199182987213135,0.5987454652786255,0.3249237537384033,0.5663763284683228,0.9694269895553589,0.7661795616149902,0.4666212797164917,0.4116034507751465,0.5103940963745117,0.5946592092514038,0.6917957067489624,0.780754804611206,0.14107561111450195,0.3802154064178467,0.05025589466094971,0.649617075920105,0.7112358808517456,0.20734953880310059,0.633535623550415,0.497100830078125,0.6901508569717407,0.829628586769104,1.2256821393966675,1.3424328565597534
offset,0.23,0.7806176543235779,0.8959988951683044,1.004012107849121,0.6760991215705872,1.2002155780792236,1.1851017475128174,0.9857106804847717,0.8195319771766663,1.1678171157836914,1.392127513885498,1.19893479347229,1.4887707233428955,1.4915034770965576,1.1572530269622803,1.2369611263275146,0.9716857075691223,0.7264683842658997,1.0248098373413086,0.468664288520813,0.6477658748626709,0.5916236042976379,0.7524153590202332,0.6915745139122009,0.1749744415283203,0.622212827205658,0.6789329648017883,0.8552964329719543,0.8654657006263733,1.0263590812683105,1.0915656089782715,1.0286812782287598,1.1654703617095947,1.4030876159667969,1.0092217922210693,0.8271114230155945,0.7802441716194153,1.029041051864624,1.2747406959533691,1.7055978775024414,1.2596580982208252,1.2515742778778076,1.489854335784912,1.3053147792816162,1.422039270401001,1.2088048458099365,0.8244020342826843,0.995756208896637,0.9444790482521057
offset,0.56,0.5694820284843445,0.5467631220817566,0.2182813286781311,0.2970133423805237,0.6998263001441956,0.6366967558860779,0.12974685430526733,0.36759698390960693,0.06323999166488647,0.2908899784088135,0.17684000730514526,0.29304665327072144,0.0,0.028674423694610596,0.4057920575141907,0.4739595651626587,0.0,0.17112582921981812,0.6513490080833435,0.16286736726760864,0.3984198570251465,0.40187472105026245,0.1862945556640625,0.18384385108947754,0.16948145627975464,0.0,0.04132610559463501,0.0,0.23557418584823608,0.7329220175743103,0.8506044745445251,0.47898316383361816,0.8140383362770081,0.6606557965278625,0.16580873727798462,0.4533845782279968,0.350200355052948,0.865553081035614,0.6127247214317322,0.6280167698860168,0.5390215516090393,0.799198567867279,0.4732758402824402,0.4950827956199646,0.4638230800628662,0.28804343938827515,0.4911525845527649,0.27196645736694336
offset,0.663,0.07461720705032349,0.1242450475692749,0.8259328007698059,0.5759053826332092,1.005873203277588,0.9852350354194641,0.48462599515914917,0.4782631993293762,0.8241886496543884,0.7596030831336975,0.7098445296287537,0.2577773928642273,0.13396424055099487,0.5971391797065735,0.6695607304573059,0.6935587525367737,0.7441893219947815,0.3329903483390808,0.3572314381599426,0.27422797679901123,0.0,0.20912069082260132,0.8664763569831848,0.7155476212501526,0.44479936361312866,0.09828639030456543,0.42930084466934204,0.5740572810173035,0.1962699294090271,0.521278440952301,0.21084243059158325,0.3206389546394348,0.5378215909004211,0.14810413122177124,0.4494449496269226,0.13625472784042358,0.378928005695343,0.02956598997116089,0.07817679643630981,0.21978622674942017,0.0,0.0,0.0,0.030289828777313232,0.0,0.1635061502456665,0.0,0.037946462631225586
offset,0.772,0.0,0.0,0.16209495067596436,0.37587928771972656,0.48566734790802,0.6753207445144653,0.9712165594100952,0.40839457511901855,0.4183468818664551,0.6967648267745972,0.44213080406188965,0.3442368507385254,0.17974638938903809,0.2803971767425537,0.08753836154937744,0.0,0.225180983543396,0.21442532539367676,0.07117784023284912,0.0,0.0,0.39712071418762207,0.6498619318008423,0.9683717489242554,0.41699039936065674,0.0,0.0,0.0,0.0,0.0,0.0,0.029890894889831543,0.0,0.33201348781585693,0.726787805557251,0.759487509727478,0.30977702140808105,0.517973780632019,0.6543978452682495,0.2794293165206909,0.3445228338241577,0.7902997732162476,1.0722068548202515,0.6618839502334595,0.9502829313278198,0.7352677583694458,0.6963231563568115,0.732053279876709
offset,0.732,0.0,0.0,0.058843791484832764,0.0,0.0,0.0,0.0,0.0,0.0,0.2030908465385437,0.1237078309059143,0.0,0.036585867404937744,0.16229552030563354,0.1325797438621521,0.3216485381126404,0.5025625824928284,0.9223037362098694,0.5021583437919617,0.5419179797172546,0.8933257460594177,0.7281994223594666,0.8447152972221375,0.6009406447410583,0.5668441653251648,0.7623915076255798,0.7222866415977478,0.779535710811615,0.9285957217216492,1.3825304508209229,0.9399070143699646,1.0689537525177002,1.1580586433410645,1.0691745281219482,0.728397786617279,0.22629684209823608,0.0,0.2936970591545105,0.2238669991493225,0.0,0.0,0.0,0.2385961413383484,0.08646351099014282,0.23158496618270874,0.41943520307540894,0.8599676489830017,0.9401633143424988
offset,0.389,0.3273524343967438,0.020227879285812378,0.0,0.0,0.18258115649223328,0.5592968463897705,0.9313180446624756,0.21278825402259827,0.47994473576545715,1.0072357654571533,0.31395724415779114,0.7262901067733765,0.6617312431335449,0.32081589102745056,0.21700116991996765,0.5230436325073242,0.17529532313346863,0.5392031669616699,0.6615394353866577,0.9303878545761108,0.7031737565994263,0.5855007171630859,0.8691509962081909,0.620642900466919,0.1797175109386444,0.0,0.6537500619888306,0.8338297605514526,0.6358511447906494,0.49967435002326965,0.6244796514511108,0.40153732895851135,0.28107431530952454,0.2044943869113922,0.11605516076087952,0.40885069966316223,0.5694750547409058,0.12451162934303284,0.3850187361240387,1.0335339307785034,0.9985842704772949,1.0814026594161987,1.023503303527832,1.3425402641296387,1.2673537731170654,1.0023865699768066,1.215764045715332,1.0523841381072998
offset,0.219,0.4624417722225189,0.4611828625202179,0.44701579213142395,0.07471206039190292,0.0,0.19568774104118347,0.388811856508255,0.5965650677680969,0.46899357438087463,0.33834728598594666,0.38254037499427795,0.7169691324234009,0.10659196227788925,0.5998314023017883,0.7880086302757263,0.875296950340271,0.9833148121833801,0.9169202446937561,0.5811176896095276,1.103906273841858,0.5781185626983643,0.9990997910499573,0.42022475600242615,0.23356398940086365,0.4375876486301422,0.3228318393230438,0.7505305409431458,0.3652655780315399,0.3852362334728241,0.2617057263851166,0.2604902684688568,0.2513093650341034,0.13559481501579285,0.26174798607826233,0.4298185408115387,0.0,0.0,0.28619852662086487,0.06147094815969467,0.1745399534702301,0.0,0.03569784015417099,0.0,0.0,0.0,0.0033127889037132263,0.0,0.1310623586177826
offset,0.749,0.0,0.0,0.0,0.0,0.26467418670654297,0.32664138078689575,0.23982512950897217,0.16135096549987793,0.2867848873138428,0.0,0.41628140211105347,0.5625587701797485,1.399732232093811,0.8504500389099121,1.0185521841049194,0.606184720993042,0.5461229085922241,1.0460964441299438,0.9186784029006958,0.5069200992584229,0.4796539545059204,0.7508612871170044,0.0,0.0969613790512085,0.3669534921646118,0.318692684173584,0.3503527045249939,0.12506508827209473,0.04033923149108887,0.11389046907424927,0.06781280040740967,0.0,0.0,0.0,0.0,0.0,0.26277321577072144,0.0,0.0,0.0,0.0,0.0,0.004429817199707031,0.2831161618232727,0.0,0.0,0.1239626407623291,0.2272598147392273
offset,0.794,0.6885191202163696,0.45955514907836914,0.350161075592041,0.7341138124465942,0.5602563619613647,0.6220148801803589,0.3170353174209595,0.283524751663208,0.29964447021484375,0.36773955821990967,0.12522315979003906,0.5348020792007446,0.7091165781021118,0.29410433769226074,0.04328596591949463,0.09886741638183594,0.247056245803833,0.4972832202911377,0.13612496852874756,0.008343219757080078,0.0,0.0,0.0,0.5283583402633667,0.30976927280426025,0.6602224111557007,0.32806670665740967,0.0,0.27779102325439453,0.33848071098327637,0.22839641571044922,0.19847774505615234,0.09942424297332764,0.42475593090057373,0.580163836479187,0.6839553117752075,0.3638414144515991,0.0,0.0,0.35305511951446533,0.26719605922698975,0.0,0.0,0.3862255811691284,0.6148277521133423,0.3045775890350342,0.31545042991638184,0.4390735626220703
offset,0.6,0.9116910696029663,1.2121951580047607,1.0363385677337646,1.573068380355835,1.5619401931762695,1.6365344524383545,1.3494467735290527,1.2351981401443481,0.8295717239379883,1.1894595623016357,0.7125281095504761,0.572195291519165,0.7600870132446289,0.0,0.0,0.0,0.0,0.0,0.0,0.026652216911315918,0.19837868213653564,0.12011241912841797,0.17806482315063477,0.26651835441589355,0.0,0.0,0.0,0.011165976524353027,0.22125977277755737,0.0,0.0,0.0,0.8227506875991821,0.4118952751159668,0.9372653961181641,0.8010786771774292,0.5265768766403198,0.45169055461883545,0.20275402069091797,0.20029008388519287,0.05701255798339844,0.594267725944519,0.7799673080444336,0.5418938398361206,0.82208251953125,0.2598690986633301,0.0,0.0
offset,0.607,0.0,0.0,0.0,0.0,0.0,0.02331411838531494,0.0,0.0,0.0,0.01744931936264038,0.44123756885528564,0.210038423538208,0.4435352087020874,0.41401875019073486,0.31183570623397827,0.29259103536605835,0.7422161102294922,0.646185040473938,0.7800652980804443,0.28804922103881836,0.29971545934677124,0.3007417321205139,1.0841020345687866,1.3964813947677612,1.0538052320480347,1.2895978689193726,0.7181782722473145,0.7395763397216797,0.5677264928817749,0.29312366247177124,0.32120412588119507,0.39465582370758057,0.7004352807998657,0.5372369289398193,0.44784045219421387,0.7120635509490967,1.0247536897659302,1.0033551454544067,0.8660517930984497,0.8832954168319702,0.6192135810852051,0.6883094310760498,0.5829851627349854,0.1633586883544922,0.0,0.3725454807281494,0.19887423515319824,0.3376618027687073
offset,0.771,0.5357290506362915,0.7138587236404419,0.686784029006958,0.40865635871887207,0.45302534103393555,0.6246538162231445,0.4478999376296997,0.3079916834831238,0.5041252374649048,0.37339460849761963,0.17979180812835693,0.0,0.17762726545333862,0.01735246181488037,0.010078847408294678,0.0,0.036843955516815186,0.6530153751373291,0.2504611015319824,0.008787095546722412,0.24896955490112305,0.30046355724334717,0.1395108699798584,0.0,0.08240693807601929,0.0,0.020407915115356445,0.0,0.0,0.36795854568481445,0.10491669178009033,0.0,0.7186027765274048,0.7722474336624146,0.463481068611145,0.317069411277771,0.050084710121154785,0.3679683208465576,0.0,0.16727924346923828,0.7358303070068359,0.39482247829437256,0.09245502948760986,0.003857851028442383,0.0,0.0,0.0,0.0
offset,0.565,0.0,0.0,0.0,0.0,0.12478381395339966,0.0,0.0,0.0,0.0,0.0,0.2656436562538147,0.20704299211502075,0.1467246413230896,0.3262708783149719,0.2849738597869873,0.35890406370162964,0.5344212651252747,0.7149986624717712,0.48698049783706665,0.7133192420005798,0.3542060852050781,0.5576042532920837,1.1758277416229248,0.7820317149162292,1.0950193405151367,0.9213742613792419,0.9370107054710388,0.5951417088508606,1.0330352783203125,0.8023821711540222,0.7584713101387024,1.2052416801452637,0.8971359133720398,0.31380850076675415,0.7076303362846375,0.6379970908164978,0.6069245934486389,1.29048752784729,1.1213603019714355,0.0,0.0,0.6189683079719543,0.6308229565620422,0.4006430506706238,0.9003892540931702,1.098196268081665,0.5436925292015076,0.913219153881073
offset,0.508,0.18052279949188232,0.0,0.0,0.27462756633758545,0.3966180682182312,0.0,0.35015004873275757,0.781154990196228,1.222955584526062,0.9855033159255981,0.49165380001068115,0.21656227111816406,0.3712906241416931,0.08919960260391235,0.6668673753738403,0.308138906955719,0.12769865989685059,0.0,0.4547724723815918,0.41495734453201294,0.6815521717071533,0.6131042242050171,1.1849511861801147,0.8145684003829956,0.42373669147491455,0.1655721664428711,0.0,0.47458767890930176,0.19719600677490234,0.30699753761291504,0.25353801250457764,0.32070857286453247,0.4834812879562378,1.1683281660079956,1.4690786600112915,1.4361308813095093,0.8914912939071655,0.458146333694458,0.6805485486984253,0.5963578224182129,0.9924561977386475,0.8463085889816284,1.0080196857452393,0.9527366161346436,0.8937382698059082,0.8872123956680298,1.1389120817184448,0.7689634561538696
offset,0.211,1.5138640403747559,1.7471750974655151,1.3096855878829956,1.6349818706512451,1.1525485515594482,1.3003017902374268,1.0624152421951294,0.9829082489013672,0.6471965909004211,0.83111572265625,0.5873589515686035,0.4525644779205322,0.211839497089386,0.27514445781707764,0.8639228343963623,1.0383086204528809,0.5473048090934753,1.1614141464233398,0.9598096609115601,1.085244059562683,1.0225791931152344,0.6402547359466553,0.8072259426116943,0.6727352142333984,0.21629220247268677,0.8221032619476318,1.1820801496505737,0.7829810380935669,0.6606269478797913,0.8195524215698242,0.8854941129684448,0.7976073026657104,0.7246495485305786,1.2084394693374634,0.7233800292015076,0.8794237375259399,0.835232138633728,1.1276628971099854,0.8721076250076294,0.5964450836181641,0.6372995376586914,0.475020170211792,0.5823742151260376,0.5318251848220825,0.3891673684120178,0.8444288969039917,0.2905704975128174,0.5687848925590515
offset,0.616,0.0,0.0,0.0,0.0,0.0,0.09770992398262024,0.01143452525138855,0.15493419766426086,0.16476348042488098,0.02279636263847351,0.16965022683143616,0.19603577256202698,0.03942856192588806,0.5257123708724976,0.4664323031902313,0.47759774327278137,0.43412521481513977,0.7504277229309082,0.48782995343208313,0.3830757439136505,0.6907085180282593,0.5762747526168823,0.22122743725776672,0.4498238265514374,0.506413459777832,0.716464638710022,0.7403625249862671,0.999362587928772,0.7113747596740723,0.5241649150848389,0.1766522228717804,0.5067131519317627,0.0,0.2756635248661041,0.33361080288887024,0.17129406332969666,0.3712764084339142,0.17782405018806458,0.317221075296402,0.6198738813400269,0.21579685807228088,0.26689645648002625,0.0,0.27080562710762024,0.36428406834602356,0.0,0.0,0.06013879179954529
offset,0.453,1.0036377906799316,1.2573060989379883,1.388413429260254,1.1647675037384033,1.511045217514038,2.025481700897217,1.4780044555664062,0.9031955599784851,1.060683250427246,0.36125093698501587,0.7936902642250061,0.9693742394447327,1.1662907600402832,1.4589579105377197,1.3710041046142578,1.0934243202209473,1.2813408374786377,1.527730941772461,0.7055944800376892,1.463900089263916,1.1330235004425049,1.2394757270812988,1.59126615524292,0.4626472592353821,1.3864073753356934,0.9463748335838318,0.7781198620796204,1.2054448127746582,1.574251651763916,1.2597465515136719,1.4232583045959473,1.2764945030212402,0.8919516205787659,0.8373858332633972,0.6605386137962341,0.42212003469467163,0.5046821236610413,0.7283502221107483,1.069087028503418,0.8067536950111389,0.8046049475669861,0.7620505690574646,0.3075229525566101,0.06738340854644775,0.021078050136566162,0.18582361936569214,0.0,0.16948699951171875
noise,0.653,1.643045959685419,0.8681175606165246,1.0426320403119314,1.9584799750375779,2.416212127872972,2.5130197740099898,2.5755403725917962,1.824329553701834,2.3736202351016695,1.341457436723049,1.2410694598810108,2.570796087026319,2.466591621871137,2.2077022886945765,0.9651841222205734,2.040401788630611,3.0097201190262464,2.403516952899438,1.7234524188656495,2.6433008262611994,3.7075116113621105,3.400730631965723,2.7881688072012243,2.8740992786795694,2.632548608896868,0.8833410017820613,1.5261723904213347,2.017123009025346,1.6420749616405084,2.2491977904116682,1.735814553076824,1.0647294892410926,1.6364076950665787,1.887734556261564,1.1199753657594216,1.8105172376451113,1.66834643284967,1.8173201843078735,1.2673655522337846,0.6663146748593503,1.0179674350018475,1.7459720811909507,1.2017720088319028,2.191457620328994,1.2809239818328124,1.332150601695276,1.212335846370959,1.1767887533501837
noise,0.628,0.40327455272905866,1.421812988889921,1.5555950876269646,1.6369745078338702,1.1354183466142587,1.233547449748109,1.7767199851102982,1.5207103582978547,1.2524980226631752,1.8225244034186374,1.5629287415819444,2.231401393061211,0.947196734713179,0.09039203961469397,0.8349529817634903,0.9033190937308095,1.9994988988145437,1.3981483235896697,1.0577697313995782,0.8950261766139179,0.6621696913073999,1.3199299017811739,0.8714088884399964,1.6912147701067821,2.0482110597606584,2.162039677232338,2.027429855674186,1.2786258854847348,1.6399908055775336,1.3578186607295708,1.30914676030804,1.3503353572977685,1.4573114899506487,1.5976853488305434,1.2838040381675255,1.1043737467782604,1.5351207687153379,2.0549783993661883,1.4298339533802444,2.0081625849952123,1.8970582009540085,2.251493161570849,2.225973498036887,2.137245560816934,2.1742689903543493,2.134944722260388,1.766027599091702,2.7412286799170613
noise,0.554,0.989631186565779,0.9688146084870085,0.7668673030152859,0.35988684717599584,0.3262119583878681,0.6923765018423816,1.316892304879784,1.145376012642318,1.056438316482447,1.1363735000834259,1.1553437257160697,0.7001151339552373,0.9592440958883623,0.9387555730517178,0.5678082785860448,0.5142697546989399,0.5032065644677263,0.6738988658756315,0.888001688134139,0.7331814640458372,0.6709789826011262,0.3785800143451883,0.5535000414074525,0.13174942782273352,0.41914387190264724,0.34701003893371535,0.23239188377928463,0.0,0.10184909540357112,0.265100882180222,0.6569015885703191,0.5694122822487336,0.8893266748998442,0.5447792578565787,0.9420141066593518,0.7421553295065513,1.063163047932623,0.9422960124531754,0.8815171644351538,0.7502458696793759,0.5317366876356672,0.5025728504488256,0.7644121668994736,0.7059490245596943,0.32611226781061076,0.9249458137780128,0.43986273944078685,0.72977390459008
noise,0.505,0.44669804619203246,0.30759340431567067,0.0,0.06312520208664421,0.0,0.0,0.2831298489663152,0.6111288773176471,0.5451739349664685,0.7381097592088571,0.9425018000409886,1.1639366746993065,0.824653862818897,0.8523730415967282,0.7759537973559645,0.4621976207323097,0.40824176401601897,0.4948524293777163,0.6105120429279876,0.8848904923335437,0.7993745107229524,0.11849637460363431,0.18179565835243872,0.5189247490777431,0.6300700168034493,0.0631734010149384,0.15442990973975074,0.1408759420956151,0.2881431055821477,0.42555443398804205,0.3396694352855638,0.1256032125387182,0.34313235805121495,0.2709792831132355,0.30728297329094056,0.0,0.0,0.0,0.14631597913381117,0.09301086346718421,0.21404168230914947,0.0,0.14587388056177605,0.0,0.0,0.18685004405724584,0.0,0.0
noise,0.688,1.1338036919096897,0.8856449034785392,0.2578590876103274,0.6067196507045711,0.4131713657470983,0.6142617092518843,1.1776291572223558,0.366134878151967,0.5527885394620395,0.8550044753284356,0.6250418357328302,0.0,0.7016470321137953,0.2954621389615436,0.49835896426616894,0.6818164130318638,0.7906318789388912,0.7254679943100375,1.2046966580129475,0.5834801980176528,0.8105354603147206,0.8591052052460256,0.5974204866835009,0.528010078326214,0.5901757026985723,0.40710961076281493,0.19476922731491636,1.251031573283374,0.8624306969416765,0.6406004334121985,0.8026160256356671,0.8170609295399744,0.8510125735673492,0.8762137409944408,1.057960742471536,1.1848720686874181,1.54875507863812,0.9243399238990414,1.4506634836285168,2.0530090226673035,2.248405024838392,1.0299850193752058,1.2475816152910277,0.5531621957224188,0.8763825239925223,0.4908464761735496,0.4981802116809878,0.3999872303203501
noise,0.32,1.1542782822247235,1.0707820904262322,1.0105200273631028,0.924080658788397,0.8869964709781982,1.0601157003442077,1.1551907065194456,1.0061522491942854,1.0493403182426462,0.7519581184977323,0.7682669823701915,0.6935281578615061,0.4733435912242362,0.9334481449007509,0.7948522275723187,1.05829201413499,0.6194487726856567,1.0092410208456248,0.9675958050377311,1.0406608752548374,0.9123679154734045,1.182245253386824,1.6232040829744385,1.5980187916784163,1.6427616778879939,1.8616442240129647,1.6809270817715012,1.4860443105122851,0.8530806407460256,1.4448016112620907,0.8413852853069668,0.5984988506151084,0.7225246638334359,1.053269676898581,0.7894260931921633,0.7978623395065461,0.8784366824431902,0.7942450439696209,0.6259432221584282,1.1978614972402053,0.7773802418255151,0.4609099633240938,0.6771148130984753,0.5927248908489845,0.700997733800105,0.24204819332991911,0.20676422519441456,0.05579161739925155
noise,0.69,1.2102674127009112,1.6622365575137366,1.3360551104948002,0.9933426552128762,0.8025669552333269,1.2231436397728235,0.9839304759541408,1.0589354186911102,1.269195633817544,1.535929259231456,1.254101060915856,1.3858641769926947,1.097701346984506,1.8008904732135251,1.7442140744933834,2.053254835707033,1.1698076200920018,1.6481936051202313,1.432679197483763,1.3099893760092247,1.156314664474093,1.1945425053444303,1.4789559904775644,1.484324562244674,1.775129455964568,1.6892082694984563,1.2584213066877878,0.9822749774305207,1.7141530374351321,1.4567840373784031,1.5863802002896692,1.214640051707259,0.5610809299674149,1.208647168277749,1.0931830342346127,1.0380272165201445,0.7536915619177879,0.9546333055097405,0.6177383412929945,0.3074850715769198,0.4258755446436687,1.078974310696948,0.31838068200330183,0.5826945240225543,0.5240904243505764,0.5136500765753109,0.8774638717939593,0.8102580071849335
noise,0.619,0.4970157988307549,0.6273103231337425,0.7222111765247663,0.27764682005840086,0.6989750645843605,0.5349174996350387,0.31391045025858205,0.3377180167593621,0.15236016599186225,0.4536876591315068,0.7497173890238079,0.4166713366397021,0.005604636643949893,0.7855204087788096,1.1183323328678059,0.8224882691912904,1.2816199146972589,1.121266462866447,0.9429916456302113,0.20354603017196227,0.7151401469828307,0.7196216775067177,0.5047555497018779,0.4826487165632592,0.7073685109474623,0.9906477636249333,0.15031141461621367,0.5637945053857489,0.629730899463262,0.580055208384118,0.3932354381282173,0.0,0.9106089056340537,0.3426463788317733,0.40246862830130614,0.6645139529730624,0.0,0.35995714121721956,0.16557891493438912,0.8827536739118018,0.14985481032852094,0.35085640755611947,0.3817085049090308,0.6539567933578185,0.7805194506521272,0.2956499280292712,1.1189045896403729,1.1879588499545373
noise,0.512,2.0573142972722307,1.3626948293295549,0.7238703579915656,1.1600558801805532,0.8005944969236627,0.8407667857260461,1.1618665577517113,0.5186146559439846,1.0761999740915609,0.6130340069565179,1.4356877467880729,1.0175116423988522,1.0399135105232333,1.1995303235793164,1.7364120773474936,2.0212593392876297,1.4394873825957122,1.5070845286642605,1.1945782981261945,2.305750239632518,2.3203419498522933,1.3840392473278365,1.4237269123852039,1.7711706593746568,2.0057276936077217,1.5968685713948625,1.277051287285294,0.07678281810453941,0.6986497654400099,0.418449492005026,1.1575839074411234,0.7090384261073299,0.5341386720796699,0.9209747440435809,1.2565054961622557,1.3011091527203533,1.5848558136754933,2.1414271909860303,1.2057130130235323,2.162523960520463,2.962353893045965,2.1780099836608366,2.030619567686311,1.267584252032279,1.8581388953212763,1.4406304180874578,1.7101496358285897,1.5811077943892686
noise,0.718,2.7722237441565887,2.2087155756742995,1.9663341726493266,2.2156967943446744,2.059330744646237,2.1511341109182096,1.4252935648359155,1.9828442247443725,0.3759962071492682,1.2072858686899748,2.2822924814765693,1.5185652837503907,0.48931668809595885,0.48953098909667714,0.8379619070988961,0.8477031951772098,1.2940571914785663,1.3893969864686624,1.2559057800344704,1.1569360716030346,1.39618712184007,1.8914559311996575,1.6770646036681238,1.3702483116714423,1.9277146210512535,1.8777124768834645,1.6503372960611422,1.114382205205815,0.9645021155196272,1.1158433192351938,0.87635387014049,1.5904024009206708,1.174144479613895,1.081964506179547,1.5077747732181432,1.5366054087589847,0.5674862691237859,1.4182462001420837,1.7171121965973817,1.11744710489669,1.1059053044085672,1.269914023247605,0.7702516395635822,2.0493527155975695,1.317313716050478,1.662869825939708,1.945937057878941,1.5025838036859658
noise,0.374,1.0400577616081486,1.195177170432451,0.2672795948523293,1.0377324117864548,0.9805086320683256,1.3032922766479542,1.0868611116704863,1.2416038984741586,1.1286697590053942,2.080332105138548,1.6845316971298263,1.0839561387966015,1.5295954654330448,1.9190738746997376,1.8004609631098492,2.176650802753933,2.205459265828721,2.3094835505521925,1.7046181082715761,1.7062378354965615,1.6112875527845731,1.996367496546068,2.0482244994734446,1.9509342803829717,0.9063076475405365,1.1132296847150203,0.44734823948734403,0.41103972245266035,0.49471718318114893,0.8307782113438357,0.9248968823881688,0.6864859586866889,0.8483246396076611,1.1957427199741764,0.8678219856068338,0.3564855990058182,0.5409444057581102,0.41438308136493507,0.09568994577881382,0.9545200870468921,0.5348365318371601,0.447566705070229,0.8375880805266778,1.0482334220060665,0.7883601491856469,1.0832254228149676,1.083098014198864,0.8376998828289068
noise,0.403,1.1093387575992322,0.7428225488957116,1.0981824076968028,1.9446406578158164,1.7383826996860785,1.0009394435111365,0.6685870081061175,1.3270499207484516,1.1727943670451324,1.4565990327012441,1.438119011165293,1.5645374418429487,1.1614614941395003,1.4403340282233257,1.7346836934312788,1.0792152434474394,1.2104112312468143,0.9082273027446214,0.9500888447779987,0.9363612105511853,0.8195089879610248,0.8778887379564067,1.0646930587668773,1.176520145954563,1.0629637259075226,1.0663652153753098,0.8902931367535105,1.4572143167187894,1.1463710151410587,0.6710293118675875,0.8625233975486886,0.4244093603282134,1.1842326251437614,1.2880715000504377,1.474225724271036,1.9562266487934297,1.3535359925465007,0.9951749103870181,1.1917838739368105,1.4949239462919106,1.0386426684275998,0.6486358204293667,0.9804289706344042,0.92405225864742,1.2602080384746082,1.497405088603324,1.5026812522389539,1.8251769129979873
noise,0.2,1.21573339229951,0.903460511234726,0.7880699209222524,1.0136574549384216,0.8097322212640984,0.2899234742191008,0.3931779373621895,0.5915123530671517,0.6198901367047155,1.090037582442894,0.7260562023082401,1.090513837431284,1.0903609356881043,1.3574473864790986,0.8959879930217249,1.401807445109136,1.6093922062455572,1.1417151973094768,0.5150428356973709,1.0293589182184884,0.9783775644437388,0.8602710712873303,0.6702001264397981,0.7588230204706707,0.6612732304080527,1.0925139830810793,1.0091700980144733,1.264387588465433,1.7143033754849066,1.336531746738512,1.0781901389790918,1.0472682716732409,1.1834213603291277,0.4943693082707189,0.7788790631786997,1.1565385017351981,0.6965753746849823,0.6770314935301543,0.6914805063071938,0.6704605733938932,0.9820642720754429,1.3186763014166056,0.8526431866307255,0.9294540113856536,0.6984725322155473,0.8030796741020687,1.1173660101363627,1.5737738819102973
noise,0.642,1.3312153589178173,1.032450075924235,0.7212200261993242,0.43602124315664736,0.5781496132887581,0.8037810876499584,0.6816904711648005,0.5931072248202505,0.0,0.02908552133941167,0.39147714533324823,0.2869345007512131,0.3377151788742925,0.6076155365470165,0.8968972005054114,0.4692556595130891,0.21004620841324018,0.6425532661529658,0.6765301790897581,0.20137797881339334,0.5471305761332245,0.6100862666459328,0.11830721579198493,0.0,1.1319544455868442,0.29919960086459646,0.2957758421427422,0.8735390257559845,1.0846576462661879,0.6452576563947129,1.0243262211870023,0.8337935778870221,0.5112528193027233,0.6834974777703342,0.8057233447517249,0.7538505517716788,1.3424974795731464,0.9092584357858913,2.029503755782046,0.963948876699086,1.4817575227556619,1.0950762728028847,0.6566006972243484,0.8494804949811218,1.119301068666544,0.9723267176923833,1.3204258209094921,1.5363723226659807
noise,0.393,2.6592592030348405,2.3109035286834754,1.742843710632509,1.2078712498226205,0.8084574798712134,0.8157099220810762,0.32221431838480624,0.42074479594183534,0.7967067211947924,1.165627216963105,0.946531074721477,0.5582931106975766,0.4995436303865536,0.9419252362091983,0.7407618418093125,0.37754505245013026,1.1157400858892883,0.6368803345597123,0.7387461239484641,0.6140356689043446,0.4145863062650612,0.898187115435508,0.7001871811646163,1.3785550979883578,1.2407306670564424,1.193416728192408,1.103165299320156,1.2642857868343005,1.882818291988265,1.1825942768350952,1.2658493435628255,1.149381255265881,1.3865889041649757,1.1959553469689352,0.5719695977027072,1.1075080716298455,1.7633618742068826,2.2697527757631693,1.9436809836116937,2.0213935940086594,1.190132287023164,1.524056814655847,1.9597619398896153,1.7738502485261574,1.758575801745148,1.4503234341321039,2.0024312164254625,2.6239130875822436
noise,0.271,1.3409973622921605,1.337150415894027,1.0985692456686502,1.2386709351364737,0.8727498457744256,1.564157134704937,1.233189750796969,1.3136278606331389,0.8159384610523766,0.8674194560560315,0.49587478177064903,1.002657658565803,0.8572329581337361,0.7920642038320129,1.0826888441137377,0.8084984628701082,1.1599621443844539,1.1811670646352215,0.9508547570547736,0.7498546690874681,1.1078714534856282,0.8001396826562795,1.4766842423119038,1.4838630868938696,0.9654877518383711,1.0067693560453064,1.3916644666237137,1.0475887247370157,1.2639995588011073,0.8984966601461235,1.2120641738078073,1.1035195428083686,1.034125257844723,1.2047946243984837,1.0767052616457156,0.9163767483964598,1.6320079772213618,1.5435650182934006,1.2604502045738424,1.2544108354646124,1.0197601196009414,1.4823347169255472,1.4848166188452367,1.7066758889301137,1.540519039948316,1.3894487075434216,1.5262864738035558,1.8111230407347965
noise,0.637,2.144166806322464,1.193557777365058,1.8052476885726774,1.9077943568053377,1.628776057540394,1.2492894091844997,0.5653672346610703,1.2041422703907176,0.9922959626741287,0.9764330063610585,2.7368691213029184,2.84083423991083,2.7284614070628863,1.242135023797765,1.6513739195301271,1.5386490811283533,1.4623930777990068,1.130737459299709,1.0782543522848327,1.378004957326485,1.0004046891881928,1.460021991787329,2.4617671837989805,1.4525062092533048,1.3411749441029885,1.9741320142069259,2.428108986512302,1.5876665361995108,1.132441820007439,1.6029363753992285,0.5417096280298709,1.0827009036419022,1.436165590578521,1.1593577493952139,1.5815837814583074,1.5291384113359896,1.246036199204422,1.7243036029118217,0.7544652536710424,1.1664830223775575,0.5819792916170192,0.36349837622962855,0.6463875329652777,1.3720047265959594,1.5051501188070402,1.4685672666295169,0.6552315958925363,1.6677573120673628
noise,0.288,1.37282993245171,0.8311740001891668,0.521419476801488,0.8429952019411181,0.8212366428946596,0.47584028260716094,0.9589052969379903,0.7869713362134698,1.1785069283138947,1.7756850560406408,1.9905100809001215,2.259646672186012,1.8414460602004403,1.446445329620984,1.2497134108699406,1.0922603178746175,1.642704627744153,1.783233317893258,1.5042086567741646,1.1463864521912155,1.6053490269564108,1.265327845001816,1.3362106604901978,1.2207662831943416,0.44433604342239297,1.2076139149581504,1.2555824481156435,1.2929933354998762,1.2570571377431,0.9713184913324575,1.0750637808549228,1.1404394047287485,1.189469771964693,0.9551275496497393,1.1175088530538992,0.6239783922908997,0.8834251953752474,1.1947484251579619,1.1529827414547054,1.6034164499057977,0.9828733448680997,1.0209504573273247,1.1799134142876972,0.9538234761597865,1.446756350774097,1.383647892245437,1.4009358921477504,2.08289514603539
noise,0.379,0.3556608578821921,0.8088052228578106,0.38482802114740244,0.287877045475925,0.549707772939254,0.5482553848192948,0.5191050210843634,0.47206674016675854,0.8214172235342014,0.9627992075446719,0.9235778389602898,0.6935010925712581,1.01600034118923,0.8337538314464705,0.937014580052489,0.7005657061689091,0.9058083296052691,0.24577515645276882,0.4142981433643597,0.5515710393484596,0.5169873593312737,0.4944040108056622,0.4666672960561711,0.632471128932286,0.7189485900089321,0.5192358310207787,0.6994386165509386,0.7446513378184834,0.2546434945461279,0.8844529642529891,1.0336422238272245,0.8739841290242384,0.7948788302985563,0.6677585887454731,0.6806815220019232,0.6436223947388654,0.7779012638599043,0.7197475546112853,1.271610329269339,1.2148867800119862,0.8566840347107835,0.9010265406163782,0.5349095031098224,0.6372625299752617,0.4453788006857306,0.5787136990858814,0.4414082001198876,0.5477882594807669
noise,0.379,1.0589952477245486,0.7663118499678663,0.19671378024651995,1.6111937391881093,1.0256305742007072,1.2761963683744904,0.7601654808973016,0.8167258523366657,1.046494242583159,1.1033638661202103,1.0557850579696997,1.536242897681298,1.1489224085590535,0.4424290654539002,0.5104872529545584,0.6959180274295945,1.0228392902352306,0.753873701877819,1.465364075028281,1.5433099795361893,1.3534937033693581,1.6609920251391082,0.9425844380279802,1.4276120240403376,1.2489956562361924,1.292631108012131,1.420362454896695,1.0997960458979763,1.4932673046152007,1.3668735011258004,1.461633403985811,1.162465062891584,1.258795523491362,0.7002790814855056,1.0153818061275761,1.647554591410581,1.3857075055972667,0.8557745910980934,1.4286824276162333,1.1575766191895258,1.0474149886865547,1.1231431807379706,0.9869246518030966,0.07633169850945148,0.5497067221696141,1.2515002525901149,1.5006311513524844,1.5209848627544258
noise,0.426,1.4166560113154976,1.230036005963346,1.2865513397066821,1.100623002876719,0.9402712092368702,1.1026316967305183,0.8782655938769961,0.784921953553629,1.3113616343201846,0.7657096169416876,0.6560428944296391,1.661994984443326,1.3236365767233327,0.6219184462047224,0.5688463030429187,0.39747230368353687,0.023658125724176582,0.6478306055451022,0.7497856573339894,0.5945358448896446,0.7692379220424579,0.9899406761672331,0.7796408527478474,0.9279815957528407,0.5430587174083981,1.0929595217502799,0.8814472612564996,1.3412466531006508,1.6101633216406301,0.8457325181711541,1.1908468481282668,1.4155701258811264,1.5428834501078768,1.5706695629236935,1.8777745187034076,2.4105604483566556,1.6221630861904694,2.127669704783409,1.688513878591253,1.3305835091238696,1.2264681013269385,1.0507492261921274,1.5070708613511437,1.3113554169339607,1.5452737617740473,1.3457858399827742,1.4586033163597254,1.6289948921619855
noise,0.418,2.6109335872525814,1.8703510779871309,1.6398691190229913,0.7745957863238035,0.5512931679723896,0.9787201233922098,0.447169550832028,0.6210301147654854,1.354129084962803,0.7167096781130385,1.1679320178484962,0.06464578503984264,0.1887904764855402,0.46362018576892183,1.0171966222938518,0.30745139134545474,1.03911457729531,0.492780246125345,0.6647565961911077,0.8726972098034331,0.4639060437342556,1.0204735115699148,1.106352455799125,1.6484143181456212,1.4936196656228533,1.2897190951926636,0.6029774911937981,1.2479461567166872,1.7046724376287528,1.4627953810214747,0.550533206191459,1.473617529423526,1.1688492352278916,1.059411048368436,1.0590152880258243,1.2155481908247279,1.808152423314774,1.6579168350673115,1.674632334833892,2.032264848293305,1.5200912105440714,1.1384441293264096,1.450830766015305,1.5808971553846352,1.7917570749130893,2.055626037363958,1.5794704791854586,2.396407169713679
noise,0.669,1.0674659981633314,0.6154778210515557,0.9503939614614514,1.1415195176617665,1.0143784663111952,1.5439052783320009,1.3584759338487722,1.85992730694713,0.9646150826162097,1.4741249772994685,1.1587643799798806,1.1372215882653056,0.9119026054699003,0.49544806051196894,0.6901702096048553,0.5062831326651064,0.7150985810874698,0.767053711267068,1.054252813026107,1.0790968039709026,0.9370266604767623,1.1397507301213003,1.6618774810680348,0.7114268970162021,1.3899950843154798,0.9575274725987353,0.8450969835259039,1.5757439703923743,0.9848303668906995,1.4600053246456348,0.9686921069566365,1.0712486172109381,1.2715511483956488,1.2267627541426804,1.1069738421946398,0.9969841809096862,0.47972160405559505,0.2742060981834562,0.5428966362373449,0.84642229861416,1.9490222776231223,1.1142928068832685,1.3299086181611026,1.192639349087591,2.1345660246410114,0.7934323518047209,1.790742827401474,1.9443388119474398
noise,0.322,0.9548088929765969,0.5763256942390248,1.264595423214444,1.2717602869462044,1.697786002859822,1.3051774910762346,1.7951951322443933,1.5923437663165765,1.2845914105939065,1.2651172087454363,1.7695984526465893,1.6865181921109815,1.1420253128258342,1.2076888987032228,0.9227345608907256,0.44026783276550646,1.1554568087341444,0.8907514016243808,0.6772128948162675,0.37510128961959865,0.39562531417045976,0.613110044876301,1.1288751256523308,0.9576365163841116,1.122465979613925,1.1142087778405856,0.7460469070923816,0.4082808631937257,1.06522708222816,0.6756851804891618,1.4668069931412262,1.4881066311151894,1.2005396827276633,1.6023866775639204,1.5331874305205628,1.5396382701739018,1.503985379118177,2.029294799160668,2.1141466430570075,1.5219569090767728,1.4852452826238463,1.3119795692951624,1.1765204915633996,1.0489972093210926,1.36221592780517,1.1234551883995685,1.0097273839277487,1.6576501348039598
noise,0.616,1.5777461494625233,1.6594778167878426,1.6273336200381936,1.9417448424309363,1.8584192991891855,1.6711140723137996,1.3028680414566352,1.565922169210834,1.2674028570591152,1.1629937910847208,1.4226356254787318,1.556370569471734,1.7966104920008326,1.2094346230572013,0.970039832123221,1.0522581148448447,1.325943871381121,1.6913733882406343,0.9095773767217812,1.2626913667320443,0.8098476332995905,0.6639352263782965,1.1190200889464144,1.652342536567209,1.203269233573214,2.0868140260766666,1.3281230154619812,1.1101342613023037,1.4450598859979926,1.6967586828673786,1.292302251703606,1.4931766424867863,1.1182012222082522,1.7374355606462304,1.5956147176447972,1.7625970884937412,1.7985332251494262,1.178672139930121,1.135088578344656,1.8423143271012308,1.4599235663161094,0.9974325030629189,0.9926833945688303,1.3356599734954897,1.9284830029377715,1.6304778042606003,1.3608629167721429,1.475823153916529
noise,0.519,1.178808942806346,1.3151662987322579,1.376901348930456,0.7628914787462477,1.1048808370440968,1.0815733988724798,0.9771239935384258,0.7603338728748713,0.9235730613849136,0.7799864884392433,0.5099494276556394,0.18846289662306137,0.31146333233928847,0.8405177173243419,0.9901240842663495,0.7710710345259804,0.686763439049135,0.7765973478673616,0.6789976195476571,1.0046014628471565,0.27425695706612796,0.4170558946895083,0.864282951841553,0.7967576926275491,0.5288498785874299,0.40946258756025516,0.7583275801989189,0.336433770039962,0.26517258575292635,0.35607328713770164,0.38397938284205624,0.17859915767771317,0.2889205255723846,0.8161743936473123,0.5918121344594598,0.7340300414662368,0.36280254100922643,0.42540952437670393,0.68942782171306,0.43572783553847516,0.8559340217852429,0.6057874344069926,0.8157940240959517,1.1430332646830974,0.9374823765625205,1.3970194652890042,1.1886615880566895,1.189587093765424
noise,0.743,1.233259093602894,1.7587451876387938,0.5254309686920897,0.755302186569498,0.9929413410253548,0.6000259628034259,0.7037287525482183,0.41563764903722755,0.0,1.2121469853732165,1.2896492853380905,1.5527510132141027,1.2919044062399017,2.3373106813394746,2.3567637903904264,2.565075745828851,2.37553307963381,1.636424042883239,1.7567998650181416,1.7075564375417687,1.7788551389144918,1.168056566202045,0.99877255865004,1.416906514914008,0.5206335070012421,1.200745148353112,0.7369728516012778,1.483439490473963,0.6769493323818597,1.128097736773276,1.1687741720942233,0.7503068203834482,0.7584060754837881,1.012336606317165,1.3620333950756263,1.4986505902074903,1.1548842987717562,0.9457347781600284,1.7789235063204916,1.201119716932018,1.3236330169763122,1.225371154168108,1.0258826583571212,1.3044342646377072,1.0212046121308078,1.8226211011419005,1.3842971658435306,2.156858288788829
noise,0.498,2.3579169308550405,1.8582263262833478,1.7389787119351705,1.3070510173786465,1.3993964506538206,1.217504393505517,0.8427536474770401,0.20738269843652718,1.1217503639364663,0.6067568453138666,0.4242370478626482,0.3958271810110539,1.0153936693069527,1.2543097629532758,1.0153517763244022,1.9206484699631692,1.1761664390919744,1.3255145574718712,1.540736287919542,1.6583346307525706,1.0483987008514886,1.1226316310489846,1.4178712593213554,1.7040087757355247,1.7345882579613425,1.434132489562217,1.1514880420024844,0.7132356361945745,0.582203372137976,1.4291083609818926,1.3572135404795906,1.3397579694699668,1.6895859856301256,1.9706264416221024,1.4483891092807364,1.491762867562937,2.223951657928679,2.1338360831872323,1.2380575746747566,1.4723238326883994,1.1105223148936874,0.8524995894975312,0.3075976580817333,0.9452577817451052,0.9456948918876616,1.0170105331194088,1.807290311680844,1.2227793925275408
noise,0.678,1.04445173685839,0.763379307026061,1.252603256283825,1.0249689495549896,2.1247241856760546,1.402310209099035,1.182474947241554,2.3345917531222464,2.6399651762681335,2.901505521466812,3.425217693824255,2.701339109750533,1.5953903888681904,1.4966856255439442,0.6001876224152666,2.067333641253451,1.8038604501039428,2.699980011435078,1.6076117485639934,0.8252598044668729,0.8142592981180452,1.480704448560548,1.0802574564886083,0.9400412519297647,1.3608250297046816,1.2322631969326743,1.3959764074268262,0.6347280653123869,1.2558015280123713,0.5571691562151575,0.5636170648947341,0.09492755283051235,0.5339429545609194,0.5754796753714471,0.0,0.2969699890679041,0.8144286764313895,0.4363462587362549,0.2191756267743211,0.0,1.2779553800421009,1.1792097978209017,0.7034469401350443,0.4741933735950419,0.7940870983586077,1.2638656978846419,1.955837232536088,1.0493703773139542
noise,0.252,0.8741270394352851,0.48932311811869444,0.8123999478085333,0.6112492527074618,0.4095777972077863,0.9049333730569558,0.5802799424391426,0.4398845463807569,0.3943363383094892,0.599178225154613,0.41967916897045515,0.4542871795239519,0.8964042530066499,0.5852470555208877,0.9796153508253084,0.8955668801454729,1.1060496690591566,0.9913208715580881,0.9936360825299722,1.1193643626799532,1.3379100836286717,1.170952245256255,0.8319372083436437,1.0022773304917147,1.5189326587988836,1.051486409861728,1.0800088837804878,0.9319542903736626,0.9055982485463003,0.8191664899984511,0.6233549915087309,0.8285289771040582,0.38487947333582,0.6160998000012596,0.23616692835215713,0.6790755770239355,0.9078427363688405,0.9305615689626552,0.8459717661033709,0.6124840283526585,0.7396484687753971,0.34503409753537817,0.3585818340192912,0.535192687211391,0.504910475366992,0.8055960492657424,0.5132510651786264,0.6323511926158574
noise,0.71,1.1910753569357786,0.5131145479763899,1.1275412858174363,1.0069059199662536,0.7323327901985606,0.26936033601574344,1.032353624031474,1.3030802025055643,0.45748984126334097,0.7079765908899769,1.2609279838912482,0.8397070314204281,1.688118223132073,0.8747681787798243,0.8837682086120017,0.7290623236349321,1.917416121937742,1.2192039869136186,0.6921576985190264,0.8613013011216921,1.5396877173894827,1.8267531946109643,1.6634927749715767,1.4134646278209757,2.1161038036188673,2.3796106476691445,1.5221610091351676,2.102843060993236,1.5169932678967006,1.7583571512915288,1.485203667434081,1.1083890243813652,1.0232464876779765,1.5623265971443498,0.5243111693253258,0.9447713132778048,0.625523811355525,0.7161187132220169,0.6956771801035824,0.7569620849744721,1.1260329713628239,1.0082487481009208,1.1828197252448045,1.5068855968530088,1.0423844830998639,1.0251652461143685,0.5144530554554125,1.0836290407793183
noise,0.658,0.8264114149780495,0.9832675007170029,0.5835997841613616,0.14143079839139772,0.990701920278271,0.23537890562590563,1.5205827129431788,1.6291505668851411,0.27196422527077824,0.7605237019620488,0.12905521310071028,1.060577586873543,1.129765813862234,1.3549950539046558,0.6985778779972154,1.8157322002294767,1.5369516645740018,1.6109902051596534,2.1661183105475073,1.7728284096704474,1.7451985919380384,1.4676863243115763,1.5307180524716082,1.668261765508231,2.1150596805318496,1.3765782988372135,1.3342496488522249,1.2062474598987172,1.3343771577701626,1.188271718573192,1.3350989681383043,1.3957427428772038,1.6233734827513482,1.434883231157966,1.694690460700497,0.6208666517030142,1.4116183575831838,0.7243933036573811,0.7285823652992156,0.0,0.0,0.4820307778759031,0.4495242952215671,0.9811402068658202,0.25047218994688214,0.7966163247437867,1.0062927257925143,0.4798123090433652
noise,0.302,2.127279145432181,2.7247322535630043,3.094132517621956,3.1301852270737576,2.2810513702532775,2.4083757716360608,2.095012041082435,1.9232160733244805,1.8766739472515686,1.697053877726821,1.3791628891478813,1.103162491079138,1.2385155332228643,1.074095664777015,1.8653587711939723,1.2951524016214557,1.685057299491321,1.4785396904515977,1.98644001616992,2.504943757685813,1.936957846075211,2.067605447580536,1.8067323908674298,2.257969943579801,1.9560170198143374,1.9162201106404617,1.3382995617893563,1.0286132767143483,1.6980001002647929,2.0746412504774194,1.4087259468164148,1.600650881817687,1.5194537007230846,1.3565102248072598,1.2504906403657228,0.8842580324802761,0.8133873117484878,1.3143361825502098,0.3907134338206959,0.7496731673425391,0.7921546757270097,0.3233207974744593,0.7357984193010164,1.1030935897408813,0.49865001257932373,0.9548966185867094,1.1224588188665987,0.2521127538225997
noise,0.402,1.5063582908283568,0.9229082307246341,0.8485398332767349,0.3988472425140023,0.4588115293738838,0.11936061821122373,0.12768656474282353,0.31794690524072156,0.25195333376591644,0.36548025908489895,0.0,0.2981025659910221,0.3793382660775254,0.20763601218705463,0.5234465365762978,0.8254532164425937,0.9234927134627426,0.5070379616672217,0.3977764316415662,0.37253369032175465,0.5666896562850614,0.5780682487747479,0.27064940243870966,0.9698471773546143,1.405427109270332,0.9855802052981013,0.8758799727689903,1.2554761566471422,1.4645032019250828,1.1381699862485726,1.553083875606665,1.138422917207995,0.7094233385469781,1.0297947206404934,0.7210942344485456,0.8666848766967322,1.094621792477702,1.4111591637409795,0.9476046197321528,1.176374589817067,1.3064274504935016,2.098963118975254,1.3311309718330402,0.934804509940554,1.1675593909302608,0.9840872728448165,1.3781972731392687,1.9269343147974352
noise,0.693,1.602423653139145,1.0916942572119506,1.1870802306908563,1.6581258562903018,1.5861490319541938,1.3652277593394422,0.8191563383316628,0.9279114912623593,0.5110241253329636,1.0768689967333038,0.7090452739303874,0.9074448604258747,1.1529712623255621,1.0264389923704451,0.5148448098272056,0.0,0.651219821059219,0.693971877178875,0.4169136616058389,0.9355861241293987,0.5717396493982804,1.0703442639910121,0.8311283836616071,0.2633809583506158,1.364213600426719,1.458717466653796,0.4896719671581025,1.0831960831959224,0.3288118067222647,0.8864209195309121,0.25113135139048803,0.0,0.06154095437968818,0.03973622947602817,0.06540453212223636,0.059605995588156345,0.012187364962539575,0.00931410583970893,0.0,0.3278056046504645,0.0,0.08312195755433481,0.3849233128114151,0.09323094356836248,0.0,0.0,0.0,0.0
noise,0.675,1.0815766990499605,2.350661448016862,2.226358697357054,2.638559311323769,1.973183144072871,1.7884168486390577,1.1886931698133707,2.0738213150832965,1.7468482175912383,2.632905202094325,1.1017372982405542,1.6338992762530062,2.021607240304822,2.030996575459931,1.9954778742574506,2.3039783860314604,2.1786706915239806,2.690615660271444,2.9241760528478995,3.9617442866074786,2.6303635558886382,2.2852459460750025,2.0275613778490573,1.5725079669000426,1.5340923441231802,2.006674951173009,2.1044307804422497,2.0027446696584605,1.9350224506474318,1.7492236988812824,1.423534643384986,0.46181177592551026,1.5838971108336501,1.5819524638909623,2.877372563719779,2.0185293871720593,0.8164694125659085,1.0674475348144663,0.0,0.9072733660158134,1.1679792192535463,1.2070676972532552,1.2933341070210358,0.9932555541034765,1.1190647594858403,0.9719774615604851,1.8464180902239593,1.1532599895222693
noise,0.42,1.5708112011071536,1.8119824662702428,1.477641404710735,1.6413913455208686,1.8581884199958367,1.3142927675982796,1.0245953049556735,1.1895649848444114,1.281589240165408,1.5343802840464873,1.6546461454628267,1.3882557833492495,1.1215092338122612,1.3441520404523406,1.431206982165618,1.53715155823127,1.6605075425401286,1.269158394812723,0.9572071659374108,0.6267594993443852,1.1213133122357002,0.9714921946555698,0.7508757210708826,0.9352811655715956,0.7652329961125887,0.9155213048498285,0.8699471855524769,0.8450523642041221,0.6534637479262299,1.0502744586371682,0.9299885923167083,0.9562967935212332,0.8638465023677518,1.301718239359305,0.8444180417768644,1.38197547218288,1.8763590540859687,1.6271613155464688,1.4885613886248474,1.2018486105845905,1.3481970834821098,1.2026838666668798,1.0539602116800713,1.0839629562811912,1.7564417257975757,1.6615901087670244,1.0978529112575728,0.6374776616471565
noise,0.669,0.0,0.22356811954281366,0.16997600114959988,1.209345748906292,0.723753462361121,0.31130184763926055,0.8663801893724067,0.5267540895192088,0.3495867449281185,0.15021326472339658,0.0,0.17560207303705302,0.5315976663155446,1.163653159023442,0.554360984757922,0.8190322227422133,1.3595724208235527,1.414806540444034,1.6025435071481944,1.8284490859962914,1.5224643449241944,1.5647662905593023,1.4180017693300215,1.566742284462493,1.4549883634784513,2.038847964278716,1.3096230697731177,1.4991531357819625,0.9996005588666301,1.5734290044171377,0.8259263159529922,0.2878098156084402,0.9906998523448529,1.0420835017668415,1.0060172540465375,1.6314056277651745,2.119553331263115,0.8338551043182504,1.9615609635729276,1.3035732722366462,1.6977284266605777,1.8396647476358348,1.9166568727308966,1.4747173139828105,1.8110417125639477,1.3966905462384303,1.3118108909909068,1.0311287102371085
noise,0.455,1.8314240277914215,1.6367171625867947,1.4608000582280076,1.0364019973670957,1.3646091616663525,1.089384582432385,0.9261374695979622,1.4450390749322857,0.2847237307293043,0.9983517827420715,0.8326111867893219,0.7971793250304364,0.0024119206320870057,0.7446799685951239,0.9954322145678676,0.9015362779801506,0.817942356053095,1.3169919768541591,1.2988753553539654,1.4189821246541126,0.8307685944087575,0.8341648415003078,0.9074876416392752,1.177916999327614,0.6513222981158963,0.44361161367445434,1.2907330288960437,0.9863563831359604,0.9947855206393854,1.223207809580792,0.786013144529181,1.052720486564622,0.600750181089139,0.41458881405709785,0.47229053917884123,0.3380014385910932,1.1033713623698844,0.34338765120458964,0.17511697551917854,0.5064643704926373,0.6003563522510307,0.2648146712441517,0.021870927730066603,1.2558206206655054,1.6200152286794227,1.0178320334327058,1.9846369934828612,1.8867217050309253
noise,0.566,1.112683850632578,0.7423024901280922,1.1038916713058202,1.045047122313348,1.6197918752000384,2.377760208307529,1.531571651643682,1.6080467869466344,2.4645518433058404,1.428673987058203,1.1187185963696455,1.8854596975949631,1.6402053617990018,1.995896826302444,2.0210622969553924,2.1828422747938907,1.9755412239892214,1.8728856455013818,1.5198075024148066,1.8641707741782683,1.4712433692105449,1.1179930745011255,1.5137819090644578,1.431073791070248,2.1304059091540815,1.7285682343800486,1.766343507808714,1.381542277697352,1.5454692699238828,1.374406724570386,2.3312814281708594,1.8739443060532681,1.3944593828072709,1.609083587240245,1.3148154489116213,0.795903232843954,0.9903373288059201,0.9667388175751516,1.0918800499595562,1.1495309695737506,1.2252864826911845,1.3251724938214258,1.62082945416191,1.1925746881855048,1.263785009076286,0.8938916397315431,1.4359027418401618,1.7197855167330458
noise,0.226,0.9130772640679364,1.0181805137650355,0.7637527106012608,0.3777070638835186,0.6075765182110975,0.7736735600747326,0.5934931333870571,0.6202471954679672,0.7134968806408444,1.0855064528934693,0.8354334197790998,1.1152986844622998,0.9824834036523286,1.0359051554845056,1.0303117258447567,0.5937811567536405,0.5713596880051904,1.1187144232813024,1.0026351205635935,0.9734797262007695,1.5481789772634231,1.0980040209041975,0.8812175824932224,0.8131449352501479,0.7919311620927715,0.7765621802937133,0.7734544658921187,0.6504520821270049,0.3272092679460899,0.4772343424389408,0.5187540450466159,0.5819536735730761,0.6117141636672221,0.8997256985225691,0.7932917843326762,0.6063470588136515,0.8312707727727002,0.7943942951477097,0.72130681378353,0.7021354391908292,0.8876695602134763,0.9455765051440808,0.8612449785612948,1.0752094287290739,0.8928630963874693,0.6560818939435819,0.7113537465102621,0.7460889205343603
noise,0.791,1.1255313759219938,0.7773542021207833,0.9632670626595847,1.4331443920617575,1.04782944791928,1.3021954123149315,1.6459794681935445,1.7883534064440458,1.8775477670530658,1.3013926528720545,0.8511342360414584,1.4533785852365944,1.0228084513562032,1.5667508254813112,0.8288649821357101,0.64470736942724,1.3635257974392585,1.3461973464093098,1.2438049175157293,2.291295333280108,1.608535308299234,1.55054356034667,1.7428401769559958,1.654865546114438,1.5090965149554554,1.942185633812116,1.2693914729031452,1.5197127040598084,1.9950598480879955,2.1200411619571415,1.310193873569499,1.1601930124262911,1.3165518525144804,1.131438175443713,1.8572690981145508,1.6921467912430859,1.8559951370292396,1.3544984407474625,1.748261941029975,1.2814005963771522,1.2658375635905719,1.2482603558864942,1.2886858286011493,1.626950641765084,0.8326353209600845,0.9923444529146717,1.5541115230531894,1.9815092842646886
noise,0.254,1.4235515702493644,1.0944254479783582,1.260859436443805,1.0524982157906362,0.8378030861694622,0.8782052036890562,1.3989308867039463,1.25321550965694,0.7217833745049159,0.787524912532454,0.2668417782131738,0.34614977190227114,0.10161102887382886,0.3580023345639104,0.589359277519057,0.945510205809351,0.3463611867761052,0.1152081974257162,0.4307642268773354,0.8456875693278687,1.1795054586036067,1.5774245188092575,1.191190519959716,1.578155752524947,1.859154385906353,1.6679647877583494,1.6313593591364073,1.789461762304832,1.5115166375361162,1.4404094746918334,1.4650163681067463,1.077571732165143,1.0183224340474248,1.4239747380155692,1.3329395227741219,1.4737495415781878,1.7032667080890982,1.6802997753064055,2.0394781868709617,1.8084866406074391,1.8948379529505797,2.0054130217417603,1.6947842413629342,2.67087610421322,2.0296283493085103,2.399305999568907,2.4247646460880117,2.8272356276408894
noise,0.393,0.6558223522454292,0.7013585138198754,0.6317268617751662,0.5170289533032739,1.5684001467657855,0.9272146199020498,0.794455413922364,0.8657157851657713,0.6428650860635825,0.6811415017351055,1.5681430279462183,1.8670512788139235,0.7682720013196314,0.008040457839550624,0.0,0.06425124636127377,0.7558036610640804,0.927700537608948,1.0906122889504442,0.8541792395086542,1.3803407828739447,1.1212984812497093,1.0235733943132919,0.912360087651269,0.7834420786387755,0.7598408993457317,0.5622920310698958,0.3021898556443597,0.45390413361585114,0.08857405995888272,0.22148552160332874,0.3639644706615118,1.27492623267943,0.45415955090748755,0.8460639061164699,0.9922162256318909,1.2352288544919414,1.8339820949136685,2.299210455988555,1.7699178166027965,1.011130797174047,1.903564634135778,1.8312286800569255,1.9906992003243045,1.9645709008757866,2.091070429468729,1.3978360269528294,1.727429238540745
noise,0.579,0.7569697592234323,0.3869097193197523,0.7415297318747889,0.4144297026767551,1.0730228139423426,0.33981537651685323,0.9339903893439468,0.4914915574132923,0.3694787362456728,0.9802959085956536,0.3121703140641476,0.5993340804398671,0.5809997946175878,1.0609505944357773,0.7540445965649071,0.792076937277414,0.9465208789053421,0.7951415450141478,1.0628804591626086,0.6438263683716974,1.6878188222508779,1.2698773777497612,1.0520526002691788,0.9259599586983527,0.9948994682286482,0.8077700486002612,0.35974898747886086,0.3750187444459531,0.6061812977485519,0.6118541005425038,0.13705783060180626,0.7280823118320091,0.4142608876650483,1.1114305390227026,0.6657706977142357,0.748571690865993,0.8825854314523149,0.8095148588171011,0.6976550612963349,0.9987067003769478,1.148349553163863,0.608660683678222,0.6909294691176536,0.8038752576280123,0.9421405086595841,0.8214161391632095,0.8205625266853926,0.7755157500006011
noise,0.224,1.9132586345707805,1.4873774000785374,1.2167102589376735,1.551177827014532,1.2117372879898405,1.0388066669540466,0.5669610290689033,0.5316353445330442,0.8308480277600527,0.7915925286261474,1.3134080956134258,0.7265045998506654,0.8749830926790538,0.2529705203425771,0.10588600537432567,0.7244124365713984,1.125203714271777,1.4358926646812697,1.2125039857978352,1.9105959465899414,2.137674126847724,1.7366615795189286,1.764946683135132,1.7723820775130905,1.6183979356756606,1.205870468196932,1.4152694364092915,1.5539031337206513,0.9151696834643723,0.7518345241478102,0.5789505866794589,0.39562331607363616,0.6634375785891039,0.29951950978861086,0.4493427721167526,0.4272920558465356,0.6247794252667545,0.3214637461802546,0.7257484941173151,0.5278257166905643,0.7060751744915368,1.1561422175880158,1.4220832638002021,1.5222705482110028,1.4397603543224555,1.4658075653399285,1.0131124707534325,1.4736014848483492
noise,0.561,1.162228946132947,0.6980930073506981,1.10619179663894,1.1354160751892803,0.9472816111083078,0.8686425436376535,1.2833265253648103,1.758135942731472,1.429606554648717,1.572841324130201,1.6529792679752766,1.709534805487446,1.1247425307742724,1.046806321107985,0.7675989289643878,1.2431003710601416,1.0598488221783964,0.9059743611507902,1.2265479428738788,1.275440612138051,0.7457325860405946,0.7174559958517817,0.5565859457916642,1.1422037508412628,1.5666083621027762,0.938036089147674,1.4394161750469163,1.5226579510015859,1.2105330228822266,1.3079454777600414,0.12792277870741003,0.9404307546494376,1.4852434121019502,1.388493780265233,1.4394957189921316,1.3875833565787656,0.9501793731369348,1.598857410670003,0.9151088921131987,1.1608823256702376,1.3585625826690666,1.1198812538909395,0.7500585667073352,0.6923588725186458,0.37773827436789364,1.1645830199958698,1.1553281054817521,1.1866786505398186
noise,0.732,0.9827315867164346,0.5468728176769719,0.49479747451574635,0.46873295148311234,1.1792922170123352,0.2369658476984135,1.2466751065379387,0.29711912829841847,0.689349109201171,0.28376791106815236,0.0,0.0,0.7365852929498683,1.459512439137989,2.086052698881092,1.8489574736464747,1.3737846160246328,1.082512535652162,1.541366932583771,1.0740166789569334,1.2445464932750352,1.0728037864764828,0.2553455860005889,0.5167095149472453,1.5011662935985826,1.1552680806866205,1.2958985865820738,2.1676168118648906,1.7142351562283036,1.1109532818871595,1.6453204451262915,1.087701801185299,1.91343456048122,1.5412462443242432,1.4046531066105317,0.9075833447800188,1.2147451315268714,1.3937046550155774,1.5978486458118768,0.8096867573733598,1.4100004696208719,0.612219539777121,1.4041591732110394,2.078577822128125,1.7488082125969258,3.38710020166386,2.868849938675008,2.80519489711706
noise,0.509,0.1936431324439899,0.7576073302780313,0.3704449541668448,0.5001338508412132,0.8009305766875524,0.8675112534374578,1.1230136692198776,0.929049572425471,1.2316620742842512,1.6534210190712704,1.182236462711115,1.0661653790959242,1.2998952582080132,1.377430724011747,1.062224820799932,1.27839434973912,1.1687963233421803,0.9283251500665094,1.0843978373923255,1.156051039602177,0.920056780263961,0.7385608854695025,0.48555678234633487,0.6814564994779342,0.5372325179008717,0.382297659815816,0.40728480151567964,0.5077949784605742,0.1810754717262048,0.0,0.5134651855744546,0.5862929063252499,0.33231973220217087,0.2452628604107287,0.8717764675830738,0.7130902692771314,0.32458717048438934,0.4503170947261451,0.8032925382755648,0.4360853951696696,0.0,0.4125253018782125,0.7480717961122604,0.9205852298346915,0.9662868341495989,0.8077963239991287,1.2364506087126728,0.7745798818420631
noise,0.389,1.1753429890056335,1.2795032198900682,1.7584951436279956,0.7623554373944263,1.2728654431408317,0.8715361587305307,0.9290485606036162,1.15312170527964,1.2988551995643038,0.3895382919319913,1.377262336677696,1.1640872454028628,1.0638568950210767,1.151306923328495,1.5376561797320065,1.7738539057751068,1.175527866770978,1.047345699322569,1.1432914466613846,1.3115570187638865,1.2121679721883643,1.3732149331798245,0.6018238996920311,1.164833491525624,1.4196379000417056,1.225227396268803,1.3473902681340928,0.8961579596841414,1.2584264188239185,1.495565093434246,0.9203613595546483,0.227754974277183,0.7171759790949528,0.5280502420034167,1.0000847920997595,0.36581016249259607,0.10220669449693799,0.5559004571551645,0.19001021973346466,0.6976733428253176,0.4477041500351566,0.0,0.3029608129456518,0.8715679744011633,0.49000555334740636,0.41719500015704314,1.2362259192554301,0.7862007604062087
noise,0.679,1.4933439998288673,1.9287837659033154,2.091631328675172,2.146769511253111,1.873055801238152,2.0029375180651616,1.8198732958085129,1.9074093008150572,1.807962183615114,0.8790351811367542,1.0876968167695575,1.5439571316643417,1.4581652653588597,1.464772240554411,1.0429165470127628,1.5124817842510287,1.4088548297336985,1.6135662536720377,1.8809873989545531,2.332348223321385,1.0949348712411344,1.4602136773703003,0.8070108328396327,1.5426747137098142,1.0688225340952253,0.616527166333076,1.3633315309619078,1.7963904539285118,2.2099714101724355,0.9094287644294354,1.5879678958680108,0.5836145088976306,1.0940357403873775,0.46334148977649015,0.3427715741267584,0.7674521091803834,1.253367999297971,0.8342750107608353,0.555790344399704,1.0462206494819855,1.1671585329700465,0.9321441585990267,0.8986653805687613,0.9655139512004834,0.8143695042554987,0.7832297506057593,1.1795785870061541,1.742766760929997
noise,0.346,0.864483523844294,0.7324715952342061,1.2542246374996342,0.8480970873723985,1.2315619566204732,1.0520833244144367,1.863561176610676,1.5155170930716833,1.4065402958495246,0.7835750616126093,1.0426036616991252,1.1561142020597217,1.007894881643201,1.1018693573760419,1.5379842745872214,1.9994658070548716,0.9425447102852291,1.7160169112241832,1.6264686643613708,2.191689665813648,1.0033059342541888,0.8051795425615536,1.4346765494417917,0.9357932094818435,0.8349042629614267,1.144337236128969,1.472044524591227,1.1824235864029469,0.6046809755613155,1.0280990423362246,0.9787884846038535,0.8386210201294979,0.6594445319066995,0.7062999995186016,0.7289772371394191,0.8082389174937576,0.5068725754733,0.08184998238765882,0.0,0.0,0.0,0.3057460144138946,0.44689486174643367,0.562685837548865,0.010203718775893487,0.15729331796733698,0.41371298592068695,0.18088010668882856
noise,0.207,1.0582893401369857,0.6171403312231576,0.5602018669830211,1.1430057168006804,0.07879584970849893,0.8031287733492255,0.9589567112564891,1.3391463350544284,1.1366152081990888,1.6735537837417713,1.7073879098051403,0.9993218115223569,1.3841750007764504,1.0748264992983274,0.5770853766988681,0.7922249832528465,0.5882149784933285,1.2024002841462702,1.2055681505578932,1.7791705484762395,1.5477951387703939,1.128437417330084,0.9012512829389723,1.0546657397623829,1.1494396404361518,0.9573523358890791,1.0874798730235182,0.9504728691218319,0.9865812413242535,0.6746049669377333,0.9999524572145218,1.1599007630660854,1.2805310833679775,1.0799385540573483,0.9832187138575577,1.121363424435961,0.9771298967383532,0.9812932810626401,1.028308867345622,1.2351440434347527,1.1791589841542403,0.861432677812138,1.0133037118503254,1.4887714916091603,2.242981260054193,2.335728739708269,2.1189482845006835,1.5750486112293811
noise,0.454,1.7643229951974937,1.473299256972469,1.4907238033367218,1.5317386723937645,1.4699615417177712,0.9783446093262328,0.8987792437024147,1.0897455706377839,1.172872066151171,1.2973161531126383,1.141553049006481,1.1248789713382097,0.9488922535774884,0.857176118211169,1.1874193836693632,1.1481596667815483,1.25812847606156,1.2314579275140056,1.3001888472509282,1.074190854979399,1.3713372122332659,1.1478720947245664,1.5739165437082987,2.067579147998885,1.7320385838995689,1.1092224456177742,1.3225090281891112,1.0079536465672247,0.5730222718731153,0.37409419099218666,0.7617874614803721,0.7927739600469453,0.7970228881075183,0.8368131631013235,0.737004559801657,0.6836381754655303,0.5068530141796944,1.1422081313642316,0.750897294749171,0.8627265755906769,1.1888297299705917,1.0197555293371363,0.9989682601194255,0.9438241464520446,0.6478051350647664,0.68628369610899,0.6057303737320746,0.4649051068293363
noise,0.663,1.3714532248876679,1.1384813079299163,1.0772043145604853,1.2784098349360618,0.6194689781705895,0.6694097643261849,1.4024962689251073,1.7969919603634588,1.2530762571905962,0.6462664684510874,0.9056964112803625,0.8293459221996953,0.5253974207048584,1.1067970326262129,0.6276762245456875,0.9659188788284543,0.5667828370657344,1.1964520126564309,0.811409857329988,1.5547365815917589,0.8342175023979581,0.47525747293295084,0.9207660590650483,0.8657151565388516,0.45750712038396557,0.9309998904535624,0.8332636607182357,0.5375960683517251,0.5720415574330759,0.26177880754284155,0.3547383074162658,1.2749968368939415,0.15278501283379547,0.6043626969593483,0.35223167971750513,0.0196498639599631,0.28573181143408544,0.2643809790909156,0.34343044624222546,0.22052649368310445,0.28407079182341854,0.28005995307713205,0.6522136913786003,0.0,0.0,0.24821730508414974,0.0,0.4679632472510577
noise,0.7,0.34737616236994107,0.0,0.2763479678170604,0.14217897641724195,0.5652195505854035,0.4555096638719337,0.22951668647699625,0.5072325514439893,0.35143026280654877,0.8435731645063868,0.8061086878254128,1.0473192308992179,1.0259255802418379,1.029200459256199,0.8274898829567052,0.6080797609845686,0.8445123877098183,0.2586521473209148,0.9332197623272284,0.6319744213335008,0.7454460332099728,0.4842362115140994,0.7475575914246426,1.0361256958895106,1.0968387163721784,0.615232394803481,0.9260352580016296,0.6593458472327302,0.9040695604796458,1.2543097850636449,0.7786935107917948,0.7651375276155746,1.3027632439385428,0.9623964171077416,1.3732314188716666,1.247816671821344,0.9038000596219622,0.9453626635388281,0.6917298155404608,1.2442968362226217,0.5822805448231325,0.9091558570341198,1.2289855538735341,1.0734386525605233,0.445690525051001,0.7459737073502741,0.7848043361842205,0.753587956958111
noise,0.619,0.7402358106228738,0.7825703647533196,0.12943249857642047,0.40950143398175864,0.9313823608625105,0.5560198050144016,0.4874922794397205,0.28116685827580545,1.3204808372931982,1.4470998515617821,1.2860922049250685,1.336883718956791,1.2984186315580541,1.7297673612061724,1.554131682171002,1.1310839511376656,1.450776396034161,1.4703983313528584,1.4766005448253596,2.1714840882704243,1.1567412350609927,1.2206187671542679,1.0854055837673502,1.8331888128315057,1.4986681290353194,1.3731894681772763,0.7639775520983625,0.8745578356459077,0.27083963587352844,0.761462484466124,0.6206989717043255,1.0307559567008528,0.0822686139592298,0.599579393943215,0.27449256067900785,1.002901119131679,0.0,0.0,0.07929278512679139,0.8484658463163859,0.0,0.33335024723480794,0.1927067529115757,0.0,0.2521013301382523,0.4641041038909035,0.15563084948309416,1.0597094240567282
noise,0.662,1.009924026315604,0.996989570688869,1.4348648512195357,1.807740176905773,1.1625508263754947,1.0686411808762146,0.6314078785647218,0.8448043386157775,1.6352608108245628,0.9443997055314495,0.9735281423847635,1.802548462716017,2.006463357474941,2.480653434254571,1.2522329405160344,1.6902684603656073,1.814192159801927,0.6109145468571857,1.1522999741352018,1.1107925769909843,1.4881634280972762,0.5809820969580959,0.5431196315727151,1.3058596060418135,0.6893588879555217,0.0,0.0,0.5292901207269924,0.0,0.6502092669869756,0.7230054960677778,0.42942569696746047,0.8344996928896556,1.4967293595598559,1.933245275084805,0.6740540667190821,0.6811529632028803,1.5259357616939297,0.7680887465315016,0.6525865818508508,1.0715566130975371,1.1499153563472477,1.1960735394135213,1.0552779489607695,0.5652826990882642,0.41776081955088934,0.3374737072120879,0.5851787778058011
noise,0.208,2.5428256066929142,2.0988637388469717,1.4488643874015819,1.6671163419431805,1.4687022474822087,1.5534989332522766,1.7535313011397704,1.8913892438586475,1.9590939282028639,1.8815683283016562,1.6035468678411293,1.2128286101371395,0.9039534778503737,0.9164752438712084,1.1517243793509966,1.0268866245576902,0.8064119438205649,1.3175029542987642,1.3485547141444179,0.6339421291874539,0.6504065947300941,0.6684559207639438,0.6051194733250372,1.0042298112918548,0.802488890804831,0.8774417010795255,0.909864289351757,1.0351874514353674,0.4977740634664122,0.7676224560123447,0.5098499454386358,0.6752568646939396,0.3233167414821259,0.23916884416505774,0.526939602843139,0.7728801024063395,1.101831969593623,1.3615713241725593,1.185169361740997,1.3207493484683253,0.9951136746441429,1.3360275974535345,1.327997440829703,1.2721816798156012,0.6926471061311719,1.1926898984994398,1.164457343230568,1.2631814356067863
noise,0.317,1.1305643171542712,0.7776362746726228,1.0191584627546821,1.1370144090463516,1.1021975766551226,0.3003770025722964,0.9351875542437875,0.8289472577532297,1.2245315711832678,1.5725731711730166,1.4964990556968825,1.2495661948696466,1.3802138013464118,1.3990874621489424,1.6562903123194637,0.9780374043644025,0.5512619483599944,0.938716710208131,1.633770531669309,1.5476719545836528,1.1723370416862124,1.0951084350582296,0.35214810373575,0.9482389798953339,0.4553315640710573,0.7669274630221241,0.7251350626145147,0.6129165613640406,0.8199886153538205,1.0253073685506722,1.0615098668271157,1.263153992427349,1.3315843033579895,1.5881074446189263,1.464720478156783,1.5497154691320632,1.802087103239908,1.952847422592412,1.2811354758826892,1.1471983517876159,1.1114488041168178,0.8973304630348241,0.8724565255256677,0.5437146386219279,0.2534397372237862,0.533724668056254,0.4472512512784298,0.2714667330902133
noise,0.291,0.5300797704774889,0.02750407449565003,0.21023597671477498,0.25367652208566965,0.4338731152206381,0.3269217364438413,0.19884710214663764,0.948298740904248,0.5899797644270761,1.0423777909661227,1.0099772285607085,0.9686785401740592,1.2240094549450349,1.6892972806338584,1.233862012678647,1.579442267039946,0.8760484121883728,1.1405932253931192,1.0852767920700437,0.8627665825860911,0.6075870981475076,1.2163132219701231,0.6801988914679548,0.8767200147985568,1.737092138392652,1.6967204540664205,1.4287369485411257,1.674164969849242,1.966325168559712,2.0919014113773113,1.860919672495531,1.6507523042624428,1.1390923807444917,1.4451172495053979,0.8005452191525122,0.6727563810118912,0.7818787554917241,0.6257920194276445,0.7607474015975673,1.4171210326211046,1.5277478457502645,0.8508553214048544,1.1492437379139409,0.7784234312796177,0.3908688858996818,0.8939770393385991,1.425335822133851,1.7698601168804426
noise,0.727,0.0,0.7724074920948428,1.4012217369771192,0.5973809830152317,0.8321792841262471,1.0208934480935725,1.3360929291712949,0.6318363916202835,1.446184705550701,0.9754239593337755,1.2414163760865948,1.4556971705199544,1.0011799905163734,1.0006586326409819,0.5566874663398313,1.8969211274318258,1.5608677899860428,2.150432690844551,1.0851264313776798,1.3819938104869416,2.0698359078701474,1.6482315650362371,1.4762509978943077,1.6387483643161993,0.7964168089962138,2.2712485451432545,2.1065747870228764,1.8326877171151668,1.1381580699223215,1.3700811782103832,0.6849883354397721,1.2907972945886823,1.379006482809995,1.444503988646185,0.7875803687969911,0.8134650699899431,0.0,1.1578086820901063,0.7895767330323105,0.892072351635294,1.1166991080780704,1.0775892746708844,1.582280236196669,1.7781087564924982,2.530818695113057,2.026444238444685,1.8727271631289515,2.4304485377846823
noise,0.472,0.7906489220078695,0.49442029577788466,0.7754198729067339,1.3354628739324488,0.7596409890283875,0.8496304300907509,0.4999349515125286,0.8225642614833821,0.374194664596879,0.7420801895214981,1.5915758554491157,1.194065074601607,1.5978101069974457,1.2408968819534416,1.2865807861062168,1.2266669607175529,1.4998627527983606,1.3498049328145059,1.0181118400508666,1.2634353048943547,1.0560516870468981,1.6939705381861252,1.7981026514032679,2.0211866264832596,1.3875325805324603,1.1207270578860293,1.250978557719654,1.1188163296213893,1.8134672318940093,1.1067287847854255,1.735040085449403,1.2901922982885627,1.0844645089518388,1.1089899440142694,1.6584068387143505,1.4345396072893932,1.099466393739705,0.6016168298304057,0.781944271324963,0.564036613464741,0.7305476998232432,0.41960552522839684,0.4127890273683025,1.019483951449784,0.8111383075761058,1.0774851051694174,0.7676276009138214,1.4300762754894407
noise,0.79,0.9186541408644375,1.2744251704257463,0.8203155252082833,1.3009119755337275,1.5406907794575886,1.8609429163954112,1.6540562034348119,2.2991155039712874,1.8873905534503914,2.2962306933883845,2.6205790420399744,2.414087380139358,2.6511380592551577,2.4714675682557385,2.926149859916273,1.8401411143057742,2.5738986797078343,0.6866765173617443,1.9820126221025536,0.4987416009868352,1.7892293470748224,0.6861213041280269,2.212563083626111,2.448053444772766,0.9180965844264963,0.8131765723767406,0.9558855372390082,0.1763552181577892,1.781724567266137,1.8525716389344413,0.6847925239960866,1.8201414375927931,0.6475767753502721,1.0378218622890019,1.4080805210387366,1.0173638621610908,2.029408004313162,0.24659966403021738,1.2574179991828824,1.4586097838373133,0.0,0.0,0.9607004009544221,0.15889526705661358,1.0363784659810582,1.35157233364085,0.9126847296333033,0.9150411671433805
noise,0.601,0.023495579884962092,0.42227263628379386,0.3346441311002136,0.07029606808111355,1.015072209923893,1.0509587740475723,0.8044448957911826,0.523442355701494,0.7071065902718744,0.9127052756016185,0.5321443625840696,0.7521768293500299,0.8357799502374231,0.5551664993548473,0.8645247677325465,0.765539487644799,1.2703647461781982,1.9210437840397026,0.6771423154527123,1.098841258889318,0.9743701752780725,1.2455485232937296,0.9502908947976098,0.8999891361206631,1.361680967206665,1.8966613117054762,1.3807097761882716,1.5203219713973593,1.8555200664224216,2.061998860194285,1.57299371946795,1.2077159121463763,1.7103304979102525,1.4150797600119944,2.0308169997317385,1.196268094038415,1.0168831102505824,1.186852828431227,0.6718078924997155,1.0132598058967328,0.948816438896158,1.0873319064389535,0.8953924073458226,1.395414163176159,0.7782823743426965,0.0,1.2941993574385449,1.3641267126536911
noise,0.356,1.5382241095637323,1.386817897242167,1.363710867009813,0.8308706080878802,1.552525236579668,1.2697612949909747,0.9650896583170772,1.7758151428330053,1.7523938531477505,1.5776291808218934,1.2542600844505638,1.728097400111491,2.424161206550386,2.3559214308854517,1.98063087326847,2.37984581656207,1.9351140904711936,2.746736377434726,2.995269077320271,3.001280138087143,2.4152229275332093,2.7187173121692645,2.6900889325029937,1.6050820884016779,1.392218248890013,1.9611765804389838,1.1897180816005857,1.7396974899682434,1.3391752426121484,1.4082650827139664,1.1976205864622749,0.9309012574758506,0.9711302034778557,0.9678099019679217,1.297152268054728,0.7528922086895747,0.5648540558917673,0.199331771457173,0.4778509893140555,1.0115198845066231,1.087533959042082,0.8987005746925447,0.3461004912583639,0.03938495031881034,0.278671880209709,0.5087044054203378,0.9124961974949983,1.2102088501550008
noise,0.73,0.4800649898758956,0.9298547247357769,0.5230194482435022,1.2072474908495978,1.000383067412851,0.8317449591602925,0.7812369631994828,0.6477994976932286,1.2066487883684625,1.5521247617485814,2.1844278435823297,2.0055227846886714,2.530931224850583,3.1338954852687064,2.7898569035220615,2.2293406764258883,1.9986768744230128,1.0795051395166615,0.9825638022216675,1.265117349524119,0.6752675806369911,1.1589817828505473,2.0753193954942333,1.3615787032075635,1.189281601028818,2.1974311289656034,2.1929802775818934,1.6483418291307956,2.4118413832509082,1.9908900362466155,1.6139071876649382,1.3623096796523393,1.590137563907459,1.8917144364949632,1.0491533062931293,2.467205092754657,0.8386109407100019,0.9708384055105101,2.1006532918830585,2.2109482515462524,1.7276556327118233,0.44757246882977986,1.2790687016292663,0.5433614045119495,2.893515628044674,2.051046934073456,2.5358641739306456,1.5943691987714574
noise,0.296,1.723299592022806,2.169141202472,2.2637777979820606,3.3477439695835565,2.6513913917490175,1.933564590241168,2.0865370718334284,2.1755699297194915,2.185590312851828,3.112782711570857,2.7708842503508055,2.216764184907135,2.0010071604614224,1.4726104480916224,1.3759514657747898,2.4275654013309937,2.1741198023039963,1.4096468049446302,1.4652169580724952,1.3993943680957104,1.5710166645318404,1.206387285127076,2.107789975293427,1.9931855411044483,1.78274717121425,0.9898134025753812,1.0141458674843684,0.9357532847339736,1.4416192493056046,1.672946115235329,1.4091496317770282,0.8734002750400385,1.4867728520035872,1.0333104589953284,1.1551627052268532,1.9420999039864495,0.6840178162178605,0.8300842839918219,1.3019369602438216,0.7251512657338579,0.8967419486931087,1.1720359860537943,1.08501884635662,1.1426104326813538,1.2642864792020847,2.0292843459761016,1.3068969892955369,1.8839606297608789
noise,0.285,0.4326797699232999,0.7090483128589012,0.7939553794021715,0.8865593078880891,0.33813054067465764,0.49363561980024595,1.4910223502394357,1.0847920858777764,1.2871302572935561,2.307130310962968,2.5208642828344607,2.4368108949994784,2.8374007583108853,2.5950207514883736,2.5093105781181713,1.8995976527019882,1.8017021900955943,1.4188130618588444,1.478280331968144,1.6428843345568678,1.495564475449932,1.113769041601097,1.3236739461032876,1.0266218515924113,0.8281069580471868,1.249892008285299,1.1757104234875961,1.0784916920421048,0.9027431119855234,0.2854154904281925,0.5426897792400948,1.1520184469155381,0.8823609315306217,0.934079829852017,0.8885508277352683,0.9637503468633551,1.7343286633259345,1.7756179104488532,1.4837102073168598,1.5751699972201556,1.0238501662202992,1.0907927224285627,0.8409151397754688,1.223203240095525,0.916587673092008,0.8993107490061784,1.0835821085803483,1.1340231615491727
noise,0.455,1.5731373618460296,1.2417953450931358,0.8246472902065701,0.9443058709526343,1.152053441899393,1.6997121760799023,1.7487904569264556,1.3370807306574886,1.055427344053337,1.1351270155011433,1.526971600174791,1.528336729035031,1.1712014473546857,0.808306820083019,1.2120225335804362,0.8033028077879704,1.191659617645536,1.0955580561676888,1.441336233321423,1.5976265306129214,1.9086613012292977,1.4894334099337105,1.2312465645484714,0.9008423576605519,1.1253474417838676,0.9342059913775436,1.4791490492471362,1.6738101041392075,1.1896803420559485,1.6449292500706258,1.3053899587700084,1.1843140152102176,0.7447122567170399,1.118695942869446,1.3364665169277334,1.0086130318502005,1.6486938183861346,1.714469150672049,1.288691837324277,1.3833096830430647,1.71204701433209,1.6108125762771164,1.0311248834436564,0.7488008905697618,0.6723058738901639,0.4885123703718887,0.5139849591662167,0.9374649882877458
noise,0.614,1.4870572018159574,1.1970095737637843,1.312489059345757,0.6141600513871591,1.1127690273209976,1.4057310654266326,1.5814238635723616,1.1523819933725703,0.9297094666388199,0.07625310434241794,0.8956648590263477,1.4394122666433606,1.2860330584987698,0.9758710439729287,1.068876928759832,0.863763776500825,0.6073672299878667,1.0948876078631637,0.9984778827250038,1.4085201924888773,1.0928564182891751,0.4194880106504299,0.8446829693977885,0.5459070617961793,0.6386459195337394,0.9412775553171462,0.7993120953524602,0.9998842437566319,0.40514872577193306,0.8550690508137683,1.46430905922062,0.886600231998774,1.2254269073447168,1.0353754505768211,1.0805524787148868,0.9358440185694684,1.0634372320617376,1.050402109372323,1.3105690024836218,0.8782093226382855,0.5568134627449879,0.8901634874923127,0.6347825468144692,0.9868278460458726,0.8930992173828656,1.6408478912381532,1.7632287829461475,1.1682771494351083
noise,0.705,0.42398281163141277,0.2606847303099935,0.0,0.3728042852762016,0.7353366824025244,0.37823264398165685,0.7892845787917098,0.7031655260676848,0.9060862804120368,1.1785761783287414,1.126869051400554,0.9999410395666526,0.7392878065442274,0.8631649197031734,1.129211516562641,0.6221675936582489,0.825953779273354,1.2489744598134245,1.5635859491133535,1.155068999170374,0.5999478916319277,1.8025751509995462,1.0591023745929409,1.1135981994566237,1.1890644781786583,1.543688550584958,1.889389134208638,1.1891492369327168,1.3566033434067564,0.9705574597207882,1.4799279014864788,1.5571388956166898,1.1628971839173432,1.3305729933321877,1.0676608905008842,1.5145268122386117,0.46407233625986655,0.8726413646112059,1.370085879570634,1.2875944222857663,1.4225284288277387,1.5258882983965905,1.1699445920554696,1.4837296447482518,1.4317808269249248,1.1670480381796484,1.3446226624652216,0.9953126836284423
noise,0.236,0.8963118646982745,0.9651073491100491,0.4840216828936301,1.0339771590811198,1.2147127143956298,0.8006466092190662,0.4306420817408588,0.06718458275512547,0.5106045070684677,0.7751419049933227,0.6354588090688847,0.515499606848497,0.6374891285198667,1.4169552945384587,0.7455235387018385,1.261157537780337,1.5336792106764983,1.6861912593054993,1.0652251482767943,1.542908582764975,1.9741911445479596,2.5918457404621345,2.0032205205233584,2.6189814476289,2.427160100256206,1.593494081404026,1.7913733103320928,1.361954634047878,0.8370625583566571,1.0945565868538412,1.896195966290991,1.215807860402084,1.5438184698832964,2.0229773072716695,1.3202586944372352,1.4137166229257705,1.4161401354333873,0.913301325524184,1.4039029461502253,1.6437102428378167,1.7303244736299446,1.3646179364460422,0.8252377433663693,0.7567667899151529,0.8330497641468247,0.40621510426162594,0.4651464233600985,0.23006316614044886
noise,0.701,1.7067853565064022,2.3749863033567764,1.9248150443103178,1.9251842317159031,1.123729645412577,2.69859186180976,2.616375282263171,2.089178943794858,0.34142755529555124,0.8354834344938797,0.5910292942393786,1.1125286778629841,1.773938978365421,0.8410441493092984,0.34265513753928656,0.7796588966444788,1.037849343068616,0.26484266258054584,0.981279614130841,0.6303205434501145,0.4385566414502208,1.4869370256907093,1.9066002859996076,1.535074364326678,1.3565427291806482,1.3461851781021066,1.0985405622132771,1.3666464799202465,1.4739163083624836,1.5253234504887703,0.9798540855109295,2.1322982286796073,1.791633618664576,2.2865916618134765,3.2157057581446598,2.3817985302172273,1.1809462501040715,2.1682013023321005,2.3307509176521632,1.3806547559402589,1.7262280440017415,0.8405141825685634,1.12185916771272,1.4157659497946966,0.9137101743525115,2.0654857922048806,1.1670603318065365,0.8236291691984319
noise,0.355,1.404085462742508,1.5345924137430316,0.9055656824063767,0.2676056365020684,0.7639885999796531,0.9063798706053376,0.6664656198545854,0.8529495204242696,0.9964700419262451,0.7265597393799196,0.87384695495679,1.2374439496483949,0.9367861218749569,0.6665305237163882,0.17716861978545237,0.4985183167094613,0.07735022480134432,0.0,0.6288739345725153,0.8187526743104604,0.4103945312232345,0.25900973555378615,0.4758310357668975,0.6283562987094561,0.28609027045367447,0.1251784033993966,0.37782766600788315,0.9378317192090736,0.7161923361897116,0.7367954361592198,0.5226969807543127,0.8056714077174663,0.8852647289495393,0.7643363091197504,1.288289946259768,1.2053904859876385,1.934536469211818,1.3083831613046193,1.8218233814701865,1.681356072092317,0.949576124593526,0.8778060765532348,1.0720674667823284,1.2844008772775457,1.039616923663732,0.9309072674018196,0.9432910327124628,1.3082657528787092
noise,0.43,1.2415323680275128,0.8848340326764662,0.9663555299637788,0.9431211274812656,1.5810928893795406,1.3706003026285996,1.6998126268274822,1.7262586376630087,1.4655244434990837,1.3137567190462027,1.147592539891038,1.0397373167903745,1.474776454383205,1.746241032888724,1.159242685690459,1.3687028646416162,1.356167340762563,0.9407144745234117,0.891324645667734,1.7623309832627219,1.8213422535647261,1.4386620555643839,0.9548604442906179,1.3387301297618923,1.312441383309361,1.4460526970152776,1.5996465218852112,1.0891168736257237,0.9861464754690747,1.100528695102814,1.0315240469455091,0.9409319152886779,0.7132096193565635,0.8642978303529972,0.7073169992197088,0.3630338106370107,0.5873379711645946,0.5092686637201642,0.7042562273744469,0.7542773160960717,0.9154275825386309,0.4059686206176275,0.6001726476279554,0.9850432369964761,0.8141379518642462,0.9989460917781244,0.5979033637401336,0.5830167940208384
noise,0.585,2.070615632621839,1.4301499267701188,1.2693906434952202,1.0968290637592635,0.8954876344248086,1.0333568908056896,1.2563541585661555,1.2129594712656755,1.0876451493350467,1.1213793311679807,1.1995017379200563,0.9356232685966911,0.8051800288341205,1.1725998437082825,1.1233425490186157,1.507105062220294,0.6708373786514619,0.6663136342433482,1.205007419141084,0.5968921032197843,0.925016420734876,0.6316061729053912,0.3795846118670587,0.42299219530129645,0.5848741703474786,0.8356327998309021,1.0307223227174924,0.5161962095254715,0.5822982840123777,0.49175241306843337,0.8741668535338888,0.2830052683446777,0.6238562846469894,1.1132598735005677,0.5712313766002213,0.3027301625004285,0.7863283229031354,0.7690424134606436,0.4196925758010919,0.2853503719416759,0.09579029910596609,0.3888663948794524,0.5168257776086781,1.341472292350677,0.632666321454145,0.6214511977738737,1.2361328654076844,0.37770451050444753
noise,0.576,0.7114325443372969,0.7659161961355275,0.663055351459089,0.8312767004873163,1.2137740521378764,0.853190687694453,0.8902027583440804,0.8800196222725196,1.6137844186987436,1.253655236449062,1.671269255127464,2.1472497812069617,1.5656471576708668,1.214315810072076,1.5605092517219532,1.043439003454647,1.1838548369112178,2.34548613973868,1.4566343034078142,1.2503235782497197,1.2547327976688738,0.9991662413037581,0.9926903682719801,0.5964888831515229,0.49383565366368937,0.08939126755887078,0.43057494400816254,0.6778258864213942,0.8632862150849002,1.1229604233931973,1.2013377686212618,1.3465988430080542,1.6882862624653288,1.186901537743653,0.9357444102295072,1.5953981725147612,0.8522141558153637,0.7284913948106295,1.5022795412180354,0.7357541647150851,1.0073331703250648,0.5335624099610174,0.40323557598325116,0.34615670455287467,0.9225892056456046,0.7224549288626105,0.5825101435742875,1.0044653019445215
noise,0.611,1.7342485718716538,0.7503483445080229,0.5023851112506459,1.0243391154276689,1.4475490463530702,1.0914272564409393,1.5078772485654097,0.5325416380049038,0.9472333329546982,0.9564410798510118,1.2312529914686423,0.7993968681990149,1.5544030734322436,1.745921735007307,0.6290886867871344,1.0909031047792226,0.8548016082701786,1.3591762545195656,1.4080069560710151,1.9567880582110597,0.9946746840206444,0.9078828858440894,1.1089296806771147,0.7580645091438656,0.29798882318719344,1.0885866483216464,0.7693551669510446,0.4098154047392433,0.8916201037381888,0.7509442700735205,0.3287388508474694,0.3425318648161668,0.6913156734714457,0.3690359009324697,0.18298287297128568,0.5267211319149377,0.22489851280676537,0.8637154647603134,0.4091434490443486,0.13079819915035257,0.0648231262960586,0.26331256787857343,1.0279655661077416,1.2854120511481497,0.6539174895739629,0.8448903850454582,1.3211125034411855,0.9593074121467632
noise,0.779,1.7021358619847777,1.1671075017549553,1.3309863724965667,1.5692649968726753,1.5058911263887769,1.18185791870797,1.0353903194281102,1.4369311912665808,0.7788441206134817,1.1970927029718532,1.9542049495757952,2.062773846563965,1.8267329302076039,2.415263262415936,1.5316966244580672,1.7666834091695145,0.6791470331142864,1.9077850693006753,1.8856571821840165,2.8345624881579052,2.198685121833727,2.0414507640951793,1.405278623737508,2.1380669129706296,1.4189076710581727,1.618629974791692,1.3648224931215662,2.351662599014644,2.396503237115892,2.2378046016479964,1.6762001251189151,1.676817449863926,1.7187361257997258,1.3973026991452966,1.8323417153442607,1.525675962501508,1.0272383077133134,1.137921025782049,0.5275705187264436,0.8437638485698378,1.3092371040074227,0.7431539447984847,0.43934403954969675,0.860432608813168,0.17825696217575449,1.0438757987540108,1.4684535889643897,0.8108046199532516
noise,0.41,1.930381547526125,1.626303023392144,1.9390260116521498,1.1897805434502289,1.0893241289831224,1.3900758014434529,1.1682948568575158,1.2484017049824132,1.091598287332152,1.3591294921000092,1.1947793166675502,1.2435692552883153,1.5471707589443071,1.3817238685969102,1.9074967195423753,1.556755751805243,1.7983991292138646,1.695561924794156,1.7311570517899333,1.5674685814096982,1.530154689378078,1.3225699180741064,2.0966848773387405,1.3282032699372683,1.4406099099493956,1.8023234127551473,1.5301692277569443,1.7851955758123805,1.7082768710599339,2.139120923393378,1.8068840514061046,1.4334055182920353,1.4878115412219648,1.2389051756722134,0.8874770275385142,0.8941955788138412,0.829506303677546,0.9802374337874747,0.8830948953187328,1.208218170080404,1.393326477036264,1.1908186308021542,1.0015990015210616,1.0463581718314032,0.3477850222616461,0.8297342292007668,1.1356906916039278,2.20238748717292
noise,0.245,1.2978625202192513,1.9825650328059956,1.7398361338855877,2.177428307444237,2.096330468105962,1.9540290548321155,2.438955761195537,2.5350477419401094,2.2964077041593205,2.3224978486330023,2.3449807232408815,2.310071038300129,2.3105208241002733,1.6722860150619354,1.56532552365028,1.21168649012586,1.37852968292636,1.2480500508522447,1.9184918369422381,2.0678840308324653,2.0937870103795757,1.1230882950581076,1.670547627592254,1.6544795754900246,1.20976717571117,0.7810321575682853,0.7542428245624683,0.8579931732460531,1.017452507359149,1.1957890301069125,0.5805957403690741,0.6987196540577156,0.893577349868282,1.0889426838798915,1.4661763447300171,1.733399098208501,1.3987544717593403,1.6206363501365806,1.5215076671513532,1.5696463611019438,1.3257169875965473,1.103691222230906,1.52371088179751,1.1052023096272425,1.2513236869585158,0.9819209099416858,0.49018871147486465,2.0310548894938223
noise,0.759,0.174654099466987,1.1710150010543077,1.201404296979169,1.3300193069879445,1.5293534759650655,0.3933234446145479,0.536906258000199,1.1818376319999584,2.427321182395103,1.504033420343918,1.4522024483846758,1.053032040598755,1.7285424105232738,1.1653995286612098,1.7838711932323668,2.116340422359965,1.0409402804986334,1.9543509885942274,1.9707633551443169,1.306237159374455,1.595800604566268,1.0681780936957073,0.7788800368968012,2.0129518579514207,1.0793835400160445,1.2099405861169268,0.8605274808286262,0.5961563111689602,1.0066471685141503,1.0574957109037162,1.2982065563100025,1.5845098923642063,0.9604463407277891,0.6961866079971221,0.7826424613949171,1.1617669441442335,0.767294612746916,0.44697596234019954,0.21274937317024847,0.49374296067827866,0.9639709674291699,0.3453491430154855,1.0983012146885636,1.0100242372027661,1.662999448596595,1.2107892840787537,0.7395679476264951,0.7335929672376298
noise,0.399,1.2079154969986112,0.8362608460051049,0.7234554219800282,0.24507378656997925,0.8296573263486156,0.8620487889244144,0.0,0.2758212889354009,0.6758884508640102,0.8231875671675577,0.6490960641406378,0.8346760076080937,0.5444127753374264,0.5499269336317162,0.8455526579456052,0.27697562008760795,0.51491797608895,1.0635547391656301,1.1882432211340788,0.9277569916393406,0.9606072459308848,1.4445145414292484,1.8104998796891036,1.2110585385326271,1.179926235206787,0.7898399723607943,0.6376846404074574,1.046076996888193,0.8587197500654042,1.4299496099339213,1.4558459293412178,1.6486154578034324,1.3268294826823275,1.3619589577711877,1.5002143696355084,0.5255309835131998,0.7986491098684038,1.1706363007069525,1.1256687655176667,0.7192902848655454,0.8014112808086613,1.3067078756844068,0.6439088535928855,1.2498121766850407,1.1681100069103374,1.5639526004372624,1.2932490148540499,1.6132853973943604
noise,0.361,0.15191878400083467,0.20331024238664208,0.0,0.723250254463607,0.08365469555014127,0.7189249310956325,1.3059604557681588,1.1423628090833342,1.1423368056017669,1.1733391135705136,1.7689398677209383,1.6279592388144344,1.8534834697206486,2.368070932774955,2.505304848862487,2.1292494270162914,1.7470522256202323,1.8007290893846635,1.1410722056818297,1.081639677069408,0.9248535948621933,1.4183537548109895,0.5870052670038531,1.5161268727308146,1.3307968741268397,1.060345493727157,1.343414384743035,1.5023691759422062,1.4660008135850087,1.4062472331507394,0.9537272003437731,1.5724558148384533,1.0355668233183877,1.0298612714936979,0.6500923792805662,0.8727053443463908,1.3276148886842212,1.010581438555018,1.2175819855915442,0.3115382709478078,0.6213124210462801,0.8707402025233864,1.0097052344644222,0.5529667037568982,0.6239415642826263,1.0710382053675804,0.7422168804189784,1.0934350036528442
noise,0.336,0.2582745332509545,0.0,0.2601729056639426,0.3371885305108473,1.2062695329890276,0.9170802798239197,0.5876921112353098,0.33582621473706675,0.28247932311256224,0.7231824769724579,0.8862772277414721,1.6579067314919975,1.2815070359044831,0.5781232309243396,0.7796864383771444,0.5241088020207393,0.7131435483941964,0.7292404564554026,0.7179540007979335,1.0926300628206818,0.7435968932101692,1.0009065943618805,0.9759083159764929,0.13676762300806813,1.2191968271832865,0.5058868659187283,0.5416089675717994,1.222065084845128,0.7666991629228346,0.8127810513205056,1.0938499734788583,1.0793438085963591,1.7576247843567894,1.5974770494225619,1.3289848742531807,1.7408681992023771,1.7688782758616999,2.104726193496599,2.6703852586457772,2.342372008801092,1.3438527508728182,1.2273583250902358,0.7481471020128778,0.6770530126906367,0.9857502303062783,0.44063908081658243,0.7884878534042604,0.270124862885764
noise,0.346,1.7556795845971622,1.8409424156610696,1.8437808576852408,1.539838503675816,1.4756634281774104,1.4558014879350285,1.458038530012985,1.197906452410474,1.2141788705507899,1.4017770466440236,0.6533367486830399,0.8297729453804322,1.5873424426064762,1.705250054759664,1.6586397387747458,1.6148077951982356,1.8631397674108048,1.6252419119711556,1.5749460327068063,1.7775726176658768,1.5191386358861847,1.478319796054709,2.3672936296460376,1.4148239911606721,1.405770412515401,1.7731084317429446,1.5803019073326217,1.6723306609890252,1.965247838229642,2.3609411940913825,1.850723895234601,1.5252036395110484,1.392881500564369,1.2615640989262422,0.8875768584431187,0.9817218532099778,0.7954244510571792,0.875122634299396,1.1704736913136498,1.5501996275345675,1.488952447509321,1.2167574627926225,1.1273195793067994,1.0444023203173447,0.7949681604123857,0.9648779569844361,1.4610879579778662,2.1182770818151906
noise,0.533,0.13153336766399026,0.5523162903658552,0.5370999536135377,0.36870178416099025,0.5446552916782434,0.5461314284629659,0.2188824883226052,0.37750365017708004,0.02806861828697205,0.27565933142051974,0.23509764887293144,0.5332950900965572,0.7753886239405029,0.8825304296437798,0.23708359562280756,0.586122268498669,0.783186665887194,0.6852131512074459,0.9657696990211873,1.0095358023012062,0.788516105978409,1.2871058495335126,1.161732788504147,0.8225287073731256,0.958683589889976,1.0488943230112642,0.6809310192288253,0.3205795936474138,0.2653352229956434,0.15905474020173851,0.16485755884356404,0.6012443313018973,0.0,0.0,0.30198902955372536,0.10283791571622827,0.8654004279696313,0.5295060802016582,0.6537012225926903,0.4699523757243853,0.13757997745614728,0.7428354701098208,0.48548108651275945,0.16442267862507673,0.6456755703859325,0.6101927213542376,0.49703608563604357,0.7432269864692884
noise,0.353,0.39036508503661044,0.8329447515297972,0.055523305028976275,0.15185121269111035,0.5649881437246594,0.42653721749743895,1.0177484833629196,0.41037439714778423,0.440148378755013,0.6189121227179024,0.4876904102422387,0.7571464884576127,0.5114740680173608,0.8272584931226787,1.3005325612514733,1.5631688586447374,1.2229453551309597,1.2254761661060467,1.3895384100664279,1.0878296743174598,1.5274665218648753,0.8976048251083204,0.5815958609316745,0.902143555506069,0.5200799076702038,0.5239711005664507,0.8826238126178187,0.7929164444397605,0.41001323786455124,0.17686779753198104,1.1861978079954243,1.7095631143295145,1.2404803797813746,1.3793890244977403,1.5305046381988618,1.2432290610725105,1.0258736033079625,0.5798089475164339,0.8871039300457515,0.9336086008686104,0.8276245327211296,1.0926147370540176,0.7446433672321696,1.1309403182786044,1.1732946298805154,1.5574438770171284,0.8454682226656828,0.9242894733337941
noise,0.401,1.517138376387912,1.5305789202285285,2.262116226401982,2.510904941265025,2.005108540872289,2.014666160823658,1.396040310779191,1.9942124390969072,1.3728904028531672,2.4264073267340573,1.3030452156544599,1.9484938988831548,1.5079865411199647,2.2358878048095496,2.04054093563439,1.760751204783652,1.8531392671060756,2.119187121815331,2.904705736522288,2.8824747456928623,2.436356329725308,2.016109300407662,2.0371985241571213,1.9178622294809515,2.2007283381911886,1.9173092941994287,1.5839538180673163,2.1008050732784813,2.130225865279711,2.691325827513096,1.4486783571936939,0.9326479931869951,1.2626503322552105,1.0991017349836774,1.785578916245216,2.038276858027144,1.098366501276035,1.5945808687715797,1.1697925270751313,0.9168873725317537,1.623860544765567,0.9973543838858682,1.281093153294886,0.5757329323754405,1.2273092454019279,0.8172632428711801,1.1745490806761707,2.08406694557795
noise,0.399,0.13315081175861598,0.14769401687118558,0.3496943267897886,0.41731755064582077,0.7092760025113862,1.154537395286021,0.5127154224541367,0.8083922427085357,0.8059578432074357,0.766893552840422,0.8235969272246073,0.6822815363113787,0.2447356809168595,0.934877915592504,0.5010863616855543,0.6649832511051544,0.2382615644236917,0.6567137116425154,0.22048765234511947,0.778524356980683,0.4120839409217704,0.5704415823218667,0.44246244964867365,0.7629441858546976,1.2109081123076793,0.9976017991061276,0.9844110139990698,0.8653835188183802,1.4380903993531544,1.5167990325260705,0.8669577732464694,0.9818621396408829,1.4387266138780466,0.808625364842159,1.417793836780123,0.9104612117769222,0.5636696914219871,0.7491800785750512,1.2244111163040627,0.5440106012197723,0.7645106354210595,1.164733129969516,1.1703833795864254,1.1337077208140223,1.1086220103695261,1.1255451795206106,1.4467386319827495,2.3437000890836743
noise,0.571,0.5085280324267354,0.5020748090233954,0.1802168707042335,0.662598662023902,0.7909064535724158,0.40012979168090457,0.4628856209227811,0.507447357061824,0.3925399956426018,0.4400156978482183,0.7317178649677444,0.4121809187063774,0.5181827758248826,0.47861619014392,0.6647174392465875,0.4059921601415495,0.36355909035584416,0.44306570410901414,0.512104953654825,0.9289065764235194,0.34563894780052973,0.5750452584177113,0.0298353715148702,0.15720769174992183,0.44922536408886865,0.43603845885297193,0.26372153147947763,0.0,0.210154212838448,0.0,0.0,0.32157703240477487,0.46165349853146626,0.5962233309228838,0.2280862981005751,0.8260242293604114,0.15198881582328796,0.7627968225548432,0.7277279962839092,0.7401623132909486,0.19876838100923877,0.4761827551840752,0.6885097323161058,0.9498234041163138,1.1017746131466513,0.6476283050394652,1.0202697747122351,1.1139900413012407
noise,0.493,0.0,0.0,0.289254781818983,0.4377972162354664,0.0,0.5266479589863438,0.3211773266750728,0.7865795626746683,0.866272616496641,1.5495658247306001,1.2041554072245548,1.4547044593697036,0.7506141943622254,1.9729574206425209,1.7208946447823843,0.9488004945207633,0.5251416974288193,1.309354510918348,0.7846726065543714,1.28746721431617,0.7309126657780458,0.30280514241639017,1.0654219484905887,0.6356091727868484,0.9842949757851818,2.2377096242704213,4.019830489188215,2.8280824685240167,2.5072018991894134,2.117381130995302,2.2016011537364015,2.586622620058906,2.7162801952343134,2.8605006163129967,1.73646419006438,2.1797472356996432,1.7619111347800434,1.5168046609487014,1.231491033529493,1.3875558206380492,1.4462916595539004,0.2370080164342826,1.5341350492527372,2.081868308328273,0.5490706040572023,1.186667049405905,0.8339245733253785,1.2787236561363833
noise,0.443,0.9965661101812568,1.2078875245957663,0.6312420801657681,1.418169443531134,2.259420602910685,1.155040789014719,0.9777999243047661,1.0604317813578048,1.1901045177128282,1.4280521145879674,0.7955452631961046,0.7025623659483673,0.47020138172668063,0.41890673980016957,0.4146027427596706,0.10723956396203813,0.03662213960801042,0.0,0.29475506538262647,0.8892266823650838,1.2690221176325638,1.225376061686616,0.8932003853153644,1.2950682243095197,1.5808584793352138,1.505950231517675,0.7791027045498661,1.2520031811179213,1.522435620687979,2.049203053382677,1.6835625808848216,0.9547361405559309,1.3137390302397989,0.6691234287407705,0.6749891267390001,1.4806941023628202,1.529244920238618,2.504506754460505,2.453100656208996,1.8627935732900773,1.80458431952081,0.0,1.4698491894752312,0.8737212451375413,1.8339184731482685,1.8263851728861562,1.5258456728803906,2.1868497791084
noise,0.664,0.043207459335951715,0.14306607582306874,1.0236108035136662,0.6581783267403827,0.6711601177199132,0.9654162341290196,1.7349102888709123,0.4905959937750711,0.3294202236109729,0.6868629006054825,0.6478182420253535,0.9301512457287676,1.0695968349694427,1.0523913672645175,1.4152170996808664,0.9286389910010688,0.3911435842937589,0.8728188611243572,0.7723285065369647,1.327610211387199,1.3892301344843512,0.7011156932663407,0.8717171184512411,1.4509726525438866,2.372545802037854,0.9245080970976809,1.3195106818584172,1.5982946648970533,1.284098044157881,1.6061175702308603,1.6953491530369549,1.1498638549701148,1.3707022368304822,1.1782442528092776,1.5079406563564215,1.1201843058854137,1.0889906330518442,2.038387648016834,1.2147921850716292,1.154350129904518,1.7169093011456555,1.7409061799700274,1.9263403889889816,1.7591795262833463,2.031121125114827,1.7704467806104502,1.5822156029731396,2.351143925983934
noise,0.281,1.696406344354397,1.4533782751083324,0.9663796894976113,1.1703765383487599,1.7985742557203843,2.2040070158562304,2.3946182836596828,2.006645440764763,2.2019224978471157,1.4441455512966503,1.3320827396293782,1.7772162161529232,1.1800134234561352,1.5768649541897946,0.8004431515944762,0.764615289630855,0.833252339329882,1.120590456543698,1.1072503600045198,1.450801864521788,1.2663764229731478,1.0211314238003601,1.1814136675864813,1.2160938194236375,1.0472514900526273,1.1634446639036276,1.36674892234107,1.1927243713297424,1.004188279347988,1.2862308351383458,1.508000422693745,1.3899277498649898,0.9082012482109351,1.7447679970006138,1.2688654853447003,0.9494177508809545,0.9399830156980769,1.5217759712507113,0.8860125646967227,0.8452854457361251,1.3147905540406295,0.9155225197009307,0.9985471492955176,0.7144034315004082,1.1544164964428962,1.2560653689416617,1.2123210690514814,1.9268629136826427
noise,0.74,0.6964015806947421,0.6182546823468772,0.6347167616362709,1.0306529802989335,0.6459006395480666,0.2526780879934347,0.0013630385471302148,0.12141594364839449,0.07816768736736782,0.5404802915255584,0.2099171213511037,0.4912353277258899,0.37331726177237123,0.9275680480166961,0.5547696077386874,0.0,0.8404123621337063,0.6529816373575263,0.24563251773476846,0.32574494391790987,1.2891959862689015,1.1801246566186439,0.8003426897037446,0.9243914821030962,1.3336664311781306,0.7794454176181124,1.4460030685070415,0.7685439295467228,1.3128980883723405,1.3523196907829051,1.1138803942683615,1.1195651233915906,1.3699417421646758,1.681968287816338,0.9460216564545756,0.9783048641272056,0.3234429500314316,1.1050100702766257,0.8899519923817899,0.41278272917267944,1.3973213939316038,1.000877602069175,1.5718686619077835,0.7480356190661612,0.3820006231488393,0.7182841115893785,0.3897048634857173,0.4866385730767251
noise,0.588,1.5378845250083224,1.8076275719710948,1.5242560823469768,1.1576072825957593,1.2568634383161745,1.6300743366970858,1.0020129911565885,1.1739465705586416,1.5118902651494166,1.7375880948251852,0.9108771491346359,2.066222872590904,1.429049962909724,1.3876546926454207,1.2049184958812316,1.5784767875393158,1.7458802992955862,1.5273429213982759,1.5903629334175262,1.4992107337856273,1.8668849223528425,1.2770579218555003,1.5693076669288353,1.1478828983914606,2.053586258602946,1.335496237504482,1.0232762824370727,0.8920834310652248,0.7421667407873977,0.2370697864747947,0.43003185893511897,0.3265483637587723,1.4612847672549614,1.6063994923511118,1.654095546469442,2.205457023920514,1.4267331067136064,1.708566280669321,1.0871744522722118,0.27163635695197663,0.7381911527804331,1.1536959920306311,1.984354827723927,1.1991169343332273,1.0616747652853478,1.1357105269053127,1.1048678896316046,0.894677313737303
noise,0.372,0.33633562287612706,0.39970995446620683,0.4433804668004553,0.6172001779084281,0.8651728449697635,0.9911809258020099,0.6468510484906322,0.7478289575004955,0.9078570752021178,1.1343378098772658,0.9673555296719468,0.941706652594925,0.8183384752073039,0.2844564740243309,0.9317228131596109,1.2061316958873365,1.061183273456003,1.378591214043014,2.0798935020721725,1.8907492418710532,1.7996770495486902,1.6839821102535453,1.8923875934577818,1.263606721600066,1.5758405765637122,1.1240341420706699,1.668359690483561,0.9033215724452256,0.6723970569216049,1.684968374930709,1.181390880918862,1.2407937158068632,1.0818485012411632,1.3182319341663393,1.152716284702114,1.567476351517821,1.4348306825841683,1.5194250207456514,1.5745446118842765,0.926055385897104,1.3080331352812224,1.422593154192962,0.9936244426739704,1.460817304792156,1.1824206427791204,1.1082732285227952,0.9781024980266084,0.743539664204995
noise,0.588,0.26636290876805657,0.6908872300585398,1.2100955126075341,0.808567934265648,0.8374623753123054,0.9940534556109898,0.7903725396336974,1.3338392658187064,0.33716246330329336,0.9524504259039612,1.2942654133193967,0.5938768549142138,0.7905958973441519,1.6065288573786631,2.0050094142802664,1.7234062534754184,1.0225543032909057,1.8115388235575696,1.974314422965005,1.6231084655923338,1.0769180721495402,1.8635964420928857,1.3424403332203165,1.4431848915210974,1.4807866859520482,1.2878355332678941,1.0994109596487622,1.4662897751679946,1.559900315981983,1.9434761395933302,1.227594381504851,1.3191882438920923,1.5411119969799791,1.6095572497284392,2.8097572542517053,2.5401825763030774,2.301223524788059,2.0935912443168654,2.708809558507745,2.4793459948754992,1.462144955839046,1.2558830239977372,1.0005290812985301,1.170894003946983,1.8213962000763897,1.6057080543618605,1.8780341658910147,1.389389378258102
noise,0.798,0.536247388199739,1.4765350898937688,1.6421833993039305,1.525753103259285,1.8049685565284928,0.0,0.15362329244791556,1.2730334614288976,1.2037824854086736,0.9577499476388205,0.7884147597381655,0.0,0.14154229886528996,0.5264675834756432,0.0,0.7215676005479945,0.6176836315086633,0.305196748778937,0.023653406838732238,0.4661779049966801,0.0,1.1576072969965,0.4704662438300676,0.49090985549630756,0.8710818900128099,0.7624802122688594,0.5835974323380129,1.471799037590023,0.08978149023538362,1.1583778837282526,0.9294949519461871,0.0,1.0274504386497247,0.7050478054155426,0.6001315969844856,0.3598100310800447,0.5810686431418314,0.4107855879313445,0.3948348688869564,0.9133938350828164,0.7255441854281904,2.13072506953478,1.1034231785942443,1.0366895865672487,1.2598628720967149,1.622705789996634,2.193449086109393,2.4604782021923954
noise,0.612,1.4796562014141197,1.7554773461438973,2.4783997887874145,1.8010099732502112,1.6610312619254932,0.6853376432841987,2.3589615395431425,2.431845340830047,1.9597725963912738,2.0113282178739027,1.5292495371235668,1.529993490582863,1.5428045958727623,1.9722234510949963,1.2842427327356,1.0519664603223255,1.3237782748603104,1.3381367933051025,1.2317211196827778,1.5177676320319866,0.8754902334566654,1.35841686317732,1.476048315792503,1.4893373435330117,0.7601592581642426,0.7118670961223349,0.538338170199798,1.2503116495683366,0.8812807987688249,1.3598202654379814,1.4206646657796156,0.5240954215026956,0.8623529804438116,1.2157572142313395,1.5960120057414084,1.3759870730189987,0.9601569315162088,0.8553943316514427,1.4836786848384504,1.3274531309307944,0.9236075569299181,0.7333058090550965,0.7248598332015901,0.740156312275138,0.7168692303066551,0.42673952658118147,0.5799753740601912,1.2492482301937233
noise,0.735,0.3853664674686984,0.5410877135600677,0.4973257491094423,0.2731019845626734,0.09908484527633749,0.3834662256204126,0.16715808957851136,0.2337154421440919,0.02523951271217456,0.6634257290509403,0.784909003887262,0.4512002601256832,0.23754546018033454,0.0,0.0,0.3236408125290058,0.0,0.20066569152741215,0.1886855655896368,0.350474949139986,0.0,0.16353871685667393,0.36819624285621966,0.15261779709389828,0.02091559129238424,0.05861187406865649,0.559389102843395,0.7810784116473697,0.8292872480157478,0.4149362877679229,0.7946192790534465,0.5432555822323798,1.1955949300486342,0.8371321157801328,0.36616308381517204,0.5842453840669918,0.7471698393602734,0.5921026969228074,0.79890939924827,0.6837444052885631,0.40185568740470884,0.8105147155003772,0.41164173407536253,0.480105972910547,0.0,0.0,0.0,0.3804599414880343
noise,0.576,0.28019588857446476,0.0,0.6232240775106039,0.27300255545781904,0.6337559367214758,0.7733533714086537,0.3507756797284372,0.20313065598866759,0.5733760865054703,0.9895128775296879,0.9850469810638971,1.0636057111835269,1.3902351046866026,1.0883416139963624,0.5608300769566079,1.5810913314534323,1.3601677769737635,1.074486362780329,1.228259574818713,1.0361827352266921,0.8534734532928884,1.0177339701573025,1.1776878694833448,1.1687070923858622,1.2454886482374499,0.8548668659178774,0.767787109564541,1.3291498746787846,1.23470569268384,1.362783597897153,0.9885107390180863,0.819416239326371,0.5698725307579626,0.7714599794924899,0.519393573509433,0.2338524872591914,0.7890625254746944,0.577447306667914,0.7982473757012251,0.7703667625544808,0.1907686543090541,0.7334849668560577,0.9078554086012455,0.8431613069594907,0.9817618597860692,1.0605120212540606,0.591057758167985,1.252058400687804
noise,0.664,1.1174569968162753,1.3557518806845488,1.368269712136339,0.7220210129741826,1.1446858523165337,0.9615065379405944,0.6861759226477335,0.980492145589505,1.1458149966047586,0.9397802178328217,1.0966093850562304,1.2886186958121988,1.5260884199931637,1.4099090728160315,1.328243071601972,1.4974777591173651,1.114511438044138,1.7650827391588517,2.0330118322812893,1.5028085553104968,1.189999409013516,1.1832546733577396,1.1449678174898674,1.0465187347821765,1.1040566334558934,1.245493926123955,1.2110751638294688,1.0601201670971148,1.1035520885869665,1.5531840823937293,1.4721123487479768,1.1477268081416157,0.9163843420488847,0.48347641009009046,0.28374960193557447,0.9081234814507717,0.6948774390506389,1.112708518791495,1.0144382994468457,0.7531650716694075,1.0075565814947995,1.0778593551056153,0.8502957442552556,0.979589131306569,0.5494207973851469,0.20650453976483027,0.8178962542613614,1.0104524516913405
noise,0.538,1.4291193065871761,2.666371146830086,1.887078434333117,1.782153201047055,1.9146668594424878,1.929272467959654,1.589096750824383,1.4646275438274206,1.0389568300893897,0.9441408185072051,0.9843408487242594,1.0521110626624464,1.3629845983481979,1.5502458762634483,2.0984241219764574,1.812929036383352,1.3413486072003717,1.0724227343511958,1.955467739064663,0.8640966444045264,1.1385181183109898,1.2259713633757339,1.4816301343290998,1.368864921094299,1.1427127205499026,1.1340761483156214,0.677914607982121,0.8976524932466249,0.8633596764064128,1.7351425597623245,0.8714427709480821,0.9507565851234939,1.2501376547926795,1.6536583936167102,1.2284796624861312,1.3675809096626168,1.2432537552414527,0.9700587324275366,0.9847972536482283,1.5705523662203993,1.2124859035103444,1.292369191011828,0.7155405896742799,1.3067899598333934,0.8557925840291017,0.7298234576970521,1.137896434632744,0.3857023096231178
noise,0.789,1.2502472755333154,1.9817940937977094,1.590132412899859,1.40707015871016,1.18271895246565,1.864916510432792,1.6419758153450474,1.861107893155995,1.267124374076612,1.6513345589114965,1.47044528881916,1.197307138656101,1.0404395298839348,1.0690183325913125,1.0760837585171072,1.264077757643078,1.8707024857323322,1.5616936146478408,1.4083069386409,2.0933149353517466,1.43275705823703,1.3683798205595235,1.489428396291573,1.016406085652371,1.5014359604291472,1.9273020101235556,1.7044515644744307,1.655917047163021,2.585842937763981,1.6504246137351335,1.287133087404364,1.2750322161901324,1.220030143024832,1.087923178613195,1.367714664456608,1.2278890366893356,1.7682537013054247,1.2503829026144744,1.284263039618327,1.3116769374118782,1.4172922608712701,1.9212929702996002,1.866618078142915,1.6124682571252944,0.5603990551342768,1.415118821777824,1.36808177582749,1.4674581467215722
noise,0.747,0.4354421499300467,0.3212004757798236,1.1190998597847845,0.6539928910003767,0.43695899811990235,0.4829168627365606,1.0903023297905396,0.7271171488048185,0.7649668303978567,0.37892231766445095,2.1637380740759835,1.3568825648363938,1.9376655200927835,1.0366958978529324,2.043274398016609,1.9184443145265695,2.2403668871986047,1.207717853529508,0.6101514518215558,0.8715641950847641,0.0,0.599990247852124,0.9878365481040103,0.7047429355927942,0.7786083384419243,0.7372476559324345,0.9936750041543213,0.5817021468088963,0.5745691713429377,0.5796212743857017,0.0,0.5309811365019936,0.935298079932688,0.7024520863801711,0.8022659359919169,1.2640366999415602,0.49216055974962725,1.0129903310990107,1.3160386090797265,1.0523066548519664,0.7649333092867832,1.407175908610557,0.44773075879443036,0.9617113275680691,0.5814447898004802,1.1799808444661295,0.8630956079312119,0.9327246052915414
noise,0.566,0.8997925807658382,0.5561315433669853,0.7646763600879815,1.7036832346182356,1.66729711085359,1.6244800146405,0.8727017462605342,0.35602831736761975,1.1613806747503168,1.8502185368927895,2.007185118565585,1.3240309281741676,1.1968115293650397,1.8525711048384061,1.4069356448646702,1.0336831901930639,1.0735828522866244,0.26455957697073895,1.1696893336585088,1.6786996301660948,1.6346175268652223,1.5796269771359568,2.253837518437257,2.642199955242017,1.4590963306691052,1.036494511518986,1.1541230541630765,0.32360160865710597,0.5151870818038692,0.8278659784500565,0.8587166131724604,0.8456554776025809,0.9525788781156681,0.9899122860460537,1.5045645391339664,1.1145648214989066,1.1188227718275074,2.2975320468134566,2.3401836932100237,2.7132958547664625,2.789367937881413,1.0203683699654071,2.417622589978718,2.2542849940406926,2.229896933298918,1.7037434052113674,3.1134070219306857,3.6295451229628544
noise,0.371,0.6490645167500629,0.2770611939658082,0.6922408968129834,1.0375074248117435,0.5489959254836205,0.8647976456241462,1.6331342582373987,1.141174591727713,0.8796287515716559,1.3156251940075356,1.154489207690086,1.552527069252847,1.2378235659070502,1.7230576002433537,1.75695905832956,1.7500538524966243,2.035176307914302,1.6505829585240388,1.4411098282628005,0.9898693070132303,0.667545220903527,0.8404912960474024,1.0226416407762953,1.0081036346602867,0.6387251530737593,0.6714399147358551,0.6871753696420694,0.8993427895123809,0.7151429615798485,1.2872395621424837,1.2172000470965783,0.8928522726555806,0.7117109981360864,0.9038922990716883,0.9060398738066057,1.1632279046006597,1.3120871603392958,0.8086822810052612,1.4339976918492159,1.3593597721656148,0.5630320946075471,1.260637071256954,1.1661054959602224,0.6423628729023233,0.9824200546402267,1.4165792870465184,0.7459640532944902,1.0136242701343634
noise,0.544,0.8968345633180774,0.16531243601400925,0.5389291397728958,0.4836806155900188,0.864627954253721,0.41188323302529706,0.6986768425787395,0.6189305379739954,0.8858761761688041,0.7133850074302366,0.9946997601335648,0.36766193738358094,0.12188882499545015,0.0,0.6243788244771564,0.6143857457211845,0.30449776595340344,0.47405654227886507,0.4794327349094494,0.34341457415858484,0.35202198989685907,0.27827580191552714,0.0,0.06966733430022315,0.02851496943038344,0.3474311495063386,0.0,0.18843561903600303,0.5390283345791465,0.5678619571895556,0.3751051275151062,0.7758207637420218,0.8664888747331636,0.9278263734312873,1.15727601339067,0.9968991454190932,0.982516121579067,1.311036596747774,0.15047186482994213,0.9977516690414177,1.3894117632491065,1.8056355530817387,1.092967287785318,1.265895854691711,2.0509162100728653,1.4383701568183926,1.288824895460037,1.3364814029026773
noise,0.618,0.88958598017815,0.21912912616991803,1.5118307666301067,1.1101428527940942,0.9301579961965536,0.8918196118522819,0.7304712571486056,0.9048790428554467,1.8628722978303927,0.664200269967431,1.1100121925931459,0.6426167526919471,0.9559262769375219,1.7389061717833751,0.23542506709434646,1.304425024319254,1.3223617993902226,0.06393635141348641,0.6586479301530227,0.8615917991452329,1.381211020200496,0.7829800332521274,0.26023407689831235,1.276731696300978,0.8756508172626839,1.1318601814050784,0.930477839062448,1.2964532971841434,1.0796159520870403,1.124383138053703,0.39274032193588704,0.6745609866031359,1.6923148327175301,2.415311154838982,1.3069085667710922,2.9529281555591407,2.5343862094766276,2.3549029928471685,2.1325077164092723,1.4784729028205423,1.8364983964406254,1.9751640835070734,2.9064945812153935,1.3033677203463858,0.5994437411457658,0.7987141888229873,0.5794063005089951,1.344152005930719
noise,0.63,1.1286521336670843,1.3004942404789277,1.0766804157373022,1.416026039431406,1.435197593821577,1.4806695601607565,1.1847337379629177,0.7503870592340101,0.43714165780468633,1.162044108161263,1.3501780616758015,0.6912547640499944,0.9705969423821197,0.4834782274847804,0.5535754732355983,0.5790824037130513,1.2030853146392075,1.4617674221358772,1.258312582003491,1.6121381664996295,1.5887825372736413,1.006209648824088,1.261262746927894,0.6684367987939587,1.0728915323290966,0.7307228379806412,1.306164867056974,0.9694481377873228,0.8051572014725628,0.7941662286426499,1.061729913647952,0.8172580986502045,1.2838838619609276,0.6449474767149769,0.9249021769201291,0.7581114702590116,1.4543980004518007,1.5336308521465973,1.7235423081156274,1.263499082925525,1.5549133348978488,1.294626823632781,2.0287752438991546,1.1476534668922675,1.0966482404623854,0.9739677130893373,0.9406674096960651,1.3179694025408488
noise,0.665,1.2121863518117546,0.4475476609157687,0.4538268455098818,0.5049281509918686,0.42502612188833777,1.2394217489926187,0.8455135565299365,0.6461907662264845,0.7778329413083169,1.5370109372553014,0.6131540600814692,0.9374240951721906,0.5563252974374139,0.2960092806412108,0.30347051158608995,0.6764191103075524,1.0283398281403555,1.039812940612844,1.3487258101585893,1.0509202347688573,0.8912459585019892,0.8780916847054107,1.1533518982413762,1.2241950479642603,1.1205818943674446,1.7213939827452902,1.066519967325153,1.4988576380348066,1.1553035234177906,1.0679966990701768,0.17765838229676298,0.6238483330615969,0.9310709255328005,0.8786407025664158,0.6145107480222612,0.6017826089398968,0.9045816499889845,1.21721717800704,0.8093404092667386,0.7735109719417527,0.6924820840866388,1.2351749543748745,1.1915117754312377,1.113810326102722,0.7466051794521447,1.15561151220838,1.2884251233150483,2.194800476570055
noise,0.324,2.561146860262421,2.1519558151241434,1.9327710950299377,1.643888382103125,1.8146811297966818,2.1154815192479233,1.8044929976738506,1.5487352724415087,1.2786557464176196,0.9334441292260995,1.2119480365052997,1.6567299664769646,1.0373753928692737,0.9691179585814576,1.1602067481167022,0.7546399511702979,1.154434612635901,1.1159740412767316,1.2596190927941544,1.3850006822408802,1.0302639772323943,1.3863903265401754,1.1101321735436964,1.4604394573871342,1.3316644682198746,2.1268755993491233,1.765362491285912,1.5561045152432358,1.5765472949464145,1.1988714695111558,1.298483115298099,1.223098981598239,1.1245985327744337,1.3280269380895702,1.1866380136894725,0.8380978828896198,0.9750320844292121,1.1142460448129905,0.7059167989153279,0.9886363584899592,0.7507553713429052,1.741395959665633,1.2595101098106143,1.3550309777424492,0.6794635785831995,0.6172944873204925,1.1716576093345399,0.5851507973905417
noise,0.217,1.169728738776581,1.088273306083282,0.740705642781934,1.0707990876002014,0.724863798603625,0.22891035737336296,0.3838239642153306,0.5025981772624198,0.6175893043327157,1.0822761770573455,0.6451163771124409,1.0998088644274342,0.8392117081443345,1.4011599485382935,0.9373407601175598,1.2439864429484975,1.603913205736204,1.184047719295294,0.47314387131532565,1.006218276439463,1.1229273317617494,0.889820897757134,0.6998821001593492,0.6421798009065107,0.6162337444617765,1.166357413937635,1.039125081760635,1.1656215284920335,1.7293632080651313,1.3522252487966617,0.9764887224381876,1.0282237831908982,1.0652708881492394,0.7089793902636028,0.786376786283523,1.3486310984370204,0.764248497041646,0.5035336692038982,0.6801756078667787,0.7833113141233348,0.9741401645029845,1.3078361128646951,0.8113520585140761,1.0006667819639672,0.7650264191316672,0.7636253420389593,1.0114313606567087,1.4328804042378138
noise,0.476,0.12420657552306388,0.25215887847619106,0.6918762062037098,0.4483582051732955,0.7677243410531609,0.366965148956495,0.7956575590508599,1.127728624740711,0.9700868351217148,1.2555745886718737,1.7437372342775268,1.1736255763972516,1.505063328391998,1.752599839176648,1.399644534482362,0.8749940108064603,1.7182627393659682,1.3263561502285344,0.9783459876431259,0.6366202735015679,0.4879880601146609,0.8073527279534111,1.2409416251288914,0.9003016188074298,0.6008976776655476,0.673570784660992,1.143697877388765,0.5437648723498314,0.6626733245147373,0.9119221707320397,1.2067833262216698,0.8950181412934004,0.5755692934184274,0.8268206680576555,0.2883875670071903,0.6341600161150766,0.7221341733773177,0.8277671580930493,0.7630556930677289,0.8570524560103883,1.2272966778675978,0.6706746506726543,0.6611991632033466,1.2316812785008375,1.2645776555042187,1.1297501144650277,1.6023257749331847,1.405218434587907
noise,0.332,1.237770391845928,0.9807524267391821,0.41694597614030104,0.5119266122762924,1.1946524971102663,1.0989834215501064,1.2746829975359566,0.8166729616921049,0.6871149820805611,1.1656717006375297,1.5057146900511753,1.4947766175884767,0.7874885884431982,0.8001122652182786,1.0268777678631866,0.7016617607630004,0.6708691742399714,0.8129224830807499,0.7554273301251988,1.1284208185073483,0.6576836447987073,0.9690160041875653,0.5774613457242765,0.9944299121660708,0.8835104340324479,1.1564007560243363,0.747683289767577,0.3082834942295323,0.9952829544683147,1.239182552124022,1.2913676113587593,1.4776215279776799,1.7116538368485152,1.4409668379932905,1.6000049460758867,1.616342716645202,1.8786173236055912,1.8068129523974303,1.8495371776023908,1.628893902146999,1.596831533429553,1.655088769036186,1.6238684192964534,1.1375795090500247,1.7598495768871651,1.6046265625299097,2.3056330204105433,2.046256614768894
noise,0.225,0.5619767460249028,0.7340965174188454,0.9942979050013545,1.12717162815843,0.8677201531828531,0.6668381498847011,0.534848897622972,0.4877235877334434,0.5245110765264664,0.31422616520280294,0.46150702903573354,0.5548534086064602,0.7505341693086838,0.676089184635311,1.0315670767846548,0.8420489827779954,0.8516675230560858,0.9032838022674409,0.5331565719694848,0.9638230036173218,0.5408444743780502,0.20932179206118165,0.4776177765369173,0.5510391982437428,0.41622137449711377,0.8411697319334905,0.5891894669153135,1.0310201958355685,0.9092493478961676,0.6737030279311953,0.8418447416925271,0.7968840227922087,0.3081959461189314,0.5519030771302514,0.41730853738437046,0.35785686517302856,0.6366950007279493,0.6316695071732628,0.9032721033752439,0.8053686204845548,0.3395238674288141,0.6310461402733327,0.2805639795179893,0.34762415110106276,0.6531420177353717,0.7729579653136568,1.0753757774250072,1.2865483817983565
noise,0.322,2.816136311422591,1.6240844761733486,1.8346115599031743,2.1554579403729845,2.094613401976751,1.5660411396494656,1.3675703147914267,1.3775215952995143,1.2884906391189699,1.4531216105454212,1.5995855981137588,0.8938520888600223,1.3669835649756776,1.0778480189716135,0.9368208938705549,0.9132542762224691,0.33783179660863516,0.036042787948257306,0.48188772085289927,1.6223167841083987,1.685592221852016,1.9217473882182332,2.3002167895962984,2.054939840153574,2.274735750787913,1.9063785575981582,2.191462096797283,2.4347937586616175,3.0103267623781624,2.3937425206114407,1.4965392103586637,0.9905078791929427,1.5010187630249627,0.9543558239551604,0.8788780166630875,1.1347375528803343,0.9293251698230174,1.4761119575504564,0.8897735477443779,1.7084153655550898,1.5255837444793185,1.871903663558748,2.1824664168896564,1.5427629713721482,2.087720406999374,1.0693531707611295,1.1127167561002713,0.9279979805561183
noise,0.444,0.17908148496446194,0.16426571465546813,0.3088128786173698,0.44284236593150206,0.4211447970202036,0.24973608939694383,0.4794010203880107,0.5286389483938323,0.7746131829707925,0.17339021040551628,0.4422031352077573,0.5721197085568467,0.36620182777719285,0.7484518111604945,0.22869867176866476,0.6565768345336128,0.9266764407607929,1.2089281128971088,0.6876475659360122,0.7603110420218651,0.21738313486616898,0.10067608320001017,0.276714507631401,0.5878141476951384,0.4683728136966796,0.2720457692112086,0.40627016189298915,0.43548847413408803,0.6067952211442755,0.6964530172558557,0.310017752331201,0.6980496727969467,0.8295036450135924,0.6440115935085202,0.40644086476204433,0.41887476522004075,0.7082187830936629,0.6289878664501192,0.6797865609815019,0.5308703899952529,0.6736405113680091,0.6083250305156149,0.5737970479367809,0.7626727966519985,0.893779983021997,0.6509533415253246,0.8730480139908338,0.849921742629802
noise,0.692,0.8915481748175086,0.655678928747697,0.9736338971907414,0.0,0.7339481017060281,0.0,1.895586781516712,1.9551409677612923,2.4723637450282663,0.9874260951747029,0.4420223869031835,0.5789575627661329,0.25981816152533704,0.8751080081993635,0.0,0.9457285485468203,1.3435892682454802,2.0295009035109106,1.3461659366185998,3.0679973006218626,3.329175026654771,0.7810018840237023,0.9018520113914144,0.3565345163755341,0.5915721501459442,0.15625282895572795,0.7240140583916648,1.005979765696266,1.5220352513652156,1.0641973648230185,0.39515280306355016,0.5460252821416827,0.6108488831543637,1.2444509076175936,1.1145544358520205,1.9301152137007855,1.1233581381460809,3.2973224193445096,3.4304154352080793,2.8139383372400713,2.015317149109788,4.285313557930163,3.584001071648521,0.6367087378607375,3.153435446919581,2.767810568675931,2.4521056224096944,2.7336917671271346
noise,0.583,0.9520477422055657,1.8362240884792334,1.6809574349286074,1.559831775648353,1.2801526551836768,1.3950578076160323,1.8122436273004983,0.7962356847836644,0.5731902963816671,0.19844007241039946,0.6804584339577289,0.8139215397103889,0.5136710422047503,2.3321146903230963,2.073721584580653,2.4202469292631643,2.576574271653839,2.599628030077056,2.6121744778428533,2.2853664045560267,2.452865064301888,1.8406011388298378,1.2850963552198784,1.4071681050454443,1.1602654416345732,2.1244580765973886,0.8637758485162559,0.6094069213785109,0.9028048052623495,0.5494120065244251,0.44309567838018027,1.0469855828251728,0.9259198662093807,0.9141639786589848,0.6279242854269377,0.45364623704091916,1.1345231808327638,1.585524839958676,2.063552303585972,1.7796805199311692,1.772820746210186,1.371328117295727,1.4198622192755712,0.6564830180394576,0.8638500594232112,1.4012821504372286,1.304111576670239,1.7563667127546068
noise,0.784,1.3833954192302795,1.267135390171573,1.8600231694198905,1.2236603040834089,1.6509247243530194,1.3397978947091613,1.1997832479341863,1.7875628772192973,2.2391773971132922,1.2826744006011923,1.988835361254128,1.8487712760670598,2.0494578057090522,2.7432213130222993,1.3671438490782581,1.6180485245506215,1.0420216292684872,1.701628838102149,2.0991008511592737,3.0404823290270127,1.9115522771944902,1.7522713983904392,1.925932911278315,1.266102267194718,1.8310706766560518,1.9866645959938687,1.3509657080961641,1.3794452558976982,1.1135859401277237,0.7043202859163469,1.0957530984438293,1.0499599717864283,1.1751684396614044,0.8286815350765668,1.0902639017490938,0.908960894194736,0.7135269559305008,0.8536263903239549,1.4240525317297263,1.1061348255651056,0.9146139619582746,0.8547305109756895,1.1553973620288769,0.5718117386000902,1.3154033626753983,1.0307089149607531,1.0417106613213973,1.7708557157230285
noise,0.413,1.119901053508422,1.4281975772486912,2.7229111804902795,1.7729726083366528,2.1222769917045,2.0242279301059614,2.352687915415343,1.3658661726528496,1.5187823619982042,2.226655124933082,2.1252029150364096,2.365368230779313,1.5392155759817407,0.6888696143033433,0.6621224407223258,1.7390946036183177,1.7368079747540905,1.0778568230681276,1.2739134227777813,1.220647093167129,1.5210732337529957,1.707478925796138,1.3913946080695179,1.0397991141109157,0.9840328660771681,1.608693741330094,1.641791470653496,1.5207204103196645,2.395205922589354,1.660887324208183,1.8431742504646398,1.9556336576638695,2.814521126846478,2.004147435415757,3.134783579867767,3.5507887536242744,2.5220636633939053,2.65433227477854,2.7365498174428917,1.820227196562264,1.2989140772128633,2.166110395727283,2.9786406129395857,1.92018460830019,1.8584056606166623,2.0883119329315747,2.8427403755659855,2.6850527282847003
noise,0.421,1.428438510754273,1.2578472729275862,1.350005982585314,1.279808659492204,0.9219731283741612,0.6371162925786773,0.8973325566997206,1.1192975448421243,1.0449489083368568,1.131087063129562,1.1374279712117867,0.6373466260433834,0.7399796265090899,0.7761562477431337,0.7637612718084992,0.6326337295164458,0.4583298148650232,0.7619221222303729,0.5587920340891596,0.01733115873185287,0.8692908690194954,1.1659086657228876,1.5107058781284777,1.0725047971313462,0.9298916981220176,0.9543413334452896,0.32738675846496307,0.5561364456099864,1.099996402017614,1.553039140720542,1.0540986094939706,0.5063632795220772,1.0863553455922847,1.208459802086179,1.3360469647213655,1.5963437728250751,1.2208809816201522,0.6291091077104939,0.9410143462724612,1.430504725621128,1.5070876396503579,1.2603344422649276,0.9140143472157289,0.6807234737603409,0.7176851463015934,0.755304863040151,1.0290269143035502,0.9448550796563281
noise,0.768,2.011484917495669,1.770709188572374,2.2913941145411303,2.7994789303682452,2.0353356860388288,3.0600832980814165,2.680318626767661,1.8068151831035242,1.6974458097443446,1.3819718887237378,1.5444190825445827,2.207936649118686,1.3114698621906058,1.3332239884397414,2.20156666196572,1.4963118263302977,1.069072595986638,1.9075441811533624,2.9296370142931067,1.2565607774220164,1.9884678724285287,1.1796773114293213,1.9891714118082238,2.2769352803625864,1.2171978342712022,2.1583412537419546,1.5173693305354865,0.7452400034899128,0.594760274677862,0.3332713307222089,0.9750843474232072,1.4378805264953018,1.6460682160857196,1.2634036939615862,1.3522138922207911,2.7917738250343564,2.3558193904311633,1.9074628884972964,0.7144311758464104,0.7114329712692984,1.280700810469148,0.16453342010847538,1.3662198195550095,0.9305319132467342,1.2206849008861962,0.2445190159709938,0.926967190850257,1.3659727917859152
noise,0.599,0.2239781442092584,0.2091779752486906,0.32845143676279326,0.497215079020676,1.2293220773588835,1.024593691005686,0.9348474088374434,1.5660764345991929,1.8947228748217078,1.843178232971757,1.493549483471553,1.5182983223651805,1.7352570878269946,1.5219640744279799,0.9092196095732654,0.8447686722823016,0.9614313037907074,0.9963230362367583,0.6935132987668886,0.8953981432545912,0.8043331228978473,0.41868616874751874,1.616816659439881,0.42027383204982666,0.8144193102659655,0.42492610360991356,0.5601496633892904,0.8725735034619161,0.4276767479956435,1.0965252530040337,0.6960782247085359,1.0312055948207068,1.1851183379281482,1.2348012810238345,2.092036796804816,1.8629787139482157,1.5313920631489961,1.1066175203969024,1.6117688954020795,1.364034640202395,1.1622599858117533,1.3011625256860626,1.6228964705985152,2.0426749173408134,1.5081343376723872,1.5148373943025621,1.5057981848979227,2.4915001532426335
noise,0.447,0.8023940100952249,0.06516829777822836,0.0,0.05861309178453363,0.43939186278084486,0.30960349217446925,0.12455714565736792,0.5202020944401433,0.6158598199701651,0.3790562982573487,0.6972700975594593,1.3366743545899313,0.2829290556537502,1.1733633298606245,0.8390774519421034,1.1420639585375267,1.6511758039042022,1.6864438751711097,1.6793531320133859,1.4410639612611968,0.7751276360187734,0.764116322460151,1.151472322129827,1.650089909823508,1.970715604050068,1.3727431583399337,1.0096099308527504,1.1452859998337033,0.8584826489211336,0.9687793288055155,1.520834625458862,1.0634728378342277,1.1350448951471253,1.937943366577576,1.666350627935973,1.754324429567949,1.5996612142969548,0.9111049331135703,1.4917471454217344,0.8424733390136424,1.5932946535707084,1.237985750202096,1.719746362427431,0.8864017743552501,0.9752269191921933,1.1432547655183283,1.5635591720845923,1.9842725032243185
noise,0.677,0.5874766190354677,0.7573171886660753,1.2118171864045046,1.1528903275090927,1.3917394145865727,1.4350623507661924,0.8353528158711546,0.857589192086736,0.9979162370806278,0.9103933024639707,0.9797793469626564,0.953458377242518,1.2055275573284288,1.096784610537304,1.4093246765002254,1.0270197971206387,0.9075748596730442,0.6347315552425534,0.9532935413279819,0.8608379758254892,0.7383665369339001,0.7921588538946458,1.361143652647359,0.9390684072650721,1.0943377098601117,0.6555023357946481,0.6253531578041228,0.9933544242240182,0.9804142683318747,0.948274989075049,0.7096392062827684,0.8741394344596144,0.8491137350900803,0.8321428930333404,0.8944334282642133,0.8826298746156381,1.0071526674057085,0.81191180379972,0.8621785745379321,0.8645078496940546,0.9566491069110443,0.8055856963971051,0.6472720802931584,0.4980402405701353,0.6543778754370217,0.7629737472942422,0.13035093407419096,0.9441579518958161
noise,0.201,0.5091197232217705,0.4176798130437799,0.6259712918515707,1.2716270333139643,0.9011088593325846,1.4643634113081814,0.8769160415963457,1.069799915475369,1.2139505146646479,0.7004296116316829,0.7749439488499457,0.40101489495373976,0.7329234355835157,0.954574716040363,0.6454140434907869,0.7902070507785176,1.0080053465923895,1.4464245084021672,1.3153058793711738,1.6507703953297312,1.550756546675458,0.9153449315869292,1.0123704437100212,1.3761371874990216,1.353884775224752,1.5363936335857564,1.6070928979164998,1.8100440125377617,2.0459634699091627,2.029575946494581,1.9416545459463581,1.7324444685825617,1.2253001636734606,1.4758661650537241,1.6517836139839095,1.8949100575149802,1.876679219921948,2.0409579107099414,1.8264754591989858,1.429956403040635,1.4406514746229377,1.601456417750474,1.5724173421671968,1.5650817939448138,1.6392287987328376,0.7008731397385193,0.8602750651632951,0.5302834959302244
noise,0.352,0.3912172823407749,0.1908016794378495,0.0,0.1886691577872914,0.002496185468354943,0.0,0.5207900186590745,0.0,0.0,0.054570026729418936,0.3181406076158044,0.8357485704713041,0.7597054025406473,1.5555816187627889,1.4175752789587237,1.5495406108408738,1.452697031028793,1.1290707219610352,0.5267197031397762,0.7240908780949309,1.0278203345753611,1.0146512465851765,1.1703829282651912,0.822781822219991,1.3862018736168287,0.652690549250369,0.7338114456558772,1.4555780809086056,1.7993459027329157,1.7204658781465023,2.2640322436984497,2.28096288420538,1.751374438266221,2.5642480476875256,2.633782237462088,1.915087854860929,1.8405474383610327,0.6632749751233231,0.925007479867825,0.9750663584871593,1.762677943211386,1.7485715409040756,1.1380486740137277,1.0182201064649905,0.9906658405724855,1.305253604039641,0.8157711765855886,1.409038567924942
noise,0.737,0.0,0.587878075810237,0.6076108436979247,0.06232899677897796,1.0831863882520787,1.2000686487458778,1.6777289919736478,1.1307257391932986,0.9197210566436249,0.7504545771878065,1.434388191612896,1.6735394659123273,2.0630805295615984,1.2063235186306418,1.8227879459420466,0.8714923550433379,2.2098190899617745,1.6165548918512356,2.022565247897168,1.4645098920723614,1.7282592586375365,1.9006201331886934,0.9461731260746966,0.7552627128104741,1.0920226497608014,1.0446209822422825,0.48232879311833365,1.0277746638534477,1.051226777048817,0.5204332186717386,0.6891663233899988,0.5268563725520734,1.4252343717204716,1.4908104246680391,1.981946859171071,1.4354258137561908,1.51483733642298,2.6266327477449787,1.7357899046268557,1.981681415168436,1.4263405621695584,1.3496875688422092,1.2199044956247498,0.9501516976928539,1.6141846494074779,0.8751177943068311,0.314203319020775,1.568564207597822
noise,0.648,1.7809690531651554,1.750310487794473,2.1126229708163615,3.0779959358521545,1.8300681155118887,1.6328641237911807,1.8150964184696345,2.2305488197508163,3.4926388225752185,2.512387689565826,2.1078086046902222,2.726953917194244,1.2347581479237886,1.7879266010595378,2.311424831852415,1.7774867062204784,1.5202735458611443,1.6788430609219804,1.8803502575165771,2.040225536625398,2.3443368196715104,2.7741460406038447,3.037132917643792,2.3150481808873,1.7566452125821053,2.7295250405101736,1.0810806765966947,1.4878276068860594,1.3893224835564726,0.9858616496481768,1.1510108976883981,1.202373306245845,0.2941745310778362,1.0413235384771717,0.8745753621408185,1.463459639889454,0.0,0.7403961878330771,0.31117039390595913,0.6816055170361353,0.511293867463686,0.035095409971017344,0.4869759539379878,1.139717466349697,0.41000194048926636,0.6210647921092424,1.6776486724524589,0.7341873042886817
noise,0.427,1.5320843992388689,1.3553015110433129,1.1121613409756312,1.5772996177608563,1.0917352425098394,1.8110761359002272,2.015517548008796,1.9403546815919324,1.623755778885007,1.2258720261921843,0.8195005894622074,0.03615887797688441,0.03101844424789954,0.4576992798150398,0.5854330673309288,0.2128314816522251,0.37933497595657467,0.7600952506313845,0.41723752433605943,1.0148411902504317,1.1874943821192625,1.1386356116687437,1.2937176828301646,1.352214085938778,0.41420638781968444,0.6820494811082515,0.5146072167387825,0.6692756669906563,0.47921227899099605,0.3616845032735429,0.27258917745306377,0.8182075672174359,0.7250176607074061,0.4909267617383911,0.32559775832618787,0.6273737073689009,0.7443708041923565,0.9192147446113217,0.5477926998223417,0.33528118306923643,0.0,0.16345002335522163,0.8298236939717331,0.7067083479542398,0.21754654546264912,0.2220958498343558,0.2207837667250107,0.3600547993870543
noise,0.223,1.6038821840873239,1.5106562249857245,1.5903008290410623,1.6151627215658197,1.1234002372744152,1.15683150632856,1.67922730848694,1.6125733903739419,1.6723242644798466,2.0726910737187207,2.1079131866446565,1.4792934189009608,0.9245214606563562,1.317789593976368,1.607333571180016,1.3834127314385436,1.9714533249855593,1.82322374969091,2.1741404305818794,1.707521899426594,1.4407508311343575,1.4660958977251628,1.407335759736355,1.933563941345499,1.9869677202807907,1.8544274281060984,2.0907277305632563,1.7099226799793381,1.411549170860059,0.5830136318711785,0.6831386285460803,1.2024594397479849,0.8737696181882874,0.549182186698595,0.6658941143852273,0.8289118908133667,0.9405703014838377,0.9471624190707643,0.9103902762357238,1.3120945334438,1.1094228171926912,1.2185232092538716,1.166705686519073,1.354812581408295,1.218763904011842,1.8859654804448132,1.6189421497076064,1.6842010053443641
noise,0.432,1.4870079931601254,1.6729919698188076,1.318131155599899,1.3909545971781319,1.1486950518329222,1.514826624229721,1.286543859199131,2.035284390461381,1.9521777060866112,1.6156307487495607,1.991616873840289,1.948100417376497,1.59326541902704,1.2922018382705893,1.0187977076494223,0.9468995249716411,0.6510720916424034,1.1827026377948626,0.3627337180459946,0.6409651311124306,0.7750743512372914,0.5205593955320184,0.4733656809616176,0.3152794046035327,0.9247516202813043,0.4251489979694451,0.22181258670601664,0.39206916686012594,0.8498110317277983,0.5055056395051014,0.2527895658222357,0.9746562375044782,0.8772022511294899,0.6498267686517473,0.0,0.8323744089394522,0.25657413231513143,0.48504837493696085,0.21628343550066714,0.9572452478082806,0.8428911905253462,0.9634069184134976,0.9285097600183954,0.6812155018749525,0.9176627799590215,0.4865325816709054,0.7837819434562167,0.1714529021246335
noise,0.506,1.0487652225301534,1.3538866437251613,1.774457267565743,1.4494415743354545,1.7650279956997919,1.314421999950928,1.0795970766946135,0.8426759428370875,0.2780268576958193,1.1589609399283796,1.2342458982760864,1.0717852386206872,1.7159733231015881,1.8922979978869006,1.0677786140834014,1.1887180898718133,1.427280082298548,1.5102812718839982,1.0590220540469022,1.3981117014675715,1.4972727494575098,0.785337155241699,1.2683160234063258,1.104650614829779,1.0386802394268362,0.8960881104006619,1.3522450935949346,0.7537374117746641,0.0,0.19417439525148544,1.5753824398588894,1.0847416274739292,2.3254580060311563,2.116782704565643,1.6861434496811105,1.1006595442122857,0.6991557645150702,0.7036514800245195,1.3155018187991538,0.9559178232632937,1.4065693400968033,1.729747708201311,1.4305727054829136,1.245565337704642,0.904562832239935,0.6863346087235099,0.7513581269302484,1.038869044117274
noise,0.273,0.022913807149939708,0.15188684074418912,0.1603066920941775,0.19716924519514317,0.5292703877834692,0.751426050159613,0.6796027939650306,0.4470517438899674,0.7597797892559375,0.7351504740613231,0.7178449575562509,1.3010681068947356,0.6615093726365988,1.2354356769466093,1.083989658967913,0.7261297005080138,0.6723174434755121,1.0914603337341786,1.426596023114232,1.2391033359051846,0.9896761526657445,1.3742081868497087,1.0413598463692786,0.7579027585783628,1.101092375445113,1.3338950965929524,1.4144414378192558,0.9847001393315925,1.018074677507982,1.2495560194374837,1.2946198467852534,1.6644812879748951,1.2646563656748735,1.2635734538810741,1.2741420916512536,1.025356916761616,0.9852153881845638,0.7762390500844756,1.707187183318561,0.9099294364573756,1.6340123288192885,1.2963230181586483,1.3048489708269317,1.2544083167497848,1.2392807030762487,1.240923533381243,1.2367504120239161,1.428113304157487
noise,0.25,1.326252621342087,1.3285784452591773,1.048488325167625,1.318172794996328,1.5798851882273832,1.719011575969445,2.4318014904203147,1.7424836539131296,1.3667753993328136,1.390005849714037,1.867476829560428,1.6749725922602854,2.1076044270620553,1.2530720162436428,1.539660768424284,1.463035236616541,1.7634051227516356,1.924613682011738,1.903120464615227,2.569898497393559,1.3389359938314485,1.665740430451335,1.658046605790272,1.997392886486795,1.5625899021749932,1.0367006025210956,0.5753431070091013,1.2379501862812572,1.5579238083265883,1.1444877123503274,1.7695839403526434,1.406225507061382,1.3312069366312627,1.3061370654323086,0.8849943631995066,1.0873093108479197,1.5413236914018533,1.3431810162410152,1.5011286240642203,1.7611640614138238,0.8949125451563456,0.7214210738444586,1.0739921613619061,0.5600577594790571,1.0602181149483234,1.0758022467985573,1.065721441299767,0.8790443366324345
noise,0.383,1.371713390683208,1.5117382699260287,0.9579653983761863,1.1182326469716815,0.8043364495775489,0.13681691337435103,0.6343440114619578,0.3341416772768631,1.0159174303640401,0.7186266728722348,0.00014707439763914087,0.04897643346521002,0.0,0.3936400785989712,0.47674827107041073,0.8424314368066673,0.5861517068065785,0.39559973263771087,0.8484464303928456,0.5543678231211182,0.5846998893489783,0.6548808696562893,0.4712745435366986,0.46761551321475486,0.47992027586118974,0.8118364935820166,0.5132922281112478,1.3051656454282317,1.2999145497267808,1.4708960154151323,1.415028908296955,1.5294265797470348,1.7419653766718193,1.485566350398198,1.5026236967220221,2.0170152141894326,2.1531632796533327,2.080852724964613,1.5794148856741947,1.250987725257397,1.228132915523547,1.2557705268112411,0.7248111437523075,1.621471382957267,1.607781988044111,1.051840484398088,1.598012899102837,1.593929778643821
noise,0.466,1.015648937097537,1.7028393314642702,1.6331801731668527,1.6702153252941747,1.5972785962158134,1.6548562806069278,1.627154346088395,1.790035777352334,1.486275331272955,1.5070926999262233,1.5741593942760066,1.682714353004014,1.7395622934114314,0.015058254852546749,0.5904147308815804,0.7711730967872055,1.0015322064257273,0.829788508880269,0.7735388470500864,1.1241138592503126,1.2066759756816592,1.4919163907117754,1.0010050829147972,1.0867282798183966,1.4568484818370149,1.563756715608601,0.9346818013788828,1.1160382732632554,1.4293138087076862,1.0129446121147225,1.1180814074163763,0.9639900442889366,1.8909179644972807,1.663588771889577,1.3633179064757297,1.759725193703538,0.96979524773348,0.8562842715620589,0.6214553187493594,0.25668336487330423,0.3967074487013994,1.4385969234187592,1.6625696611313439,1.2569419435758986,1.8168995579753833,1.8109754273573047,2.155878526919846,1.751977122668929
noise,0.551,0.46095785427115554,0.7555541754906674,0.5958807185221411,0.21548101517197438,0.6088688336387875,0.32319927948419824,0.9204517266882816,0.7147777596013858,0.1723825673503655,0.0,0.4292207714856969,0.6923866670639877,0.0,1.0364388455266813,1.0450032315395483,0.7952120053017921,0.7924171828657007,1.039643745198073,1.4587086417333366,1.050211721483008,0.29132165923789866,1.0824259587851213,0.7813392752609629,0.6343544118076416,0.9314766381602002,0.7117010095655377,0.7448183300853423,0.44410997825990656,0.33090408865423754,0.21029130055573952,0.3256718445847262,0.5624930618743894,0.38176810953206697,0.9125636208266108,0.18943815545117948,0.45647244291739786,0.2313424830416963,0.0,0.4049130163364699,0.06705112794392198,0.0,0.0,0.17408213030758862,0.0,0.23591465644737977,0.1741951145602425,0.0,0.38590520051801114
noise,0.486,1.0413562257083224,1.5376838924326384,1.5698580572415382,1.2503656349690415,0.8610635613775365,0.5522234774522476,0.9436594432847464,0.7443611948103385,0.47393783269755096,0.9318398625591566,1.081305472561291,0.5058220600133939,1.6937724581992364,1.383394480250656,1.3341501540149043,1.9717665874324257,1.9189509218035012,2.04799106427911,2.1297202107694937,1.928099052026035,1.6833047172927986,1.0621989348330017,1.0634664379804941,0.8245281109611069,0.5095632204894638,0.36778672856179667,0.6941829729319262,0.6730826436559733,0.822809439578011,0.9502088797342063,0.8157155716029088,0.4280900908852032,0.09539160298419422,0.25190162117011544,0.2046209771499917,0.5250893384956828,0.18742126795617473,0.3777794661841951,0.030308780364246446,0.6336102476117853,0.3646136958476852,0.28082351644881065,0.6394965759574949,0.2410789077650976,0.5852702969659365,0.7980874600216623,0.5174443444991954,0.16114869567369794
noise,0.262,0.3823262474264534,0.28216976144128086,0.344346337189029,0.6624260643382712,0.6278950886664598,1.1154704136352107,0.8206546989339041,0.7266626108241033,0.4460724839657715,0.776202482338928,0.7763355770055151,1.1408175870145936,0.926506009243662,0.6443011281459813,0.6105708357424162,1.0194523317935247,0.614948473520812,0.8713648596395875,0.6863114243595726,0.9710901185421175,0.7684634260260351,0.7146811064659746,1.1328145570341475,0.6533883009779089,1.0539420708720653,1.3097514009274585,1.2231257756874183,1.039342989619554,0.7635745552243707,0.9868450504991692,0.9300431059238089,0.6400815669372052,0.962301557351236,0.5871419739736066,0.7666095682319105,0.9610162683522212,1.2890005707746093,1.068569720934154,1.4146392337186504,1.1426528543622587,1.1087401028759998,1.5276709386555518,1.3118788800344863,1.541550608470917,1.4786387000436807,0.8093234957765362,0.9898276344513679,1.0096633689248016
noise,0.597,0.9021098433867549,1.4902180734891504,1.4361067507508176,1.4334743189933565,1.5554203980536108,1.3002228475858506,0.9869769668171403,1.5823321853694905,1.23904294765605,1.0044952407189711,1.17733631193257,1.1166695667418078,1.3232990896589143,1.148421060148737,1.6620807016770394,1.18364494604001,1.6567340004543953,1.8178006294307305,0.8767038122980708,1.1077080867355016,0.9773079794225051,0.9725448146646616,1.3334535785373842,1.4217133343565018,0.9517583354003254,1.704339807750894,1.540328475382727,0.907564184041741,0.7392513344907997,1.3016011998459864,1.4001054965878243,0.7949391550163853,1.1416645380376886,0.90064539338768,0.8670880327898749,0.9701424590584258,1.2490726007268589,0.6912368406908359,0.8344558253190189,1.0722769321903804,1.442268316491386,0.9346633338744368,0.6731188449151683,0.5360060307018719,0.7056227419112588,1.4833285661285978,1.851315749648276,1.768901524130207
noise,0.509,1.9250534910109287,1.283148061360026,0.7432646081043196,1.4607992134259662,1.0444837825542561,0.7058257043765023,1.0589721831389056,1.7354411226661126,1.8724655139230932,1.2372170171053896,1.2379017646355241,1.2699083542811502,1.4402250458137766,1.3086331521629022,1.2176909592894873,1.6743801966889231,1.4219600132651002,1.6572731714931486,1.539105757302487,1.8159445000294296,1.9798405196182067,1.991225449271799,2.6389949763800753,2.253973251556125,1.5595431401062432,1.3265536759564283,0.8751985392991459,1.0323769815182895,1.3021042055122862,1.6272446697414744,1.7644475634911325,1.6583346486780757,1.9254189022566808,1.9559960382697685,1.7283244138008147,1.3921335977432365,1.3368348495124356,1.371204815872986,1.0041342944914833,0.5985822860747632,0.8299349148598157,1.2659375717564991,0.999028394052804,0.6663079627278606,0.6507836990826342,0.616687207330201,0.6192675334900831,0.25382246398414027
noise,0.326,1.9989255478539676,1.770211335935878,1.7321196623981474,2.2459690009266464,1.8409910358193768,2.2308540537841335,1.9168205626473283,2.420996182937533,3.126590676103653,2.7869790014078144,1.5302156739219321,2.365690206422289,2.6031407954609334,2.7305268174750172,1.7108939588820906,1.368131351292015,1.2689596049650835,0.5847519967189848,1.4809393760379905,1.2084213545116405,1.6239371833095155,0.9465083493979286,0.9807859071077614,0.5734303806683237,1.3211023888732347,1.5800600613232267,1.2117077958786702,0.7730525974298461,1.2509722737142666,0.38792243815873084,0.21369534934520962,0.8951104287432803,1.1701328849931905,1.4276038338778705,0.6272042149992056,1.672982781077616,1.8569901473842179,1.0590440775089678,1.221115316703575,0.5778395087911659,1.4489055895856713,1.1252000711170604,1.4707477622064147,1.579825852629227,1.4600886321724162,1.2954472125421708,1.2835452503563973,1.9718209555891262
noise,0.563,0.0,0.0,0.0,0.2573474999663491,0.421491331474557,0.6163732801620221,0.2583650696290749,0.6536157162609787,0.7460053428454928,0.4823047283934786,0.945990742380529,1.3345118004446919,1.5490920970242437,1.536337083792527,2.5511361272762385,1.4977585793034827,1.814585727840821,1.9856591125402827,2.433211347730513,1.3981408645487787,1.085405104481318,1.3190535437608149,1.1511537463146269,0.8162998902961621,1.306189030313234,1.080159961328505,1.8604096352598853,2.5226381147272714,1.9261707238512271,1.6184701609604535,1.584775053884271,1.098342312073429,1.8513019371590338,1.6443415201338674,0.1403747560425907,1.3906440914711355,1.454239934166255,1.3704954596077494,1.3746043681742277,1.1945629090523089,1.3156051030653226,1.0539435021333716,0.3413650572477027,0.9999766204785481,1.2105863878794962,0.3997660584030336,0.5826686833151553,1.0925444138031415
noise,0.331,1.694818726989272,1.357413781336062,1.6819201200721752,0.7218888055852248,0.6476668157246688,0.3800496401059281,0.20466303740292555,0.43113061474443404,0.5083985998140643,0.3615648681437131,0.3822654184490191,0.28134403144443887,0.7435634933504722,0.35742375082880806,0.3012079053948686,0.7449358836513559,0.608035953991221,0.7203896085466348,1.1745730826728804,0.948273377744254,1.2274082412862566,0.8942425393014385,0.7346892606162033,0.8239757957210727,0.026666056526141457,0.749688204348377,0.9249487900421165,0.1406792519138118,0.0,0.7258076381529612,0.8594872484646737,1.5956708138552103,1.8934011833394826,2.5780022555729696,2.5947532085475076,2.3193591154405966,1.666088900722852,1.1101883461533384,1.4182339021439363,2.369031931151719,2.366159853722356,2.0451103017796477,2.2842476912439613,2.2160983521444284,1.7033169586463461,1.5004660163145047,0.3344874600751434,0.4237479178595241
noise,0.654,1.630131435099115,0.12013237776793917,0.38203068242234456,1.1209917457746394,0.2285565065216856,0.5298241723351675,0.4423605380805536,1.0612875772424872,1.2750650772367904,2.292337219370231,1.2158191441983353,1.4316812335815479,1.5299571223265052,1.9287171283663902,1.0938515469705319,1.3981257125696995,1.3004237224530728,1.7409159220574781,1.222581455356437,1.1108846775741321,0.024944003054094166,0.014937069256579227,0.13759980973312655,0.7031636752019111,1.6445364161293432,1.3519630566703607,1.167986593037516,1.6516680300349063,1.8402741483610774,2.183392401312196,1.8051151393619265,1.729481292333749,1.0460337536018283,0.7485847943562114,0.34554770117973,0.21855053136604002,0.709580763832949,1.7525792511544873,0.6680304429127435,0.8736814358804059,1.227147978445407,0.9700640073791421,0.0,0.522669690410864,0.016115548405140272,0.14620703073322883,0.9302707140218291,1.0714942073094944
noise,0.594,0.0,0.6198764616644974,0.06886631227852111,0.10050923193995606,0.6534711002883273,0.8604508566043448,0.41915403554585823,0.1086321609108973,0.6777545000294636,0.37046148565169973,0.7353697097833634,0.3113484024555382,0.4194976257238231,0.9576718573678941,0.8034408195341599,0.36907121581552704,0.39775608916498295,0.22716103138216465,0.309142840533551,0.48358237839174506,0.5880885058355272,0.4377551618650196,0.7029207215277338,0.6017081836133163,1.0047783727783055,1.00121954666626,0.8013827618531004,1.070999659992448,1.4606938819959394,1.0700564325834152,1.1323152852653073,0.7206243225295484,1.0605815187494907,1.1048409235270396,1.0881646102684606,1.1988767500575626,1.3559697829236368,1.2215171292744647,0.9902641154649167,0.8531641921216007,1.5447833116488243,1.3839641931768458,1.4293829713992554,0.9526593383658887,1.4169412497193261,1.3133117400774383,1.223959064406888,1.2455114420913491
noise,0.452,1.5548568271628125,1.6463962812596566,1.707016780421554,0.8334045433850406,2.2834126361291758,1.2502210732998753,1.0104174251720202,1.5504913198984949,1.067298155029481,0.8964797487969128,0.6805060816113733,1.1790367055758928,1.6147057358955996,1.5946629977731615,2.20373439559713,1.6403960996081015,1.8616591546355559,2.3798852888566167,2.6289337781004174,2.951533646356851,2.551088214109268,2.3486574447150184,1.7671864408274573,2.0685860406869736,1.4161101040210788,1.771080039059978,1.5955764591455917,0.9410188830508137,0.8902014061949175,1.1444727271466204,1.1320370353268423,0.8466671882133782,0.8255918073875148,1.5316708615562322,1.0684706494295726,0.97841465365613,0.0960962358229549,0.4662181513298343,1.703075022912716,1.0507673254740444,0.2912944506039159,0.7706876442703305,1.018061805155403,0.5944167621178401,1.2495760442172898,0.9362015955093215,1.571482200912417,1.2905743443167437
noise,0.743,0.9778390497298699,0.0,1.0076541864884816,0.725944746987983,1.498063302698894,1.837709072730564,1.3746195721818657,1.9972131307779972,1.7595641371986945,2.2731576907189854,1.9317135330284956,1.4592454779273345,1.9363275739707413,0.7186474326493766,0.7416259628455113,1.0887240325589362,1.5232280880681255,1.0645145211525295,1.973907327144716,1.8755428076225322,2.2325680035399458,1.8568474206893009,1.7838019286395448,1.1716712929311806,1.5371096591683697,1.4420515605497748,1.8104170065380774,1.2749892916147625,1.4925221429655988,1.2395243551401764,0.9520982815884433,1.3215352792353738,1.3077259649259294,0.4161861156369445,0.8335429930076976,1.024225114805282,0.9763624420882633,1.3889986072614633,1.3258825635333702,1.2037962661607395,1.5899229446155387,1.6353634384931737,1.5508198389928562,1.3661911447110158,2.24857329054289,1.7426161400010922,1.4745755599528523,2.6583986491818
noise,0.558,1.2693141637867233,1.163255210322509,0.983860005771672,0.9511633488247901,1.1059048766871098,0.10563923734886094,0.4369240757842293,1.275078772371603,1.0075983123283916,1.118116203056851,0.7745126792067308,1.3319541708131581,1.3546591667708883,1.6828788540485393,1.8731532316543211,1.894950947993527,1.7401801385970725,1.435078978125302,1.0793637672100358,1.1175396605404222,1.2583191414242823,0.7929924743944159,0.9486987597424574,1.266542704036527,1.0034380634842937,0.9248524724840919,0.9146060843647417,0.4245061520973489,0.9356208170758098,0.9784147551228237,0.7572071995729494,0.6908730855972411,0.8833666587300758,0.9424423244249565,0.6590835431921553,0.21161082149003207,0.9654409059978099,0.24485313596803815,0.704614942125082,0.9477250820606135,1.115427400420495,0.9109681571391174,0.6204642036542131,0.23843021799596242,0.23269194954995182,0.717270213492266,0.32021004043167167,0.21826580365489592
noise,0.564,2.293960651614741,2.2964771915340796,1.9723654504551669,2.0613994844690837,2.1729653320295004,2.5902971813604108,3.1265961210410693,2.8800813337983664,2.8413116373172977,3.365752605977065,1.6818728928134388,2.2949453456480535,2.431905060863631,2.2881643596057692,0.6680653537827469,0.806970659700124,1.1896191927534894,1.5265888828317715,1.0393995127485343,1.8838849062320957,1.3382092680692683,0.5071884111740622,1.6639445843581746,1.248475929973474,1.4687985493698361,1.0960197390817021,0.8967206946326881,0.5514237750028914,0.5055808454687314,0.1187611669395594,0.8399043408107405,1.501655510412517,1.7729483653611138,1.9144578855782193,1.7756628009232913,0.303008017212967,1.0851176384317247,1.1246825021724445,0.0,0.0,0.8141270762027175,1.275059510686358,0.8564896369748063,0.9289081768210198,0.8687266911583724,0.7786880300775505,0.5469500187371195,1.330922317583667
noise,0.302,0.3658961023212948,0.6154736065106456,0.3461203332373589,0.819798514722212,0.8541265666521857,1.2784652142025736,0.953845485342465,1.2850191411614897,1.1290042447316424,1.5844045925403945,0.36623666963256507,0.7792556029975258,0.9726292338979795,1.8409085046579663,1.761397962786635,2.0609031613725097,1.5295805669681373,1.7299776168860346,2.151296603359548,1.5125975469347026,1.4521739299400975,0.9959619058072904,0.9267383532404222,1.1708282565957053,0.9580995091751404,1.590316447434223,1.7818453853956353,1.8300579937797607,1.893209717254543,1.7668454561889444,1.362671957032817,1.5172786426794032,0.869555250703821,1.516270834525797,1.3212575898513,1.3288032796030582,1.317725072655704,1.1587975627254956,1.1590557612692585,1.0891046240282463,0.7731844165732076,0.44669761276412345,1.0832705210857925,1.3888400809982615,1.43200627976222,1.9464701705426024,2.56534612657988,2.256385625717193
noise,0.736,0.6291340625762291,0.5045151225800053,0.4702293480184009,0.2339423486114831,0.6403595999460688,0.11124912323976283,0.22436012531832544,0.0,0.7086144499965534,0.6015650233762071,0.2812061937076353,0.273167220395202,0.4846750274082625,0.740010576365385,0.8098895371022656,0.41731425351805945,0.8042529938463303,0.7716025133001408,0.5471723360986818,0.5319332482246991,0.5568313885751563,0.6010384028367332,0.5403938888086011,0.07346248565511015,0.34723529595778924,0.6075078276177426,0.0,0.23065575802928748,0.3124869981054433,0.6636416495857405,0.27965348190471934,0.05983268357798717,0.0,0.0,0.0690253389981246,0.36551254554087453,0.49430991710419,0.38354120993772073,0.0,0.5849607912613518,0.552601783357219,0.35771229627545476,0.445019875134929,0.7631607999808792,0.7999778340025853,0.381531621736885,0.0,0.5402331651624332
noise,0.354,0.5576274335853861,1.2536476006114718,1.6721880898281545,0.8808786589430204,1.5194156503414908,1.614203500174706,1.4530405030396107,1.004636643593929,0.8831492868746016,0.7451933643026125,1.166372221976001,0.8888784707276991,0.9819658240784447,1.1117339419388483,0.7917599765164631,0.9835184970037283,0.7974257494921215,0.6568799243728484,0.6769699017925519,0.9574332206788363,0.9932032255450011,0.5024063017140271,1.0188883771934802,0.9406842452494165,1.269563359021836,1.856658757513398,1.5187009463125365,1.580564731541325,0.7827350282709686,1.3406814424649744,1.5381289299431875,1.8173187080640425,1.5340258854492574,1.7241954593610231,1.8857687182576548,1.9541479182430854,2.0380505075570823,1.7952998226059773,1.7059139015055231,1.2329713861345126,0.8999044746671406,1.3213652294667169,1.070641328484629,1.4505500884649336,1.3615638307298181,1.0215812356321177,1.1775891926337196,0.9395661035009143
noise,0.33,3.445436419245134,2.802926021006887,2.8315678917709852,3.0031533126572745,2.5718561836883853,2.6701358103253963,2.9197528511505038,2.410197981004234,2.3439754393348804,1.6971230414309162,0.27830188802401323,1.1366414931455375,0.9120021488961061,1.580453218157909,1.6056370528734543,0.8449968848655701,1.3889890164545553,1.4074058451835363,0.7817517089941484,0.9301327913349738,1.5669782885308,1.2656112698528288,1.4860106383713654,1.7177513621861276,1.5159495643100573,0.9443785039982631,0.7212821861921428,0.8762834328670179,0.9022989650817117,1.0497279950436476,0.6327131665567617,0.7279413287897545,1.1356755754739802,1.1781442088526932,1.4840643725669402,1.0856117301210952,0.5645504382954125,0.4162559577391422,0.47285625417696064,0.8229314942655817,0.5436350323746666,0.25796508376214783,0.6603603883826279,0.45963860450888006,0.0,0.20835081513165754,0.19164193934420662,0.17472269651670136
noise,0.215,1.682848453177225,1.0708388782250644,1.8713338457019977,1.8873250776389343,1.9867479419855634,1.6798032280903008,1.2905504020750507,1.0561284766452308,0.8383819099541309,1.6053628627233105,1.2590350176036285,0.6454897202761455,1.2023734719371217,0.7149039002162181,1.1617124989870042,1.234874345485251,1.2775735657508427,0.9161991294934639,0.8467099823334978,0.46673643743496407,1.1557805768072822,1.2512185353616743,1.8273852034614566,1.9058173615079261,1.3084917641635452,0.8785924445533515,0.7442314863471731,0.8512335348725679,1.200075526297608,1.379080284387184,1.3084762486566381,1.0165776718736037,1.4401159229515352,1.5556721269598317,1.2651071106970402,1.3859420385854955,0.5802562218199402,0.38335062988319424,1.2688371033666075,1.1387563275970245,0.9759587578613989,1.2971556613071116,0.9801845081508402,0.7553068708555039,0.7780785444238839,1.2442966069759438,1.9845533584993944,1.9109419301739428
noise,0.409,2.4989662163734465,2.196799826169464,0.6717976483146781,1.0008027353517703,1.9035030368038643,1.7163231046195555,2.8316332149759855,2.9439506575635703,3.3345902661160975,1.423870640810605,1.538521866154471,1.2268921957424899,1.4463919199126551,1.6245316368104694,1.5785154236802676,1.5003996002827256,1.1755563572355645,1.2478551110763891,0.3633582455978714,0.7349650005465114,1.423490144433199,1.300296632830685,1.0809644021378688,1.3431980345431804,0.6542644514345637,0.522619177103153,1.7562724735916633,0.9561981407990702,1.1899167964511785,1.6886180338183618,0.652436385905626,1.6587137307119078,0.8895454793376214,1.2388242889130698,1.070941111073498,0.9390790400359968,0.8160295927095981,0.5089410656960704,0.8254291395244026,0.5582295367590593,0.6500938489016892,0.5354056984762959,1.294990691377086,0.7158177867893243,0.6740989285722961,0.6831664593847964,0.5283381001636938,1.0750074413556068
noise,0.565,1.6799055566971925,0.7968474439219368,0.8702572882672861,1.3912005662179971,1.1359854652312262,1.0176966295696532,1.4491795413331745,1.7662610320222023,1.1210011825362085,1.5124126652310463,1.1338867519552727,0.7816498137138276,1.116935843612991,1.6974511250354931,1.534292659162215,1.5308857438106158,0.9074172783271559,1.134666054231172,1.4751181405895668,1.4102880504623947,1.7245620311216285,1.3430049171712832,2.1289051898570763,2.314102705812133,1.6038156190868076,1.7562530106356529,1.2667108635928939,1.4279482842867615,1.3983075031683037,1.2648197994519208,1.0522501243620928,1.1785189944998782,1.5334153826844648,1.283482189416249,1.293863772141413,1.6737879619272231,1.1930006076180035,1.4157917535211846,1.506072352258846,1.253258717841276,0.9841092738954897,1.013451783513259,1.0294565900560595,0.6020743207878452,1.4804854475003781,1.5089626685891162,1.8205204101538015,2.299378667912701
noise,0.225,1.9048277639041162,2.088228909995394,2.327482132966068,2.75986915077104,2.5240206355436574,2.4318827196587103,1.637929342055995,2.044117917095077,2.027138301049721,2.052992478401017,1.8461055681732874,1.7420130537740277,1.7858513392516842,2.310386693031028,1.339889768829848,1.4599062366161173,1.3774708676884515,1.8241391683314225,1.2541625833748897,1.7164580856166538,2.1060145588460752,1.771434340516916,2.3530091622429476,2.4590416469057863,2.3207461252823376,2.3574690592501937,1.8978092665048634,2.0871478313566643,1.7918077786222641,2.0013422320430934,1.901848766193909,1.475530765935965,1.2687166439267716,1.3839696904457124,1.6793456005971008,1.2993972554328492,1.6961904685438078,1.0908849656312403,1.3242224600947083,1.1845438888273927,1.1833362674721675,1.4805979449744204,1.791502793785316,1.7863804681918176,1.73504402195975,1.2963907083728832,1.0817112590219926,0.9844083419661692
noise,0.524,1.0127390253327966,0.83186532587166,0.89459033556813,0.7657039457043701,0.9779768670599651,0.9472248266669172,1.455724169507758,0.44897507383145896,1.0677561997674252,0.6171213676668694,1.1373902801189348,1.3146905627353793,1.4958307358513538,1.3525078083418234,1.0045440673652917,1.5259445995749732,2.407184339325217,2.169462256909567,2.1473709840109794,2.1631642704290153,2.177770340995214,2.608858401372717,2.5884831331754006,2.140374531345154,1.6963101194775396,2.2593488163139273,1.5109556271654343,2.0765186264724136,2.0024880908533373,2.153378827429234,1.3693736177338747,2.0653991012795774,1.6896018928340468,2.2225673428004944,2.2086511279083627,1.1918036708878996,1.2627915570321313,1.6115958611292223,0.9967425335625453,1.866380654902448,1.1306211898835792,0.6768557764995766,1.1141519140769092,0.48927535522741156,1.1535434123777606,1.4164824024738378,1.4698421706404188,1.7119718899090015
noise,0.346,0.0,0.806913505390708,0.6274031263090667,0.7068969062191639,0.8140651620686673,0.880044114759104,1.4430171275030115,1.2501180526618365,1.4763602977585784,1.298578402227759,1.8787442555169251,1.100185085653334,1.0814945902107838,1.4324103942181503,1.1919767979119857,0.7644046221932117,1.344240798936614,2.2251270679578035,1.5984949511408693,1.4203730006695008,1.0123389288967795,1.1302096688265184,1.5329262578162246,1.2273124599506806,1.7034100728017532,1.2286258907904117,1.7464582922471066,1.3952312098765218,1.0211437413451037,1.2453367217005356,1.2333739600178626,0.7082208791146296,0.48706146855649135,0.6312392108401629,0.34283115131256625,0.20548922506686462,0.04704200845364373,0.0,0.21828154786012086,0.59426806568042,0.6311996498491103,0.3207268532826749,0.2838988024884941,0.671036648231161,0.8562166321936943,0.7425585797250827,0.7342596744632083,0.3826441256178096
noise,0.719,0.5422018621966818,0.16555977368317198,0.43070854403855074,0.378342519600064,1.3854575355484147,1.3038160536242365,0.985549222737961,1.1916447163342192,0.8976732977447858,1.5535425939056833,1.4095894028159863,0.9469902975290087,1.3929772803511142,2.1696108839498014,1.6636793045610436,2.225935179448224,1.5291659659780628,1.3355936070696686,0.8124581627771992,0.7161597235176967,0.7852932274787745,0.9501103973866449,1.128057756568888,0.6847941515431268,1.0173463167202754,1.2799632501406932,1.5719748556895707,1.172376676602819,1.1496948900897344,1.9954774280560916,1.5861198319167913,1.3714656472709874,0.7701761965325017,0.7505563491983804,0.44289273898341824,0.5167520474169598,0.7686361654334591,0.3931519392340759,0.8554685482221464,1.07121953527374,1.5460881925900638,0.5810036793432716,1.4341250926367866,0.7129208775226235,1.2939931218018061,0.8998017080251004,1.1591904613008337,1.8786885227524552
noise,0.732,0.14015274932670263,0.5622388600132021,0.6852710016362303,0.38507731382456795,0.10525950922099925,0.5539111856505617,0.44749110663541725,0.7251058479607704,0.39734959904473627,0.11708962263573597,0.0,1.0026637147830972,0.51993669416826,1.1768881298403209,1.4269927279723849,0.8598835819422483,1.2098283891358041,0.7518201030125519,0.5171099802108362,0.49178231047452725,0.38617124342514303,0.09291127011586298,1.0293818629293077,0.7929558141664432,0.9046675202281289,0.9608690152709358,0.9056685396241156,1.16481856443717,1.4079920907109216,1.4650918182060393,1.0155523854618131,1.2659365440146573,0.8728531107717858,0.6574943150121597,1.0065617139942833,0.7762473984040623,0.7915276013654178,1.1266026866342993,0.9749905275247105,0.7865956316705911,0.7502514280000411,1.080548455946676,0.8671960705357722,1.1912625297894917,1.5057158567538131,1.5712317604677595,1.4807904381570567,1.6794414005206748
noise,0.28,1.2484985255130252,1.3221096074910519,1.551365905994216,1.385355235729663,1.4435028457484842,0.6928299325645012,0.7657931877872921,0.8322592990452655,1.1059709580040158,0.9088942412673208,1.0426249657409978,1.0265151712725247,0.9289361518014562,0.946017627683182,0.8896294454243641,0.7442514125770372,1.153209271466173,0.8949235744380428,0.9525761278634848,0.3908157892378126,1.06753465373551,1.0367259436839422,1.4002460232488148,1.7389245929435624,1.3915314276131285,1.281266842578235,0.5466181623658332,1.0709879214458575,0.7103932652470937,1.1602350536635642,1.555588363499207,1.1400869898151076,2.122404252348254,2.3975534482611023,1.8068016406778231,1.6352151756245688,1.5080620163424574,0.844015223090394,1.3690938414587115,1.704972841058609,1.4706629725707459,1.6724709690808401,1.7441919561216328,0.9443629645453011,1.0177209700509748,1.0169665299167185,1.182443638323501,0.7435859728523633
noise,0.44,1.9694865286247478,2.332766946983391,2.1673545865870754,2.0733938291415597,2.0003025936646783,1.8486509796458939,2.5026564865776755,1.346655901971256,1.5484679833200878,2.1404180428653135,1.628179537436313,1.131280046241296,1.2990446308205468,0.6038687875590927,0.4025964651154607,1.0050592910033271,0.9628676426512393,0.0,1.1686165395133987,0.43392430173375546,1.204461935305281,2.0160899701718824,1.2582223479780212,1.3336013965576285,1.0606295369489755,1.6103151667085736,1.5354647141414621,1.2835634836012855,1.5353572451200512,1.8253557209835,2.710528056237238,2.2462731077082427,2.997400698670832,3.1094098480502708,2.9377020873473723,2.01552710217977,2.059565075047457,1.6814480430343162,1.9523184787616983,1.6685037268186056,1.2397436717379637,1.5989151819523237,1.6449387901225037,1.9461325433920025,1.32253931676144,1.629585484683521,2.18074467887487,1.2994402029855814
noise,0.441,1.40227236492813,0.7551329880013119,0.15053382892304454,0.15912562459363921,0.4867897184473977,1.0626097468716782,1.4376171406496328,0.3293314438618284,0.684058283772884,0.31345398228143756,0.9150375321629403,0.6302029433346731,0.7325927155144638,0.34317965855945093,0.5908551181249304,0.6450982204876811,0.6070084921849858,0.4614147667321217,0.7603004566185705,0.37564755549185136,0.8565661369275438,1.0209800390973913,0.8864476940162849,0.6263776015926071,0.69682563139323,0.22482832390093943,0.2553540366801339,0.7105460947068285,0.5984188415449465,0.8922496895738241,1.2086473105557978,0.8548871533755524,0.842323906107864,1.132689073039314,0.8791005835544234,1.4875120412781428,1.1331530156720688,1.1138790281760413,1.5193249568777838,1.672070300142391,1.3333378271998444,1.3847274322779983,1.2515474920201342,0.8886000361236043,0.7980222837641371,0.7764543308114356,0.6162655093737763,0.5633904499521553
noise,0.597,0.6653533209694955,0.7406854479233205,0.813757076938465,0.7741756831554594,1.4449905460884052,1.531239826412695,1.6149554232357426,1.2272338729777754,1.1588517998135583,1.6441952427306334,0.23065105371391612,1.0897724994612235,0.3175953650589784,0.9334286251315805,0.5612116293407428,2.074047664009959,1.213198006456559,1.5318190095269815,2.347146348278979,2.4567726576912845,0.9583879571206531,1.0028544634316703,1.5584683923640665,0.8852462184160063,1.4620151753665616,0.904809322389972,1.042442292391688,1.0492742125965044,0.931814440125293,0.664541366783707,1.5691163359927724,0.6244185102534499,0.7320095596405474,0.7843602959300906,0.4507763284962337,0.9313952834663286,0.4054347164181856,0.5942649730490324,0.29900611345849054,0.43729650700252604,0.0,0.0,1.0136292103552211,0.10850420731756039,0.3820387893712719,0.5596335909433067,0.6456460548415432,0.9677450937718063
noise,0.324,0.6790767933283403,0.5733090385620521,0.9167067667289968,0.9163823893266073,0.7134300579366628,1.037382107489438,1.0866049519188679,0.35605931871072316,0.39040977367574464,0.9784184104836251,0.5840555003637554,1.1001118027008796,0.4538436353959161,0.17992378275086945,0.0,0.6748548679799239,1.38003071180984,1.3737506706801375,0.9549385779193867,1.3529504374277128,1.1905944443407868,1.7226026191937402,1.7152978018475205,1.3677708109553794,1.9428947796149059,2.2185856342190835,1.1519414304848583,1.4051023614768778,1.9136064391934657,1.384665978495457,1.611202051024985,1.461186120127299,0.5769737143447092,1.0141521351627787,0.8721741634850788,0.8875371238732637,1.4057481565178638,1.6481365783272899,1.1500989946558096,1.403240975906777,1.0959521933792744,1.5181764246587797,1.3666746377991454,1.9646252570003788,1.4554781489364843,0.7639926511793595,0.6848915775954655,0.6673441961766421
noise,0.343,1.6687085066029375,1.3794814581287511,1.2026706056126029,1.122252831882171,1.7852577266959349,1.864461083073032,2.2992228682176337,2.036212871922284,2.019027178562572,1.2873071004492935,1.4446109762856842,1.6189914709172402,1.1663357867348614,1.3341330711385346,0.6684148898490133,0.9409459014545216,0.9045850913373294,1.037814629668402,1.2080373121474737,1.3478695135845156,1.171829831832192,1.2407951895397897,1.2674757148450826,1.3481481152542714,1.020930939423945,1.2780607763815521,1.3147292393896166,1.2237695184782937,1.1590898857133844,1.2627783467402653,1.4149468597138524,1.6170477301340516,0.9323305288318939,1.4428480748550114,1.2084894466546061,1.2201465496539523,1.03918205428891,1.498788548136618,0.9034015532821835,0.8453251428390923,1.4872873298931992,0.9536886097088346,1.2619744910794877,0.8966132371281356,1.083215666486601,1.1932922061200224,1.280327546843198,2.2162289633742756
noise,0.216,1.8699339979604968,1.06398701490455,0.8611815249242201,1.5146338174742162,1.5479964950069267,1.2477871759884098,1.643859500906072,1.3712405495701214,1.0335301923339923,1.2400166020978467,1.2970998503871531,1.3518138479579336,1.4736371161788553,1.2374395302728318,1.2396146817453102,0.9219635091598253,1.1942650922129183,0.8532789685305764,1.0406386220278965,1.9227334637020228,1.9735088399427798,2.045049283812281,1.571904840712014,2.090169805427977,2.0830627589475332,1.99298251298771,1.9228722962931577,2.032850105910368,1.9087670789812248,1.7395093153900099,1.8253557067433461,1.3497333273268686,1.5608337195058837,1.3289266161958375,1.434533866069142,1.2368557193511105,1.4815463430751188,0.9855924193824741,1.162758731180406,0.9410899780862862,1.1349782082411164,1.401296333952144,1.251980314453757,1.5365548329253702,1.5643308218364387,1.6491971820097473,1.5149152756347903,1.5910973611399524
noise,0.586,0.0,0.9911446356610965,0.7108611024296363,0.671810108104377,1.0157092720877963,1.043246800525449,1.0180393987862535,0.366461168472514,0.7470980880552888,0.8662631378288523,1.2386853523678434,1.6887651870922948,1.4899924521478058,1.9028074950692417,2.09554860959123,1.5054238247504872,1.98324935417045,1.9883962453604844,1.6262159306264323,1.3902245799104136,0.5650115128516697,0.9005367621933733,1.358374749378304,0.8236836618655209,0.2575834822862292,0.9650921554298857,0.9587359712296524,0.5083088317200553,0.7540422325580396,1.682909164873389,1.078761689063258,0.8293145204922068,1.3065928224179042,0.7915154399056058,0.9368531708302481,1.716614551924635,1.1266425183367625,1.270237183761438,1.436423412370618,1.9649320296441604,1.3616179103546862,1.2842144333805512,1.3288351615104315,0.6905687074569642,1.3236724594552256,1.579772909090844,1.527710531374306,1.4735364034371046
noise,0.617,0.21371994486592466,1.3375001140163159,1.1246509406347958,1.4886316792157341,0.6699220573181233,1.0078531885925963,0.7094813097977881,0.07206203108099762,1.1506553900112766,1.250767512170485,1.0664619912800304,0.5489474079370356,0.8608065486399238,1.2156632876957785,1.075478311383094,1.4169097602148044,1.6514587887969967,1.3994299761651234,0.39222492194940073,0.0,0.9824967377727245,0.6694851918247884,1.706938474246296,1.3485616909253462,1.3327781648577979,1.2236505830960285,1.1695546353374426,1.0590131483737248,0.5583107846091049,0.7262783216268555,0.7400759265848506,0.8424543950797139,1.0447609441307948,1.2860067038944947,1.0123413034914328,1.2484140286556906,1.100682227068706,1.061900507431194,1.3332835427121126,1.399820945920641,1.1393459676820858,1.045328792947582,0.7235882719803981,1.5588285248925386,1.2593946102178055,0.8005647634166825,1.025765696978947,0.7737301442937029
noise,0.457,0.9052071642148354,0.6106203032291015,0.7074759045046529,0.733910335877077,1.1837745413729985,1.3735411680549714,1.1392356247523192,0.9754719102348137,1.2706592784642716,1.1756573492870048,0.5585755728281788,1.0444245946084576,1.678066504174374,1.96372223916895,2.3098118798811385,1.1595307484022592,0.7579451768013915,1.026325503066481,0.8672928803477415,1.6933048680909775,1.114375403478334,1.3493425233922631,1.4494836161299887,1.2329664894182009,1.073113992629933,1.1998189809740258,1.306738141508171,1.3213068348399208,1.3583511892798603,2.164930231303262,1.4612584332181717,1.8224347777627545,2.4675812662586676,1.1154494131560302,0.9689118923344437,1.0514964312337658,0.9256340291299068,0.9045300536337149,0.8307501407224575,1.0068260882035756,0.6063415485623618,1.4059400044171997,1.0087065573105904,0.5934388220502872,0.7901300402210987,0.6440952482717797,0.5853074444290357,1.2938829098861067
noise,0.713,3.3207147261868535,3.719330834492245,2.82619897246104,2.7653460466574877,1.6071726296261908,2.1632652984941227,2.7331954335387163,2.362402451677894,2.231061795197042,1.2845157883847877,1.796090221625753,1.190015642823338,0.0,0.0,0.0,0.9406513838105567,0.3602813873710919,0.6927159310965583,1.2896228141630384,1.7295103186252787,1.9064873767197748,2.717963140801292,1.8223382780009962,1.7667047316023996,1.5357282368916707,1.2911995181107527,1.754026859368191,1.4690593892186383,2.513168008122783,1.2615380427867944,1.1261509528827474,0.413907942941337,0.6642275190464434,0.44010893210713936,0.56385007936103,0.4163862965304585,0.5181070950488658,1.1743009388100492,1.120467485264966,1.2623501807705109,1.4032729790154244,0.5638328965427706,0.0,0.9893534306735755,0.38220354379512755,0.3632883541575136,1.1247389317709366,1.1325714730280863
noise,0.609,0.5558927590107976,0.908899749233388,0.20359387980019394,1.1089153170361934,0.8242129254165638,1.2106571964692936,0.6704481521940582,0.7631331124315479,0.2083772536521967,0.60939013163874,0.4868817399690679,1.1325759696483424,0.8971660050528039,0.6616666027042049,0.6276206752636929,1.1038379952268182,0.8133834233047794,1.5219425816462178,1.3896853934276452,1.1387667673194701,1.2821210848568643,0.4960051690260907,0.8689310983819493,1.5548354158908926,0.7950978520256904,0.6632079041460939,1.354343069128293,1.2626577991277366,1.6411270522357346,1.5748264927926756,1.9386677028054566,2.1512013870043036,1.4034713722166634,1.749471556100325,1.97731578919301,2.0258509525037702,2.4512492615618218,2.3758777400121014,1.769561869242298,1.321019233820095,1.1834686833958294,0.9263650799145109,1.3677888420052036,1.166638910947736,0.5206076683686064,0.6354798895259617,1.1627185208368107,0.6306194419346077
noise,0.333,0.958903179814706,0.6425892916902924,0.6711844351839686,0.5138969284909451,0.7100723680284333,0.9658689366417855,1.8304897189899758,0.9498390130747891,0.9691739650117766,0.6836503993756224,0.41400016957541524,0.528462169105029,0.48015059098372453,0.6086659413368626,0.42877443583099917,0.6078966960696736,0.6523001809538754,0.793772765308005,1.0629239005631055,0.8557559994339141,1.0429909183011477,0.8330446950444581,0.864178238964752,1.420039254261939,1.2263519751468177,1.782618750878113,1.8588267330356196,2.220578460406366,1.4974628880864533,1.656930157532838,1.3082522454256604,1.1476270757444016,1.6036632151737473,0.9512557651616971,1.212173316880896,1.4450301835735602,1.315903223199166,1.1999950581634091,0.9214551782580899,0.7626200403388337,1.033838630329982,1.155804544739954,1.2802976101481103,0.995587480445643,1.0700224413621544,0.7810269008192634,0.8987942304106391,1.0989545007941928
noise,0.753,0.4070305574720097,0.7658601392175552,1.222171031827097,0.8782583828043135,1.1571300702166443,0.8632849809708503,0.9254196516603277,0.39256196025356527,1.1249342796485222,0.7863356000026749,1.8810193765077867,0.9274452101936597,1.7357293154541584,1.4607857637708714,1.6668093149571326,1.2347101061154613,1.7828882596406723,2.032771772218826,1.0508036334706887,0.6432662471913992,0.5947997703646882,1.462952336575813,1.9064998723160556,1.4071627410449055,1.4944285175594512,1.8551770225289075,1.8764944310875211,2.0825993152265574,1.5749652153500493,1.446228588988435,1.1992077788421336,1.4385830834793745,1.8039403740663758,0.9412956396723839,1.4986173105901468,1.9385016944680078,1.1129015065648578,0.6156824060108774,1.128126837272488,0.7042674305557229,0.7015185173820437,1.5920416663761303,1.2412783745994829,0.3311996570775829,1.3384080508774239,1.4281324352214737,1.2540559784900163,1.2264793901609723
noise,0.707,1.056097355749402,0.9156762803674582,0.9838349115608183,0.264641583448068,1.1890392971813826,0.5720554361797957,0.9190139189467992,1.8462637090987788,0.2999297965338312,0.07194050545351549,0.5770858256296816,0.7179280246900211,0.34635634040564167,1.252161285894354,1.9535147171354903,1.3000490288038036,1.5515280378535574,1.6714697600042625,2.535824573781765,2.3707788374923364,1.375134172364076,1.0384728957844158,1.4485559644381325,1.9263550018277014,2.19446640171981,2.268481137761007,1.8898879264315178,1.7177628377659115,1.1005563358038475,2.080723724085394,1.3255873709571744,0.8097188149413062,0.8960583688822261,0.04215708585171307,1.0948741153830497,1.2700286057557044,0.2494861801511984,1.2720663303599224,1.53082911034724,0.7403100278781057,0.0,0.0,0.21590604316542694,0.0,0.0364532262855945,0.47535741225747413,0.4603195033983593,0.9384182760692483
noise,0.547,0.9436728857328167,0.5836176775846749,0.5370268541708292,0.11952661689365252,1.2768873929000528,0.0,0.6798717644275875,0.8740008162183309,0.1749188651127026,0.6700969982898785,1.674682574892286,1.462902764814851,0.8455427897547049,1.0987401705868318,0.7475104569049055,0.5799595089516332,1.0992617557789903,0.8729709166587605,0.8491257907329398,1.4438561623075634,1.3363778015925292,2.3190612994131845,1.8791403466677357,2.331408039458544,2.18792754686463,2.0353563330285205,1.4371989485059287,1.5148240854271597,1.6420858948793928,1.4430079701491323,0.9125333092512319,1.8502024073539771,2.0698214027072566,1.969865495276379,2.4036487410224714,2.1073963527059347,2.674781317702004,2.2535915275760456,2.247059542826638,1.888664914202521,2.1028378908991696,1.3811986966823242,1.484547402419726,0.33613971861313696,1.2360925778422422,1.0391096592608757,1.893075682261351,2.2017684022881516
noise,0.756,0.8265040484988568,0.8518772925760165,0.4386683028682611,1.0454012250956557,1.1399212600133881,1.1782389370842585,1.3450216815855116,1.3783164023906003,0.5573305692833019,0.8259830671415251,0.7243682555048043,0.5086462314812951,0.4363024554965084,0.42428062399051353,0.1536973164062829,0.8448377421309168,0.8267298328157645,0.5960340011332916,0.69362745891422,1.079840058480085,1.5475937404266682,0.7701988171551086,1.0887979777616459,1.154830561891638,0.5722581738908233,1.5696911356212686,1.0148234486380547,0.4183923975454068,0.646243521986223,1.642836415704179,0.8620123223686484,0.8925100115845495,1.3825591490378084,1.9699392691688238,0.8689448784458139,1.2272525754860817,1.2431045564626146,1.2920834328328827,1.9374580142450135,2.030964327834559,1.3481036400172717,2.293676463530412,0.9519804604862554,1.137070056318326,1.3234083729542052,0.8972017992737118,0.5422710728796033,0.6897820429899816
noise,0.742,1.5441761944909191,1.7247828138828665,2.1369762517631483,1.9121497592926107,1.5065986674506242,1.050561107769624,1.3046563729797223,1.1684789290055233,1.0721459358818857,1.0491853055656921,1.3348371807622825,0.7090441528232523,1.3845915001559033,1.8197366134394377,1.5544312725326137,0.9192261859086628,1.6802659411690548,1.332431364784819,1.0884330059351166,1.0404333602873508,1.290886474633412,1.31105049686373,1.437826778615563,0.9552870987005716,1.0598184125276862,1.325155350473692,0.8021599669428277,1.1550220394320627,1.1356046706444636,1.3543758648741249,0.9500168679689432,1.0728332173035504,0.7612611966824084,1.1757299677589563,0.6469253971598546,1.0589969143563667,0.9156272611949638,1.4499859279198486,0.976527747048925,0.08056795856079974,0.777605944548655,0.0,0.45235090986985593,0.2540050704906599,0.7182301757652019,1.4257789267089505,0.9691870754015133,0.8529017913485226
noise,0.228,2.0096400512564943,1.8164790237178963,1.7567379473248395,0.770476776825576,0.5338022130389262,0.848697541469411,0.19480982842622258,0.9698492586970301,0.8641735916179684,0.709514462279239,0.608126520924591,0.5870463295789856,0.5882175470872021,0.4025169073324159,1.3545621927384497,0.9840230012768308,0.7437418161939658,0.5565419824604758,0.5491363285242997,0.9160059542171187,1.365851633912659,1.1855340837647712,1.4845947976456602,1.4386289303878006,1.1681708900394827,1.3364103077674938,0.8096873537710332,0.95851846982279,1.154052735744479,0.8869168410061523,0.2600667258962821,0.20716914318550536,1.1150144131185902,0.7254948584045355,1.122081769333057,0.9121177154941359,0.6861610145786157,0.5405064681432138,0.6370733709704383,1.015614092167548,1.4841640005344328,1.5508731318034834,1.2222582002867441,1.0138685332961526,1.1091294874978963,1.0031776866135604,0.7753412072810978,1.1049397869379718
noise,0.32,0.9997491905911888,0.4153361456728768,0.3773400674717299,0.06651911064553484,1.2077837700035814,1.8233020330478578,1.5731731187797906,0.9926410501899057,1.9479387058868056,2.0227474290101313,2.2778569565890323,2.4093034603846837,2.7194825421652125,2.7540341355434745,1.92027205501587,1.480439558557312,1.634680987102849,1.5378861423029637,2.109784369872342,1.8125782281329466,1.8030197500923861,1.7835144244330448,1.6710117592832665,1.2033931820713224,1.3252714519417872,1.4137169986857872,1.3832638035172309,0.9880314882114808,1.3849458149848901,0.9228541472684174,0.8256013116162444,1.431732446885257,0.7818676877170331,1.3340825832633882,0.6903105203916671,1.0761815264452816,0.9127387611085076,0.8852299891622184,1.1144695685704729,1.084224356232831,1.2946801070377778,0.8516045336233405,0.44046471393196035,0.9203336958724891,1.3732137450746327,0.5856962824765553,0.8394932864668739,0.7524406570143833
noise,0.207,0.15734227247176474,0.09056783174133788,0.27869029893566705,0.17887678412412678,0.8511826655131509,0.5276237323990066,0.39386491071325824,0.6889709152727681,0.521129312961573,0.8138565939821581,0.8038301808375554,0.750971094065845,1.3806693503397733,1.5577358974566247,1.1828133447666473,1.5548653697744026,0.7433153262701107,1.1299737510816161,1.192709296852054,0.8546882335754719,0.7549002485148933,1.0834041434586503,0.881734895031615,0.7777063209859814,1.3100355494695726,1.7650557900157884,1.7445614798522302,1.8383333809513411,1.8200704276134971,2.2213453292425225,1.791819260921456,1.7593559609544462,1.2125358202397165,1.0390961017396305,0.7663835732187301,0.7556539939776895,1.0593785961634448,0.4502593780075658,0.7081912082522255,1.2494027198892559,1.6150863707713334,1.255284144932093,1.0456176386997638,0.5352647493711629,0.5032179489748477,1.1787747700720588,1.335358189049446,1.8548107845552066
noise,0.501,2.0283216023512285,2.237843067170488,1.9903647745932922,1.507398882773566,1.6147093088435356,1.9817959981310045,1.4312596435550906,1.7601828860870288,1.213897366328624,1.770524674153743,1.1185862378109654,1.0945477556626158,1.2908692307355725,1.496250115090641,1.5917343253738678,1.6691305984598626,0.570164733630489,1.0196355151274528,0.8111636302787013,0.8220508857142735,1.375677675521363,1.5936204589757763,1.4482851591078676,1.3229887238808047,1.7335592254171845,0.8260873276515516,1.4023830950637834,1.365797669719261,0.9941202828188105,0.9679369256182719,0.37213474679498454,1.5743664999858333,1.278830060496117,1.449237205924614,1.4540140934646817,1.4550652500518166,1.5420630210660577,1.3033601083371953,1.4379511573326544,1.6383193151865882,1.4994455965700633,1.004036889620739,1.2978856613725014,1.2730274975304572,1.6673526953840543,0.9393672688371144,0.834646256356672,0.9639500891030738
noise,0.465,0.2983406049898204,1.061057525830348,1.8327610741672924,1.3582004799339809,1.5877012811272728,1.197585945963669,1.5746636805417773,1.6514897650021594,1.262475786768832,1.339916819168275,1.7980069731030328,1.5936965177021323,1.922515152315412,1.5577668146768735,1.6031973512081201,2.090242004445141,2.0446834071925046,1.8949274230818127,1.6967015027080559,1.585009927035359,1.5411437388574676,1.4371133660557789,1.5238037442931127,1.2268012305579947,1.059016333191694,1.4772431051872685,1.1231139215396135,1.5492970630049432,1.6151506653923549,1.1371344009277145,1.1067232769020268,1.2369169969901854,1.0516428541573755,0.66409668565428,0.44227203569673945,0.7677516633582011,0.6247676561778717,0.8162440589843485,0.5329361460778076,0.7549718177497398,1.5356065027044061,0.9806967287819864,1.1705277707077122,0.8018616677696604,0.40427314326456876,0.888338890274236,1.193142743097312,1.6255390927626852
noise,0.655,1.9168559540720753,2.503738709905424,1.9119161754064036,1.349958817904445,1.7152109655116141,1.534052327773228,1.6549104532261893,1.7701804495703244,1.8397478751837555,2.1233820535359267,1.0474762960364763,1.7218242183314527,1.5099868123716023,1.328654588565851,0.7568682005217428,0.7714734586499934,1.027161929152376,0.8396201842720667,1.0705930110405921,1.331330255906707,1.0029632567269822,0.46418220555247347,0.5183195895455627,1.0929670360923296,0.9599539926746476,0.7558591163832371,1.2425840574183427,1.401307992491554,0.8119797579093648,1.0113822225910507,1.1844472438634133,0.6289559031394314,0.4680612108835017,1.031780761712072,0.8468014191063691,1.3656260153661695,1.0282873599916946,0.9095396414920496,1.529668382602065,0.926040340939609,0.8823328905510016,1.1911641373964876,1.2338321015531182,1.2948641149023044,1.004584683302779,0.992694823724905,2.4087502360438964,1.720510064117984
noise,0.367,1.6303946676559156,1.6546781026497608,1.5541579724780157,1.7148590731550284,1.946833533735976,1.8661053109394476,1.8127393645093086,1.4563823397991447,1.983124916725725,1.498458012609062,1.7052855571889323,1.5339444168283265,1.46618368025296,1.9468005938962134,1.4357100482373084,1.4119429250411333,1.0259308930027595,0.7104402721199556,2.015506371217498,1.481061954742235,1.667386381155455,1.6479956038783634,2.029384790438205,1.547678674944388,1.573611667497051,0.990653663219602,0.2440326572182706,1.0738729135212055,0.7868846036934343,1.1612529748345963,1.3140218182276024,0.9037394134124266,0.7801328920909891,1.1398330768047802,0.9978139292064377,0.5703927388853632,0.2865704546271243,0.2835113922817305,0.21760485843904476,1.0968725417703515,0.4936790727045246,0.5264339569517896,0.0,0.0,0.4105962956288467,0.7608938781121686,0.7798557407293254,0.5949810229881067
noise,0.349,0.18758328844518585,0.21108187846066545,0.0,0.18648945646263332,0.11405091976724023,0.28560085470186086,0.0,0.3490028192995369,0.38071245176705004,0.7091595337029664,0.8144827390849413,1.1230636115450916,0.9498516750316277,1.1854099604209294,0.9713888793788769,1.2045812852019193,0.9704476629315564,1.776874178817628,1.553896563732165,1.2756302030198885,1.0627726096992438,1.214551160298185,0.7301792268398118,0.6074560752976081,0.7161669304953582,1.0613629639356963,0.7524572698323928,0.9307286881352894,0.5007562557822605,1.4350221570012383,1.2774664588079239,0.7420419334010239,0.3304345940317731,0.6426739832279973,0.7120966033429412,0.3972284130850866,0.5360735867168333,0.0,0.5588958463242114,0.5057991124941168,0.8173966513375661,0.7969885398776465,0.3031351452533989,0.06625234047689274,0.21563458501586846,0.5179415889090603,0.8923188610033017,0.6481111593396949
noise,0.66,0.0,0.12667982619964047,0.12221891896756049,0.7266187761508691,1.6196687925270659,1.4199068744384151,1.3325917289886842,1.4417205469766368,0.7300486148874077,1.257205138869447,1.6077125710940283,1.4604990826585884,1.053360290845527,0.8221388508139733,0.28939018413679984,0.2821051814339467,1.364395444488289,1.8517663522383312,1.921630893121963,1.383774875635718,1.2806783878244272,1.3188827744011593,1.265822352608362,0.7526923891924819,0.7984130433052095,1.8948150018628491,1.5898965460687977,1.6382840657234394,0.9280533527426666,0.8035904815702022,0.018249583510721923,0.7998447245845608,1.3873472682971788,1.719868825925457,1.44359228553546,1.4944809409180604,1.9121047323563787,2.612574874855043,2.137039882336532,1.986203484474553,1.374867770330399,1.9729707956979081,2.003775945299597,1.449538450874922,1.475952517124101,1.1327645489048894,1.1866741715386386,1.0244912503099775
noise,0.738,1.2968575720425406,0.6677133720411689,1.0528218323430754,1.088337199440991,2.142775111790117,2.2523540082962334,2.748206094909359,1.3012289084616822,1.6782317864357714,0.726025092432353,1.6389117030939122,1.38776192386399,1.7175058228612659,0.908817717902563,1.2138537633989033,1.1669562636214939,2.4500210525204227,2.258324511922475,1.9822398984972467,2.092516370737628,1.0153700867652067,2.0304084798402178,1.8492268064944373,1.238703006463322,2.896154403932156,2.3890261803062587,2.71075498250673,1.5895074067075732,1.5306810093136634,2.1827184613115915,1.481109572072129,1.8824131514948714,1.4000729565267953,1.6395203922233612,1.6424367632676256,0.8178252759318592,0.5045664836720226,1.5607799978037182,1.0970459277801534,1.6684228559037555,1.030670183056959,0.4807263910234588,0.847028096780581,0.9110825460131609,1.8375752168326136,1.4389318119029733,1.6522401417207027,2.0645146787849242
noise,0.445,1.1527310795066203,0.8814469949651015,0.594054508330271,1.2645107143811891,1.8145169206814251,1.3892444675560256,1.1718597500665628,0.8896877393506302,0.9762131709290806,1.0818881493065995,1.4909511921607173,1.1888496610480852,1.4942619572728801,1.1226601949309218,0.2927157797751553,0.9839356919787782,1.0768802449561286,1.7104290875361343,1.7208703293536445,1.7322746290281614,1.2179024253795276,0.8969757973923463,1.1633361152082449,0.9118654490958571,0.5628115879888651,0.7803007325334776,1.0038553063448323,0.9413688121450184,0.8630577083287377,0.8687566903074669,0.1915307689674185,0.23273249142356053,1.0199729223710152,0.1578343278647983,0.29647005364044676,0.34569685404657396,0.6529226191471242,0.8812877436991116,0.42020282488006744,0.6186177876268423,0.12061621550207821,0.18734729917140622,1.1975193013169436,1.1816595537500152,1.4830791092692297,0.6016247454548473,0.7851822836989648,0.6537135109577724
noise,0.224,0.8741511353166745,1.061629699610826,1.2529914896999375,1.7955663596776508,1.8275726987444807,1.0874258345293633,0.5880390455866727,0.6882545449608253,0.5585191845337706,0.9698081393587453,1.394272701410598,0.7602971996272924,0.22723374284272968,0.0,0.626376838246852,0.1953517816209502,0.15455346918965948,0.0,0.06624961654840839,0.5365328958929567,1.1250401315876484,1.824291229399569,1.4191816184791088,1.1762617094710346,1.5609594524809631,2.4591513655879873,2.166337404657049,2.1674568266918923,2.4166553200417447,1.7952191684764607,1.275720775013374,1.5381175345260778,2.5705945153435947,1.7109886607037381,1.6360967740591552,2.334705886099817,1.2483427263424483,1.8973336146729043,1.3995385044217534,1.5551183724319293,1.9466408587300632,1.2218302157119212,1.3262539568276452,2.015436029157214,1.7762154933067857,2.1957855641158126,2.424508788070767,1.9267867130931577
noise,0.431,1.6414130702378762,1.2008365444211286,1.3267317321977985,1.816492798537588,1.2610518133573538,1.208902660466054,0.46356323236570945,0.7052478080150287,0.9185014101054783,0.9702538669879184,0.6489517314642078,0.3090842573920701,0.559752327351227,0.6587320064663541,0.8612954198367152,0.6656664298625637,0.6275303817710998,0.9528338743084354,1.0813914036932246,0.948847126255942,0.8230822571313425,0.7936401136344737,0.5592447496445143,1.074559794359947,1.8433570650552396,1.5226152205318915,2.0725846209962855,1.468975203547958,1.110933941466129,1.4692665725969007,1.7569121629947084,1.4670558167067993,1.7332192155718058,1.4574740601830807,1.572371663734778,1.4573256727076913,1.7031295810819211,2.1830549125107135,1.5410020466562078,1.7174557421218741,1.7023067196900246,1.161216255521043,1.1418390493246842,0.9795524228446474,1.1811977852860966,1.3728754889450778,1.4029391232377832,1.6352838399608942
noise,0.391,0.8596018515029481,0.4096436109431039,0.679882987731144,0.9074297000173652,1.5248216424980685,1.9112599270657242,1.202392127482945,1.851962258016954,1.196129465676929,1.063334914870545,1.2703993460883507,1.5281801303697746,1.087674581106894,1.042562558498107,0.44279672020783833,0.2702920616269727,0.3782846607975795,0.47712251477225515,0.552051865073248,0.9337194727588399,0.33341124971913094,0.0,0.4451407217732066,0.6997479283346416,0.8875321454402492,1.1040817456984835,0.9292680636951038,0.9954662009782195,0.5572358511008075,0.5052270249331169,1.0395773540363467,1.0494126958090821,1.219231757911872,1.3534971226627817,1.086890844432216,1.9569113711464308,1.9535607790977676,1.5262063429975037,0.8730184890541288,1.2050170137514529,1.1641136823228657,0.7059063141152755,0.80341138959102,1.236051675297758,0.9702530680952528,0.3998448034556842,0.9147510481650556,0.7240888404716028
ramp,0.498,0.5971274375915527,1.4272993803024292,1.550440788269043,1.1255995035171509,1.8035129308700562,1.1797844171524048,1.3976922035217285,1.2257282733917236,1.2721043825149536,1.1776580810546875,1.4218356609344482,1.7956498861312866,1.9061634540557861,1.3864153623580933,1.5579169988632202,1.4525476694107056,1.6482757329940796,1.6225169897079468,1.6475789546966553,1.1491055488586426,1.1398591995239258,1.2573091983795166,1.3143185377120972,1.214306116104126,0.7500797510147095,0.9622114896774292,0.567266047000885,1.0662500858306885,1.0689021348953247,0.8666594624519348,0.7987568378448486,0.573359489440918,0.5288902521133423,0.3827786147594452,0.0,0.12776046991348267,0.0,0.2975604832172394,0.1285015344619751,0.15023791790008545,0.6529138088226318,0.40104061365127563,0.744167685508728,0.15646350383758545,0.06675344705581665,0.23897600173950195,0.63849937915802,0.8009565472602844
ramp,0.787,0.39453190565109253,0.012953112833201885,0.08995690196752548,0.050523608922958374,0.0,0.0,0.2856752872467041,0.337726891040802,0.1576220691204071,0.34891292452812195,0.6587329506874084,0.5580437779426575,0.7678412795066833,0.648842990398407,0.5088943243026733,0.6138806343078613,0.9717943072319031,1.305306077003479,0.7315880656242371,1.0228203535079956,1.042876124382019,0.565301775932312,0.741222620010376,0.5174903273582458,0.6478439569473267,0.6994125843048096,0.9518082141876221,1.146586537361145,1.056175947189331,1.085010051727295,0.7096262574195862,0.7189894914627075,0.6075829267501831,0.46279385685920715,0.12760162353515625,0.0,0.05957925319671631,0.13486602902412415,0.22289833426475525,0.1782783567905426,0.3414073586463928,0.1638714075088501,0.0,0.0,0.0,0.0,0.0,0.09957832098007202
ramp,0.547,0.07020318508148193,0.5524165034294128,0.5984753370285034,1.0012733936309814,0.6381011605262756,0.5883134603500366,0.8268364667892456,1.5309162139892578,1.1486120223999023,0.8599351048469543,1.4939074516296387,1.1797163486480713,0.8056554794311523,0.7194119691848755,0.6481310725212097,0.7586041688919067,1.2181333303451538,1.7541509866714478,1.3578981161117554,0.9839244484901428,0.7550097703933716,0.5996735692024231,0.6230963468551636,0.7824863195419312,1.185237169265747,0.7295743227005005,0.6460729241371155,0.3322194516658783,0.0,0.0,0.0,0.0,0.11196300387382507,0.0,0.0,0.0,0.0,0.11060425639152527,0.0,0.0,0.12743908166885376,0.0,0.0409674346446991,0.018785983324050903,0.0,0.12944960594177246,0.0,0.21624472737312317
ramp,0.588,0.8253660202026367,0.5781780481338501,0.640734076499939,0.9856985211372375,0.5948273539543152,0.5968590974807739,1.246350646018982,1.1436442136764526,1.232840657234192,2.127716541290283,2.1643190383911133,2.263672351837158,2.661454439163208,2.4750428199768066,2.0235419273376465,1.488452672958374,1.56089186668396,1.3708672523498535,1.317026972770691,1.245793104171753,1.2912579774856567,0.634468674659729,0.9135586619377136,0.6115445494651794,0.339121550321579,0.7697546482086182,0.8968325853347778,0.6986546516418457,0.07909470796585083,0.015124380588531494,0.1387055218219757,0.48483750224113464,0.3957674503326416,0.5362585783004761,0.5567429661750793,0.3175564408302307,0.9944750666618347,0.9587736129760742,0.8668960332870483,0.7832745313644409,0.5494344234466553,0.4076310992240906,0.2774273753166199,0.507098376750946,0.09189605712890625,0.007416367530822754,0.5062310695648193,0.17838072776794434
ramp,0.794,0.047355055809020996,0.7399623394012451,0.5104221105575562,0.6704602837562561,0.8691341876983643,0.761398196220398,1.1060949563980103,1.1099631786346436,1.2074496746063232,1.1925452947616577,1.3159644603729248,1.1895036697387695,0.7963755130767822,1.1379653215408325,0.9254218935966492,0.7032672166824341,1.270289659500122,1.9901660680770874,1.2936228513717651,1.3096163272857666,0.8617589473724365,0.7026059627532959,1.0133801698684692,0.946966290473938,1.4288004636764526,0.9423235654830933,0.9299325942993164,0.8812702894210815,0.5799676179885864,0.6159708499908447,0.38094598054885864,0.019839048385620117,0.19914287328720093,0.11179059743881226,0.0,0.0,0.0,0.0,0.0,0.0,0.0,0.0,0.0,0.05204510688781738,0.039343833923339844,0.0,0.0,0.15217971801757812
ramp,0.67,0.0,0.012404531240463257,0.5449511408805847,0.4617343842983246,0.3567141890525818,0.5557577610015869,0.5019418597221375,0.7703863382339478,0.5140738487243652,0.3258017599582672,0.6078929305076599,0.8595567941665649,1.2236554622650146,1.4812461137771606,1.1955537796020508,0.673851490020752,0.4664369225502014,0.9127750396728516,1.2013320922851562,1.17262601852417,0.7306020259857178,0.20942291617393494,0.5516700148582458,0.34969034790992737,0.5043803453445435,1.3855500221252441,1.2509315013885498,1.4193416833877563,1.4354108572006226,1.2543712854385376,1.7415966987609863,1.9163413047790527,2.3840079307556152,2.018437623977661,1.9300155639648438,1.1994366645812988,1.0408618450164795,1.42570960521698,0.9219383597373962,0.8227131366729736,0.7924911975860596,0.15993773937225342,0.19709831476211548,0.35907793045043945,0.5700429677963257,0.8306446075439453,0.6055205464363098,0.48722559213638306
ramp,0.235,1.2271671295166016,1.1928848028182983,0.9899992942810059,0.9088501334190369,0.7299870252609253,0.47533541917800903,0.49797672033309937,0.2796897292137146,0.5562614798545837,1.143930196762085,1.1651628017425537,0.8991913795471191,1.1951779127120972,1.5489428043365479,1.691210389137268,1.69037926197052,2.168952703475952,1.8537003993988037,1.5380024909973145,1.6264313459396362,1.3614509105682373,1.3307329416275024,0.9050746560096741,1.0643633604049683,1.0599448680877686,1.391162395477295,1.6916179656982422,1.5507214069366455,1.8669321537017822,1.365272879600525,1.0836960077285767,0.8541680574417114,0.5342564582824707,0.08206802606582642,0.0,0.11737336218357086,0.3621777892112732,0.6983386278152466,0.30073368549346924,0.45261508226394653,0.5925700664520264,0.9952120184898376,0.9125834703445435,1.1072028875350952,1.1488434076309204,1.181158423423767,1.2131226062774658,0.9009945392608643
ramp,0.752,1.6247464418411255,1.0542336702346802,1.0444098711013794,0.917554497718811,0.7700589299201965,0.9546618461608887,1.22047758102417,0.8619463443756104,0.7634849548339844,1.0500807762145996,1.3195128440856934,0.9627741575241089,0.658020555973053,0.8843979835510254,1.047961950302124,0.7979520559310913,0.674638569355011,0.6638580560684204,1.1414400339126587,1.333587408065796,1.1238070726394653,1.0860536098480225,1.5479581356048584,0.9163331389427185,0.48803818225860596,1.08487868309021,0.9535841941833496,1.1046195030212402,1.154411792755127,0.8218207955360413,0.4594537615776062,0.6362475156784058,0.5033737421035767,0.7154752016067505,0.8635349869728088,0.1880931854248047,0.347978413105011,0.46983230113983154,0.3703843355178833,0.6599087715148926,0.2938646078109741,0.24671834707260132,0.4674583077430725,0.4169531464576721,0.4594358205795288,0.9625612497329712,0.7692251205444336,0.7645210027694702
ramp,0.55,1.5008764266967773,1.5673069953918457,1.6771700382232666,2.2327053546905518,1.6707689762115479,1.784437894821167,1.02265202999115,1.3278403282165527,0.6605810523033142,0.7375503778457642,0.898122251033783,0.559203028678894,0.1901545375585556,0.341165691614151,0.4660384953022003,0.8141863942146301,0.7131630778312683,0.2531183362007141,0.9892897605895996,0.42476803064346313,0.6720401048660278,0.6637996435165405,0.8999940156936646,0.9024405479431152,0.6306085586547852,0.0770585834980011,0.0,0.5238533020019531,0.07482051849365234,0.0,0.4075515568256378,0.05460122227668762,0.85793137550354,1.3110852241516113,0.9417917728424072,1.0892565250396729,0.7202461957931519,1.038705587387085,1.277723789215088,1.4168598651885986,1.0270646810531616,0.8569241166114807,0.836799681186676,0.8761868476867676,0.724606454372406,0.11908811330795288,0.4031830430030823,0.35825812816619873
ramp,0.494,1.4947813749313354,1.496299386024475,1.4537174701690674,1.182276964187622,1.6819415092468262,1.4061636924743652,1.761092185974121,1.369537353515625,1.1627994775772095,1.0812058448791504,1.057852029800415,1.275776982307434,1.1328442096710205,1.1670572757720947,1.9350377321243286,0.40845268964767456,1.0327218770980835,0.4549475312232971,0.20051150023937225,0.5689422488212585,0.7274504899978638,0.9281880855560303,0.9484699964523315,1.3588054180145264,0.8478617668151855,0.6521680951118469,0.7695662975311279,1.193244218826294,1.021615982055664,0.7202478647232056,0.9134200811386108,0.47133010625839233,0.8680614829063416,0.716102659702301,1.0570191144943237,0.4296410381793976,0.4467497169971466,0.5618093013763428,0.5941896438598633,0.7054674625396729,0.7850233316421509,0.8222715854644775,0.9834102988243103,1.2478644847869873,0.8894951939582825,1.1710035800933838,0.781937301158905,0.6318843960762024
ramp,0.225,1.5950623750686646,1.731865644454956,1.5372676849365234,1.111583948135376,0.9991747736930847,1.320539116859436,1.3300378322601318,1.4584996700286865,1.1990681886672974,0.7496116161346436,0.8109935522079468,0.8057674169540405,0.6271965503692627,0.8551232814788818,0.9508030414581299,0.7023121118545532,0.7122042775154114,1.1220173835754395,1.6470997333526611,1.213967204093933,1.2237929105758667,0.8413757085800171,1.2912194728851318,0.7613632678985596,0.9552780389785767,1.1056246757507324,1.563988208770752,1.0292340517044067,0.5775908827781677,0.8814507126808167,1.0790815353393555,1.0482892990112305,0.7907997369766235,1.215287208557129,0.8883069753646851,0.7497400045394897,0.7986879944801331,0.7710186839103699,0.22306767106056213,0.30843114852905273,0.3696657419204712,0.0,0.2728757858276367,0.3965979516506195,0.3358159363269806,0.09704352915287018,0.1387147307395935,0.0
ramp,0.293,1.7509658336639404,1.6938536167144775,1.5503151416778564,1.4052196741104126,1.8849258422851562,1.97986900806427,1.6789774894714355,1.6533290147781372,1.9648323059082031,1.2398838996887207,1.2414077520370483,0.4373026192188263,0.5983836054801941,0.2602021396160126,0.4551078677177429,0.6960296034812927,0.821659505367279,0.6225385665893555,0.7305899858474731,0.9120033383369446,0.3365923762321472,0.44519007205963135,0.33910316228866577,0.6879229545593262,0.24336004257202148,0.22283516824245453,0.13509131968021393,0.3401053547859192,0.4990232288837433,0.37229758501052856,0.27738526463508606,0.7239944934844971,0.6458685994148254,0.0938955694437027,0.42818760871887207,0.9141616821289062,0.8071550726890564,0.9913283586502075,0.868728518486023,0.7916616797447205,0.842746376991272,0.4258354902267456,0.6458861827850342,1.1698694229125977,1.0981746912002563,1.1497275829315186,1.0197267532348633,1.3192028999328613
ramp,0.799,1.696610689163208,1.5750483274459839,1.3574063777923584,0.941908061504364,0.9685322046279907,0.9789793491363525,0.6752874255180359,0.880617618560791,0.7153953909873962,1.046062707901001,0.740031361579895,0.5257126092910767,0.23337259888648987,0.0,0.03055781126022339,0.34472256898880005,0.8505301475524902,1.0269863605499268,1.0390715599060059,0.8000600337982178,0.48762133717536926,1.1454094648361206,0.9505510926246643,0.9879406690597534,1.2844736576080322,1.1162663698196411,0.8123138546943665,0.9898778200149536,0.8859754800796509,0.5224072337150574,1.2342535257339478,0.9708450436592102,1.032759428024292,0.4160427451133728,0.6959817409515381,0.6275543570518494,0.5797785520553589,1.509953260421753,0.8581203818321228,0.46425437927246094,0.5050593018531799,0.05911731719970703,0.0,0.2536381483078003,0.1817241907119751,0.005574285984039307,0.0,0.37135380506515503
ramp,0.617,0.9786417484283447,1.154120922088623,1.2149310111999512,1.5409910678863525,1.4602198600769043,1.0407443046569824,0.9790811538696289,1.3706861734390259,1.455527901649475,1.2215813398361206,1.0752174854278564,0.6902621388435364,0.7062231302261353,0.2129443734884262,0.27624374628067017,0.056808844208717346,0.09314307570457458,0.11430846154689789,0.21916437149047852,0.5399254560470581,0.46135929226875305,0.34697115421295166,0.47755128145217896,0.6106002330780029,0.25447267293930054,0.18390101194381714,0.5235816240310669,0.698628306388855,0.4042356014251709,0.5393867492675781,0.3670569360256195,0.1456686556339264,0.6853544116020203,0.45879384875297546,0.5778924226760864,0.8958644866943359,0.9824601411819458,1.2553417682647705,0.941241443157196,0.6349125504493713,0.6998035311698914,0.6060802936553955,0.8687176704406738,0.699114203453064,0.7627171277999878,0.9987258315086365,0.6339840292930603,0.7636052966117859
ramp,0.406,0.0,0.08621246367692947,0.04897322133183479,0.0,0.3389172852039337,0.24050067365169525,0.7795999646186829,0.9179719686508179,1.0236353874206543,1.3364156484603882,0.6563588380813599,1.156016230583191,1.525191307067871,1.4141685962677002,1.2403844594955444,1.4652698040008545,1.2337629795074463,1.602755069732666,1.7063677310943604,1.1077868938446045,1.2514829635620117,0.6858113408088684,0.5955609083175659,0.1100553572177887,0.5877007246017456,1.1575136184692383,0.9201869964599609,1.0778133869171143,1.4183814525604248,1.1340272426605225,1.5833991765975952,1.8144668340682983,1.388606071472168,1.2794528007507324,1.2574663162231445,1.0206592082977295,1.5701593160629272,1.3668975830078125,1.7869329452514648,1.1330900192260742,0.8498563766479492,0.8434641361236572,0.7624032497406006,0.6552685499191284,0.7493519186973572,0.0,0.7054364085197449,1.0722191333770752
ramp,0.295,0.24256014823913574,0.19738632440567017,0.3139694929122925,0.5880483388900757,0.48287320137023926,0.21384836733341217,0.5272188782691956,0.810404896736145,0.8369244337081909,0.6438015699386597,0.5412684679031372,0.7465261220932007,0.5119838714599609,1.0883395671844482,0.7302991151809692,0.7894147634506226,0.7143397331237793,1.0278255939483643,0.7308753132820129,0.6937071681022644,0.5940497517585754,0.2745131254196167,0.17489808797836304,0.49301010370254517,0.4118582606315613,0.5321444869041443,0.8764110803604126,0.4171062111854553,0.20922614634037018,0.3961554765701294,0.3135630190372467,0.21615424752235413,0.10059228539466858,0.28776225447654724,0.5422896146774292,0.7667252421379089,0.8129688501358032,0.812968909740448,0.7319823503494263,0.6666700839996338,0.7986656427383423,0.43341946601867676,1.255330204963684,1.3398840427398682,1.4505195617675781,1.002831220626831,1.1917318105697632,1.1050151586532593
ramp,0.285,1.110549807548523,1.3718000650405884,1.8754669427871704,1.5988956689834595,1.765141487121582,1.4051541090011597,1.024656057357788,0.8603072166442871,0.6603246927261353,1.1219207048416138,0.9162682890892029,0.9509051442146301,1.531907320022583,1.7277159690856934,1.06978440284729,1.3458645343780518,1.1736096143722534,1.2030495405197144,0.8360795974731445,1.194399118423462,1.2916088104248047,0.6515812277793884,1.0703181028366089,0.9483500719070435,0.8158798217773438,0.904323935508728,1.2937039136886597,0.46293550729751587,0.0,0.4482213854789734,1.345207929611206,1.2985455989837646,1.7457098960876465,1.7526769638061523,1.3233695030212402,0.9802463054656982,0.6578134298324585,0.48355889320373535,1.044464349746704,0.8249264359474182,1.0945377349853516,1.3114471435546875,1.0210405588150024,1.1341915130615234,0.9952926635742188,0.36534473299980164,0.5462429523468018,0.6201002597808838
ramp,0.304,1.1552133560180664,0.9669828414916992,1.061719298362732,0.32361453771591187,1.0425077676773071,0.7809427976608276,0.9772145748138428,0.666689932346344,0.6573426127433777,0.8576955795288086,0.7975001931190491,0.8481308817863464,0.8381872773170471,0.886710524559021,1.4379862546920776,0.8480669856071472,1.1745251417160034,0.8835947513580322,1.4120821952819824,1.5308400392532349,1.3442282676696777,1.284677505493164,1.1626471281051636,1.5015697479248047,1.368525505065918,1.3416608572006226,1.6172128915786743,2.606452465057373,2.312371015548706,1.9743537902832031,1.4603151082992554,1.1805044412612915,0.9836096167564392,0.7883813381195068,1.2887601852416992,1.0895447731018066,0.8026686906814575,0.9040027856826782,0.9816524982452393,0.711969256401062,0.8341819643974304,0.9528346061706543,1.0359686613082886,0.630174458026886,0.6324656009674072,0.5378165245056152,0.736234724521637,0.8121087551116943
ramp,0.42,1.3223166465759277,0.8844802379608154,0.8082606792449951,1.1547430753707886,1.7312262058258057,0.8917794823646545,0.6073575019836426,0.9201739430427551,0.36656224727630615,0.7683037519454956,1.0174171924591064,1.6297516822814941,2.0738775730133057,1.8294848203659058,1.367874264717102,1.3608120679855347,0.92582106590271,0.7228594422340393,1.18858802318573,1.09421968460083,1.1559057235717773,0.7270300388336182,1.361883282661438,1.0846405029296875,1.0812246799468994,1.5271238088607788,1.1822102069854736,1.373201608657837,0.8851332664489746,1.195995807647705,1.6178661584854126,0.9643173217773438,1.0824992656707764,1.2300326824188232,1.1687219142913818,1.150852084159851,1.5462934970855713,1.3309556245803833,1.4615353345870972,1.3185917139053345,1.3200068473815918,1.1544545888900757,1.2349700927734375,1.1381301879882812,0.9180631041526794,1.1582798957824707,0.9007628560066223,0.3400389552116394
ramp,0.787,2.039651870727539,1.9883537292480469,2.012363910675049,1.659132957458496,2.271554470062256,2.535243511199951,1.8537559509277344,2.2814671993255615,2.2644882202148438,2.032125234603882,1.3007007837295532,2.0056726932525635,1.8754231929779053,1.8142850399017334,2.1737241744995117,1.6665327548980713,0.907252311706543,1.1226930618286133,1.3701128959655762,0.9419971108436584,1.117100477218628,0.3237174153327942,0.22720670700073242,0.5251519083976746,0.8412784934043884,0.6137974858283997,0.43366068601608276,0.0,0.5488935112953186,0.4717687964439392,0.7587185502052307,1.3711092472076416,0.4804522395133972,1.4132137298583984,1.5575544834136963,1.263197660446167,0.9675700068473816,0.8919827342033386,0.21726202964782715,0.15522003173828125,0.0,0.0,0.0,0.0,0.0,0.0,0.0,0.0
ramp,0.533,1.2692553997039795,0.9905077815055847,1.2492872476577759,1.6286602020263672,1.5275356769561768,1.8060035705566406,1.9688048362731934,1.8260524272918701,1.3207505941390991,1.243411660194397,1.0634098052978516,1.230862021446228,1.137089729309082,1.0542844533920288,0.9357519149780273,0.812195360660553,0.8961198329925537,0.7753384709358215,1.0441442728042603,0.8806551694869995,0.8694513440132141,0.45289164781570435,0.6643804311752319,0.5186154246330261,0.3747974634170532,0.47295141220092773,0.554807186126709,0.30985546112060547,0.6366634368896484,0.39303314685821533,0.46059849858283997,0.287050724029541,0.5190891027450562,0.4506843686103821,0.5766929388046265,0.1454380750656128,0.2465875744819641,0.0,0.0,0.1685367226600647,0.09454071521759033,0.0,0.0,0.0,0.0,0.0,0.41887572407722473,0.5934988856315613
ramp,0.3,1.0851231813430786,1.1231107711791992,1.0503777265548706,1.069072961807251,0.8087812066078186,1.3291114568710327,1.1566519737243652,0.7918916940689087,0.9846367835998535,0.8964574337005615,1.1235864162445068,0.9615135192871094,1.108193039894104,0.9101276397705078,0.8956090807914734,1.3588640689849854,2.1994876861572266,1.8575037717819214,2.075639009475708,1.7122693061828613,1.9078762531280518,2.127540111541748,2.2614924907684326,1.7542335987091064,1.6472718715667725,2.123145818710327,1.5806775093078613,1.8910422325134277,1.7777241468429565,1.6694482564926147,1.3918461799621582,0.9707449674606323,1.4122695922851562,1.5953117609024048,1.625443696975708,1.4761207103729248,0.980831503868103,0.8920477628707886,1.2281135320663452,1.3008763790130615,0.970514178276062,0.39622682332992554,0.653536319732666,0.534008800983429,0.6803569793701172,1.1410026550292969,1.2100045680999756,1.084729552268982
ramp,0.216,0.481573224067688,0.6050284504890442,0.7138125896453857,0.9628522396087646,0.3262776732444763,0.4429270029067993,1.0792657136917114,0.9020422697067261,1.3042937517166138,1.0399669408798218,1.0366424322128296,0.6484134793281555,1.1444194316864014,1.0299978256225586,0.9667144417762756,0.8276416063308716,0.4836918115615845,0.5566468238830566,0.8711155652999878,0.879531979560852,0.963395893573761,0.6133400797843933,1.541490077972412,1.1977957487106323,1.3583871126174927,1.3931065797805786,1.3882312774658203,0.8282310366630554,0.9109351634979248,0.9422892928123474,0.6384935975074768,1.1092389822006226,1.24526846408844,1.1056345701217651,1.1128802299499512,0.8518643379211426,0.7277110815048218,1.292598843574524,1.0157690048217773,1.6452597379684448,1.5126174688339233,1.5100924968719482,2.3276054859161377,2.315037965774536,2.4571993350982666,1.4815306663513184,2.310305118560791,3.129201650619507
ramp,0.597,0.9786417484283447,1.1545523405075073,1.2157939672470093,1.542285442352295,1.461945652961731,1.0429015159606934,0.9816698431968689,1.373706340789795,1.4589794874191284,1.2254643440246582,1.0795320272445679,0.6950080394744873,0.7114005088806152,0.21855320036411285,0.2822840213775635,0.06328056752681732,0.10004624724388123,0.1216430813074112,0.2269304394721985,0.5481229424476624,0.46998825669288635,0.3560315668582916,0.4870431423187256,0.6205235123634338,0.2648274302482605,0.19468721747398376,0.534799337387085,0.7102773785591125,0.4163161516189575,0.551898717880249,0.38000038266181946,0.159043550491333,0.6991607546806335,0.4730316400527954,0.5925616025924683,0.9109652042388916,0.9979922771453857,1.2713053226470947,0.9576364755630493,0.6517390012741089,0.717061460018158,0.6237696409225464,0.8868384957313538,0.717666506767273,0.781700849533081,1.0181410312652588,0.6538306474685669,0.7838833928108215
ramp,0.756,0.9549899697303772,0.4018706679344177,0.7793670296669006,0.6017728447914124,1.006371259689331,0.5883703231811523,0.6448577642440796,0.4859599173069,0.6173381209373474,0.5669265985488892,0.9711971282958984,0.4807095229625702,0.03362521529197693,0.41469377279281616,0.13107287883758545,0.024483293294906616,0.4255688488483429,0.2448934018611908,0.35333776473999023,0.6656257510185242,1.3794926404953003,0.8457120656967163,0.9920780062675476,0.6857204437255859,1.1533699035644531,1.1391679048538208,0.928413987159729,1.10404634475708,0.8147408962249756,0.9307964444160461,0.9817995429039001,0.7302858829498291,0.44427984952926636,0.0,0.45085543394088745,0.9968209862709045,1.1828765869140625,1.1910858154296875,0.6749763488769531,0.6784294843673706,0.3878558278083801,0.7150712013244629,1.2831721305847168,0.819115400314331,0.7413427829742432,0.40395063161849976,0.6709134578704834,0.8090936541557312
ramp,0.39,0.5472769141197205,0.8160104751586914,0.6650387644767761,0.43543797731399536,0.7598752379417419,0.5809376239776611,0.24198180437088013,0.5316005945205688,0.5951328873634338,0.15651459991931915,0.0,0.1648312211036682,0.14130927622318268,0.4865248501300812,0.387387752532959,0.46255552768707275,0.46019724011421204,0.7500291466712952,0.7696024179458618,0.8520218133926392,0.7968990802764893,0.6902329921722412,0.6041496992111206,1.1567237377166748,0.7437915802001953,1.1463662385940552,1.25772225856781,1.100245475769043,1.0635753870010376,0.8573752641677856,0.8155343532562256,0.9148966670036316,0.9346486926078796,0.8499612808227539,0.6232892274856567,1.1149094104766846,0.7894554734230042,0.6111965775489807,0.48376330733299255,0.3292679488658905,0.4962514638900757,0.9114108085632324,0.6758939623832703,0.5964333415031433,0.36803773045539856,0.5448126792907715,0.6907721757888794,0.6178907155990601
ramp,0.436,1.2408274412155151,1.227587103843689,1.0251612663269043,1.0138057470321655,1.128403902053833,1.1816396713256836,1.3239079713821411,0.6964854598045349,0.8525682687759399,1.196146011352539,1.1309881210327148,1.5648138523101807,0.9512795209884644,1.1616400480270386,1.1835078001022339,0.8465734124183655,1.2620115280151367,0.8914507627487183,0.832763135433197,0.7635597586631775,1.00800621509552,1.108396291732788,0.9987172484397888,0.9723761677742004,0.944402813911438,0.5277818441390991,0.5749737024307251,0.7307594418525696,0.7647440433502197,0.7853975296020508,0.9121158123016357,0.7535341382026672,0.5242236852645874,0.8087550401687622,0.7830395698547363,0.7209070324897766,0.3636980354785919,0.4367756247520447,0.7416399717330933,0.760552704334259,0.49156251549720764,0.5635547637939453,0.44481781125068665,0.5828400254249573,1.2283743619918823,0.8380527496337891,0.8553001880645752,1.026660442352295
ramp,0.592,0.7627979516983032,0.6846039295196533,0.9308639764785767,0.9410536885261536,1.2359575033187866,0.34891292452812195,0.7761450409889221,0.6553357839584351,0.7039377689361572,0.7371201515197754,0.8797829747200012,0.853605329990387,0.3699534833431244,1.345565915107727,1.6402279138565063,1.477196455001831,1.624754786491394,1.6555014848709106,1.6762731075286865,2.0486483573913574,1.6627711057662964,1.259048342704773,1.3249361515045166,1.4623477458953857,0.9870458245277405,1.4020075798034668,1.4353439807891846,1.239830493927002,1.243987798690796,1.0657652616500854,0.7292041778564453,0.6779842376708984,0.300695538520813,0.2986343502998352,0.49555301666259766,0.2864004373550415,0.3330102562904358,0.5210492014884949,0.5835316181182861,0.1626492738723755,0.36804407835006714,0.053164780139923096,0.313240647315979,0.6794719696044922,0.7147160172462463,0.5562343001365662,0.57529616355896,0.5874373912811279
ramp,0.685,2.0613718032836914,2.1835973262786865,2.496337890625,2.249297618865967,1.8496954441070557,1.780090570449829,1.4837571382522583,1.6016143560409546,1.5537300109863281,1.6369080543518066,1.2671658992767334,1.086180567741394,1.0380760431289673,0.7389359474182129,0.7167904376983643,1.0057997703552246,1.6997188329696655,1.5460608005523682,1.2316471338272095,1.0196871757507324,0.8979958295822144,1.0633147954940796,0.9322230219841003,1.334341049194336,1.0378053188323975,1.047427773475647,0.47658151388168335,0.6241750717163086,0.2358342409133911,0.02396172285079956,0.4325137138366699,0.23297029733657837,0.4973897933959961,0.2677057981491089,0.3114694356918335,0.09882521629333496,0.0,0.16210567951202393,0.15592288970947266,0.1654893159866333,0.33024007081985474,0.12257552146911621,0.17550307512283325,0.4834033250808716,0.4269353151321411,0.6235713362693787,1.1261236667633057,1.0763845443725586
ramp,0.335,0.5535866022109985,0.4602966904640198,0.543729305267334,0.6483930349349976,0.7055819630622864,1.0438538789749146,0.5134850144386292,0.5869414210319519,1.0954450368881226,1.2328931093215942,0.941462516784668,0.9385040998458862,0.6733980774879456,0.4633913040161133,0.7089850306510925,0.9715612530708313,0.953731119632721,1.4430525302886963,1.9301080703735352,1.8132402896881104,1.550121784210205,1.5228687524795532,1.6023139953613281,1.1375453472137451,1.1632541418075562,1.2590044736862183,1.60392427444458,0.607085645198822,0.6647935509681702,1.3358242511749268,1.1135996580123901,0.9704326391220093,0.9527175426483154,1.1105858087539673,0.8454514741897583,1.2933721542358398,1.1934758424758911,0.8938727378845215,1.258824348449707,0.7471848726272583,0.839430034160614,0.961576521396637,0.46466654539108276,0.8398786783218384,0.9576307535171509,0.5787259340286255,0.4284021854400635,0.3545418381690979
ramp,0.231,0.3437269926071167,0.6751194000244141,0.23294608294963837,0.579706609249115,0.6846531629562378,0.8492748737335205,0.6294886469841003,0.7984108924865723,0.6295167803764343,0.3524242639541626,0.33162713050842285,0.7292408347129822,0.9266162514686584,0.8220004439353943,0.7044947743415833,0.3655945956707001,0.39117196202278137,0.30056485533714294,0.13686451315879822,0.5926365852355957,1.0482999086380005,0.4767998456954956,0.713617205619812,0.8138214945793152,1.0006678104400635,0.9539583921432495,0.6553751230239868,0.6158585548400879,0.6570407152175903,0.20593884587287903,0.2843121290206909,0.2463594228029251,0.21057575941085815,0.4495910406112671,0.5067681670188904,0.6011641621589661,1.1506093740463257,0.6639664769172668,1.2328776121139526,0.8168759346008301,0.5888168811798096,0.5357805490493774,0.845145583152771,0.09043820202350616,0.4830808639526367,0.25571346282958984,0.0,0.0600961297750473
ramp,0.429,1.5437664985656738,1.5091050863265991,1.5173661708831787,1.8317095041275024,1.5994590520858765,0.9509648680686951,0.7373986840248108,1.2755013704299927,1.3714109659194946,1.8565934896469116,1.508064866065979,1.8738123178482056,1.2309260368347168,1.2271473407745361,1.3263828754425049,1.0838552713394165,1.20851731300354,1.2178794145584106,1.4930291175842285,1.264651894569397,1.0317424535751343,1.4152075052261353,1.0646916627883911,1.034093976020813,1.37685227394104,1.1210100650787354,1.236627459526062,1.0857748985290527,1.1072367429733276,0.8334450721740723,0.6635491847991943,0.7528856992721558,0.3121752142906189,0.07163503766059875,0.4625815451145172,0.4905965328216553,0.2675175666809082,0.26724836230278015,0.541187047958374,0.4070282578468323,0.501262366771698,0.3471539318561554,0.44274282455444336,0.5033403038978577,0.503605842590332,0.4024202823638916,0.1998552680015564,0.7213373780250549
ramp,0.478,0.37513357400894165,0.8615391850471497,0.756356418132782,0.7118849754333496,0.7588739991188049,0.5980955958366394,0.2628525197505951,0.46706199645996094,0.43584397435188293,0.5804099440574646,0.5465577244758606,1.1526920795440674,0.8961086869239807,0.9964404106140137,1.2924554347991943,0.7748408913612366,0.38679933547973633,0.49937260150909424,0.7967507839202881,1.085404396057129,1.264301061630249,0.48613786697387695,0.8972402215003967,0.48774856328964233,0.7393776178359985,0.7487772703170776,0.7190013527870178,1.564898133277893,1.1312644481658936,0.7744051814079285,0.7269927263259888,0.8703368902206421,1.5954097509384155,1.6140925884246826,1.7974307537078857,1.3731443881988525,0.7944183945655823,0.8174676895141602,0.812409520149231,1.0466989278793335,0.7070826888084412,0.612318754196167,0.37560006976127625,0.593317449092865,0.4150184094905853,0.1345784068107605,0.0020547211170196533,0.10547733306884766
ramp,0.706,0.09938251972198486,0.0,0.14226406812667847,0.28474581241607666,0.4632437825202942,0.8559010624885559,0.6318577527999878,0.7960250377655029,0.8533880710601807,0.637061595916748,0.4673326909542084,0.439286470413208,0.25952935218811035,0.817698061466217,0.16126704216003418,0.5608830451965332,0.052653729915618896,0.3949474096298218,0.28444796800613403,0.4164705276489258,0.10720713436603546,0.21722760796546936,0.3229343593120575,0.5975509881973267,1.0059324502944946,0.6455014944076538,0.6486078500747681,0.5080780982971191,0.8038121461868286,0.9474838376045227,0.6072363257408142,0.6993582844734192,0.7670813798904419,0.4478772282600403,0.7749981880187988,0.22035056352615356,0.20167464017868042,0.3314288556575775,0.7382678985595703,0.196041077375412,0.4223238527774811,0.7184755802154541,0.5123568177223206,0.6701511144638062,0.5942855477333069,0.640021562576294,1.0919148921966553,1.523403286933899
ramp,0.52,0.750441312789917,0.42630890011787415,0.6196392178535461,0.5907819867134094,0.5185486674308777,0.610661506652832,0.2872749865055084,0.4966665506362915,0.41973695158958435,0.45900410413742065,0.5292710661888123,0.5044569969177246,0.45280009508132935,0.6425508260726929,0.7738693356513977,0.9354469776153564,0.5763093829154968,0.720162570476532,0.9449948072433472,1.304971694946289,0.6486285924911499,0.3732588291168213,0.6046600937843323,0.4564494490623474,0.6313459873199463,1.1522207260131836,1.1015758514404297,1.3082345724105835,1.1314642429351807,0.6814837455749512,0.9324965476989746,0.7759281992912292,0.5477160215377808,0.6747870445251465,0.7506848573684692,0.7462040781974792,0.9100186228752136,0.8917359113693237,0.7545473575592041,0.8246971368789673,0.6857234835624695,0.5873695611953735,0.5945619344711304,0.6361982822418213,0.6551415920257568,0.6962077021598816,0.7732197046279907,0.7222570180892944
ramp,0.499,0.929545521736145,0.9010060429573059,0.6165265440940857,0.37169456481933594,0.43237069249153137,0.5428511500358582,0.4391576945781708,0.693428635597229,0.5528250336647034,0.19842635095119476,0.3514573574066162,0.4321533143520355,0.5180380940437317,0.6532782316207886,0.49365729093551636,0.7216914296150208,0.6525896787643433,0.9110310077667236,0.5653759241104126,0.8066855072975159,1.0408903360366821,1.2042908668518066,0.7692165970802307,0.5012944340705872,0.5040884017944336,0.7845749855041504,1.08937668800354,0.7740871906280518,0.821542501449585,0.6941526532173157,0.6984485387802124,0.6836633682250977,0.5561439990997314,0.9929783940315247,0.8554602861404419,0.5391806364059448,0.44877320528030396,0.42131128907203674,0.6180933713912964,0.662840723991394,0.5412769913673401,1.0181089639663696,1.0046249628067017,0.34866994619369507,0.0,0.20305263996124268,0.26385805010795593,0.0
ramp,0.554,0.07020318508148193,0.5523170232772827,0.5982764363288879,1.0009751319885254,0.6377034187316895,0.5878162384033203,0.8262397646903992,1.5302200317382812,1.14781653881073,0.8590401411056519,1.492913007736206,1.1786224842071533,0.804462194442749,0.718119204044342,0.6467388868331909,0.7571125030517578,1.2165422439575195,1.7524604797363281,1.3561081886291504,0.9820350408554077,0.7530208826065063,0.5975852012634277,0.6209085583686829,0.7801991105079651,1.1828505992889404,0.727088212966919,0.6434873342514038,0.32953447103500366,0.0,0.0,0.0,0.0,0.10878080129623413,0.0,0.0,0.0,0.0,0.10692483186721802,0.0,0.0,0.12346130609512329,0.0,0.03679078817367554,0.014509886503219604,0.0,0.12497463822364807,0.0,0.2115708589553833
ramp,0.315,0.23095399141311646,0.7180318236351013,0.7312931418418884,0.8080726861953735,1.1551790237426758,1.6507433652877808,1.5161967277526855,1.22669517993927,1.1775577068328857,0.9953843355178833,0.8703965544700623,1.0687599182128906,0.9780468344688416,1.0149099826812744,0.8405960202217102,0.9561131000518799,1.0179253816604614,1.2031598091125488,0.9286432266235352,1.1508030891418457,1.4673656225204468,1.533252477645874,1.662060260772705,1.4724352359771729,1.409240961074829,1.8358807563781738,2.282987356185913,2.0038111209869385,2.1733293533325195,1.5492963790893555,1.124746561050415,1.2061357498168945,1.2878408432006836,0.34171152114868164,0.8077853322029114,0.9265478849411011,1.136462688446045,0.9951198101043701,1.0402685403823853,0.5825120210647583,0.2837529182434082,0.9263349175453186,1.4300955533981323,1.0277769565582275,0.9746105670928955,0.5823696851730347,0.38681116700172424,0.22977730631828308
ramp,0.261,1.6524827480316162,1.8720566034317017,1.2008399963378906,0.811863124370575,1.2786461114883423,1.1810033321380615,0.8930355310440063,1.0184247493743896,1.1544902324676514,0.9975941181182861,0.5408077239990234,0.4381771683692932,0.0,0.0,0.24523645639419556,0.28622937202453613,0.0,0.2014489471912384,0.9557414650917053,1.0969486236572266,0.7071740627288818,0.5945470333099365,0.7749456763267517,0.9797922372817993,0.9538891315460205,0.8690244555473328,1.2854092121124268,1.4561901092529297,1.070013165473938,0.7248817682266235,0.6703525185585022,0.5254380702972412,1.198225736618042,0.8013854622840881,1.1013277769088745,1.09145987033844,1.2730604410171509,0.8577089309692383,0.9234585762023926,1.0564173460006714,0.8604217171669006,0.657087504863739,0.7999614477157593,1.1353291273117065,1.2590633630752563,0.8813059329986572,0.9515684843063354,0.8440616726875305
ramp,0.299,1.2904127836227417,1.0358034372329712,1.223320722579956,1.6893068552017212,1.063194751739502,1.5948150157928467,1.815085530281067,2.1940603256225586,2.2073631286621094,1.9908491373062134,1.848804235458374,1.425232172012329,1.1860628128051758,1.0202683210372925,1.4540815353393555,1.017110824584961,1.3618178367614746,1.9262514114379883,2.3308796882629395,1.757105827331543,1.0623821020126343,1.226011872291565,1.4616073369979858,1.33113694190979,1.5593217611312866,1.3478772640228271,1.349682331085205,1.3616034984588623,1.0882351398468018,1.062542200088501,0.6267842054367065,0.5588784217834473,1.272067904472351,1.2112538814544678,0.9869439601898193,0.6608940958976746,0.8256824016571045,0.9450497627258301,0.5389000177383423,0.6948535442352295,0.4663641154766083,0.3549630343914032,0.21864911913871765,0.15370401740074158,0.5260724425315857,0.8939705491065979,0.8116598725318909,1.2328886985778809
ramp,0.372,0.5723388195037842,0.8328004479408264,1.0191080570220947,1.0051920413970947,0.9720971584320068,0.9946832060813904,0.8969467878341675,0.8252279162406921,0.6426196694374084,0.7144528031349182,0.6084915399551392,1.0627626180648804,1.063430905342102,0.6237362623214722,0.3630376160144806,0.648979127407074,0.8725508451461792,0.8492825627326965,0.7112210988998413,0.7220374345779419,0.5376030206680298,0.6945092678070068,0.7897053956985474,0.8182597160339355,0.5103424787521362,0.7030093669891357,0.47572389245033264,0.7917909622192383,0.7532166242599487,0.5525270104408264,0.4489557147026062,0.4842665195465088,0.5857495069503784,0.8292536735534668,0.826381266117096,0.7367968559265137,0.7685158848762512,0.6158482432365417,0.4681404232978821,0.36918455362319946,0.3002798557281494,0.434468150138855,0.44768041372299194,0.9015768766403198,1.057737112045288,1.1526399850845337,1.091684341430664,0.4837963581085205
ramp,0.377,0.9555400013923645,0.6456053256988525,0.5640178322792053,0.28492051362991333,0.6311832666397095,0.9754794836044312,1.2567923069000244,0.7856329679489136,0.5119055509567261,0.9392931461334229,0.8355562686920166,1.0413767099380493,0.6130970120429993,0.7981444001197815,0.5388115048408508,0.6531289219856262,0.44544100761413574,0.8842785954475403,1.0592854022979736,1.1697064638137817,1.4291307926177979,0.8154873847961426,0.8528637886047363,0.3153405487537384,0.7359098196029663,0.3243089020252228,0.5792124271392822,1.1427010297775269,0.5582839250564575,0.5266890525817871,0.48664963245391846,0.9346169233322144,0.9787877798080444,0.5728555917739868,0.5180689096450806,0.44549912214279175,0.8251218795776367,0.687242865562439,0.7440512180328369,1.3026881217956543,0.6635748147964478,1.0281004905700684,0.8629223108291626,0.615382194519043,0.38491326570510864,0.2899059057235718,0.7168856263160706,0.7214818596839905
ramp,0.774,1.57090425491333,1.5584684610366821,0.7991462349891663,1.042236328125,1.1242536306381226,1.2526516914367676,1.3151311874389648,1.2090857028961182,1.1181837320327759,1.4703885316848755,1.3153185844421387,1.9748215675354004,1.752248764038086,1.4216663837432861,0.9099934101104736,0.9625763893127441,0.8838313221931458,1.0899860858917236,1.1265751123428345,1.1220412254333496,1.28072988986969,0.6818348169326782,0.43813616037368774,0.9017940759658813,0.8001613616943359,0.8908072113990784,0.5917336940765381,0.3873831629753113,0.4542282223701477,0.3173248767852783,0.3039094805717468,0.19083952903747559,0.012113213539123535,0.1414662003517151,0.5215789675712585,0.28192901611328125,0.5197815299034119,0.3112064003944397,0.22171401977539062,0.5160437226295471,0.29989802837371826,0.9805299043655396,0.9503558278083801,1.6531606912612915,1.0611685514450073,0.669951319694519,1.052440881729126,1.0892736911773682
ramp,0.355,0.8491119146347046,0.5301511287689209,0.6575413942337036,1.0431609153747559,0.7256779670715332,0.8124960660934448,0.8701112270355225,0.8724720478057861,0.8942503929138184,0.8342444896697998,0.6719442009925842,0.29478657245635986,0.7189199328422546,0.9035079479217529,1.2174384593963623,1.7235652208328247,1.2582072019577026,0.9145475625991821,0.90935879945755,0.8972431421279907,0.623616099357605,0.759736955165863,0.8547444343566895,0.6657584309577942,0.9133140444755554,0.7991124391555786,0.6980369687080383,0.9583436846733093,1.005295753479004,0.7749935388565063,0.6090407371520996,0.7804456353187561,0.21738018095493317,0.10269390046596527,0.0,0.5059987306594849,0.9865696430206299,0.9605568051338196,0.633813738822937,1.0644012689590454,1.170685052871704,1.1137595176696777,0.5944419503211975,0.7443780899047852,1.123533010482788,1.0408165454864502,0.9822186231613159,1.4428839683532715
ramp,0.351,1.4329910278320312,1.5197545289993286,1.2641401290893555,1.6650753021240234,1.8199855089187622,1.1391963958740234,1.025720238685608,1.586342692375183,1.5073055028915405,2.1363155841827393,2.0847840309143066,1.3727778196334839,1.4251701831817627,0.9996659159660339,0.6222710609436035,0.5605059862136841,0.3694568872451782,0.45607438683509827,0.3594434857368469,0.7477206587791443,0.8940903544425964,1.310558557510376,1.1189569234848022,1.0533194541931152,0.8869216442108154,1.0157748460769653,0.6926301717758179,0.8447293639183044,0.6463250517845154,0.6289139986038208,0.6015273928642273,0.820141077041626,0.617998480796814,0.3441307842731476,0.6655031442642212,0.9267549514770508,0.7280042171478271,0.7836690545082092,0.608574390411377,0.6232088804244995,0.9261941909790039,0.7391481995582581,0.6854863166809082,1.01975679397583,1.0689682960510254,0.7574924230575562,0.9198353290557861,0.6124672889709473
ramp,0.389,1.1032047271728516,1.2520618438720703,1.019923210144043,1.1878808736801147,0.9621803760528564,0.9811804890632629,1.2289037704467773,1.5996652841567993,1.3611831665039062,1.1178280115127563,1.2577273845672607,1.6339062452316284,1.3032279014587402,1.5313482284545898,1.1846823692321777,0.8480527400970459,0.9898159503936768,1.3291270732879639,1.0128730535507202,1.3263612985610962,1.2636686563491821,0.6770402789115906,0.5756840705871582,0.40580761432647705,0.6185336709022522,0.5293844938278198,0.9737677574157715,1.0209453105926514,0.9237030148506165,0.8884609937667847,1.2536076307296753,1.111750841140747,1.4947834014892578,1.523758053779602,1.6325865983963013,1.136521577835083,1.4110522270202637,1.2888785600662231,0.9665791988372803,0.861461877822876,0.9769986271858215,0.9442296028137207,0.9018069505691528,0.7132883667945862,0.6753131151199341,0.4581568241119385,0.38162872195243835,0.47953104972839355
ramp,0.698,0.1953710913658142,0.5288513898849487,0.11742963641881943,0.41864314675331116,0.3523639738559723,0.35246336460113525,0.17389696836471558,0.0,0.0,0.0,0.013536855578422546,0.5054531693458557,0.14863646030426025,0.17515112459659576,0.013322383165359497,0.17085406184196472,0.4765010476112366,1.0361567735671997,1.501335620880127,1.4398133754730225,1.2164136171340942,0.685649037361145,0.6327553987503052,0.14822649955749512,0.06590008735656738,0.1839255392551422,0.5924273729324341,0.6646944284439087,0.3142220377922058,0.2480679154396057,0.15446102619171143,0.16124096512794495,0.03870728611946106,0.5798206329345703,0.6146025657653809,1.3873541355133057,1.5125075578689575,1.5706292390823364,1.901559829711914,1.2340703010559082,1.0632514953613281,0.7735327482223511,0.6287561058998108,0.6452196836471558,0.6620030403137207,0.4644075036048889,0.42919790744781494,0.35271579027175903
ramp,0.788,0.37439846992492676,0.3348570466041565,0.5418316721916199,0.4304734170436859,0.8311116099357605,0.595488965511322,0.35543230175971985,0.42057380080223083,0.39676403999328613,0.47541260719299316,0.6578025817871094,1.1584525108337402,0.5117196440696716,0.6061963438987732,0.7130789160728455,0.13792291283607483,0.49573957920074463,0.4068504571914673,0.789313554763794,0.601811408996582,0.2955375611782074,0.1998329758644104,0.25453197956085205,0.3469206988811493,0.6578364372253418,0.2864898443222046,0.6343355178833008,0.2636500895023346,0.21788743138313293,0.9755563139915466,1.2373359203338623,1.2200126647949219,1.3173668384552002,1.2062262296676636,1.0570460557937622,0.7068058252334595,0.16834983229637146,0.37134093046188354,0.577908456325531,0.6609687209129333,0.1260632872581482,0.28428447246551514,0.3437017798423767,0.5366803407669067,0.30281734466552734,0.0,0.0,0.0
ramp,0.721,0.42753422260284424,1.0202819108963013,0.8004358410835266,1.3615361452102661,1.373583197593689,0.8951804637908936,0.5334718227386475,0.5669041872024536,0.5476841926574707,0.49832314252853394,0.4142599105834961,0.17971685528755188,0.3036365509033203,0.06382548809051514,0.2528991401195526,0.012949034571647644,0.1635040044784546,0.5082521438598633,0.5233055353164673,0.4910506010055542,0.36976122856140137,0.25043991208076477,0.15086126327514648,0.23363065719604492,0.15544745326042175,0.33741068840026855,0.6358652114868164,0.9482978582382202,1.034196138381958,0.7472581267356873,0.60878586769104,0.35556861758232117,0.6624348163604736,0.8677365779876709,0.8428347706794739,0.5760068297386169,0.8726393580436707,0.9653600454330444,0.7728167772293091,1.055676817893982,0.7722370624542236,1.078014612197876,1.2208704948425293,0.5338138937950134,0.746492862701416,0.8138500452041626,0.8641215562820435,0.7429623007774353
ramp,0.264,2.8305928707122803,2.9023988246917725,2.376599073410034,2.124466896057129,1.7896201610565186,1.6556898355484009,1.394809365272522,1.7290126085281372,1.7972650527954102,1.4365043640136719,0.917356550693512,1.0606751441955566,0.9338614344596863,1.0202083587646484,1.6633507013320923,1.0557440519332886,1.4681692123413086,1.131879210472107,1.3015484809875488,2.1239547729492188,1.5566201210021973,1.2750097513198853,1.6284464597702026,1.8034075498580933,2.135009765625,1.7142488956451416,1.5453397035598755,0.9397040605545044,1.7163959741592407,1.5320243835449219,2.120150089263916,1.1743080615997314,1.204677939414978,1.1906673908233643,1.3644694089889526,1.262257695198059,0.6962528824806213,0.7694321274757385,0.24885696172714233,0.0,0.24725323915481567,0.0,0.0,0.0,0.0,0.41906651854515076,0.614057183265686,1.2201834917068481
ramp,0.693,2.8305928707122803,2.8892505168914795,2.3503029346466064,2.085022449493408,1.7370277643203735,1.589949369430542,1.3159207105636597,1.636975884437561,1.6920802593231201,1.318171501159668,0.7858754396438599,0.9160460233688354,0.7760841250419617,0.84928297996521,1.4792771339416504,0.8585224151611328,1.2577993869781494,0.9083613157272339,1.064882516860962,1.874140739440918,1.2936580181121826,0.9988994598388672,1.3391880989074707,1.5010011196136475,1.8194550275802612,1.3855462074279785,1.203488826751709,0.5847051739692688,1.3482489585876465,1.1507292985916138,1.7257068157196045,0.7667167782783508,0.7839385271072388,0.7567798495292664,0.9174337983131409,0.8020739555358887,0.22292101383209229,0.28295212984085083,0.0,0.0,0.0,0.0,0.0,0.0,0.0,0.0,0.009244263172149658,0.6022224426269531
ramp,0.254,0.0,0.41276997327804565,0.3972106873989105,0.6241570711135864,0.5528929233551025,0.8812235593795776,1.083856225013733,0.794136643409729,1.1199661493301392,1.4150372743606567,1.417627215385437,1.621370553970337,1.4458023309707642,1.4658311605453491,1.0031020641326904,1.0146878957748413,1.3082735538482666,1.3938710689544678,1.9931199550628662,1.2918134927749634,1.0296366214752197,1.5320873260498047,0.9357649683952332,0.7814958095550537,1.031052589416504,1.1563615798950195,0.9251347780227661,0.7940030694007874,0.5577440857887268,1.118857979774475,1.7892459630966187,1.699965476989746,1.535433292388916,1.4392060041427612,1.697251319885254,1.4235730171203613,0.697123110294342,1.0250931978225708,0.5575434565544128,1.1307666301727295,1.0406113862991333,0.10960859060287476,0.2071690559387207,0.2253885567188263,0.7139346599578857,0.2666674554347992,0.5516479015350342,0.481364369392395
ramp,0.44,1.6093735694885254,2.4197604656219482,2.5260517597198486,2.343609094619751,2.1210238933563232,2.123814344406128,2.769916534423828,2.378272533416748,1.8131170272827148,1.0301759243011475,1.2690702676773071,1.252058744430542,1.16818368434906,0.7593609094619751,0.8423449993133545,0.6826155185699463,0.2376757264137268,0.480079710483551,1.2749391794204712,1.6264208555221558,1.3882997035980225,1.5691109895706177,1.6974835395812988,2.212615489959717,2.29972243309021,2.3593273162841797,1.9274075031280518,1.7248529195785522,1.63865065574646,2.0227839946746826,1.4899812936782837,1.5496351718902588,1.584082841873169,1.4182841777801514,1.3902827501296997,1.5050225257873535,1.8621129989624023,1.8112529516220093,1.3139114379882812,1.945209264755249,1.6119775772094727,0.8403376340866089,1.1145799160003662,0.7666229009628296,1.1044164896011353,1.4661004543304443,0.8672047853469849,0.6612076163291931
ramp,0.5,0.0,0.019243871793150902,0.44004225730895996,0.79170823097229,1.083411693572998,1.1008260250091553,0.8756462335586548,0.8430135250091553,0.12080667912960052,0.6674628853797913,0.8730770945549011,0.8806661367416382,0.49566715955734253,0.6550254821777344,0.8855934143066406,1.0200855731964111,1.3557618856430054,1.3887479305267334,1.751573085784912,1.5293219089508057,1.3555967807769775,1.3472784757614136,1.2991516590118408,1.7776634693145752,1.5178719758987427,1.121898889541626,0.9811974763870239,0.9642958641052246,0.9762029647827148,1.277778148651123,1.0406135320663452,0.39048877358436584,0.3413262963294983,0.5955395698547363,0.4683968424797058,0.8182626366615295,0.9462697505950928,1.1652729511260986,0.7348194122314453,0.410178005695343,0.18079620599746704,0.1417452096939087,0.424471378326416,0.4930236339569092,0.804458737373352,0.6056526303291321,1.2303798198699951,1.5025488138198853
ramp,0.752,1.5891997814178467,1.1251410245895386,1.7926459312438965,1.8605960607528687,1.8869150876998901,1.6474952697753906,1.1924080848693848,0.9286084771156311,0.8733312487602234,1.4123154878616333,1.074690818786621,0.6297966241836548,0.9154631495475769,0.46323373913764954,0.8712550401687622,0.9121514558792114,0.9977028369903564,0.6696850657463074,0.5298380851745605,0.12876400351524353,0.5851424932479858,0.6911695003509521,1.435319185256958,1.4881312847137451,0.8118826150894165,0.342781662940979,0.29001718759536743,0.40224581956863403,0.49495965242385864,0.7249925136566162,0.8451049327850342,0.5506437420845032,0.8787980675697327,0.8903107047080994,0.5536539554595947,0.7264893054962158,0.004044592380523682,0.0,0.4742777943611145,0.37324726581573486,0.23071444034576416,0.44575220346450806,0.16015595197677612,0.001640021800994873,0.0,0.4653806686401367,1.0033082962036133,0.9500352740287781
ramp,0.325,2.529883861541748,2.141072988510132,2.542679786682129,2.420111656188965,2.2817251682281494,1.886673927307129,1.2420778274536133,1.4992685317993164,1.0149977207183838,0.5212152004241943,1.0311613082885742,1.188071608543396,0.4998962879180908,1.158187985420227,1.840211272239685,1.6945346593856812,1.269115924835205,1.591059923171997,1.1708900928497314,2.022193193435669,1.6297495365142822,2.1086313724517822,2.0625386238098145,1.910520076751709,1.7644081115722656,1.5718504190444946,1.6035758256912231,0.9882047772407532,1.0861703157424927,1.142796516418457,1.3726787567138672,1.0101040601730347,0.7203967571258545,0.801466703414917,0.6052191257476807,0.6275169849395752,0.9159466028213501,0.7155801653862,0.32957151532173157,0.32952868938446045,0.1409272849559784,0.0,0.0,0.0,0.0,0.13604936003684998,0.11075931787490845,0.0
ramp,0.641,1.5669946670532227,1.5966826677322388,1.7334260940551758,1.4208265542984009,0.8912339806556702,1.6495805978775024,1.0123740434646606,1.4577453136444092,0.9071542620658875,0.9514340162277222,0.6424046754837036,0.740817666053772,1.0605945587158203,0.892814576625824,1.3146833181381226,1.1701302528381348,0.9979032278060913,0.9198928475379944,1.416081428527832,1.371338129043579,1.3818490505218506,1.2858266830444336,1.7205381393432617,1.8472367525100708,2.1813478469848633,2.049025058746338,1.3664474487304688,0.9015726447105408,0.9069054126739502,0.7966698408126831,0.0,0.042691946029663086,0.12227195501327515,0.24117320775985718,0.20142531394958496,0.0,0.2783506512641907,0.08113723993301392,0.0,0.08305931091308594,0.0,0.0,0.0,0.22553175687789917,0.5474610328674316,0.059656620025634766,0.07249510288238525,0.1615772247314453
ramp,0.476,1.4027135372161865,1.2876931428909302,0.7999785542488098,1.1678028106689453,2.0176589488983154,2.311424493789673,1.657673954963684,1.409149169921875,1.5893235206604004,1.9576255083084106,1.6568493843078613,1.533880352973938,1.0862834453582764,0.0,0.35703399777412415,0.0,0.08604888617992401,0.612902820110321,0.3979530930519104,0.7479740381240845,0.6022413969039917,0.6620938777923584,0.0,0.05544447898864746,0.40084221959114075,0.0,0.33531373739242554,0.1784997284412384,0.0,0.0,0.2214108407497406,0.3973844051361084,0.08858141303062439,0.12473398447036743,0.011147648096084595,0.8056467771530151,0.5852419137954712,0.934768795967102,0.808743417263031,0.6980751156806946,0.4558747112751007,0.4631303548812866,0.2612623870372772,0.48335450887680054,0.1703498363494873,0.2034810483455658,0.4030371904373169,0.0
ramp,0.32,1.0684700012207031,1.227342128753662,1.0770467519760132,1.071221947669983,0.9901430606842041,0.5581003427505493,0.21343012154102325,1.1093156337738037,0.7802797555923462,1.1375675201416016,1.3480935096740723,1.8727012872695923,1.8935108184814453,1.5924739837646484,2.1619648933410645,1.7128735780715942,1.6762033700942993,1.9142142534255981,1.572499394416809,1.9949023723602295,1.7436397075653076,1.6329052448272705,1.1129062175750732,1.8733559846878052,1.427358865737915,1.0300580263137817,0.7530026435852051,1.4883458614349365,1.6156504154205322,2.0063633918762207,2.0288732051849365,1.6482194662094116,1.7825677394866943,0.9911365509033203,1.1809821128845215,1.4153848886489868,1.0034762620925903,0.9193239808082581,1.1396701335906982,1.0374279022216797,1.3672502040863037,0.8264405727386475,0.32614195346832275,0.0,0.3567301332950592,0.4119476079940796,0.49377816915512085,0.7454627752304077
ramp,0.785,0.21012383699417114,0.49759647250175476,0.536424458026886,0.5607984066009521,0.9647544026374817,0.9436435103416443,1.1214550733566284,1.0531424283981323,1.204398274421692,0.7119073867797852,0.9463069438934326,0.9151635766029358,0.9296623468399048,0.7344588041305542,0.9165641665458679,0.628414511680603,0.797278881072998,1.0824828147888184,0.7192230224609375,1.1944553852081299,0.7538765072822571,0.652094841003418,0.7876772880554199,0.9603533148765564,0.9185715913772583,0.7950350046157837,0.7295693755149841,0.8242515325546265,0.5988385677337646,0.6616379618644714,1.0242702960968018,0.8610342741012573,0.6051732897758484,0.4361458420753479,0.46854960918426514,0.37583082914352417,0.0,0.3276991844177246,0.22034025192260742,0.15188324451446533,0.3693861961364746,0.18890023231506348,0.44514191150665283,0.2195749282836914,0.0,0.0,0.0,0.17509257793426514
ramp,0.568,1.4349720478057861,1.8753637075424194,2.1906697750091553,2.210322856903076,1.9855526685714722,1.6567168235778809,1.1289509534835815,1.751050353050232,1.264102816581726,2.3538451194763184,1.1512848138809204,1.7032259702682495,1.1371362209320068,1.8674644231796265,1.8153588771820068,1.4313185214996338,1.4294523000717163,2.132495164871216,2.7022037506103516,2.6660704612731934,2.063667058944702,1.6388201713562012,1.6349904537200928,1.634649395942688,1.5449881553649902,1.330526351928711,1.4132575988769531,1.5324299335479736,1.800263524055481,1.6969122886657715,0.9243667125701904,0.3733970522880554,0.573846161365509,0.4540218710899353,1.0874022245407104,0.9538999795913696,0.293750524520874,0.6305579543113708,0.11841452121734619,0.32287734746932983,0.40290915966033936,0.0,0.1849919557571411,0.0,0.12131112813949585,0.0,0.33502495288848877,0.5820841789245605
ramp,0.61,0.30753093957901,0.7388656139373779,1.1835300922393799,1.0205405950546265,0.8440966606140137,0.9424576759338379,1.0187729597091675,0.8105997443199158,0.8338998556137085,1.324756383895874,0.9119957089424133,0.662821352481842,1.0725537538528442,1.263917326927185,1.1067161560058594,0.9223597645759583,1.0607492923736572,0.9523651599884033,1.0867571830749512,1.1040648221969604,0.9990125894546509,0.5638682246208191,0.8557209968566895,1.2259817123413086,1.0644326210021973,0.76798415184021,0.5529249906539917,0.6089341640472412,0.48303526639938354,1.0378074645996094,0.8965988159179688,0.6648553609848022,0.9491142630577087,0.40437620878219604,0.5635652542114258,0.7999911904335022,1.0697377920150757,1.070436716079712,1.2139074802398682,0.859539270401001,1.1429641246795654,1.1401658058166504,1.047488808631897,0.9251427054405212,1.0363916158676147,0.7604596614837646,0.6442517638206482,1.486603856086731
ramp,0.466,1.7031313180923462,1.6201976537704468,1.243044376373291,1.2444945573806763,1.5013597011566162,1.850845456123352,2.2264151573181152,1.4086004495620728,1.237611174583435,1.3166288137435913,1.6383686065673828,1.534471869468689,1.5705827474594116,1.0468584299087524,1.2142330408096313,1.0863370895385742,1.2362525463104248,1.4420069456100464,1.114457368850708,0.9612497687339783,1.057257890701294,0.7623826265335083,0.6709412336349487,1.1498210430145264,0.5918161869049072,0.46720004081726074,0.5353990793228149,1.5540516376495361,1.6147292852401733,1.7472602128982544,1.256257176399231,1.5829472541809082,1.3956003189086914,1.3150553703308105,1.5322771072387695,1.1937408447265625,0.8494634032249451,0.728378176689148,0.9451316595077515,1.0088999271392822,0.8874014019966125,1.3483476638793945,1.1777608394622803,0.5208017230033875,0.007412374019622803,0.40823352336883545,0.0,0.2598732113838196
ramp,0.331,1.7474660873413086,1.4788849353790283,1.1116876602172852,1.1699413061141968,0.8322684168815613,0.8194503784179688,0.6990187764167786,0.7215376496315002,0.8229286670684814,0.5574706792831421,0.6413827538490295,1.4240833520889282,1.1413401365280151,0.680951714515686,0.43580326437950134,0.3029893636703491,0.27674394845962524,0.5378682017326355,0.6532295942306519,0.5201876163482666,0.9249004125595093,0.8821147680282593,0.6010807752609253,0.7129567861557007,0.564138650894165,0.7561271786689758,0.9014061093330383,1.1567039489746094,1.1149811744689941,0.7368561029434204,1.037592887878418,0.9407845735549927,1.3476351499557495,1.3497498035430908,1.545984148979187,1.9066768884658813,1.7525222301483154,1.9778127670288086,1.56550931930542,1.2143902778625488,1.0563087463378906,0.8689956665039062,1.0917595624923706,1.1223801374435425,1.1483206748962402,0.885406494140625,1.2126652002334595,1.2050288915634155
ramp,0.399,0.3896501660346985,0.6485987305641174,0.19599948823451996,0.35787883400917053,0.21463683247566223,0.4151889383792877,0.10867836326360703,0.39345264434814453,0.3360756039619446,0.5299676656723022,0.5381094217300415,0.8410176634788513,0.19267825782299042,0.6735235452651978,0.7467405796051025,0.767048180103302,0.5799176692962646,1.0599726438522339,1.1337122917175293,1.1516716480255127,0.8821009397506714,0.6545930504798889,0.706223726272583,0.7072433233261108,0.5816742181777954,0.8699926137924194,0.31893402338027954,0.22491902112960815,0.44650912284851074,0.0,0.0,0.6445767879486084,0.9195138216018677,1.2622061967849731,1.2329415082931519,1.4728243350982666,1.2774691581726074,1.1807332038879395,0.8093560934066772,0.6262105107307434,0.3398389518260956,0.2205505669116974,0.6944735050201416,0.3533262312412262,0.14717555046081543,0.7225539684295654,0.0,0.0
ramp,0.286,3.346418857574463,3.3337018489837646,3.354921340942383,3.5803940296173096,3.3194384574890137,2.5659518241882324,2.7883708477020264,2.2505035400390625,1.1664530038833618,1.3764171600341797,0.9342861771583557,1.0816943645477295,0.8848012089729309,0.7342409491539001,0.8874627947807312,1.006165862083435,1.185982584953308,1.478307843208313,1.2757779359817505,1.300854206085205,0.9207987785339355,1.1612682342529297,1.599600911140442,1.0041773319244385,0.6088500022888184,0.7453140020370483,0.9847564697265625,0.5681825280189514,0.6347382068634033,0.7491134405136108,0.42991742491722107,0.3274587392807007,1.1704246997833252,1.2486995458602905,0.8256683349609375,0.0,0.0,0.0,0.12493357062339783,0.6313411593437195,0.0,0.0,0.0,0.5117089748382568,0.5773007869720459,0.5036925077438354,0.3995308578014374,0.5296838283538818
ramp,0.406,1.4726160764694214,2.0806589126586914,1.648006796836853,1.3936692476272583,1.5804791450500488,1.1928635835647583,1.1555520296096802,1.4466243982315063,1.3552416563034058,1.0769226551055908,1.1247438192367554,1.0131057500839233,1.1067222356796265,0.9910480976104736,0.49594587087631226,0.7056611180305481,0.6154727935791016,0.9266772866249084,0.6224572658538818,0.8664402365684509,0.5040252208709717,0.8963654041290283,0.888931930065155,0.9728635549545288,1.2205349206924438,0.9530953168869019,0.5436726808547974,0.6166233420372009,1.2471657991409302,1.0366710424423218,0.8133925199508667,0.8111593723297119,1.0544095039367676,0.8402644395828247,0.8716057538986206,0.7307760715484619,0.8401988744735718,1.2310216426849365,0.625525712966919,0.6596399545669556,0.48491615056991577,0.7935800552368164,0.725362241268158,0.5980122089385986,0.6726559400558472,0.4722103476524353,0.489582896232605,0.8944118022918701
ramp,0.77,0.9554951786994934,1.1339361667633057,0.9078377485275269,0.8269556164741516,0.9074544310569763,0.9179028272628784,1.3730278015136719,1.3424413204193115,1.1528438329696655,1.333174467086792,1.421279788017273,1.7901434898376465,1.8438388109207153,2.0619778633117676,2.018580675125122,1.6595792770385742,1.8568696975708008,1.5016602277755737,1.5455766916275024,1.66868257522583,1.2126438617706299,1.420203685760498,1.0140745639801025,0.6938291788101196,0.636024534702301,1.1677966117858887,1.3340380191802979,1.5111114978790283,1.195439100265503,1.2822833061218262,0.9072787165641785,1.110047698020935,0.8391676545143127,0.6246775388717651,0.9108908772468567,0.5331965088844299,0.5402505397796631,0.5102671980857849,0.6019147634506226,0.4293473958969116,0.47471296787261963,0.20868778228759766,0.0,0.0,0.0,0.42473018169403076,0.04519152641296387,0.0
ramp,0.591,0.0,0.0,0.0,0.0,0.0,0.0,0.18242304027080536,0.37887758016586304,0.4022634029388428,0.050002939999103546,0.40434324741363525,0.41327568888664246,1.0680687427520752,1.1507601737976074,1.1570707559585571,1.3898764848709106,1.2059330940246582,1.5001330375671387,1.287272572517395,1.1153416633605957,0.0,0.8791619539260864,0.7832397818565369,0.7751924395561218,0.20795822143554688,0.3767141103744507,0.5044583678245544,0.996769905090332,0.9604274034500122,0.9584170579910278,0.8416370153427124,0.8149253129959106,0.4618363380432129,0.6065282225608826,0.7365437746047974,1.3161438703536987,0.8043829202651978,1.0042766332626343,0.7380933165550232,0.5439911484718323,0.3584873676300049,0.2559826970100403,0.14651262760162354,0.0,0.00269278883934021,0.22329440712928772,0.3028097152709961,0.6741807460784912
ramp,0.672,1.0847810506820679,1.5843887329101562,1.1196480989456177,0.9963100552558899,1.2673847675323486,1.3004577159881592,1.1312628984451294,0.7325633764266968,1.2635695934295654,1.0473822355270386,1.278806447982788,1.2800508737564087,1.2005021572113037,0.6362395286560059,0.6313211917877197,1.198477864265442,1.1120636463165283,0.7003582715988159,0.7161815762519836,0.6423402428627014,0.42968496680259705,0.3396451473236084,1.120512843132019,0.5066313743591309,0.5574646592140198,0.6114552021026611,0.6048610210418701,0.4265693426132202,1.012708067893982,0.5954552292823792,1.1834278106689453,1.0143074989318848,1.004340410232544,0.78221595287323,1.2617101669311523,1.0375699996948242,0.09678339958190918,0.0,0.4963911771774292,0.8366623520851135,0.3991542458534241,0.5062406659126282,0.5840364694595337,0.8051350116729736,1.0043513774871826,1.1163461208343506,1.1938378810882568,0.24153447151184082
ramp,0.766,1.2683252096176147,1.2144434452056885,0.893686056137085,0.823466420173645,0.721287190914154,0.4931561350822449,0.5802125930786133,0.22946298122406006,0.5078216791152954,0.07366414368152618,0.1973314881324768,0.0,0.038376688957214355,0.031283535063266754,0.0,0.16593043506145477,0.0,0.0,0.3278181254863739,0.27339816093444824,0.49940037727355957,0.24297930300235748,0.229087233543396,0.19040891528129578,0.17933118343353271,0.11777399480342865,0.13480611145496368,0.0,0.01653793454170227,0.09261447191238403,0.32226988673210144,0.0,0.0,0.0,0.07615256309509277,0.06825950741767883,0.0,0.39837661385536194,0.15676036477088928,0.35092830657958984,0.3395463526248932,0.265541136264801,0.28546759486198425,0.3062918186187744,0.38123881816864014,0.371944397687912,0.5505229830741882,0.8354629278182983
ramp,0.686,2.035691738128662,1.853067398071289,1.4439839124679565,1.498529314994812,1.6262176036834717,1.3548625707626343,1.5253671407699585,1.1426845788955688,1.9290111064910889,1.488490343093872,1.2203558683395386,0.9244412183761597,1.0787750482559204,1.4278144836425781,0.7052647471427917,1.192325234413147,0.8968281745910645,1.0340335369110107,0.4644254446029663,0.8498567938804626,1.128225326538086,0.691001296043396,1.337996244430542,1.2859492301940918,0.7037401795387268,0.6138290762901306,0.24141359329223633,0.047509193420410156,0.27211201190948486,0.0,0.0,0.0,0.5702793598175049,0.5567222833633423,0.8449380993843079,0.29483503103256226,0.12818384170532227,0.0,0.0,0.5018308758735657,0.9582714438438416,1.4052331447601318,2.00032377243042,1.7396783828735352,1.771749496459961,1.224679708480835,0.618981659412384,0.49301213026046753
ramp,0.519,1.4953110218048096,1.5087987184524536,1.5296943187713623,1.5390654802322388,1.109068751335144,0.9766573905944824,1.536470651626587,1.421475887298584,1.5911905765533447,1.8453614711761475,2.056256055831909,1.2789984941482544,0.9845799207687378,1.2148278951644897,1.328369379043579,1.1976802349090576,1.7127132415771484,1.7134977579116821,1.75785493850708,1.3628062009811401,1.1373661756515503,1.1064565181732178,1.0400102138519287,1.4507648944854736,1.5985698699951172,1.6048896312713623,1.7139389514923096,1.1762560606002808,0.9276245832443237,0.1741015613079071,0.1639832854270935,0.7128043174743652,0.3231780529022217,0.18410462141036987,0.2219427227973938,0.22587227821350098,0.403251051902771,0.341453492641449,0.1416826844215393,0.7356559038162231,0.4665490388870239,0.6330623626708984,0.5716994404792786,0.6936571598052979,0.6680686473846436,1.3791836500167847,0.7786523699760437,0.9626713395118713
ramp,0.278,1.1181082725524902,1.2226370573043823,1.0465292930603027,1.2676749229431152,1.6376235485076904,1.5382651090621948,1.23062002658844,1.3205186128616333,1.445874571800232,1.3983633518218994,1.3832308053970337,1.3082301616668701,1.9555243253707886,2.168273687362671,1.4602247476577759,1.8785820007324219,2.3458402156829834,2.0260772705078125,1.562608003616333,1.8183069229125977,1.4997572898864746,1.9700605869293213,2.409851551055908,2.4964981079101562,1.4719886779785156,0.9849146008491516,1.312401533126831,1.1191778182983398,1.3325517177581787,1.485795259475708,1.0649631023406982,0.6999439597129822,0.4276929795742035,0.8897660374641418,0.7991037368774414,1.007200002670288,1.2853777408599854,0.7689619660377502,0.7646990418434143,1.3437261581420898,0.9873636960983276,1.260915994644165,0.5703081488609314,0.14042463898658752,0.30244553089141846,0.4269176423549652,0.9714718461036682,1.3419644832611084
ramp,0.288,0.7483519911766052,0.30236977338790894,0.24125097692012787,0.5953501462936401,0.37287601828575134,0.4979323446750641,0.6778689622879028,0.24684342741966248,0.19152630865573883,0.629157304763794,0.3298054337501526,0.2623528838157654,0.0,0.0,0.0,0.4864481985569,0.47844842076301575,1.0117402076721191,1.5434507131576538,1.3695157766342163,1.8121100664138794,1.5320600271224976,1.6993342638015747,1.3138033151626587,2.0778701305389404,2.174046277999878,2.3338887691497803,1.9041391611099243,1.5014265775680542,1.8870176076889038,1.295665979385376,1.6451375484466553,1.5573039054870605,1.1274669170379639,0.7587574124336243,0.6619470119476318,0.0,0.3415510952472687,0.5822747945785522,0.49338436126708984,0.046640053391456604,0.0,0.0,0.0,0.5052379369735718,0.8436069488525391,0.7281615734100342,1.1519019603729248
ramp,0.521,0.6577786207199097,0.45960330963134766,0.12023071944713593,0.39119377732276917,0.138978511095047,0.0,0.07855745404958725,0.038646236062049866,0.3995181918144226,0.5700128078460693,0.057341448962688446,0.10741417109966278,0.3115900754928589,0.191025048494339,0.0,0.14985206723213196,0.5180658102035522,0.9112500548362732,0.5786858797073364,0.7330839037895203,1.082393765449524,0.5174612402915955,0.6447559595108032,0.7094712257385254,0.8624939918518066,0.2195422202348709,0.8378809094429016,0.8472499847412109,0.7620232701301575,0.1538895219564438,0.36314189434051514,0.223792165517807,0.0,0.39301034808158875,0.31324175000190735,0.48371797800064087,0.564887523651123,0.45016080141067505,0.2863151431083679,0.6377416849136353,0.7278569936752319,0.8682616949081421,0.9429994821548462,1.3721460103988647,1.0619316101074219,0.9575554132461548,0.7804394364356995,1.0416332483291626
ramp,0.532,0.37513357400894165,0.8603562712669373,0.7539907097816467,0.708336353302002,0.7541425228118896,0.5921812653541565,0.25575530529022217,0.4587819278240204,0.42638105154037476,0.5697641372680664,0.5347290635108948,1.1396806240081787,0.8819142580032349,0.9810631275177002,1.275895357131958,0.7570978403091431,0.36787348985671997,0.4792638421058655,0.7754591703414917,1.0629298686981201,1.2406437397003174,0.4612976610660553,0.8712171316146851,0.4605426490306854,0.7109887599945068,0.7192056179046631,0.6882468461990356,1.5329606533050537,1.0981441736221313,0.7401020526885986,0.6915066838264465,0.8336679935455322,1.5575580596923828,1.5750579833984375,1.7572132349014282,1.3317440748214722,0.7518351674079895,0.773701548576355,0.7674605846405029,1.0005671977996826,0.6597679853439331,0.5638211965560913,0.32591962814331055,0.5424541234970093,0.3629722595214844,0.08134937286376953,0.0,0.049882590770721436
ramp,0.458,0.8919309973716736,1.050982117652893,0.9423333406448364,0.8409752249717712,0.8879866003990173,0.884658932685852,1.1398897171020508,1.0810482501983643,1.2013252973556519,1.1393134593963623,1.353973627090454,1.5613276958465576,1.620882511138916,1.9730770587921143,1.9271814823150635,1.5806703567504883,1.9744950532913208,1.2718477249145508,1.150681972503662,0.8565483093261719,0.4896412789821625,0.20379112660884857,0.40443623065948486,0.6333345174789429,0.4255497455596924,0.0,0.20973557233810425,0.9561809301376343,0.5407239198684692,0.19919642806053162,0.6367199420928955,0.5872352123260498,0.980546236038208,1.262281894683838,1.0574955940246582,1.2247135639190674,0.9034492373466492,0.6471557021141052,0.7455573678016663,0.3881552815437317,0.5561304688453674,0.24059361219406128,0.34867343306541443,0.11907228827476501,0.01670190691947937,0.0,0.0,0.0
ramp,0.425,1.6881985664367676,1.6400859355926514,1.6892173290252686,1.3156590461730957,1.1581116914749146,1.370922565460205,1.0599149465560913,1.2752221822738647,1.2586215734481812,1.207194447517395,1.3096281290054321,1.2197246551513672,1.7170562744140625,1.6601582765579224,1.530396819114685,1.8445976972579956,1.2084358930587769,1.3827948570251465,1.7804629802703857,1.8318359851837158,1.8362860679626465,1.7119286060333252,1.7116796970367432,1.3539661169052124,1.2278238534927368,1.3481239080429077,1.7467478513717651,1.6996076107025146,1.710402488708496,2.0573208332061768,1.2544009685516357,1.1437146663665771,0.9861399531364441,0.9305603504180908,0.8248594999313354,1.1444921493530273,0.7508604526519775,0.802368700504303,0.8527640700340271,0.5915558338165283,0.4525721073150635,0.11444097757339478,0.14978545904159546,0.17656737565994263,0.25197702646255493,0.5392025709152222,0.6863287091255188,0.0
ramp,0.311,1.085179090499878,1.432264804840088,0.9980800151824951,1.6238760948181152,1.2640563249588013,0.8253146409988403,0.8470417261123657,0.6695636510848999,0.7887111902236938,1.2098195552825928,0.8552739024162292,0.8798077702522278,0.6978005766868591,1.1649999618530273,1.1295305490493774,1.2294511795043945,1.532703161239624,1.0203170776367188,0.8103858828544617,1.0714495182037354,0.8959662318229675,0.836268424987793,0.6707348823547363,1.0751954317092896,0.9532632827758789,1.084370493888855,1.1174516677856445,1.06564462184906,0.9190019369125366,0.4893594980239868,0.624845027923584,0.5140985250473022,0.5400336980819702,0.4167037010192871,0.7167705297470093,0.8466165065765381,0.9691793918609619,0.6586120128631592,0.794040322303772,0.28323236107826233,0.31333819031715393,0.46806439757347107,0.7366220951080322,0.83280348777771,0.6556023955345154,0.6532780528068542,0.3924408555030823,0.7470458149909973
ramp,0.475,1.1869741678237915,1.530598521232605,1.338889718055725,1.7751498222351074,1.2783769369125366,1.21656334400177,1.4992563724517822,1.3849170207977295,1.4129290580749512,1.7298840284347534,1.5329883098602295,1.2907538414001465,1.4140777587890625,1.1012831926345825,1.042014241218567,0.7895681858062744,0.6862480044364929,1.0381726026535034,0.5792251229286194,0.8300148844718933,0.6636212468147278,0.7136698365211487,0.7631250619888306,0.5044938921928406,0.812082827091217,0.8164882063865662,0.5769015550613403,0.5744606256484985,1.0318734645843506,1.0745775699615479,1.2694802284240723,1.3360944986343384,0.9618017673492432,0.8532710075378418,0.6028156280517578,0.6630676984786987,0.27915582060813904,0.539560079574585,0.0,0.11919188499450684,0.0,0.0,0.031616151332855225,0.0,0.0,0.0,0.0,0.0
ramp,0.761,0.7792953252792358,0.6467882990837097,0.41771477460861206,0.5791664719581604,0.4970507323741913,0.29268547892570496,0.0592695027589798,0.14449965953826904,0.19707679748535156,0.1377941370010376,0.058180615305900574,0.5729637145996094,0.7991183996200562,0.830650806427002,0.7196391820907593,0.6417264342308044,0.4016467332839966,0.35754722356796265,1.3801462650299072,1.1519830226898193,1.3668793439865112,1.0682008266448975,1.0035266876220703,1.2125486135482788,0.7858697772026062,1.3284608125686646,1.1845476627349854,1.1851730346679688,0.9086208343505859,0.7367728352546692,0.5353975296020508,0.8327075839042664,1.355568289756775,1.1864502429962158,1.1426745653152466,1.3327581882476807,0.4582819938659668,0.24490731954574585,0.0,0.0,0.0,0.5891892910003662,0.7010603547096252,0.5996516942977905,0.9621466398239136,1.2569835186004639,1.4341402053833008,1.6340901851654053
ramp,0.73,0.8657716512680054,1.340091586112976,1.4146708250045776,1.2263495922088623,1.0717809200286865,1.153131365776062,0.9163575172424316,0.971365749835968,1.1009521484375,0.9785353541374207,1.338353157043457,0.5381832122802734,0.8426186442375183,0.801683247089386,0.8108426332473755,1.2156479358673096,0.9101229906082153,0.7648389339447021,0.8380284309387207,0.9783546924591064,0.8552467823028564,0.8697348833084106,1.2124714851379395,0.6657106876373291,1.0395101308822632,0.9459971189498901,0.4813615083694458,0.9130973219871521,0.5580474734306335,0.7529363036155701,0.6129161715507507,0.6747666001319885,0.5777772068977356,0.3646770119667053,0.5027685761451721,0.17782145738601685,0.0,0.6613544821739197,0.3277134895324707,0.34013354778289795,0.5377858877182007,0.48426663875579834,0.7148792743682861,0.9995603561401367,0.9611003398895264,0.270149827003479,0.6012952327728271,0.8582573533058167
ramp,0.225,1.2363758087158203,1.4118424654006958,1.6900050640106201,1.1210697889328003,1.393099308013916,1.4492193460464478,1.3133190870285034,0.9016996622085571,1.0543534755706787,1.0018082857131958,1.2930727005004883,1.0436327457427979,0.9563030004501343,0.46451205015182495,0.7793958187103271,0.9716319441795349,1.1384466886520386,0.9938746690750122,1.7776918411254883,1.6587624549865723,1.6742912530899048,1.6385295391082764,1.5271121263504028,1.2655904293060303,1.6874839067459106,1.3009350299835205,1.4660485982894897,1.2396509647369385,0.8510046601295471,1.6603128910064697,2.045748233795166,1.3773282766342163,1.6449651718139648,2.0088303089141846,2.8324897289276123,2.0297396183013916,2.128816604614258,1.3720371723175049,1.5550493001937866,1.9866464138031006,2.016493558883667,1.6826064586639404,1.3471500873565674,1.3429988622665405,1.1597280502319336,0.784838855266571,0.9486782550811768,0.8269726037979126
ramp,0.633,1.0649306774139404,0.9548246264457703,1.2840133905410767,1.3762974739074707,1.2718427181243896,0.8012245297431946,0.9707158803939819,0.5794022679328918,0.899627149105072,0.8284090757369995,0.8608968257904053,0.4635067582130432,1.0471864938735962,0.8788658380508423,0.9819629788398743,1.4486644268035889,1.3657960891723633,1.0282379388809204,0.8617793321609497,0.8922734260559082,0.9521475434303284,0.7469611167907715,1.0408647060394287,1.0382781028747559,0.8750791549682617,0.6344856023788452,0.3544936180114746,0.30235055088996887,0.5491759777069092,0.5944594740867615,0.554358959197998,0.032472580671310425,0.0,0.0,0.20024481415748596,0.0,0.2396853268146515,0.15616288781166077,0.06462150812149048,0.2498500645160675,0.42465007305145264,0.37889277935028076,0.42008447647094727,0.5736232995986938,0.36268216371536255,0.22329318523406982,0.14923059940338135,0.23400801420211792
ramp,0.468,1.3165881633758545,1.0049439668655396,1.5548642873764038,1.2924439907073975,1.2514065504074097,0.7833395004272461,0.7859546542167664,0.7935444712638855,1.1200108528137207,0.9403752088546753,0.980525553226471,0.7562993764877319,0.7080607414245605,0.7875868082046509,0.7197112441062927,0.7450650334358215,0.8865594863891602,0.6453585028648376,0.8541325330734253,0.14060500264167786,0.8483941555023193,0.8406490087509155,1.2429358959197998,1.5355206727981567,1.2048618793487549,0.9303939342498779,0.1939634084701538,0.7107890844345093,0.39265474677085876,0.8547065258026123,0.9726371765136719,0.9676141142845154,1.6066535711288452,1.9608564376831055,1.388720154762268,1.267528772354126,1.0967868566513062,0.5252480506896973,1.0599479675292969,1.2455523014068604,1.1662189960479736,1.0857425928115845,1.11545991897583,0.7964707612991333,0.6533517837524414,0.4428982138633728,0.6026971340179443,0.16252893209457397
ramp,0.414,1.4889568090438843,1.251516580581665,0.8348376154899597,1.0397804975509644,1.1611579656600952,0.8754549026489258,0.9353644847869873,1.3905531167984009,0.6850622892379761,1.2720024585723877,0.9547014832496643,1.0127475261688232,1.1800771951675415,1.0017681121826172,0.8082170486450195,0.7885823845863342,0.6348114013671875,0.6221103668212891,1.13703191280365,1.366657018661499,1.3137208223342896,1.5302785634994507,1.0289151668548584,0.9447596073150635,0.9373810887336731,0.8758482933044434,1.2202082872390747,1.187087059020996,1.1829676628112793,1.144607663154602,1.2977944612503052,1.2544848918914795,0.44979262351989746,0.975351870059967,0.7971756458282471,0.44949981570243835,0.6863541603088379,0.756722092628479,0.05683696269989014,0.0,0.13836967945098877,0.0,0.0,0.0,0.0,0.0,0.0,0.16733777523040771
ramp,0.532,0.3696151375770569,1.0105801820755005,0.6746309399604797,0.8050685524940491,1.1547956466674805,1.5001075267791748,1.1161274909973145,1.2264020442962646,0.661200225353241,0.317668616771698,0.5929410457611084,0.4367902874946594,0.19368648529052734,0.3259226977825165,0.5382622480392456,0.7442107796669006,0.7826857566833496,1.4318057298660278,1.1210654973983765,0.8620232343673706,0.6097103953361511,0.603614091873169,1.1906296014785767,1.2375712394714355,1.8797800540924072,2.039905071258545,1.5364711284637451,1.6045010089874268,1.2852230072021484,1.1542751789093018,1.1007322072982788,0.9048683643341064,0.7703452706336975,0.6316750049591064,0.5291788578033447,0.5317658185958862,0.42850545048713684,0.36631301045417786,0.30687379837036133,0.041804343461990356,0.0,0.10087555646896362,0.19796785712242126,0.4543694853782654,0.0738903284072876,0.032835185527801514,0.17152929306030273,0.5106396079063416
ramp,0.342,2.1415929794311523,1.9448137283325195,1.9533617496490479,1.9878695011138916,2.0475237369537354,2.1825058460235596,1.4451320171356201,1.645768404006958,1.3710440397262573,1.0038881301879883,0.5887889862060547,0.602816104888916,0.4432438611984253,0.43251514434814453,0.8240647315979004,0.7986209988594055,0.6407666206359863,0.4784548878669739,0.946253776550293,0.7831224203109741,0.3265931010246277,0.43822336196899414,0.8098396062850952,1.1360619068145752,0.5557453632354736,0.44602298736572266,0.4331943988800049,0.7050331830978394,0.871336817741394,0.2059897780418396,0.5221859216690063,0.5807200074195862,1.1910053491592407,1.7847907543182373,1.8790605068206787,1.5336925983428955,1.4579946994781494,1.2944291830062866,1.853135108947754,2.130263090133667,2.23372745513916,2.0085322856903076,2.131742000579834,1.8133800029754639,1.6332135200500488,2.0368824005126953,1.5107779502868652,1.887019395828247
ramp,0.254,0.22197026014328003,0.7203479409217834,0.8543766140937805,0.6764230728149414,0.41697078943252563,0.5421308279037476,0.9662522673606873,1.00840163230896,0.7499586343765259,1.1302217245101929,0.7125768065452576,1.0465506315231323,0.8405902981758118,0.9896404147148132,0.8882508277893066,1.1393557786941528,0.9860340356826782,1.5803768634796143,1.3584531545639038,1.962132215499878,1.2242186069488525,1.1651945114135742,1.0269219875335693,0.778488039970398,0.9909719228744507,1.1368567943572998,0.8089404106140137,0.3759508728981018,0.33974945545196533,0.5591337084770203,0.7936487197875977,0.7682185769081116,1.2309751510620117,1.8090664148330688,1.5780192613601685,1.6894530057907104,1.2637335062026978,0.8151484131813049,0.9554950594902039,0.8406165838241577,1.0411272048950195,0.6554027199745178,1.1524038314819336,1.345608115196228,1.392292857170105,1.4497120380401611,0.9815174341201782,1.3180605173110962
ramp,0.569,0.4864773154258728,1.0377159118652344,0.7700822353363037,0.9984593391418457,1.3290557861328125,1.1074801683425903,1.1970386505126953,0.6127586364746094,0.7148303389549255,0.6073554754257202,1.0566374063491821,1.189373254776001,0.8420512080192566,0.4650883674621582,0.5551880598068237,1.078933835029602,1.5348714590072632,1.5379397869110107,1.7506955862045288,1.8748711347579956,1.0588006973266602,1.452033519744873,2.0915441513061523,1.7069735527038574,1.1739717721939087,1.092329978942871,0.522041916847229,0.32166606187820435,0.6826396584510803,0.6200294494628906,0.6002631187438965,0.7222551703453064,1.0606083869934082,0.8588801026344299,0.5628125667572021,1.0635933876037598,0.7754073739051819,1.0957601070404053,0.8743064403533936,0.7179803252220154,0.6641796827316284,0.8401631712913513,0.9103431701660156,0.6162924766540527,1.017197847366333,1.0731754302978516,0.6110655069351196,0.9182425141334534
ramp,0.41,0.8087553381919861,0.49494412541389465,0.38903602957725525,0.8003321290016174,1.0681465864181519,1.0028396844863892,1.1463172435760498,0.9183584451675415,0.5059980750083923,0.22998106479644775,0.40442314743995667,0.5163568258285522,0.2892128825187683,0.15294918417930603,0.5939107537269592,0.743626058101654,0.7883983850479126,0.41607892513275146,1.0534825325012207,0.9618662595748901,1.256458044052124,0.9229181408882141,0.6094892024993896,0.3313549757003784,0.5065546035766602,0.7842425107955933,0.8397144675254822,0.986113965511322,1.1657795906066895,1.0912505388259888,0.6102316379547119,0.4776240289211273,0.06715035438537598,0.4358347952365875,0.6780691146850586,0.5187267065048218,0.427924245595932,1.0282005071640015,0.7255880236625671,0.9751313924789429,1.1012235879898071,0.8684011697769165,1.2246590852737427,1.207277536392212,1.5325829982757568,0.5952479839324951,0.8128249645233154,0.4169299602508545
ramp,0.397,0.6259289979934692,0.6885008811950684,0.42335623502731323,0.426142156124115,0.8416051268577576,0.6334162950515747,0.4181072413921356,0.46349987387657166,0.8343374729156494,0.7807798981666565,1.3252546787261963,1.1476107835769653,1.2800145149230957,1.2847042083740234,1.3341374397277832,1.004348635673523,1.4014147520065308,1.3159772157669067,1.6309634447097778,1.849042296409607,1.2168177366256714,0.9235975742340088,0.8949822187423706,1.3651597499847412,1.335340976715088,0.911300539970398,0.8404396772384644,0.5146119594573975,0.1375541239976883,0.5039083361625671,0.3904722332954407,0.551171064376831,0.4242996275424957,0.27788612246513367,0.45531243085861206,0.41946548223495483,0.1705644726753235,0.0,0.2823827266693115,0.11579626798629761,0.06388717889785767,0.014261960983276367,0.048745185136795044,0.10300794243812561,0.038485974073410034,0.0,0.0,0.46672162413597107
ramp,0.598,1.5404061079025269,1.7001827955245972,1.5351970195770264,1.3420391082763672,1.490062952041626,1.7039419412612915,1.5468852519989014,1.6117808818817139,1.6767948865890503,0.8609446287155151,1.0199203491210938,0.9594854712486267,0.713413655757904,0.7002187967300415,0.8019176721572876,0.6625139117240906,0.6405559778213501,0.45672130584716797,0.7056896686553955,0.8844496607780457,1.1062440872192383,0.5500746965408325,0.783291220664978,0.6146121621131897,0.3615213632583618,0.40492773056030273,0.7234735488891602,0.15009266138076782,0.0,0.0,0.395187109708786,0.3109997510910034,0.129125714302063,0.4673269987106323,0.4434833824634552,0.385342538356781,0.4850579500198364,0.3935181498527527,0.23594173789024353,0.3355600833892822,0.35437947511672974,0.03538668155670166,0.21173053979873657,0.27785152196884155,0.0,0.22134774923324585,0.0,0.14761817455291748
ramp,0.38,1.895451545715332,1.5330774784088135,1.5026434659957886,1.6915334463119507,2.0242419242858887,2.410508871078491,2.413512945175171,2.2509031295776367,1.671492576599121,1.4348558187484741,1.5341506004333496,1.579302191734314,1.8027935028076172,1.7003788948059082,1.1366403102874756,1.0385849475860596,0.6206880211830139,0.46935731172561646,0.882814884185791,1.0498560667037964,1.2044562101364136,0.7954956293106079,0.6446428298950195,0.9935740232467651,0.780210018157959,1.3251323699951172,1.2224007844924927,0.6801913976669312,0.9510482549667358,0.5007151365280151,1.062333583831787,1.0288050174713135,0.6504631042480469,1.3272044658660889,1.005100131034851,0.8679786920547485,1.4041452407836914,1.2354927062988281,0.7164916396141052,0.7772544026374817,0.42903339862823486,0.8687915205955505,1.1995307207107544,0.9338803887367249,0.736624538898468,1.2359957695007324,0.9954215288162231,0.27223527431488037
ramp,0.746,0.4617763161659241,0.4374217391014099,0.8088440895080566,1.665981411933899,2.343261480331421,1.1047048568725586,0.567493200302124,0.6155222654342651,1.1531813144683838,1.7706646919250488,2.1923828125,1.3511621952056885,1.1655590534210205,1.3200080394744873,1.578919529914856,1.964673399925232,2.0053699016571045,1.5361639261245728,1.0787917375564575,0.900765597820282,0.9530166983604431,1.1645283699035645,1.1115731000900269,0.6625357866287231,1.0387212038040161,0.5501053333282471,0.6051938533782959,0.6083961129188538,0.15453380346298218,0.07805788516998291,0.17651355266571045,0.0,0.07194721698760986,0.13933837413787842,0.5821813344955444,0.5773007273674011,0.47950488328933716,0.4738174080848694,0.48446977138519287,0.51265549659729,0.44268083572387695,0.0876430869102478,0.33230841159820557,0.3996654152870178,0.3359416127204895,0.3921145796775818,0.5690577030181885,0.9012938737869263
ramp,0.495,0.2114221453666687,0.0,0.0,0.23273998498916626,0.8499711155891418,0.9348751306533813,1.0364136695861816,0.7471075057983398,1.0109530687332153,1.0911743640899658,1.3796217441558838,1.529984474182129,0.8675152063369751,0.9831855297088623,1.546271562576294,1.0679492950439453,1.202583909034729,0.849380612373352,1.0874505043029785,0.5382572412490845,0.8000532388687134,1.252110242843628,0.5828438997268677,0.6201187372207642,0.5101360082626343,0.38862085342407227,0.4340263903141022,0.8358137011528015,1.2663533687591553,1.1469258069992065,0.9922164678573608,0.6360282897949219,0.7215560674667358,0.684248149394989,0.4418008327484131,0.33607712388038635,0.615472674369812,0.27726423740386963,0.354413241147995,0.649037778377533,0.5648440718650818,0.14113464951515198,0.4299757480621338,0.8398323059082031,0.7794567346572876,0.794863760471344,0.34324389696121216,0.0
ramp,0.354,0.5098447799682617,0.25223228335380554,0.0,0.12998175621032715,0.14416630566120148,0.8846007585525513,1.1396921873092651,0.5341324210166931,0.26107850670814514,0.1486731618642807,0.0,0.2857418358325958,0.5334066152572632,0.6110478043556213,0.7620549201965332,0.2878309488296509,0.4786674976348877,0.29800117015838623,0.7089614868164062,0.5783221125602722,0.911544680595398,1.1174519062042236,1.5831902027130127,0.86724853515625,1.281808614730835,1.073850393295288,1.2363972663879395,1.2709213495254517,1.6370246410369873,1.4746685028076172,1.534555196762085,1.5807069540023804,1.2633641958236694,1.6283537149429321,1.776651382446289,1.6677381992340088,1.8858904838562012,1.1711363792419434,1.3099547624588013,1.2378888130187988,1.190664529800415,1.614945650100708,1.795013427734375,1.8455320596694946,1.6392606496810913,1.8999707698822021,1.8322014808654785,1.4257872104644775
ramp,0.321,0.0,0.052526045590639114,0.05129609256982803,0.12575581669807434,0.18097545206546783,0.5768256187438965,0.9748156666755676,0.654816746711731,0.356205552816391,0.6897982358932495,0.9057402610778809,0.9986304640769958,1.3155971765518188,1.0819061994552612,0.6014251708984375,0.7295173406600952,0.8210073113441467,0.7514920830726624,1.1749837398529053,2.2097485065460205,1.980987310409546,2.0900614261627197,1.7679065465927124,1.398395299911499,1.249601125717163,1.3813194036483765,1.2762901782989502,1.4966524839401245,1.4710209369659424,1.4652634859085083,1.3379597663879395,1.4354522228240967,1.4511553049087524,0.8050798177719116,1.0463687181472778,1.7074000835418701,1.135072112083435,1.4701132774353027,1.062425971031189,0.5489566326141357,0.7725507616996765,0.8715198040008545,1.0344209671020508,0.8609113693237305,1.0777491331100464,1.1373486518859863,1.4675122499465942,1.3876266479492188
ramp,0.351,0.2967238426208496,0.5067203044891357,0.16757939755916595,0.2883983850479126,0.7159423828125,0.5151026844978333,0.8093403577804565,1.3209679126739502,1.2134125232696533,1.0946972370147705,0.4393736720085144,0.7204103469848633,0.8246771097183228,1.1764830350875854,0.6393712759017944,0.580089807510376,0.7878206968307495,1.0015027523040771,0.7273957133293152,0.5888137817382812,0.0,0.5987603664398193,0.4753116965293884,1.1342780590057373,0.7791043519973755,0.31531208753585815,0.6373496055603027,0.3132625222206116,0.6115983724594116,0.7164111137390137,0.8046426773071289,0.8292350769042969,0.8434819579124451,0.5340831279754639,1.004639983177185,0.9592995643615723,0.921120285987854,0.34728533029556274,0.15524223446846008,0.04288528859615326,0.21754147112369537,0.3587524890899658,0.7315775156021118,0.2209746539592743,0.6225587725639343,0.9125828742980957,0.9048659801483154,0.9994404911994934
ramp,0.496,1.1921335458755493,1.3822567462921143,1.4669653177261353,1.1515253782272339,1.1646931171417236,1.0444586277008057,0.833816647529602,1.2727550268173218,1.055759072303772,0.9962736368179321,1.0247176885604858,0.9174035787582397,0.5066163539886475,0.5894614458084106,0.43701469898223877,1.0206575393676758,0.7959573268890381,0.8169262409210205,1.302800178527832,1.4067893028259277,1.0902401208877563,1.5405399799346924,1.8972420692443848,1.427802324295044,1.6627178192138672,1.61266028881073,1.6037392616271973,1.2374943494796753,1.423802375793457,0.694556474685669,0.7649905681610107,0.9036567211151123,1.0065674781799316,0.7951679229736328,0.8199547529220581,0.39161747694015503,0.42091619968414307,0.695734441280365,0.484913170337677,0.30354803800582886,0.21650463342666626,0.4494858384132385,0.7408446669578552,1.0400407314300537,1.6475582122802734,1.2824552059173584,1.3134772777557373,1.4447591304779053
ramp,0.707,1.9254114627838135,2.1358842849731445,2.0952436923980713,1.8202259540557861,1.834723711013794,1.2060102224349976,1.6021782159805298,1.389737606048584,1.0130009651184082,1.0851205587387085,0.9788734912872314,0.80455482006073,0.5176630020141602,0.6026482582092285,0.5910877585411072,0.8431675434112549,0.7735185027122498,0.8300830125808716,0.940812885761261,0.7405734062194824,1.0035135746002197,0.737563967704773,0.46125108003616333,0.8980509042739868,0.9636834263801575,0.7699638605117798,0.440146267414093,0.2998843491077423,0.0676451027393341,0.2369879186153412,0.31329110264778137,0.18519863486289978,0.3553437888622284,0.15993207693099976,0.3295610547065735,0.3208312392234802,0.0,0.0412253737449646,0.040662527084350586,0.0,0.0,0.09086364507675171,0.13130688667297363,0.0,0.12152099609375,0.0,0.0,0.5420606732368469
ramp,0.659,0.7021979093551636,0.8777111172676086,0.4674001932144165,0.9082582592964172,0.8343515396118164,0.8826737999916077,0.9920578598976135,0.7929024696350098,1.0016769170761108,0.7322090268135071,1.057051420211792,0.6294283270835876,0.5091453790664673,0.9598101377487183,0.87790846824646,0.7450214624404907,0.7141066193580627,0.8697781562805176,0.7561999559402466,0.7743227481842041,0.22325021028518677,0.6089552640914917,0.4899972081184387,0.7464733123779297,0.7184526324272156,0.7895461320877075,0.947189211845398,0.9604833126068115,0.8342486619949341,1.0811514854431152,1.1575630903244019,0.9033663272857666,0.951980471611023,0.5355148911476135,0.714671790599823,0.546612024307251,0.4437413811683655,0.7586209177970886,0.6836226582527161,1.0752922296524048,0.3021819591522217,0.5214636921882629,0.06819242238998413,0.04152482748031616,0.28856873512268066,0.4602830410003662,0.6424482464790344,0.7410370707511902
ramp,0.352,0.0,0.0,0.0,0.44867751002311707,0.32630231976509094,0.4533177614212036,0.5113359689712524,0.8269949555397034,0.749305784702301,0.361176997423172,0.15028603374958038,0.9141077399253845,0.9803966283798218,1.2037807703018188,1.6547011137008667,1.3555232286453247,1.8360079526901245,1.5490033626556396,0.9231050610542297,0.6379809379577637,0.7219550609588623,0.8789772987365723,1.3630437850952148,0.950197160243988,0.8974920511245728,1.073354959487915,1.6848031282424927,1.5223387479782104,1.2067406177520752,1.370173692703247,1.1661803722381592,0.9975206851959229,1.2322674989700317,1.013718843460083,1.3357418775558472,1.4905884265899658,1.7169774770736694,1.3016612529754639,0.7122037410736084,1.114506483078003,0.4165650010108948,0.8045353889465332,0.9625876545906067,0.40599218010902405,0.5777770280838013,0.7457714080810547,0.7758122682571411,0.8920959830284119
ramp,0.246,0.47544974088668823,0.29730501770973206,0.004186664707958698,0.18623632192611694,0.363442063331604,0.306847482919693,0.872811496257782,0.5906475186347961,0.7119837999343872,0.4484201967716217,0.7256363034248352,0.9844744205474854,1.2325036525726318,1.4915745258331299,1.3741251230239868,0.9224972128868103,0.7304390072822571,0.3955826759338379,0.2905786633491516,0.5149834156036377,0.8062489032745361,0.6573050618171692,0.5683289766311646,0.4578205645084381,0.4569762349128723,1.1071093082427979,1.0476776361465454,0.7898551821708679,0.7242809534072876,1.2814849615097046,0.8918642401695251,1.095587968826294,0.738767683506012,0.6308330297470093,0.5742379426956177,0.40986567735671997,0.9148411750793457,1.1914966106414795,0.5928437113761902,0.7612061500549316,0.691139817237854,0.6126554608345032,0.8209161758422852,0.7410578727722168,0.5165346264839172,0.3446463346481323,0.965480625629425,0.928713321685791
ramp,0.735,0.481573224067688,0.5907788276672363,0.68531334400177,0.9201033711433411,0.2692791819572449,0.37167888879776,0.9937679767608643,0.802294909954071,1.1902967691421509,0.911720335483551,0.894146203994751,0.49166762828826904,0.9734240174293518,0.8447526693344116,0.7672197818756104,0.6138972640037537,0.2556978464126587,0.314403235912323,0.6146223545074463,0.6087891459465027,0.6784034371376038,0.3140980005264282,1.2279983758926392,0.8700544238090515,1.016396164894104,1.0368659496307373,1.017741084098816,0.44349128007888794,0.5119457840919495,0.5290502309799194,0.21100497245788574,0.6675006747245789,0.7892805337905884,0.6353970170021057,0.6283930540084839,0.3531275987625122,0.21472465991973877,0.7653628587722778,0.4742833375930786,1.089524507522583,0.9426325559616089,0.9258579611778259,1.729121446609497,1.7023042440414429,1.8302159309387207,0.8402976989746094,1.6548224687576294,2.4594695568084717
ramp,0.584,2.495997667312622,3.006194591522217,2.495408058166504,2.281217575073242,2.7949461936950684,3.021428346633911,2.4991796016693115,2.0717456340789795,1.7867728471755981,1.6989667415618896,1.6156623363494873,1.5240449905395508,1.4928154945373535,1.2230114936828613,0.3695776164531708,0.5979841947555542,0.5670125484466553,2.143104314804077,1.3984878063201904,1.6777000427246094,1.4694430828094482,1.8043805360794067,1.2962403297424316,1.3032617568969727,0.9785492420196533,1.432100534439087,1.1866265535354614,1.0873792171478271,0.7147452235221863,0.8700011968612671,0.705786406993866,0.8283670544624329,0.6726375818252563,0.6062789559364319,1.0566513538360596,0.8566749095916748,0.5646782517433167,0.6232447028160095,0.37067973613739014,0.4825825095176697,0.6060830354690552,0.5285576581954956,0.3679344058036804,0.12015426158905029,0.7847689390182495,0.5836761593818665,0.2585456371307373,0.351659893989563
ramp,0.537,0.29793626070022583,0.6645060777664185,0.8172268271446228,0.7087263464927673,0.6806861758232117,0.8325034976005554,0.9440560340881348,1.106990098953247,0.7706636190414429,0.8960345983505249,0.8905933499336243,1.1208759546279907,1.1463823318481445,1.2166640758514404,1.0985833406448364,1.235916018486023,1.2583177089691162,0.9311652183532715,0.87026047706604,0.9535667300224304,0.4945259690284729,0.41640356183052063,0.9273888468742371,0.992060661315918,0.5356948375701904,0.24239468574523926,0.486391544342041,0.11410120129585266,0.09775513410568237,0.5956511497497559,1.068864345550537,1.2538032531738281,1.1297204494476318,0.8307342529296875,0.6731560230255127,0.8048217296600342,0.918345034122467,0.4506933391094208,0.7179383039474487,0.7990460991859436,0.9805383682250977,0.5357152223587036,0.3596227765083313,0.6891356706619263,0.547285795211792,0.3982635736465454,0.5137875080108643,0.817503809928894
ramp,0.343,0.5214934945106506,0.2715608775615692,0.06787998974323273,0.32955777645111084,0.19285830855369568,0.36783891916275024,0.6932891607284546,0.375560462474823,0.7881978154182434,0.7881937623023987,0.7514935731887817,0.49848976731300354,0.24671047925949097,0.8168523907661438,0.8697887659072876,1.034882664680481,0.8093397617340088,0.6545029282569885,0.6300637125968933,0.4728769063949585,0.5887892246246338,1.1336461305618286,1.358046293258667,1.295697808265686,1.0299334526062012,1.0206513404846191,1.1240288019180298,1.4368350505828857,1.0315090417861938,0.6844189167022705,0.8163766860961914,0.4431677758693695,0.8190614581108093,0.6465585231781006,0.7731353044509888,0.43000155687332153,0.07518938183784485,0.15407031774520874,0.6269381046295166,0.7250193357467651,0.41079556941986084,0.4725509285926819,0.35239720344543457,0.09500923752784729,0.03988492488861084,0.24913500249385834,0.27722543478012085,0.24142467975616455
ramp,0.694,1.0077390670776367,1.1046662330627441,1.295587420463562,1.1580514907836914,0.9875009059906006,0.932136595249176,0.7389498949050903,0.9811006188392639,1.0495439767837524,1.1645275354385376,1.1153161525726318,1.669562816619873,1.9633333683013916,1.6635979413986206,1.7972966432571411,1.3514668941497803,1.3485466241836548,0.71437668800354,1.0892333984375,0.6896451711654663,0.670796275138855,0.5610870122909546,0.7181631922721863,0.6530766487121582,0.0,0.0,0.0,0.0,0.0,0.0,0.28949931263923645,0.08682814240455627,0.5012869834899902,0.5352268218994141,0.9692533016204834,0.8332089781761169,0.442593514919281,0.4080541133880615,0.31844639778137207,0.5044382214546204,0.4736558198928833,0.5730486512184143,0.6007835865020752,0.5668424963951111,0.007940709590911865,0.0,0.0,0.1432386040687561
ramp,0.279,1.385178565979004,1.0224430561065674,1.0073792934417725,1.4646294116973877,1.2697118520736694,1.0262022018432617,0.9758097529411316,1.1767297983169556,1.4839857816696167,1.1578214168548584,1.2384718656539917,1.1418980360031128,1.1300913095474243,1.513026475906372,1.4999020099639893,1.163081407546997,1.2383047342300415,1.1876182556152344,1.3486930131912231,1.3574330806732178,1.9520947933197021,1.7226665019989014,2.140937089920044,1.8596079349517822,1.4689834117889404,0.9429959058761597,0.8122223615646362,1.1220594644546509,0.9731377363204956,1.1056509017944336,1.350948691368103,1.6818485260009766,1.4920308589935303,1.5548436641693115,1.560031533241272,1.6443909406661987,0.8410378694534302,0.8947927951812744,0.6022161841392517,0.6604940891265869,0.8330167531967163,0.7314275503158569,0.5009950399398804,0.2258046567440033,0.35954082012176514,0.1817927360534668,0.3750050663948059,0.0
ramp,0.26,0.5227677822113037,0.06722547113895416,0.34684303402900696,0.3393327593803406,0.15608954429626465,0.37381699681282043,0.007282830774784088,0.0,0.0,0.45775553584098816,0.17482945322990417,0.7291674017906189,0.17595280706882477,0.0,0.0,0.024501442909240723,0.35006266832351685,0.7849289178848267,0.8057478070259094,0.8372438549995422,0.8053017258644104,1.0060877799987793,0.5782991647720337,1.4015259742736816,1.0516538619995117,0.8796455264091492,1.1384270191192627,0.9813944697380066,0.9997543096542358,1.2371340990066528,0.573441743850708,0.16633005440235138,0.5527311563491821,0.0,0.49848228693008423,1.2438870668411255,1.2847129106521606,1.4116101264953613,1.5756057500839233,1.307316541671753,1.4589170217514038,2.4269959926605225,3.1225297451019287,3.042569398880005,2.209620237350464,2.930866003036499,2.507037878036499,2.1942715644836426
ramp,0.539,0.2633044719696045,0.5709370970726013,0.24722734093666077,0.6738387942314148,0.7113991379737854,0.5785208344459534,0.3129315674304962,0.5598238110542297,0.7499736547470093,0.5242172479629517,0.0,0.32245880365371704,0.9052656292915344,0.8349091410636902,1.3606020212173462,0.7319850325584412,1.3201645612716675,0.9052597284317017,1.698947548866272,1.706502079963684,1.0390942096710205,0.881539523601532,1.3048375844955444,0.8666294813156128,0.7045226097106934,0.8891751766204834,1.2081489562988281,0.9288114905357361,0.6708349585533142,0.697837769985199,0.9083480834960938,0.8518569469451904,0.33519840240478516,1.073784351348877,0.8300031423568726,0.6838687062263489,0.21759337186813354,0.30730944871902466,0.42283299565315247,0.21242570877075195,0.1042291522026062,0.5329524874687195,0.8539612293243408,0.4240918755531311,0.4065183401107788,0.4103090167045593,0.9453274011611938,0.7114644050598145
ramp,0.366,1.2441065311431885,0.84488445520401,1.0106513500213623,0.658085286617279,0.34166255593299866,0.8037945032119751,0.5467879176139832,0.4814321994781494,0.36326098442077637,0.592445969581604,0.0876704528927803,0.12415213882923126,0.05426640808582306,0.16093769669532776,0.3319179117679596,0.0,0.3779873251914978,0.45213383436203003,1.1743080615997314,0.49977290630340576,0.5815606713294983,0.20234794914722443,0.694328784942627,1.205824375152588,0.5508462190628052,0.6625560522079468,0.9204854369163513,1.4419459104537964,1.907228708267212,1.5053207874298096,1.3706554174423218,0.6473397016525269,1.6171128749847412,1.6515066623687744,1.3901021480560303,1.5846967697143555,1.4667868614196777,0.9000009894371033,1.007429838180542,1.5679056644439697,1.7670471668243408,2.6707842350006104,2.144474983215332,1.8647685050964355,1.7282779216766357,1.6103159189224243,1.3464109897613525,1.4861114025115967
ramp,0.698,0.562116265296936,0.6123453974723816,0.4604926109313965,1.0140876770019531,0.8228827714920044,0.358423113822937,0.4947671890258789,0.19486865401268005,0.0,0.41178521513938904,0.24411948025226593,0.011449754238128662,0.19776651263237,0.3187721371650696,0.4423658847808838,0.5486352443695068,0.47277820110321045,0.6470191478729248,1.2811579704284668,1.4815070629119873,1.0167094469070435,1.2738242149353027,1.2022273540496826,1.212096929550171,0.8556295037269592,1.2059826850891113,0.8995891809463501,1.2225162982940674,1.3944767713546753,1.3751065731048584,1.0013675689697266,0.8265475630760193,1.1067891120910645,0.7537758946418762,0.9652076363563538,1.1983898878097534,0.7313939332962036,0.5618271231651306,0.29583078622817993,0.033067941665649414,0.0,0.13589227199554443,0.11819005012512207,0.17503374814987183,0.6612733602523804,1.1025044918060303,0.9700127243995667,1.6044760942459106
ramp,0.61,0.800231397151947,1.2007194757461548,1.1040611267089844,1.4905474185943604,0.8855453729629517,1.0206882953643799,0.6427215337753296,0.7893636226654053,0.5990924835205078,0.7341809868812561,0.24659261107444763,0.0639079362154007,0.24079781770706177,0.0,0.0,0.0,0.3213459253311157,0.04169832170009613,0.0,0.0,0.105762779712677,0.14797334372997284,0.0,0.08250375092029572,0.11301136016845703,0.007335290312767029,0.0,0.5228260159492493,0.01864856481552124,0.0,0.09242108464241028,0.19482094049453735,0.0,0.10781359672546387,0.0,0.22796016931533813,0.6990570425987244,1.0516729354858398,0.9293582439422607,0.9405794143676758,1.014901876449585,1.5536233186721802,1.440956950187683,1.6639301776885986,1.3497624397277832,1.3939645290374756,1.3472449779510498,1.2929139137268066
ramp,0.685,1.8532929420471191,2.0903704166412354,2.0899078845977783,2.3030030727386475,2.321225643157959,1.6914050579071045,1.562026858329773,1.7654669284820557,1.5103728771209717,1.1458487510681152,1.527649998664856,1.4770927429199219,1.5306754112243652,0.6687938570976257,1.0871469974517822,1.1967216730117798,1.4308117628097534,1.1664578914642334,1.0010831356048584,1.387270212173462,1.5007891654968262,1.2394349575042725,0.892127513885498,0.7542818784713745,0.9290170073509216,0.3675581216812134,0.6661791801452637,0.5925614833831787,0.5459339618682861,0.7445481419563293,1.0609946250915527,0.6079410314559937,0.8513932228088379,0.7230364084243774,0.2578188180923462,0.8804888129234314,0.42066311836242676,0.36615419387817383,0.3275008201599121,0.20055252313613892,0.0,0.1286637783050537,0.23273491859436035,0.0,0.0,0.0,0.0,0.0
ramp,0.234,0.6893850564956665,0.37761950492858887,0.3059057295322418,0.33749672770500183,0.5260498523712158,0.8981245160102844,1.2655047178268433,0.5423339605331421,0.8048494458198547,1.327499508857727,0.629580020904541,1.0372718572616577,0.9680720567703247,0.6225156784057617,0.5140599608421326,0.8154614567756653,0.46307215094566345,0.8223390579223633,0.9400343298912048,1.2042417526245117,0.9723866581916809,0.8500725626945496,1.1290819644927979,0.8759328126907349,0.4303664565086365,0.08014988154172897,0.8951170444488525,1.0705558061599731,0.8679361343383789,0.7271183729171753,0.8472826480865479,0.6196993589401245,0.49459534883499146,0.4133744239807129,0.32029420137405396,0.6084487438201904,0.7644321918487549,0.31482774019241333,0.570693850517273,1.2145681381225586,1.174977421760559,1.2531548738479614,1.1906144618988037,1.5050104856491089,1.4251830577850342,1.1555747985839844,1.3643113374710083,1.196290373802185
ramp,0.702,0.5473626255989075,0.38734862208366394,0.7720227837562561,0.5545386075973511,0.2857265770435333,0.07457751035690308,0.2730548083782196,0.4693017601966858,0.8208346366882324,0.6752840876579285,0.5941439867019653,0.495332807302475,0.16174942255020142,0.6193410754203796,0.797886312007904,0.4709903597831726,0.14757314324378967,0.6336981654167175,0.9958813786506653,0.870184063911438,0.5113238096237183,0.8033132553100586,1.1710565090179443,1.2554117441177368,1.1370694637298584,1.7845001220703125,1.8296838998794556,1.594667911529541,1.3618956804275513,1.4231473207473755,0.8476645946502686,0.718430757522583,0.5324566960334778,0.522856593132019,0.22064757347106934,0.0,0.0,0.0,0.0,0.12025463581085205,0.2263350486755371,0.068185955286026,0.0,0.0,0.0,0.0,0.0,0.015222609043121338
ramp,0.274,1.262189507484436,0.715945303440094,0.40683647990226746,0.5886048674583435,0.636539101600647,0.237813338637352,0.41729065775871277,0.43867039680480957,0.7099814414978027,0.6549550890922546,0.9677525758743286,0.8943959474563599,0.7311447858810425,0.929058313369751,0.6903493404388428,0.7695953249931335,0.5647529363632202,1.177187204360962,0.8756223917007446,1.186714768409729,0.813787043094635,1.0790265798568726,1.1464648246765137,0.9417851567268372,0.7588983774185181,1.2036477327346802,1.073952317237854,1.1083444356918335,0.8746033310890198,0.8648415803909302,0.7634060382843018,0.7384865880012512,0.8504328727722168,0.6509999632835388,0.47852739691734314,0.5299800038337708,0.8066449761390686,0.7183217406272888,1.0094085931777954,0.567566454410553,0.5102893114089966,0.584417998790741,0.1863512098789215,0.057085707783699036,0.6306611895561218,0.6672424077987671,0.5627365112304688,0.7502133250236511
ramp,0.74,1.6887803077697754,1.811894178390503,2.167842149734497,2.3299052715301514,2.413505792617798,1.3134289979934692,1.8297522068023682,1.6267510652542114,1.8332719802856445,1.7580621242523193,0.996607780456543,0.9674724340438843,0.888824999332428,0.4778255224227905,0.4610503911972046,0.43556174635887146,0.3997640609741211,0.21053078770637512,0.2469211220741272,0.15299811959266663,0.7930809855461121,0.7603087425231934,1.124773621559143,0.8276421427726746,0.5041333436965942,0.6988246440887451,0.4173736274242401,0.0,0.2980252504348755,0.14601141214370728,0.37841981649398804,0.5879485011100769,0.20589959621429443,0.23968666791915894,0.31650227308273315,0.3107783794403076,0.0,0.0,0.315457284450531,0.6587812900543213,0.5053418874740601,0.17325854301452637,0.6776057481765747,0.10308140516281128,0.4984108805656433,0.4902772307395935,0.26235008239746094,0.23292160034179688
ramp,0.307,1.0756078958511353,1.57648503780365,1.589285135269165,1.8283852338790894,2.650141716003418,2.1981210708618164,1.6247446537017822,1.3379679918289185,1.223435878753662,1.5580191612243652,1.6234885454177856,1.425220251083374,0.9459437131881714,1.0230131149291992,0.8065824508666992,0.8704996109008789,1.0490957498550415,1.731417179107666,1.1065330505371094,1.1070435047149658,1.38307523727417,2.1343648433685303,2.0109987258911133,1.3939846754074097,1.6930689811706543,1.9883490800857544,1.5819344520568848,0.5606894493103027,0.8919346332550049,1.200332522392273,1.0914942026138306,1.1604723930358887,1.417259931564331,0.9703760743141174,1.16111421585083,1.111709475517273,1.067458152770996,0.8440049886703491,0.621260404586792,0.606589674949646,0.33725059032440186,0.8227282762527466,0.9491902589797974,1.2827038764953613,1.2813889980316162,1.1769523620605469,1.1420066356658936,1.3323675394058228
ramp,0.479,0.5880310535430908,0.8004135489463806,1.2039833068847656,1.6920243501663208,2.2655322551727295,1.9316474199295044,1.3325707912445068,1.87127685546875,1.448164939880371,1.680723786354065,1.7815495729446411,1.7185856103897095,0.5803883671760559,0.7893726825714111,0.7898261547088623,0.9973810315132141,1.3683992624282837,1.4826701879501343,1.0377024412155151,1.3880281448364258,0.851860523223877,0.8316186666488647,1.6866471767425537,1.312191128730774,1.5506139993667603,1.5679649114608765,1.3963260650634766,1.1206475496292114,0.9406294822692871,1.2304341793060303,1.1553516387939453,0.6295833587646484,0.8144478797912598,0.6253867745399475,0.6485028266906738,0.505409836769104,0.6300669312477112,0.8094231486320496,0.7679749727249146,0.5597327351570129,0.5211417078971863,0.27005887031555176,0.8102587461471558,0.6657010912895203,1.0842483043670654,1.4364005327224731,0.8106395602226257,1.2468483448028564
ramp,0.287,1.8390562534332275,1.580159306526184,1.263796329498291,1.3215914964675903,0.7357925772666931,0.8160264492034912,0.7766909003257751,1.1801444292068481,1.283975601196289,1.3716235160827637,0.9653370380401611,0.7835783362388611,0.3199239671230316,0.38054436445236206,0.27414828538894653,0.37723031640052795,0.7521183490753174,0.7943669557571411,0.7234025597572327,0.9917505979537964,1.0713342428207397,0.7553257346153259,0.8117693066596985,0.900466799736023,0.8453704118728638,0.8739966154098511,0.8232934474945068,0.7690775990486145,0.14462287724018097,0.47044700384140015,0.0,0.5600138902664185,0.3020360469818115,0.499747097492218,0.580322265625,0.41724807024002075,0.17348815500736237,0.1593683660030365,0.34076380729675293,0.040645793080329895,0.1710234135389328,0.30786192417144775,0.49729177355766296,0.4245649576187134,0.20290644466876984,0.7617356777191162,0.49012744426727295,0.5110981464385986
ramp,0.324,2.0068001747131348,1.5559678077697754,1.4236851930618286,0.8836961388587952,0.516258180141449,0.6188769936561584,0.09394321590662003,0.37677353620529175,0.4235067069530487,0.2497861385345459,0.30073681473731995,0.3499469757080078,0.0,0.0,0.02851010113954544,0.4261520206928253,0.45295006036758423,0.6821000576019287,0.8397903442382812,0.9585286378860474,0.42985379695892334,0.23631002008914948,0.43077126145362854,0.7291699647903442,0.8432121276855469,0.1400156021118164,0.0,0.0,0.3509586453437805,0.5729607939720154,0.0,0.17152050137519836,0.2160179615020752,0.0,0.7533012628555298,1.1905337572097778,1.3905961513519287,1.3971433639526367,1.2784770727157593,1.2012226581573486,1.029532790184021,1.34776771068573,1.1668142080307007,1.2274225950241089,0.7178886532783508,0.8382712602615356,0.40991222858428955,0.7466099262237549
ramp,0.603,0.2261684536933899,0.3802541494369507,0.3025215268135071,1.2374968528747559,1.9152655601501465,1.0419232845306396,1.1864242553710938,1.3591843843460083,1.2273993492126465,1.4511423110961914,1.5315524339675903,1.6953269243240356,1.4893195629119873,2.1032984256744385,1.5765702724456787,1.2388111352920532,1.6745622158050537,1.5440140962600708,1.3671324253082275,1.6108115911483765,2.3176262378692627,1.7928006649017334,1.5144516229629517,1.7310441732406616,1.2576647996902466,1.220426082611084,1.720914363861084,0.9422813653945923,0.7999118566513062,1.1691746711730957,0.9547607898712158,0.20746511220932007,0.0,0.012326717376708984,0.3472788333892822,0.05738276243209839,0.8048442602157593,0.22070658206939697,0.14258843660354614,0.0,0.022739887237548828,0.10905802249908447,0.0,0.0,0.12147670984268188,0.0,0.0,0.0
ramp,0.782,0.3896501660346985,0.6425754427909851,0.1839529126882553,0.33980897068977356,0.19054368138313293,0.3850724995136261,0.07253862917423248,0.35128962993621826,0.287889301776886,0.47575807571411133,0.47787654399871826,0.774761438369751,0.12039878964424133,0.5952208042144775,0.66241455078125,0.6766988635063171,0.48354506492614746,0.9575766921043396,1.0252931118011475,1.0372291803359985,0.7616351842880249,0.5281039476394653,0.5737113356590271,0.5687076449394226,0.43711525201797485,0.7194104194641113,0.1623285412788391,0.06229022145271301,0.2778570353984833,0.0,0.0,0.4578548073768616,0.7267686128616333,1.0634377002716064,1.0281497240066528,1.2620091438293457,1.0606307983398438,0.9578715562820435,0.5804710984230042,0.391302227973938,0.09890741109848022,0.0,0.441495418548584,0.09432482719421387,0.0,0.45150595903396606,0.0,0.0
ramp,0.384,1.359639286994934,1.2928500175476074,1.1645334959030151,0.8336839079856873,0.8919581770896912,0.6579242944717407,1.1565691232681274,1.1277134418487549,1.1834220886230469,0.8049686551094055,0.6404236555099487,0.2895545959472656,0.7105754613876343,1.133499264717102,1.2148998975753784,1.3708744049072266,1.023964524269104,1.2626190185546875,0.6366660594940186,0.9306429624557495,0.6639004349708557,1.1112579107284546,0.7589579820632935,1.535321831703186,1.2648591995239258,0.3042416274547577,0.46861791610717773,0.9610372185707092,1.1692246198654175,1.3608043193817139,0.9954978227615356,0.6928176879882812,0.9503389000892639,1.3401747941970825,1.5087883472442627,0.9155759811401367,0.5681262016296387,0.6951724290847778,0.7298446297645569,0.9191014766693115,0.4565560221672058,0.22446388006210327,0.2848290503025055,0.17466801404953003,0.23251444101333618,0.4004405438899994,0.6839621067047119,0.523963451385498
ramp,0.423,1.4905807971954346,1.3946239948272705,1.3741871118545532,1.9335097074508667,2.1505126953125,1.9792345762252808,1.8953406810760498,1.8882817029953003,1.1175334453582764,1.2746877670288086,1.2707167863845825,1.393622875213623,1.1502679586410522,0.3822740614414215,0.7678479552268982,0.49878478050231934,0.6497036814689636,0.914273738861084,0.7569370269775391,1.4454996585845947,1.3102346658706665,1.7319774627685547,0.64089435338974,0.901993453502655,1.3890538215637207,1.46966552734375,1.6538112163543701,2.105910539627075,2.0032060146331787,1.582666039466858,1.2770178318023682,1.3712774515151978,1.572965383529663,1.5609797239303589,0.7972913980484009,0.6308932304382324,0.8488991260528564,0.8468297719955444,0.49065983295440674,0.2230154275894165,0.7863257527351379,0.7427076697349548,0.6358004212379456,0.20717853307724,0.3443973660469055,0.6354448795318604,0.5433878898620605,0.48867475986480713
ramp,0.429,1.8980183601379395,1.765794038772583,1.5753438472747803,1.319385051727295,1.0547723770141602,0.7413933277130127,0.5862154960632324,0.4069594144821167,0.8499642610549927,0.6731376647949219,0.5024937987327576,0.08037039637565613,0.0,0.35862261056900024,0.47540727257728577,0.6837482452392578,0.15328282117843628,0.7010790705680847,1.131806492805481,1.139997124671936,1.1294859647750854,1.0855216979980469,0.639801025390625,0.22838251292705536,0.509162187576294,0.3955267667770386,0.2578856945037842,0.35951218008995056,0.17689205706119537,0.2043907642364502,0.34501340985298157,0.3978908360004425,0.14265447854995728,0.3713214695453644,0.46654704213142395,0.5392939448356628,0.48290330171585083,0.7474383115768433,0.48556220531463623,0.6913009881973267,0.981231689453125,0.6620624661445618,0.8196229338645935,1.306512475013733,1.6213375329971313,1.2260702848434448,1.20057213306427,0.7579993009567261
ramp,0.671,1.4390926361083984,1.070867657661438,1.0324079990386963,0.7441904544830322,0.9773139953613281,1.1702979803085327,1.883422613143921,1.9732784032821655,2.317272901535034,1.5424646139144897,1.2765169143676758,1.3396748304367065,1.9883078336715698,1.945612907409668,1.8533382415771484,1.5537482500076294,1.4339673519134521,0.9219454526901245,0.6052929162979126,0.748786449432373,0.5413849353790283,0.5833709239959717,0.4152984619140625,0.15910473465919495,0.16297298669815063,0.2771420180797577,0.1662231683731079,0.32870176434516907,0.5226733684539795,0.7582467794418335,1.2953181266784668,1.147377371788025,1.4711008071899414,1.0520726442337036,1.1482117176055908,0.2394852638244629,0.5745807886123657,0.4039353132247925,0.07696360349655151,0.18927186727523804,0.19000732898712158,0.2914402484893799,0.052371323108673096,0.0,0.0,0.4032362699508667,0.019014418125152588,0.0
ramp,0.61,0.033443450927734375,0.3734327256679535,0.7178374528884888,0.12354936450719833,0.15203064680099487,0.0,0.1582278460264206,0.5850235223770142,1.0362948179244995,0.9918920993804932,1.017375111579895,1.1275169849395752,0.9868234395980835,0.9768627882003784,1.2454432249069214,0.9695262312889099,0.8109250068664551,0.759495735168457,0.5733381509780884,0.7392621636390686,0.4771420657634735,0.8860073089599609,1.3449922800064087,1.3644421100616455,0.9541285634040833,0.5081878900527954,0.24950069189071655,0.5539528131484985,0.9923291802406311,1.1807944774627686,1.09980046749115,1.2791543006896973,0.8259237408638,0.7023305892944336,0.9183801412582397,0.8505641222000122,0.5366488695144653,0.8705421686172485,0.42888015508651733,0.31467869877815247,0.0,0.12715977430343628,0.42448580265045166,0.0,0.432905912399292,0.7078532576560974,0.5754925012588501,0.9765363931655884
ramp,0.366,0.8109349012374878,0.9913418889045715,1.2111811637878418,1.537095069885254,1.3384315967559814,0.8696438074111938,0.7320775389671326,0.848981499671936,0.959357738494873,1.1374918222427368,0.9085680246353149,1.6008656024932861,1.5817724466323853,1.477942943572998,1.7342029809951782,1.4754618406295776,1.234773874282837,1.4044857025146484,1.6337025165557861,1.9042519330978394,1.7022309303283691,2.37467360496521,1.889732837677002,1.883895754814148,1.7527726888656616,0.9979539513587952,0.9540387392044067,1.00697922706604,1.109169363975525,0.5275623798370361,0.7385147213935852,0.9038385152816772,1.0536606311798096,0.9129958152770996,1.3405851125717163,1.343353271484375,1.0138065814971924,1.0177230834960938,0.8635435700416565,0.9880539178848267,0.6736326217651367,0.9427639245986938,0.8334639072418213,1.1287226676940918,0.7309699058532715,0.6637779474258423,0.1586626172065735,0.9923205375671387
ramp,0.576,1.060193657875061,1.3366715908050537,1.1394504308700562,0.3714248836040497,0.7992718815803528,0.542391836643219,1.1415023803710938,1.1755493879318237,0.6801023483276367,0.8265358805656433,1.13604736328125,1.3870519399642944,1.8951793909072876,1.6867598295211792,1.8509231805801392,1.569745421409607,1.4472017288208008,1.8910093307495117,1.5533456802368164,1.3376851081848145,0.9347195625305176,1.1206293106079102,1.3087328672409058,0.757178544998169,0.9996594190597534,0.8796350955963135,0.7331419587135315,0.38824063539505005,1.1940584182739258,0.8263005018234253,0.8133114576339722,0.7297477722167969,0.8946484327316284,0.8097808361053467,0.5017560720443726,0.039797812700271606,0.2548748254776001,0.0,0.0,0.161939799785614,0.1722034215927124,0.05130791664123535,0.2693294286727905,0.30335962772369385,0.0,0.0,0.2263280749320984,0.3600364327430725
ramp,0.721,1.5243480205535889,1.203480839729309,1.1862308979034424,1.1626536846160889,1.192404866218567,1.291853904724121,0.9496455192565918,1.1892955303192139,1.345692753791809,1.463798999786377,1.4982147216796875,1.445121169090271,2.0248115062713623,2.089435577392578,1.9836885929107666,2.2469325065612793,1.8963713645935059,2.3180174827575684,2.3933839797973633,2.325812578201294,2.157439708709717,2.196892261505127,2.066394805908203,1.2258415222167969,0.9002012014389038,0.8785953521728516,0.5651301145553589,0.9234758615493774,0.8305978178977966,0.758402407169342,0.9650567173957825,0.2536602020263672,0.0,0.0,0.24811023473739624,0.0,0.0,0.0,0.0,0.0,0.4020129442214966,0.0,0.0,0.0,0.0,0.0,0.24158954620361328,0.0
ramp,0.417,0.6445964574813843,0.5002811551094055,0.5406745076179504,0.5422267317771912,0.615652859210968,1.0743019580841064,0.991730809211731,1.1485823392868042,0.8643916845321655,1.4266815185546875,1.435441017150879,0.8573068380355835,1.008101463317871,1.8285205364227295,1.4559059143066406,1.7287269830703735,1.3253686428070068,1.4520971775054932,1.1289335489273071,0.7352850437164307,0.6217092871665955,0.6508193016052246,0.6334095001220703,0.6323392987251282,1.018601894378662,0.8402848243713379,1.0116002559661865,1.055185317993164,0.7999045848846436,1.3521193265914917,1.2217447757720947,1.1002273559570312,1.0430341958999634,0.08249890804290771,0.0,0.15777108073234558,0.561687707901001,0.39036649465560913,0.5294033288955688,0.7375162839889526,0.8733807802200317,0.5303836464881897,0.6481727361679077,0.3020785450935364,0.5584943294525146,0.7446740865707397,0.6343575716018677,1.1052881479263306
ramp,0.229,0.7637832164764404,0.7183117270469666,0.41615569591522217,0.7280328869819641,0.0,0.28893181681632996,0.33069053292274475,0.0,0.0,0.0,0.08952394127845764,0.3745953142642975,0.4973544180393219,0.25159358978271484,0.49443554878234863,0.9722270965576172,1.3493618965148926,1.0770421028137207,1.066894769668579,1.295354962348938,1.0861692428588867,1.8047701120376587,1.0952059030532837,1.497562289237976,1.5627245903015137,1.434135913848877,1.4444715976715088,1.0733740329742432,0.5413038730621338,0.38653233647346497,1.0516629219055176,1.428565263748169,0.8090372681617737,1.5620354413986206,1.2582039833068848,1.5984890460968018,1.528442144393921,1.3326175212860107,1.6693546772003174,1.3952659368515015,1.0616371631622314,1.4159862995147705,1.3015265464782715,1.0743488073349,1.5151252746582031,1.737570881843567,1.040374994277954,0.9873635768890381
ramp,0.511,1.8692312240600586,1.5980135202407837,0.9486035704612732,1.2310450077056885,1.4127942323684692,1.2350163459777832,1.813432216644287,1.5118647813796997,1.2310699224472046,1.2551966905593872,0.780070960521698,0.9024884700775146,0.8028228878974915,1.3284997940063477,0.45873284339904785,0.7013017535209656,0.8234453201293945,1.0049638748168945,1.1478281021118164,1.124162197113037,0.9500843286514282,1.2119178771972656,0.7365792393684387,0.8494749069213867,0.6062277555465698,0.6791926622390747,0.4637340009212494,0.39637458324432373,0.45412781834602356,0.42001873254776,0.6389310359954834,0.7046087980270386,0.5197383761405945,0.7628573179244995,0.5637767910957336,0.6556838154792786,0.5490884780883789,0.7991136312484741,1.0229140520095825,0.5280465483665466,0.8008321523666382,1.046926736831665,0.8306371569633484,0.37652409076690674,0.19365131855010986,0.024668216705322266,0.3550514578819275,0.42359864711761475
ramp,0.516,0.0,0.601412296295166,0.5609298944473267,0.945152997970581,1.1247706413269043,0.7683233022689819,0.4987761080265045,0.7705578804016113,0.5826147198677063,0.845563530921936,1.5430084466934204,1.5905343294143677,1.7344160079956055,1.8717942237854004,1.5201090574264526,1.1905157566070557,1.590112566947937,1.6279908418655396,1.3141305446624756,0.9132843017578125,0.6040518283843994,0.728313148021698,0.8743307590484619,0.7180952429771423,0.06808552145957947,0.3569631576538086,0.25756895542144775,0.3236652910709381,0.6090957522392273,1.1798655986785889,0.640865683555603,0.6125223636627197,0.7638299465179443,0.2471066117286682,0.4971402585506439,0.5583362579345703,0.34664541482925415,0.6126317977905273,0.7150370478630066,0.752298891544342,0.5975911617279053,0.957207441329956,0.7325423955917358,0.14337879419326782,0.9229064583778381,0.9621857404708862,0.9001609086990356,0.9098422527313232
ramp,0.56,0.09992921352386475,0.13958454132080078,0.22225315868854523,0.4489556849002838,0.49176648259162903,0.5798258185386658,0.7899991273880005,0.6776211261749268,1.193688154220581,0.7018663883209229,0.4981538653373718,0.5415657758712769,0.5475717782974243,0.9995266199111938,1.016087532043457,0.7095101475715637,0.7929041981697083,0.8040165305137634,1.244769811630249,0.9409205913543701,0.37747058272361755,0.6323826313018799,0.9577930569648743,0.7045108079910278,0.6546831727027893,0.47207528352737427,0.446510374546051,0.29665401577949524,0.3288247287273407,0.3374766409397125,0.7988669872283936,0.7618363499641418,0.6805444955825806,1.0529847145080566,0.6500884294509888,0.4122386872768402,0.13133475184440613,0.375722736120224,0.06415009498596191,0.8383796215057373,0.9086536765098572,0.007454037666320801,0.35955923795700073,0.7916874885559082,1.2986083030700684,1.2134408950805664,1.7094082832336426,2.095782995223999
ramp,0.245,1.4879951477050781,0.7870753407478333,0.652576744556427,1.0347830057144165,0.9335274696350098,0.9070272445678711,0.4506835639476776,0.6240125894546509,0.7504797577857971,1.1744458675384521,0.6845435500144958,0.393729031085968,0.0,0.2210618555545807,0.33581897616386414,0.11441627144813538,0.0,0.4852743148803711,0.6423560380935669,1.03731107711792,0.6719644069671631,0.6446885466575623,0.9379395246505737,0.9570237994194031,0.9242292642593384,1.1183648109436035,1.5777249336242676,1.9570773839950562,1.895797610282898,1.7157858610153198,1.2102625370025635,1.3851571083068848,1.784894347190857,1.507393717765808,1.6395328044891357,1.1879949569702148,1.1711844205856323,1.1008481979370117,1.3912584781646729,0.7953659892082214,0.6196556687355042,0.5092119574546814,0.07356451451778412,0.1899760216474533,0.4722155034542084,0.3733404576778412,0.99302738904953,0.8008315563201904
ramp,0.628,1.822295904159546,1.724898338317871,1.7535452842712402,1.8441126346588135,1.5105966329574585,1.3164561986923218,0.972602128982544,0.6803629994392395,0.812086820602417,1.0755009651184082,1.1753926277160645,0.9402176737785339,1.4022276401519775,0.7073792219161987,0.9566968083381653,1.1321760416030884,1.051207423210144,1.0435880422592163,0.9845666885375977,1.1422247886657715,1.5390628576278687,0.8933990001678467,0.9520303010940552,1.231104850769043,0.7972042560577393,0.7505840063095093,0.7414675951004028,0.6886724233627319,0.47278860211372375,0.15474197268486023,0.31967997550964355,0.0,0.0,0.761940062046051,0.8724579215049744,0.5485523343086243,0.22612923383712769,0.3869192600250244,0.38363319635391235,0.5121668577194214,0.6934623718261719,0.20148777961730957,0.4562861919403076,0.5735234022140503,0.29094183444976807,0.11807107925415039,0.27119743824005127,0.6320198774337769
ramp,0.793,0.9169479608535767,0.9135475158691406,1.078245997428894,1.2866555452346802,1.0940899848937988,1.0408962965011597,1.0906391143798828,0.9081465601921082,0.720784604549408,0.739568829536438,0.4673461318016052,0.43802541494369507,0.27010297775268555,0.5568182468414307,0.3605407178401947,0.0,0.16265138983726501,0.6300359964370728,0.5738023519515991,0.41864895820617676,0.484724760055542,0.6172786355018616,0.47226613759994507,0.87278151512146,0.813144326210022,0.9766855239868164,0.617638111114502,0.6248626708984375,0.5031171441078186,0.3735108971595764,0.6034060120582581,0.5016126036643982,0.1608143448829651,0.20885032415390015,0.36079949140548706,0.9079833626747131,0.9383841156959534,0.7156259417533875,0.36640143394470215,0.4757566452026367,0.46792590618133545,0.5926932096481323,0.616270899772644,0.9322152137756348,0.652488112449646,0.6277409791946411,0.932239294052124,0.7760149836540222
ramp,0.502,2.132693290710449,2.081810474395752,1.6305394172668457,1.7498936653137207,1.839821219444275,1.3346854448318481,0.8749059438705444,1.0406279563903809,0.9724876284599304,0.6575825214385986,0.43887174129486084,0.7042579054832458,0.4890211820602417,0.6124222278594971,0.1816224455833435,0.3476371169090271,0.0,0.014043733477592468,0.212825745344162,0.5530035495758057,0.6312733888626099,0.15245045721530914,0.3548281192779541,0.3944300413131714,0.7151857614517212,0.44245848059654236,0.2292761206626892,0.6082247495651245,0.7604519128799438,0.749075174331665,0.6549712419509888,0.6796098351478577,0.7753734588623047,1.015794038772583,0.9525617361068726,0.8334537148475647,0.43215495347976685,0.7989965677261353,0.3395124673843384,0.5984306335449219,0.3835635781288147,0.3573831617832184,0.0,0.0,0.0,0.08661508560180664,0.0,0.0
ramp,0.246,1.5606675148010254,1.6380428075790405,1.8152334690093994,1.9363268613815308,1.775107979774475,1.5867646932601929,1.2289992570877075,1.2725520133972168,1.5415045022964478,1.551579475402832,1.2544423341751099,1.232019305229187,0.8344818949699402,0.7497293949127197,0.8623931407928467,0.7844421863555908,0.7086385488510132,0.45105698704719543,0.604346513748169,0.8401620984077454,0.9854757189750671,0.7543865442276001,0.9119992256164551,1.4805318117141724,1.1350733041763306,0.9077457785606384,0.7269116044044495,0.8702707886695862,1.5493497848510742,1.115668773651123,1.0197185277938843,0.7923989295959473,1.2701168060302734,0.7716014385223389,0.9017676711082458,1.1084704399108887,0.8918095827102661,0.9331475496292114,0.8806389570236206,0.4666222929954529,0.742714524269104,0.4933432936668396,0.7808278203010559,0.5365689992904663,0.6527496576309204,0.806732177734375,0.9400937557220459,1.1842825412750244
ramp,0.782,2.0712807178497314,1.661139726638794,1.5141041278839111,1.2236987352371216,1.5601425170898438,1.3475043773651123,1.4479475021362305,0.952512264251709,0.9809163808822632,0.7341173887252808,0.8281183242797852,0.5793469548225403,0.45386403799057007,0.3876189589500427,0.5785603523254395,0.548862099647522,0.41223573684692383,0.2795642614364624,0.6554960012435913,0.44528692960739136,0.29128867387771606,0.2715674042701721,0.2949184477329254,0.6056568622589111,0.3339803218841553,0.41039466857910156,0.4949054718017578,1.011735439300537,1.1060984134674072,1.3853533267974854,1.2638403177261353,0.6327654123306274,0.5236244201660156,0.6989229917526245,0.6507742404937744,0.8293076157569885,0.7831651568412781,0.6515966057777405,0.5452815294265747,0.7251132726669312,0.839506983757019,1.0372393131256104,0.9715194702148438,0.7137330174446106,0.615347683429718,0.72681725025177,1.1232290267944336,1.2486697435379028
ramp,0.299,1.2107086181640625,1.188734531402588,0.8533545136451721,0.5690306425094604,0.9106468558311462,0.6907841563224792,0.22980263829231262,0.7982810735702515,0.04143892601132393,0.5025357007980347,0.6867468953132629,0.7784424424171448,1.4144856929779053,1.4175374507904053,1.156015157699585,0.9829608201980591,0.9067727327346802,1.3816183805465698,1.4005985260009766,1.7993708848953247,1.0314719676971436,1.0547999143600464,1.0415136814117432,0.9026398658752441,0.7524275779724121,0.8935166001319885,0.6543950438499451,0.9268261194229126,0.8428529500961304,0.5779657363891602,0.32185643911361694,0.7952920198440552,1.4638159275054932,1.560173511505127,1.3845220804214478,1.3368698358535767,1.483235239982605,1.5900951623916626,1.4165633916854858,0.9096665382385254,0.26497703790664673,0.7679527401924133,0.8518393039703369,1.1301419734954834,1.3186321258544922,0.7855693101882935,0.3217051923274994,0.5247251987457275
ramp,0.454,1.7193470001220703,1.2110671997070312,1.4026978015899658,1.438934326171875,1.246935486793518,1.7047516107559204,1.7107988595962524,1.7873756885528564,1.6925333738327026,1.1744344234466553,0.8267769813537598,0.19357189536094666,0.16770781576633453,0.3611414432525635,0.3843802809715271,0.455153226852417,0.2822972536087036,0.5419217944145203,0.26916056871414185,1.0769383907318115,0.8426893949508667,1.2269915342330933,1.0093023777008057,0.8734521269798279,0.640720009803772,0.4509110450744629,0.2647224962711334,0.42871934175491333,0.4253723919391632,0.21090960502624512,0.3263353407382965,0.565013587474823,0.3848227560520172,0.3781592845916748,0.2559111416339874,0.4613580107688904,0.4797535836696625,0.6332794427871704,0.28627195954322815,0.032234132289886475,0.0,0.3915889263153076,0.3962193429470062,0.10803729295730591,0.165598064661026,0.015612125396728516,0.0,0.0
ramp,0.666,0.0,0.11061886698007584,0.4023216962814331,0.28930938243865967,0.5874885320663452,0.23241722583770752,0.09516426920890808,0.35184019804000854,0.42029860615730286,0.5935512185096741,0.6799889802932739,0.6662018299102783,0.4646080732345581,0.31799080967903137,0.0,0.7513453364372253,0.25943344831466675,0.993381142616272,0.37421098351478577,0.8673693537712097,0.6259371042251587,0.7111305594444275,1.0632553100585938,0.901003360748291,1.522164225578308,1.3957029581069946,0.9507008194923401,0.8956555128097534,1.2021297216415405,0.8077170252799988,1.0583480596542358,0.824259877204895,1.0720752477645874,0.7908712029457092,0.5637311935424805,0.6119147539138794,0.10898423194885254,0.5046851634979248,0.26197147369384766,0.18221142888069153,0.5424787402153015,0.7516988515853882,0.9296777248382568,0.6510494351387024,0.23255914449691772,0.5351759195327759,0.258065402507782,0.0
ramp,0.639,3.8016552925109863,3.254152297973633,3.1575541496276855,2.6602587699890137,2.0423507690429688,2.094592332839966,2.320295572280884,2.3402559757232666,2.3741962909698486,1.8275063037872314,1.5736522674560547,1.91750168800354,1.3660876750946045,1.0672457218170166,1.1384385824203491,1.0262837409973145,1.2136861085891724,0.8497791290283203,1.5190916061401367,1.5340757369995117,2.197115421295166,1.9398921728134155,2.1853270530700684,1.2058675289154053,0.9248420596122742,0.882211446762085,0.9504119157791138,0.7614671587944031,0.8856886029243469,0.8878477811813354,0.3717951774597168,0.8302707076072693,0.3796840310096741,0.51155024766922,0.9942867755889893,0.76680588722229,0.5141305327415466,0.16627222299575806,0.1672433614730835,0.3444327116012573,0.4477260708808899,0.0,0.36603450775146484,0.0,0.33601129055023193,0.12179255485534668,0.2642831802368164,0.6707051992416382
ramp,0.594,0.7968893051147461,1.23934006690979,1.071302890777588,0.9086295366287231,1.284142017364502,1.154203176498413,1.4066596031188965,1.1014577150344849,0.7060877680778503,0.8420652747154236,0.5862679481506348,0.6848970651626587,0.7970787882804871,0.854799747467041,0.4198880195617676,0.5179144144058228,0.855986475944519,1.1430341005325317,0.6160740852355957,0.8150366544723511,0.4322252869606018,0.4398316740989685,0.8779062032699585,0.7008239030838013,0.9157676696777344,0.4328702390193939,0.3415209650993347,0.5485966801643372,0.15938517451286316,0.48053866624832153,0.4780156910419464,0.42487677931785583,0.2765107750892639,0.0,0.16165778040885925,0.0,0.0,0.38287582993507385,0.0611797571182251,0.0,0.055988430976867676,0.0,0.0,0.0,0.0,0.0,0.0,0.07063227891921997
ramp,0.443,1.2798471450805664,1.4005228281021118,2.054257392883301,2.213697910308838,2.0587687492370605,1.9942604303359985,2.028291702270508,1.329970359802246,1.9517741203308105,1.7619279623031616,2.2025649547576904,2.18605375289917,1.6452641487121582,0.7137478590011597,0.5303231477737427,1.2754697799682617,1.2586497068405151,0.9159224033355713,0.8389956951141357,0.9706311225891113,1.1407796144485474,1.299408197402954,0.8574671745300293,0.7745171785354614,0.5887701511383057,1.1143500804901123,1.1591335535049438,1.226034164428711,1.4982073307037354,1.2523720264434814,1.1340746879577637,1.3570268154144287,1.9618747234344482,1.923677921295166,2.0538134574890137,2.977193593978882,2.1668221950531006,1.9654507637023926,1.535961627960205,1.0080610513687134,0.871873140335083,1.5427929162979126,1.9201271533966064,1.4793075323104858,1.1156812906265259,1.3541113138198853,1.5194525718688965,1.914347767829895
ramp,0.43,1.3458305597305298,0.9125471711158752,1.1881686449050903,1.2884678840637207,1.1652227640151978,1.0443660020828247,1.0126628875732422,0.445242702960968,0.7923142910003662,0.3427954316139221,0.4010685980319977,0.4359985589981079,0.8677823543548584,1.1852192878723145,1.2706700563430786,1.228806972503662,1.1925452947616577,1.487148404121399,1.3622099161148071,1.3638256788253784,1.419872760772705,1.2046736478805542,1.6602733135223389,1.636336088180542,1.8049018383026123,1.4194139242172241,1.512906551361084,1.103299617767334,1.2594972848892212,1.2319477796554565,1.1736268997192383,0.7798363566398621,0.84156334400177,1.3893150091171265,1.1437973976135254,0.8826752305030823,1.0613914728164673,1.5185587406158447,1.6451270580291748,1.3790112733840942,0.6462386846542358,0.8071132898330688,0.361589252948761,0.7396564483642578,0.6115106344223022,1.2109754085540771,0.4266364574432373,0.04553109407424927
ramp,0.642,0.8690997362136841,1.2077720165252686,1.4732728004455566,1.1054928302764893,1.2642714977264404,1.4711358547210693,1.4416308403015137,1.08137047290802,0.6041011214256287,0.5603777170181274,0.9236500263214111,0.7358018755912781,0.8767328262329102,0.7839313745498657,0.6720719337463379,0.6179990768432617,0.732170581817627,0.48271724581718445,0.5508250594139099,0.4736541509628296,0.8700435757637024,0.2868531048297882,0.5643377304077148,0.5223937034606934,0.5920476317405701,1.2054924964904785,1.0016120672225952,1.0375503301620483,0.5332202911376953,0.9577502012252808,1.0699446201324463,1.3135745525360107,1.161208152770996,1.279587984085083,1.413822889328003,1.2294509410858154,1.375032663345337,1.2088884115219116,1.0955969095230103,0.5356768369674683,0.3077980875968933,0.6586757898330688,0.5710976719856262,0.6386845707893372,0.4967501759529114,0.2137865424156189,0.33859747648239136,0.09749078750610352
ramp,0.366,0.8584280014038086,0.5383033156394958,0.8429646492004395,0.5486449003219604,0.1210031807422638,0.7564205527305603,0.37624046206474304,0.3547014594078064,0.6350911259651184,1.0959138870239258,0.38832056522369385,0.612907350063324,0.7335488200187683,0.41972246766090393,0.275483101606369,0.25820550322532654,0.3514986038208008,0.10697560757398605,0.25942426919937134,0.0,0.7818406224250793,0.5834445357322693,1.1601394414901733,0.7963228225708008,0.5011690258979797,0.38809704780578613,0.6374146938323975,0.06192594766616821,0.12271338701248169,0.0,0.0,0.18233129382133484,0.9680788516998291,1.0890352725982666,1.0374714136123657,0.7552536129951477,0.3336147665977478,0.39837032556533813,0.8110289573669434,0.44018661975860596,0.27017661929130554,0.39197567105293274,0.6046974658966064,0.5596312880516052,0.6147813200950623,0.274033784866333,0.0,0.0
ramp,0.563,0.9457037448883057,0.2226959466934204,0.14571547508239746,0.0,0.22176015377044678,0.6453784108161926,0.448546826839447,0.31129592657089233,0.479981005191803,0.6853722929954529,0.8819056749343872,1.0433405637741089,1.2235496044158936,1.0799044370651245,1.524486780166626,1.693505883216858,1.3175280094146729,1.2654845714569092,1.0198951959609985,1.5370724201202393,1.4461514949798584,1.6374473571777344,1.8273664712905884,1.515999674797058,1.2890892028808594,1.0892460346221924,0.8246588706970215,0.5420558452606201,0.5475723743438721,0.7972768545150757,0.7588857412338257,0.3660007417201996,0.47961416840553284,0.09086135029792786,0.4748648703098297,0.30760458111763,0.6560981273651123,0.2977050244808197,0.37097761034965515,0.08587458729743958,0.3208533227443695,0.48000457882881165,0.3073166608810425,0.43071651458740234,0.21642053127288818,0.23186498880386353,0.23278409242630005,0.4951053857803345
ramp,0.716,1.0400489568710327,0.9903488755226135,0.6462543606758118,0.5576196908950806,0.43385306000709534,0.695522129535675,0.8934217691421509,0.9373002052307129,0.9908578991889954,0.9427818655967712,0.7590545415878296,0.6214598417282104,0.8893803954124451,0.6328678131103516,0.354428768157959,0.26535141468048096,0.41286957263946533,0.2253366857767105,0.4599556028842926,0.45857828855514526,0.36925241351127625,0.454634428024292,0.23805643618106842,0.0,0.11247903108596802,0.0,0.01626145839691162,0.0,0.0,0.07564342021942139,0.3984197676181793,0.3399890065193176,0.6120914220809937,0.5389292240142822,0.4214020073413849,0.3492255210876465,0.5372710824012756,0.28195539116859436,0.49103111028671265,0.6106963157653809,0.2519999146461487,0.25743213295936584,0.408204048871994,0.25634509325027466,0.16418889164924622,0.4173544645309448,0.18718591332435608,0.20825520157814026
ramp,0.51,1.9710196256637573,1.758913516998291,2.0553371906280518,1.6677881479263306,1.4161555767059326,0.8593073487281799,1.1726285219192505,1.4325063228607178,1.6268606185913086,1.6094504594802856,1.3478469848632812,1.1130104064941406,0.7002849578857422,1.000314712524414,1.5488486289978027,1.5394656658172607,1.5367134809494019,1.8291289806365967,1.4110982418060303,1.7533645629882812,0.8220379948616028,0.8770020008087158,0.9183652400970459,1.3279422521591187,0.9676543474197388,1.1750919818878174,1.2267611026763916,0.8239473104476929,1.082921028137207,1.0782999992370605,0.6576698422431946,0.4135248064994812,0.2144482433795929,0.22819924354553223,0.27720457315444946,0.09732607007026672,0.0,0.0,0.0,0.0,0.6308900117874146,0.19931572675704956,0.0,0.059461772441864014,0.0,0.14451730251312256,0.2630423903465271,0.2623820900917053
ramp,0.561,0.3570958375930786,0.0,0.0,0.23564687371253967,0.429235577583313,0.4658321738243103,0.2078971266746521,0.6553074717521667,0.44420382380485535,0.8258601427078247,0.785171389579773,0.8344830274581909,1.1056140661239624,1.5119109153747559,0.9646257162094116,1.3286240100860596,0.6079930067062378,0.9088729023933411,0.9743330478668213,0.6662788391113281,0.4966992735862732,0.8127893209457397,0.711829662322998,0.6246349811553955,1.0974559783935547,1.4377994537353516,1.2717485427856445,1.3439874649047852,1.4355192184448242,1.7575992345809937,1.4028373956680298,1.2542933225631714,0.7984131574630737,0.5846487879753113,0.3712610900402069,0.31876644492149353,0.4087693691253662,0.11496573686599731,0.23347091674804688,0.8252642154693604,1.014434576034546,0.551753044128418,0.5549949407577515,0.2929684519767761,0.0,0.552964448928833,0.9410136342048645,1.2952961921691895
ramp,0.546,0.5134394764900208,0.3189700245857239,0.05622771382331848,0.2899506390094757,0.30609917640686035,0.003338586539030075,0.42516621947288513,0.15583786368370056,0.4174521565437317,0.2828567624092102,0.8342130780220032,0.5584653615951538,0.6611647009849548,0.48869001865386963,0.732570230960846,0.4780544340610504,0.7475650310516357,0.23802876472473145,0.6777949929237366,0.7109918594360352,0.36988377571105957,0.8254263401031494,0.8325837254524231,1.373525619506836,0.8573386669158936,0.6775566935539246,1.0922554731369019,1.426500678062439,1.050818920135498,0.7035070657730103,0.4450913071632385,0.6610623598098755,0.7392476797103882,1.0262014865875244,0.6132568120956421,0.7241787314414978,0.5210708379745483,0.7113813161849976,1.1979451179504395,1.1648463010787964,1.2645131349563599,0.886815071105957,0.8100285530090332,0.7062733769416809,0.933172345161438,1.3401210308074951,0.8318348526954651,1.1717472076416016
ramp,0.317,1.7864192724227905,1.270564317703247,0.7254716157913208,0.8606840372085571,1.3568956851959229,2.1934943199157715,2.3163652420043945,1.71132230758667,1.035876989364624,0.31310415267944336,0.7839901447296143,0.8917113542556763,0.38663560152053833,0.0,0.0,0.0,0.2443210482597351,0.8039543032646179,0.7418948411941528,1.322417140007019,0.9600687623023987,1.1989978551864624,1.1680611371994019,1.6383674144744873,2.1731557846069336,2.545644521713257,2.376497745513916,2.799687385559082,2.0366761684417725,1.641406774520874,1.6162142753601074,1.0098226070404053,1.6337475776672363,1.1559572219848633,1.572421908378601,1.652456521987915,1.6562020778656006,1.9289039373397827,1.8645482063293457,1.0250880718231201,0.9766714572906494,1.7219316959381104,1.6050682067871094,1.2624796628952026,1.5113987922668457,1.7669954299926758,1.7692018747329712,1.3809454441070557
ramp,0.41,1.591095209121704,1.7390497922897339,1.7509790658950806,1.9664114713668823,1.5905406475067139,1.332475185394287,1.3479154109954834,1.2900409698486328,1.624580979347229,1.6027305126190186,1.2752270698547363,1.1367443799972534,0.6430113315582275,0.4928310513496399,0.5261426568031311,0.3010619282722473,0.5228080749511719,0.7723235487937927,1.415549635887146,1.1418458223342896,0.8860856294631958,1.430941104888916,1.2371180057525635,1.3587675094604492,1.1212799549102783,1.2777997255325317,1.348268747329712,1.6408600807189941,1.5140657424926758,1.0470794439315796,0.2892478406429291,0.23980927467346191,0.9972355961799622,0.8145105838775635,1.0303176641464233,0.9345862865447998,0.6017191410064697,0.5529531240463257,0.3677208125591278,0.172827810049057,0.5192944407463074,0.987592339515686,0.7122237086296082,0.8357963562011719,0.8489159345626831,1.7525439262390137,1.1130311489105225,1.4533936977386475
ramp,0.607,0.4315667152404785,0.8021479845046997,0.9881309866905212,0.8120419383049011,0.6247280240058899,0.6352002620697021,0.1638529896736145,1.1760594844818115,1.3036679029464722,1.2304117679595947,1.198138952255249,1.0407352447509766,0.971562385559082,1.1984986066818237,0.9537099003791809,1.278627872467041,1.1140919923782349,0.8259555101394653,0.8123092651367188,1.4895199537277222,1.6589841842651367,1.5013198852539062,1.805372714996338,1.8794081211090088,1.082053780555725,0.8107324838638306,0.7633729577064514,0.9001830816268921,0.9232931137084961,1.014464259147644,0.7068966627120972,0.7496993541717529,1.1628038883209229,0.744619607925415,0.9017040729522705,0.6749271154403687,0.3660827875137329,0.0,0.0,0.0,0.0,0.0,0.0,0.0,0.26608043909072876,0.2649516463279724,0.48300302028656006,0.12442946434020996
ramp,0.662,1.0018035173416138,1.640873908996582,1.8632892370224,1.4839434623718262,1.2175328731536865,1.4013429880142212,1.2018572092056274,1.2423663139343262,1.101372241973877,1.1248973608016968,1.4094574451446533,0.8410872220993042,0.7422482967376709,0.5750250816345215,0.5896999835968018,0.8240216374397278,0.37054455280303955,0.5877205729484558,1.3652727603912354,1.264657735824585,0.9174379110336304,0.9745892286300659,1.3444104194641113,1.0541049242019653,0.9307237267494202,1.0627338886260986,0.5576180219650269,0.7319848537445068,1.3226685523986816,1.1063141822814941,0.5263745784759521,0.582580029964447,0.4565383195877075,0.10884642601013184,0.006764531135559082,0.16682571172714233,0.5694479942321777,0.35135239362716675,0.3646475076675415,0.24222248792648315,0.15656453371047974,0.5184866189956665,0.165646493434906,0.16093838214874268,0.284997820854187,0.0,0.10801053047180176,0.5606338381767273
ramp,0.321,1.7518996000289917,1.7946827411651611,1.744557499885559,1.5211364030838013,0.9361880421638489,1.1369540691375732,1.8094844818115234,1.590796709060669,1.261359691619873,0.6504406929016113,1.1118274927139282,1.1385765075683594,0.7341077923774719,0.9703947901725769,1.0959903001785278,1.1930166482925415,1.796396255493164,1.635453224182129,1.6844720840454102,1.7467716932296753,1.7174516916275024,1.7693238258361816,1.2499290704727173,1.3530548810958862,0.9852749705314636,1.31837797164917,0.9413713812828064,1.6064375638961792,1.3744053840637207,1.1508357524871826,0.5152919292449951,0.737083911895752,1.2082455158233643,1.3334074020385742,0.8753781318664551,0.7822925448417664,0.5888065099716187,0.9341534376144409,0.6093417406082153,0.6054444313049316,1.1535356044769287,0.15539702773094177,0.28210389614105225,0.0,0.0,0.4554881751537323,0.39051133394241333,0.0
ramp,0.677,0.5154370665550232,0.8181920647621155,0.3408427834510803,0.5054309964179993,0.4956514239311218,0.8628645539283752,1.7100610733032227,0.8083558678627014,0.26680636405944824,0.5338859558105469,0.8467689156532288,0.7859930396080017,0.771491289138794,0.48227185010910034,0.49064186215400696,1.0200031995773315,1.4292254447937012,1.2683765888214111,1.8878697156906128,1.261874794960022,0.8281725645065308,0.9688206315040588,0.5596597194671631,0.2013181447982788,0.12908464670181274,0.10276016592979431,0.12750166654586792,0.9842860698699951,1.2310945987701416,1.4601895809173584,1.3196895122528076,1.1754788160324097,1.5059373378753662,1.889866828918457,2.355348587036133,2.074145793914795,1.8986961841583252,1.5491727590560913,1.1764212846755981,0.7740110754966736,1.0436866283416748,0.6924524307250977,0.3814554214477539,0.019661664962768555,0.0,0.0,0.0,0.47845977544784546
ramp,0.667,0.9278041124343872,1.0646330118179321,0.997395932674408,1.053487777709961,0.7764865159988403,0.8490302562713623,1.0171294212341309,0.7243648171424866,0.3889610767364502,0.7671986818313599,1.2697436809539795,1.35417640209198,1.1920794248580933,1.29952073097229,1.6879668235778809,1.3938887119293213,1.9720988273620605,1.8888665437698364,1.538986325263977,1.4457992315292358,1.2836297750473022,0.8817153573036194,1.2782933712005615,0.7213454246520996,0.9154220819473267,1.2579240798950195,0.5343527793884277,0.2990257143974304,0.6347259283065796,0.37219542264938354,0.0,0.5716086626052856,1.2535536289215088,1.0048460960388184,0.6989343166351318,0.8680604696273804,0.36746758222579956,0.129727303981781,0.0618513822555542,0.0063124895095825195,0.0,0.0,0.0,0.0,0.0,0.0,0.0,0.0
ramp,0.24,2.424464464187622,2.2475392818450928,2.0455033779144287,1.8592500686645508,2.1930179595947266,1.6257401704788208,1.3735098838806152,1.471778392791748,0.9111875295639038,0.8175538778305054,0.803489625453949,0.6822670698165894,0.6151914000511169,1.7271363735198975,1.9598220586776733,1.2966115474700928,1.4889748096466064,1.728122353553772,1.7543959617614746,1.1680209636688232,1.0668848752975464,1.5836400985717773,1.1322718858718872,1.0463073253631592,1.0352609157562256,1.1475917100906372,0.9900000095367432,1.5082390308380127,1.3716673851013184,1.188135027885437,0.7506815791130066,1.1683018207550049,1.1408852338790894,0.990431010723114,0.9770286083221436,0.7416597008705139,0.5244001150131226,0.7086301445960999,0.5410456657409668,0.7485965490341187,0.4941100776195526,0.24400320649147034,0.0,0.014992326498031616,0.5355187058448792,0.08777350187301636,0.0,0.0
ramp,0.59,1.6894346475601196,0.9490857720375061,1.3264578580856323,1.5082826614379883,1.0773093700408936,1.0060720443725586,1.111009120941162,1.2957971096038818,0.7522510290145874,1.2292808294296265,0.6762146949768066,0.4488600194454193,0.6254615783691406,0.9037945866584778,1.3039422035217285,0.926350474357605,0.6055935621261597,0.9682199954986572,0.8913816213607788,0.6784069538116455,0.6542724370956421,1.352196216583252,1.7239418029785156,1.8511719703674316,1.4939463138580322,1.4392883777618408,0.8257132768630981,0.890713095664978,1.2109078168869019,1.6466814279556274,1.6003615856170654,1.5041916370391846,1.2413644790649414,1.5908164978027344,1.311694622039795,1.0901741981506348,1.1688945293426514,0.41090846061706543,0.6960307359695435,1.075399398803711,0.6894688010215759,0.0,0.15841877460479736,0.18125277757644653,0.2402489185333252,0.31530892848968506,0.7197219133377075,0.2005077600479126
ramp,0.758,1.8304301500320435,1.517959475517273,1.579470157623291,1.7345186471939087,1.0292036533355713,0.9613659977912903,0.96506267786026,0.8330458402633667,0.7609325647354126,1.4283103942871094,1.3595210313796997,0.7203333377838135,1.0706785917282104,1.0238659381866455,0.8828901052474976,0.9044131636619568,1.2215981483459473,0.30800455808639526,0.6984801292419434,0.0,0.14843738079071045,0.34686458110809326,0.0,0.5692844390869141,0.3693122863769531,0.17810028791427612,0.06515908241271973,0.6858990788459778,0.6443125605583191,0.49415987730026245,0.714300274848938,0.4566723108291626,0.6753537654876709,0.8838660717010498,1.3415495157241821,1.492053508758545,1.053112268447876,0.8073094487190247,0.7325316071510315,0.5202366709709167,0.34005773067474365,0.4969838857650757,0.2682206630706787,0.39717042446136475,0.7921111583709717,0.9113901853561401,1.4844214916229248,1.3008787631988525
ramp,0.789,0.5241970419883728,0.9186740517616272,0.8775603175163269,0.7956436276435852,0.8508040904998779,0.625129222869873,0.9355103969573975,1.4151556491851807,1.624194622039795,1.331876516342163,1.8050692081451416,1.4939731359481812,1.1720471382141113,1.4603875875473022,1.1771109104156494,1.335503339767456,0.9519845247268677,1.0505423545837402,0.8830034732818604,1.099991798400879,1.180938959121704,1.4680235385894775,1.3331890106201172,1.452353596687317,1.3438081741333008,0.9227541089057922,1.004863977432251,0.6725799441337585,0.6839982271194458,0.3440568447113037,0.407126784324646,0.22422951459884644,0.41867440938949585,0.3032434582710266,0.11070060729980469,0.2957347631454468,0.0,0.012409210205078125,0.060645103454589844,0.0,0.023934364318847656,0.22046077251434326,0.6270729303359985,0.20366019010543823,0.4122832417488098,0.14359062910079956,0.21693682670593262,0.5311827659606934
ramp,0.605,1.501857876777649,1.525992751121521,1.0806318521499634,0.8977206945419312,1.1060376167297363,1.231355905532837,1.7554188966751099,1.8350086212158203,1.2284294366836548,0.848839521408081,0.9582548141479492,1.2260862588882446,1.0632208585739136,1.0162749290466309,1.0688409805297852,0.7843606472015381,1.2111434936523438,1.3178459405899048,1.7468125820159912,1.5950580835342407,1.5873777866363525,0.614729642868042,0.5751111507415771,0.58503657579422,0.688888430595398,0.9622692465782166,0.7874753475189209,0.48313188552856445,0.08832824230194092,0.1433585286140442,0.0,0.0,0.17154842615127563,0.542660117149353,0.8108951449394226,0.28102803230285645,1.1406800746917725,0.3604245185852051,0.9906273484230042,0.8598983883857727,1.1134930849075317,1.358339548110962,1.2113672494888306,1.0524320602416992,1.127429723739624,0.8391522169113159,1.202101707458496,1.476058840751648
ramp,0.209,0.929545521736145,0.9060853123664856,0.6266850829124451,0.386932373046875,0.4526877701282501,0.5682474970817566,0.4696332812309265,0.7289835214614868,0.5934591889381409,0.24413974583148956,0.4022500216960907,0.4880252480506897,0.5789892673492432,0.7193086743354797,0.5647670030593872,0.7978804111480713,0.7338579297065735,0.9973785281181335,0.6568026542663574,0.9031915664672852,1.1424757242202759,1.3109554052352905,0.8809604644775391,0.6181175112724304,0.6259907484054565,0.911556601524353,1.2214375734329224,0.9112274050712585,0.9637619256973267,0.8414513468742371,0.8508265614509583,0.8411206007003784,0.7186804413795471,1.16059410572052,1.0281553268432617,0.7169549465179443,0.6316267848014832,0.6092441082000732,0.811105489730835,0.8609320521354675,0.7444475889205933,1.2263588905334473,1.217954158782959,0.5670783519744873,0.08936421573162079,0.4316195845603943,0.49750423431396484,0.1704898327589035
ramp,0.757,0.44414210319519043,0.34503796696662903,0.517338752746582,0.5193600058555603,0.01940605789422989,0.23633569478988647,0.12880876660346985,0.35652244091033936,0.15715797245502472,0.5375643372535706,0.5721465349197388,0.8361843824386597,0.9854032397270203,0.9354981780052185,1.0274986028671265,1.0093128681182861,1.2953473329544067,1.0218896865844727,0.6762128472328186,0.47993701696395874,0.6464750170707703,0.13552823662757874,0.35914701223373413,0.0,0.3238900899887085,0.4557775855064392,0.4403320252895355,0.2072492241859436,0.32360193133354187,0.15964019298553467,0.021775424480438232,0.18339207768440247,0.2179819941520691,0.5270214080810547,0.0,0.36561793088912964,0.5185210704803467,0.5125437378883362,0.8718609809875488,0.9693202972412109,0.42554765939712524,0.8403598070144653,0.471660315990448,0.3395979404449463,0.228115975856781,0.5832557678222656,0.1796608567237854,0.3097267150878906
ramp,0.634,0.9472595453262329,0.9690044522285461,1.0280297994613647,0.9715038537979126,1.3707634210586548,1.2722162008285522,1.477934718132019,1.3986679315567017,1.221980333328247,1.5080983638763428,1.641442894935608,1.5496840476989746,1.6536891460418701,1.4517202377319336,1.7231640815734863,1.6204736232757568,2.020750045776367,1.8563683032989502,1.8489289283752441,1.8344446420669556,1.0892553329467773,1.3060414791107178,1.0813183784484863,1.0491597652435303,0.9816208481788635,1.075270652770996,0.4197961091995239,0.6421356797218323,0.906929612159729,0.6510529518127441,0.8768884539604187,0.7167602181434631,0.7332961559295654,0.5658761858940125,0.187488853931427,0.0,0.0,0.0,0.17121082544326782,0.27508699893951416,0.0,0.0,0.35495591163635254,0.21538585424423218,0.6347793340682983,0.884829044342041,0.36298638582229614,0.5552620887756348
ramp,0.448,2.0719780921936035,1.9045618772506714,2.09665584564209,1.2385615110397339,1.3311524391174316,1.295458436012268,1.0991463661193848,1.1875574588775635,0.7331679463386536,0.8131585717201233,0.6988985538482666,1.1458826065063477,0.9003344774246216,1.5435770750045776,1.2973474264144897,1.2201042175292969,0.6076632142066956,1.1819849014282227,1.1715281009674072,0.8871049880981445,0.5555870532989502,1.090956449508667,1.1291439533233643,0.8660780787467957,0.6104165315628052,0.5223711729049683,0.5172010064125061,0.0,0.0,0.1040632575750351,0.0,0.04579463601112366,0.22943760454654694,0.13107037544250488,0.09219115972518921,0.014095455408096313,0.0,0.0,0.06093543767929077,0.3203814625740051,0.19057393074035645,0.0,0.0,0.0,0.0,0.0,0.0,0.0
ramp,0.487,1.0959473848342896,0.8211878538131714,0.8127543926239014,0.9725018739700317,1.0921545028686523,1.1915383338928223,1.033954381942749,1.4900333881378174,1.4883501529693604,1.8349905014038086,1.6433892250061035,1.6470348834991455,1.482530951499939,1.3778730630874634,1.0934947729110718,0.712242066860199,0.4442988634109497,0.765470027923584,1.388219952583313,1.4492788314819336,1.4071937799453735,1.8105649948120117,1.1226345300674438,0.5296977758407593,0.7227910757064819,0.8445212841033936,0.5993728637695312,0.2037755250930786,0.9877009987831116,0.6593740582466125,1.23341703414917,1.1577709913253784,0.8260834217071533,0.4086112082004547,0.5303298234939575,1.2564996480941772,1.3143709897994995,0.9088261127471924,0.5923666954040527,0.3318823575973511,0.5887092351913452,0.7097882032394409,0.8044297099113464,0.6009581685066223,0.9138066172599792,0.8252820372581482,1.0457534790039062,1.5899326801300049
ramp,0.586,0.29680174589157104,0.37362951040267944,0.2053615003824234,0.08439280092716217,0.39287421107292175,0.31989988684654236,0.48523399233818054,0.4255986213684082,0.48864537477493286,0.792125940322876,0.8528677821159363,0.6552899479866028,1.1143364906311035,1.14851713180542,1.3186832666397095,1.5204297304153442,1.1819514036178589,1.1438556909561157,0.9042057991027832,0.725591242313385,0.7354719042778015,0.8210055828094482,0.6895046234130859,1.015127420425415,0.22608008980751038,0.13554321229457855,0.2465503066778183,0.29055464267730713,0.7456672787666321,0.30338001251220703,0.35710546374320984,0.12835904955863953,0.21694841980934143,0.3108186423778534,0.0,0.015850484371185303,0.0,0.0,0.0,0.2641531527042389,0.23448780179023743,0.49654796719551086,0.280485063791275,0.22457507252693176,0.28993159532546997,0.792651355266571,0.6291285157203674,0.20098063349723816
ramp,0.776,1.3748798370361328,1.8247921466827393,1.1165046691894531,1.0797491073608398,1.2811555862426758,1.3902469873428345,0.9750803709030151,0.9828197360038757,0.9458145499229431,0.44218483567237854,0.2214457392692566,0.37810301780700684,0.275243878364563,0.15347295999526978,0.2567847669124603,0.06327058374881744,0.22229813039302826,0.4551249146461487,0.4206053614616394,0.96555495262146,0.559144139289856,0.0,0.1797536313533783,0.12232106924057007,0.28351888060569763,0.3951699733734131,0.5737060308456421,0.7280040979385376,0.4998871684074402,0.5211058855056763,0.7185198068618774,0.32896387577056885,0.36368080973625183,0.0646774172782898,0.0,0.338146835565567,0.34926271438598633,0.018700450658798218,0.3066375255584717,0.0,0.07286974787712097,0.05804157257080078,0.3113929033279419,0.46056997776031494,0.0,0.06424736976623535,0.0,0.0
ramp,0.664,0.5214934945106506,0.2664893865585327,0.05773700028657913,0.31434327363967896,0.1725723296403885,0.34248146414756775,0.6628601551055908,0.3400600254535675,0.7476258277893066,0.7425503730773926,0.7007786631584167,0.44270336627960205,0.18585257232189178,0.7509229779243469,0.7987878918647766,0.9588102698326111,0.72819584608078,0.5682875514030457,0.5387768149375916,0.3765185475349426,0.48735934495925903,1.0271447896957397,1.2464734315872192,1.179053544998169,0.9082176685333252,0.8938640356063843,0.992169976234436,1.2999048233032227,0.8895072937011719,0.5373456478118896,0.6642318964004517,0.28595149517059326,0.6567736864089966,0.47919929027557373,0.600704550743103,0.2524992823600769,0.0,0.0,0.43422141671180725,0.5272310972213745,0.20793583989143372,0.26461973786354065,0.13939449191093445,0.0,0.0,0.020917832851409912,0.04393678903579712,0.0030645132064819336
ramp,0.377,1.644963026046753,1.4933202266693115,1.5979887247085571,0.9770033359527588,1.489181399345398,0.9083778262138367,0.6037478446960449,0.7257265448570251,1.1912933588027954,1.081085443496704,1.1283644437789917,0.7930833697319031,1.0769948959350586,0.5749488472938538,0.36126673221588135,1.0587129592895508,1.2638529539108276,1.184329628944397,1.1381194591522217,1.021807312965393,1.0827981233596802,0.452880322933197,0.8474695682525635,0.9642602205276489,0.7507117390632629,0.9299653768539429,1.0587332248687744,0.6483138799667358,0.4169318675994873,0.40114349126815796,0.9940613508224487,0.4659171402454376,0.6857307553291321,0.5344433784484863,0.9320865869522095,1.15193510055542,1.044406771659851,0.683822512626648,0.39271780848503113,0.5787036418914795,0.535480260848999,0.5625172853469849,1.0716609954833984,0.9577218890190125,0.6999452114105225,0.5165359973907471,0.4356691837310791,0.5676292181015015
ramp,0.74,0.9549899697303772,0.4022429585456848,0.7801116108894348,0.6028896570205688,1.0078604221343994,0.590231716632843,0.6470914483070374,0.4885658323764801,0.6203162670135498,0.5702770948410034,0.9749199151992798,0.48480451107025146,0.03809250891208649,0.41953331232070923,0.1362847089767456,0.030067384243011475,0.43152523040771484,0.25122207403182983,0.360038697719574,0.672698974609375,1.3869380950927734,0.8535298109054565,1.0002679824829102,0.6942827701568604,1.162304401397705,1.1484748125076294,0.9380930662155151,1.1140977144241333,0.8251645565032959,0.9415923953056335,0.9929677248001099,0.7418263554573059,0.45619261264801025,0.0,0.4635127782821655,1.0098505020141602,1.19627845287323,1.204859972000122,0.6891227960586548,0.6929481625556946,0.4027467966079712,0.7303344011306763,1.2988076210021973,0.8351231813430786,0.757722795009613,0.4207029342651367,0.6880380511283875,0.8265905380249023
ramp,0.681,1.6918199062347412,1.7150547504425049,1.6647095680236816,1.4843690395355225,1.3961542844772339,1.3029316663742065,1.037381649017334,1.161450982093811,0.9729906320571899,1.2499268054962158,0.6656827330589294,0.694671630859375,0.8319410085678101,1.2465664148330688,2.0966711044311523,1.8064638376235962,1.5326223373413086,1.2833460569381714,1.334829568862915,1.5131134986877441,0.7880822420120239,1.2252871990203857,1.1095199584960938,1.461571216583252,0.8111571073532104,0.9675682783126831,0.6713305711746216,0.8903671503067017,1.2710018157958984,1.0453383922576904,0.7233640551567078,0.6459301710128784,0.7223048210144043,0.784153938293457,0.8588743805885315,0.9254174828529358,0.26332229375839233,0.48004603385925293,0.1276705265045166,0.7046157121658325,0.7438185214996338,0.21751612424850464,0.6212862133979797,0.46243542432785034,0.6330693960189819,0.7501311302185059,1.12376868724823,1.2181034088134766
ramp,0.313,1.718395471572876,1.7671337127685547,0.8564196228981018,1.1010658740997314,1.3831051588058472,1.3087437152862549,0.9092146158218384,1.4374233484268188,1.0267733335494995,1.1717774868011475,0.8391011953353882,0.6167537569999695,0.8747109174728394,0.7906074523925781,1.1102192401885986,1.5292543172836304,1.7391546964645386,1.3777109384536743,1.580777645111084,1.5903244018554688,1.1790032386779785,0.5828614234924316,0.13866955041885376,0.7935890555381775,0.2918676435947418,0.44127583503723145,0.5116981267929077,0.6154929995536804,1.06667160987854,0.9189146757125854,0.7948070168495178,0.4409315586090088,0.21936407685279846,0.619851291179657,0.5428779721260071,0.6775095462799072,0.7088709473609924,0.6133571863174438,0.3600544035434723,0.6637678146362305,0.9030309915542603,0.5641865730285645,0.7663938403129578,0.9699822664260864,0.6282040476799011,0.6068437099456787,0.452784925699234,0.2814791798591614
ramp,0.595,2.1966605186462402,1.9573698043823242,1.939307451248169,2.6671364307403564,2.7208731174468994,2.2275567054748535,2.4089162349700928,2.1503360271453857,2.2921602725982666,1.9290251731872559,1.6434738636016846,1.7858970165252686,1.5366839170455933,0.6691396832466125,0.5712231993675232,1.236026406288147,0.7470357418060303,0.513336181640625,0.8344311118125916,0.9001452326774597,1.2742520570755005,1.1826295852661133,1.4294084310531616,1.278359055519104,1.3885307312011719,1.1698107719421387,0.6606063842773438,0.7065935134887695,1.330125331878662,1.267758846282959,1.5646417140960693,1.3349621295928955,1.3109140396118164,1.06794011592865,0.7385637164115906,0.6404181122779846,0.4949914216995239,0.0,0.041764140129089355,0.4114897847175598,0.42379945516586304,0.43995338678359985,0.38973116874694824,0.0,0.34421563148498535,0.40261512994766235,1.199878454208374,0.7917715311050415
ramp,0.443,1.180100917816162,1.0321282148361206,0.8428220748901367,0.6928362250328064,0.6988453269004822,0.972284734249115,1.3367398977279663,1.1941967010498047,0.9100138545036316,0.938316285610199,0.7970060110092163,0.584884762763977,0.38379374146461487,0.4791357219219208,0.6248612403869629,0.5044247508049011,0.4474317729473114,0.9016958475112915,0.7131863236427307,0.8487918972969055,0.7621219754219055,1.0392192602157593,0.6615281105041504,0.44868171215057373,0.4741784930229187,0.44581282138824463,0.438468873500824,0.6807162165641785,0.7913214564323425,0.6819770932197571,0.5165279507637024,0.05198116600513458,0.22360457479953766,0.2927265167236328,0.3137771189212799,0.27560415863990784,0.5196857452392578,0.7749600410461426,0.6031568050384521,0.7201559543609619,0.39225634932518005,0.5136963129043579,0.6045726537704468,0.3257198631763458,0.0,0.18670135736465454,0.19794440269470215,0.6667947173118591
ramp,0.347,1.110828161239624,0.8279290795326233,0.9811913371086121,0.8089561462402344,1.2691255807876587,0.8683215975761414,1.1389294862747192,1.2439326047897339,1.5107042789459229,1.406083345413208,1.6761037111282349,1.4487950801849365,1.081748366355896,1.0352787971496582,1.0931053161621094,1.259824514389038,1.3413538932800293,1.0614959001541138,0.9400783777236938,1.3974114656448364,0.7027502655982971,0.8863813877105713,1.3181791305541992,1.685279369354248,0.8120043277740479,0.5729424953460693,0.6434037685394287,0.6911571621894836,1.0654397010803223,1.1241087913513184,0.8441071510314941,0.7328493595123291,1.107642650604248,0.9046765565872192,0.41892126202583313,0.7911698222160339,0.5560407638549805,0.6976964473724365,0.596700131893158,0.5554870367050171,0.6083664894104004,0.27427399158477783,0.1765361726284027,0.031282663345336914,0.6195245385169983,0.75547194480896,0.9628372192382812,1.2236212491989136
ramp,0.739,0.0032237768173217773,0.0318816602230072,0.0,0.15497788786888123,0.4480953812599182,0.594896674156189,0.598574697971344,0.397870808839798,0.7205957770347595,0.602510929107666,0.633884608745575,1.0557243824005127,0.5164577960968018,0.8903031349182129,0.7490503787994385,0.6266597509384155,0.31926703453063965,0.8746877908706665,1.0123510360717773,0.896947979927063,0.6889840364456177,0.9842413663864136,0.7614917159080505,0.3715570271015167,0.6932554244995117,0.9647327661514282,0.9748758673667908,0.6711361408233643,0.5295552015304565,0.9260649681091309,0.7679112553596497,1.1374248266220093,0.6976473331451416,0.8101116418838501,0.43801742792129517,0.5064884424209595,0.41191256046295166,0.27961087226867676,0.9718204140663147,0.3527343273162842,0.9116736650466919,0.755847692489624,0.620611846446991,0.6238213777542114,0.4602181911468506,0.5705912113189697,0.6089125275611877,0.6505464911460876
ramp,0.361,1.4889568090438843,1.2526345252990723,0.8370733857154846,1.0431342124938965,1.165629506111145,0.8810444474220276,0.9420719146728516,1.3983784914016724,0.69400554895401,1.282063603401184,0.9658805131912231,1.0250444412231445,1.19349205493927,1.0163007974624634,0.8238677382469177,0.8053509593009949,0.6526978611946106,0.6411147117614746,1.1571542024612427,1.387897253036499,1.3360788822174072,1.5537545680999756,1.053508996963501,0.9704714417457581,0.9642108082771301,0.9037958979606628,1.2492738962173462,1.2172704935073853,1.2142690420150757,1.1770268678665161,1.3313316106796265,1.2891398668289185,0.48556557297706604,1.0122426748275757,0.8351843953132629,0.48862648010253906,0.7265987396240234,0.7980846166610718,0.09931734204292297,0.0,0.1830858588218689,0.0,0.0,0.0,0.0,0.022656381130218506,0.0,0.21987929940223694
ramp,0.631,0.3696151375770569,1.0084328651428223,0.6703362464904785,0.7986265420913696,1.146206259727478,1.4893708229064941,1.1032434701919556,1.2113707065582275,0.6440215110778809,0.2983425259590149,0.5714676380157471,0.4131695032119751,0.1679183393716812,0.29800722002983093,0.5081994533538818,0.7120006084442139,0.7483282685279846,1.3953008651733398,1.0824133157730103,0.8212237358093262,0.5667635202407837,0.5585198402404785,1.143388032913208,1.1881822347640991,1.8282437324523926,1.9862213134765625,1.480640172958374,1.546522617340088,1.225097417831421,1.092002272605896,1.0363118648529053,0.8383007049560547,0.7016302347183228,0.5608125925064087,0.45616909861564636,0.45660874247550964,0.35120105743408203,0.28686124086380005,0.2252746820449829,0.0,0.0,0.012834429740905762,0.10777938365936279,0.3620336651802063,0.0,0.0,0.07275146245956421,0.40971440076828003
ramp,0.73,1.6879830360412598,1.7219384908676147,2.190767526626587,1.6884971857070923,1.129285454750061,1.7940975427627563,1.5158534049987793,0.8042206764221191,0.7472037076950073,0.6547695398330688,0.12764893472194672,0.1655544489622116,0.118836909532547,0.18920239806175232,0.0,0.7669974565505981,1.009742021560669,0.45638272166252136,0.613216757774353,0.29049649834632874,0.5665121078491211,0.1570357382297516,0.4329785406589508,0.9423480033874512,0.16734415292739868,0.6667030453681946,0.4098876118659973,0.40255606174468994,0.28608542680740356,0.3865439295768738,0.2072870135307312,0.0,0.3458016514778137,0.5738746523857117,0.9956337809562683,1.0383470058441162,1.1572868824005127,0.9051342606544495,0.9809613823890686,0.5713748335838318,0.8919124007225037,1.4178259372711182,2.0046446323394775,2.1593360900878906,1.5057785511016846,1.3400743007659912,1.117732286453247,0.8134769201278687
ramp,0.696,2.351468086242676,2.8092074394226074,3.0458998680114746,3.094822406768799,2.4675958156585693,2.3435306549072266,2.1311066150665283,1.7268853187561035,1.3186314105987549,1.3614153861999512,1.2061188220977783,1.166832447052002,1.2369775772094727,1.103001356124878,1.3921136856079102,1.0941863059997559,1.2963802814483643,1.2021616697311401,1.5450576543807983,1.7800695896148682,1.6025159358978271,1.6414058208465576,1.4493412971496582,1.5435987710952759,1.5951133966445923,1.5530800819396973,1.0021672248840332,0.6730931997299194,0.94613116979599,0.8830049633979797,0.90070641040802,0.6828808784484863,0.7171220183372498,0.7990989685058594,0.5058339834213257,0.10739952325820923,0.10382896661758423,0.0612412691116333,0.0,0.0,0.0,0.0,0.0,0.0,0.0,0.0,0.0,0.0
ramp,0.416,0.5546854138374329,0.4253571629524231,0.8899730443954468,0.9496025443077087,1.2198026180267334,0.8977310061454773,0.7083147764205933,0.6453253626823425,0.8075247406959534,1.3516690731048584,0.6701444387435913,0.9166538715362549,0.9494689702987671,1.2346985340118408,1.14055335521698,1.1260207891464233,1.1748294830322266,0.8914007544517517,0.6713241934776306,0.6708990931510925,0.692201554775238,0.5598829388618469,0.16351282596588135,0.9024913907051086,0.8336599469184875,0.8878033757209778,0.5164775848388672,0.6897964477539062,0.9422832727432251,0.9758880138397217,0.6575614213943481,1.048600435256958,1.0374776124954224,0.9993672370910645,1.1852999925613403,1.1151065826416016,1.079722285270691,1.1552623510360718,1.2326017618179321,1.1112773418426514,1.0300942659378052,0.5568215250968933,0.7886407375335693,0.8869725465774536,1.1741141080856323,0.8576555252075195,0.20700323581695557,0.5017154216766357
ramp,0.464,1.0009249448776245,0.8048555850982666,1.2537461519241333,1.2973194122314453,1.2787009477615356,1.0496947765350342,0.47177064418792725,1.1560426950454712,0.8532546162605286,1.4483191967010498,1.028948187828064,1.2860751152038574,1.0120118856430054,1.2184995412826538,1.8061360120773315,1.7915898561477661,1.932143211364746,1.729433298110962,1.2762281894683838,1.442703366279602,1.5088376998901367,1.3550928831100464,1.9079872369766235,1.1812573671340942,0.9234545826911926,1.581261396408081,1.360937237739563,0.9163404703140259,1.145862102508545,1.057685375213623,1.2788114547729492,0.9279762506484985,0.697569727897644,1.0522642135620117,1.4115896224975586,0.9412084817886353,1.0531318187713623,0.5660943388938904,0.6162163615226746,0.6975440979003906,0.7522103786468506,0.6423235535621643,0.4205332398414612,0.6726805567741394,0.20042699575424194,0.892012357711792,0.7714199423789978,1.4575517177581787
ramp,0.387,0.6321299076080322,0.9998362064361572,0.9244236350059509,0.8241835832595825,0.9628822207450867,0.9273974299430847,0.5932023525238037,1.0776023864746094,1.213531255722046,0.8865028619766235,0.9860057830810547,1.3396427631378174,1.0405007600784302,1.1655632257461548,0.4107724130153656,0.4185304641723633,0.6710687279701233,0.4337984323501587,0.2420312613248825,0.21720489859580994,0.7460389137268066,0.6200821399688721,0.8371180295944214,1.2755351066589355,1.1324124336242676,1.503839373588562,1.727459192276001,1.3596340417861938,0.7546202540397644,0.6822596788406372,0.777327299118042,0.7469826936721802,0.7052586078643799,0.6641796231269836,0.18545541167259216,0.774205207824707,0.40602907538414,0.4307541251182556,0.5106685757637024,0.7733560800552368,0.5202553272247314,0.4370567500591278,0.9736801981925964,1.1908074617385864,0.8963313102722168,0.7765415906906128,0.65761798620224,0.22944939136505127
ramp,0.207,0.5727652907371521,0.4658578038215637,0.5968638062477112,1.0373990535736084,0.9707620143890381,0.7411129474639893,0.5598512887954712,0.7769958972930908,0.684586226940155,0.7316150665283203,0.5482400059700012,0.5202004909515381,0.3893367648124695,0.27233386039733887,0.5500807166099548,0.5094310641288757,0.7698032855987549,1.367078185081482,0.9777053594589233,1.4009418487548828,1.329089641571045,1.1166447401046753,0.6450209021568298,0.3508498966693878,0.7844210267066956,1.198676347732544,1.5461106300354004,0.9895374774932861,1.2816401720046997,0.6268799304962158,0.6398376822471619,0.600522518157959,0.8842743635177612,0.8434646725654602,0.8469699621200562,0.8490525484085083,1.1615265607833862,1.3777728080749512,1.535143256187439,1.3581655025482178,1.4670847654342651,1.0145142078399658,1.3351678848266602,0.7691723108291626,1.781520962715149,1.560544490814209,1.320915699005127,1.2514359951019287
ramp,0.618,1.4146034717559814,1.2673689126968384,1.1929243803024292,1.5183202028274536,1.7986774444580078,1.0268917083740234,1.4453593492507935,1.0898123979568481,1.3380365371704102,1.3287241458892822,1.14925217628479,0.7319227457046509,1.4783382415771484,1.3265920877456665,1.1041231155395508,1.0170971155166626,1.336336374282837,1.1625714302062988,0.7784121036529541,0.9079086780548096,0.77224200963974,0.5960920453071594,0.902158260345459,0.8222584128379822,0.6269998550415039,0.7028833627700806,0.928889274597168,0.12604397535324097,0.07596588134765625,0.36122560501098633,1.0564024448394775,0.9997506737709045,1.1495405435562134,0.9382199645042419,0.7409014105796814,0.5074410438537598,0.8442137241363525,0.5440937876701355,0.7573596835136414,0.8520700931549072,1.2212045192718506,1.1647522449493408,0.5955542325973511,0.9748426675796509,0.8534761071205139,1.0089123249053955,0.9559129476547241,0.05303823947906494
ramp,0.525,0.7924365997314453,0.3248431980609894,0.253957062959671,0.13297204673290253,0.0,0.44700947403907776,0.48940327763557434,0.19675642251968384,0.009046919643878937,0.5116519927978516,0.10900906473398209,0.5748234987258911,0.8950089812278748,0.7109509706497192,0.8529696464538574,0.9425867199897766,0.7158912420272827,0.23334959149360657,0.6386728882789612,0.8480056524276733,0.8206869959831238,0.42792001366615295,0.9049216508865356,0.7217414975166321,0.294731467962265,0.21294757723808289,0.6379789113998413,1.1571998596191406,0.5105804204940796,0.8608473539352417,0.7004059553146362,0.8921203017234802,1.1496614217758179,1.3600037097930908,0.9830943942070007,0.6689958572387695,0.9604265689849854,1.371002435684204,1.7248213291168213,1.1612954139709473,1.211417555809021,1.3817602396011353,0.8587191700935364,0.10540780425071716,0.1632290780544281,0.14427173137664795,0.18411147594451904,0.9161362648010254
ramp,0.396,0.0,0.05053289234638214,0.04730978608131409,0.11977635324001312,0.17300283908843994,0.5668598413467407,0.9628567695617676,0.6408646702766418,0.3402603268623352,0.6718598008155823,0.8858087062835693,0.97670578956604,1.2916793823242188,1.055995225906372,0.5735210180282593,0.6996200680732727,0.7891168594360352,0.7176084518432617,1.1391068696975708,2.1718785762786865,1.9411242008209229,2.0482051372528076,1.7240571975708008,1.3525527715682983,1.2017654180526733,1.3314905166625977,1.2244681119918823,1.4428373575210571,1.415212631225586,1.4074620008468628,1.2781651020050049,1.373664379119873,1.3873744010925293,0.7393056750297546,0.9786014556884766,1.6376396417617798,1.0633184909820557,1.3963665962219238,0.986686110496521,0.4712236523628235,0.6928246021270752,0.7898004651069641,0.9507083892822266,0.7752057313919067,0.9900503754615784,1.0476566553115845,1.3758271932601929,1.2939484119415283
ramp,0.308,2.2268929481506348,2.003810167312622,1.8836768865585327,1.4358311891555786,1.691570520401001,1.3764289617538452,1.484228253364563,1.4734234809875488,1.1242600679397583,0.8489542603492737,0.8158693909645081,0.9248550534248352,0.8075003623962402,1.0201160907745361,1.2407549619674683,0.933733344078064,0.7898540496826172,1.0141602754592896,1.86687433719635,1.7282893657684326,1.5526081323623657,1.2548329830169678,1.735317349433899,1.0582021474838257,0.6787887811660767,1.000777244567871,0.6018332839012146,0.7468268871307373,0.7288893461227417,1.0101090669631958,1.011589765548706,0.978561520576477,1.2178549766540527,1.1635876893997192,0.8891280889511108,0.5029672384262085,0.5669547319412231,0.9457567930221558,0.9552242755889893,0.9389270544052124,1.099071979522705,0.8922535181045532,0.5609122514724731,0.8481615781784058,0.3305093050003052,0.18791157007217407,0.3365909457206726,0.2626175284385681
step,0.293,1.9826269149780273,2.0945773124694824,1.668731451034546,1.5806379318237305,1.0203016996383667,1.2502342462539673,1.3521969318389893,1.3231279850006104,1.4866950511932373,0.9777389764785767,0.7137194871902466,0.8643205165863037,0.9721965789794922,0.5236714482307434,1.186571478843689,0.6465819478034973,0.8678148984909058,0.4811323881149292,0.9562016129493713,0.9345663189888,1.317584753036499,0.8877939581871033,1.1489721536636353,0.9490468502044678,0.7559232115745544,0.7756069302558899,0.20525500178337097,0.2943888306617737,0.14565891027450562,0.5708014369010925,0.7522143721580505,0.987159013748169,0.9383189082145691,1.562088131904602,1.292992353439331,1.539088249206543,1.0321602821350098,1.061652421951294,0.9583566188812256,1.0346051454544067,1.0718598365783691,1.0559629201889038,1.020587682723999,0.8778347969055176,0.5271461606025696,0.8463937044143677,1.1292012929916382,1.1642440557479858
step,0.573,1.0747231245040894,1.0347493886947632,1.0213602781295776,1.840564489364624,1.6072808504104614,1.4131063222885132,1.114797830581665,1.165462851524353,1.3334038257598877,1.4032596349716187,1.0621861219406128,1.0158237218856812,0.7039501667022705,0.6609632968902588,0.6476361751556396,0.7980548143386841,0.8482769727706909,0.5201931595802307,0.6114519238471985,0.5915603041648865,0.8035191297531128,0.8751903772354126,0.6724090576171875,1.4623899459838867,0.4779888689517975,0.31329959630966187,0.4024520218372345,0.49652302265167236,0.6121810674667358,0.6361269354820251,0.5610255599021912,0.3892122209072113,0.38802167773246765,0.3817526400089264,0.5832078456878662,0.7250674962997437,0.5624163150787354,0.7272631525993347,0.5727601051330566,0.6891636252403259,0.749243974685669,0.5652784705162048,0.8664190173149109,0.6763176321983337,0.8668997883796692,0.8086179494857788,0.8695089221000671,0.8202254176139832
step,0.612,1.0658189058303833,0.8972042798995972,0.7665969729423523,0.6176353693008423,0.6777701377868652,0.4688085913658142,0.39323604106903076,0.4107905626296997,0.0,0.11536300182342529,0.17895084619522095,0.0,0.014435410499572754,0.22651219367980957,0.44457346200942993,0.48398715257644653,0.8239510655403137,0.8246245384216309,1.329809546470642,0.9096051454544067,1.0505096912384033,0.9162776470184326,0.57180255651474,0.8532341718673706,0.3931969702243805,0.3835859000682831,0.2942609488964081,0.2732229232788086,0.30492138862609863,0.24512340128421783,0.20775824785232544,0.33328038454055786,0.23342476785182953,0.16991360485553741,0.23174069821834564,0.192217618227005,0.38814765214920044,0.4305569529533386,0.42606598138809204,0.30826833844184875,0.2710730731487274,0.29627755284309387,0.25893914699554443,0.23859263956546783,0.12656719982624054,0.3592106103897095,0.43653592467308044,0.44686126708984375
step,0.407,1.1807324886322021,1.5475457906723022,1.7982690334320068,1.2524690628051758,1.9702585935592651,1.3178800344467163,0.992171049118042,1.3322316408157349,1.2560838460922241,1.1336873769760132,0.929882287979126,1.096840500831604,1.2435169219970703,1.3057498931884766,1.0107632875442505,1.1746493577957153,1.0079383850097656,1.3704001903533936,1.926736831665039,2.191850423812866,2.0327320098876953,2.202800750732422,2.196995973587036,2.1742143630981445,1.3128832578659058,1.2303470373153687,1.01188325881958,1.1758286952972412,1.0300060510635376,1.014165997505188,0.9019820690155029,0.49796074628829956,0.567620575428009,0.3879498839378357,0.34770265221595764,0.44683995842933655,0.27956336736679077,0.2993149161338806,0.3202334940433502,0.332373708486557,0.38802751898765564,0.20030131936073303,0.3588487207889557,0.5368688702583313,0.5656024217605591,0.2432374209165573,0.344245046377182,0.4386214017868042
step,0.28,1.8208911418914795,1.249428629875183,0.8514801859855652,0.7388197183609009,0.8219279050827026,0.6556355953216553,0.901153564453125,0.8510111570358276,0.5887511968612671,0.7988723516464233,0.9292225241661072,0.7786816358566284,0.813602089881897,0.6769700050354004,1.1476495265960693,0.9411779046058655,0.9494326114654541,0.9039398431777954,0.6819672584533691,0.9052924513816833,0.9538226127624512,1.0178265571594238,1.5469179153442383,1.3545434474945068,0.8185805082321167,0.46191680431365967,0.5839429497718811,0.8221487402915955,0.9714043140411377,0.8575447797775269,0.8844459652900696,1.086828589439392,0.9594311714172363,1.0212370157241821,1.115133285522461,0.9680629372596741,0.7778621912002563,0.6160398721694946,1.1248060464859009,1.0335854291915894,0.9809134006500244,0.8714351654052734,0.712573230266571,0.7625272870063782,0.6265550851821899,0.7814987897872925,0.9948931932449341,0.7236300110816956
step,0.249,1.7269303798675537,1.7980561256408691,1.8233222961425781,1.9141016006469727,1.6226048469543457,1.2322174310684204,1.368865966796875,1.0688937902450562,0.8378366231918335,0.8537434339523315,0.8017685413360596,0.4280175566673279,0.5673185586929321,0.4856538772583008,1.0104057788848877,0.8893193006515503,1.4622037410736084,1.6251826286315918,1.6285196542739868,1.4242615699768066,1.3783022165298462,0.5796108841896057,0.4896544814109802,0.9840602874755859,0.9961766004562378,1.2308188676834106,1.262056827545166,1.1908777952194214,1.0301074981689453,0.7734959721565247,0.716014564037323,0.735978901386261,0.23175963759422302,0.568655788898468,0.41908881068229675,0.53532874584198,0.640863299369812,0.6410398483276367,0.8675565123558044,0.5244794487953186,0.3849218189716339,0.7467576265335083,0.9683714509010315,0.9719745516777039,1.0494998693466187,0.9735694527626038,0.7423892617225647,0.7022422552108765
step,0.54,2.6324315071105957,2.1405606269836426,2.1620187759399414,1.957987904548645,1.93792724609375,2.210526466369629,2.02493953704834,1.8010897636413574,1.2046140432357788,1.048305869102478,1.4508066177368164,1.330613136291504,1.0148861408233643,1.015932559967041,1.0666290521621704,0.864072322845459,0.9326915740966797,1.335641860961914,1.446637749671936,1.407111406326294,1.1410951614379883,1.1903806924819946,1.3394107818603516,1.566834807395935,0.5987638235092163,0.943613588809967,0.7488186359405518,0.6953664422035217,0.584099531173706,0.5841772556304932,0.5879071950912476,0.5090939402580261,0.5399122834205627,0.632064163684845,0.5781750082969666,0.42953577637672424,0.5240535736083984,0.5508992075920105,0.4275994598865509,0.43258363008499146,0.4511343538761139,0.669711709022522,0.47172799706459045,0.5543094277381897,0.3289424777030945,0.3247602581977844,0.4623578190803528,0.2602335810661316
step,0.552,0.0,0.31820428371429443,0.459272563457489,0.7152011394500732,1.1104100942611694,0.8595660924911499,0.5819000005722046,1.4466052055358887,1.298887014389038,1.4262254238128662,1.392151117324829,1.5440444946289062,1.0846600532531738,1.2964190244674683,1.5918662548065186,1.4401146173477173,0.550544261932373,0.41501933336257935,1.293616533279419,1.3232167959213257,0.8179264068603516,0.6467355489730835,0.978220522403717,0.38022279739379883,0.33046069741249084,0.4850720167160034,0.36529481410980225,0.4152805209159851,0.6970613598823547,0.5394068956375122,0.4557054340839386,0.3738715946674347,0.638015866279602,0.6960931420326233,0.599593460559845,0.602691113948822,0.11407884210348129,0.24847786128520966,0.22032172977924347,0.12760134041309357,0.10006368160247803,0.07867153733968735,0.13495272397994995,0.3505668044090271,0.5825620293617249,0.4528970718383789,0.5240435600280762,0.739874541759491
step,0.765,0.14804315567016602,0.6220534443855286,0.8014187812805176,0.9624830484390259,0.6053165793418884,0.2111222743988037,0.3193868398666382,0.6010814309120178,0.5471557974815369,0.9092432856559753,0.9273885488510132,0.9013791680335999,0.8348410129547119,1.3961182832717896,1.723888635635376,1.2950479984283447,1.4730329513549805,1.392727017402649,1.4959919452667236,0.7957217693328857,0.7540955543518066,1.4646788835525513,1.7513797283172607,1.4466851949691772,0.29230546951293945,0.1954217553138733,0.23995478451251984,0.269295871257782,0.16409556567668915,0.1759965717792511,0.2129746675491333,0.29565465450286865,0.38145288825035095,0.4085509777069092,0.3929678201675415,0.4535723328590393,0.3494301736354828,0.3633027970790863,0.4624655842781067,0.49192383885383606,0.5702354907989502,0.4158252477645874,0.36810800433158875,0.3178855776786804,0.344774067401886,0.28274083137512207,0.3141174614429474,0.3911780118942261
step,0.284,1.2984333038330078,1.1135815382003784,1.0741405487060547,1.2337040901184082,0.572229266166687,0.9074398875236511,0.9756896495819092,1.4914525747299194,1.4709911346435547,1.2404807806015015,1.4984426498413086,1.2903766632080078,1.2713332176208496,1.8004541397094727,1.4038951396942139,1.409318447113037,1.2701555490493774,1.149352788925171,1.1916825771331787,0.8918609619140625,0.3729289174079895,0.39205455780029297,0.7124736309051514,0.5506123304367065,0.07168645411729813,0.2708593010902405,0.5995400547981262,0.6440481543540955,0.7559720873832703,0.7269219756126404,0.8576613068580627,1.0539630651474,0.8487126231193542,0.7378477454185486,1.0185654163360596,0.8274351954460144,0.8058395385742188,0.7035114765167236,0.7086049914360046,0.9117209315299988,0.9081556797027588,0.592581033706665,0.8547433018684387,0.8874294757843018,0.9289588928222656,1.363442301750183,1.3521174192428589,1.3529305458068848
step,0.589,0.45669621229171753,0.9417747259140015,1.4386930465698242,1.1869159936904907,1.1918641328811646,1.4260755777359009,2.1720097064971924,1.9053186178207397,1.6064426898956299,1.442808985710144,1.6433074474334717,1.4384294748306274,2.0158562660217285,1.7818045616149902,1.5035293102264404,1.9518978595733643,1.7636947631835938,2.0015740394592285,1.5282130241394043,1.1803911924362183,0.8821471929550171,1.1751114130020142,1.408875823020935,1.4267014265060425,0.37003421783447266,0.4244095981121063,0.30731427669525146,0.5362139940261841,0.4682375490665436,0.4230368733406067,0.5126131176948547,0.47131457924842834,0.6460052728652954,0.5642800331115723,0.619765043258667,0.5617957711219788,0.48454609513282776,0.4679073095321655,0.588432788848877,0.6929882764816284,0.729369044303894,0.7506051659584045,0.686934769153595,0.5691008567810059,0.5438932776451111,0.5582151412963867,0.824469268321991,0.7859262228012085
step,0.219,0.9480347633361816,1.142187237739563,0.6974209547042847,0.9336414933204651,0.882078230381012,0.8630812168121338,1.0171831846237183,1.1969499588012695,1.0069425106048584,0.9842846989631653,0.16640710830688477,0.395979106426239,0.594619870185852,0.41154593229293823,0.6721343994140625,0.545864462852478,0.8986140489578247,0.8025887608528137,0.6538600921630859,0.6837136745452881,0.6658706665039062,0.4335838556289673,0.6745713949203491,0.7194660902023315,0.5244705677032471,0.46760064363479614,0.20750661194324493,0.21489697694778442,0.3443729281425476,0.2814851999282837,0.42883262038230896,0.6823601126670837,0.7773920893669128,0.6928811073303223,0.8840506076812744,0.9705736041069031,1.158578872680664,1.18193519115448,1.0167484283447266,1.1991146802902222,1.0094190835952759,0.8977377414703369,0.6597929000854492,1.1440081596374512,0.971068799495697,1.1871105432510376,0.8482313752174377,1.1074564456939697
step,0.52,1.4144002199172974,1.4356728792190552,1.5585968494415283,1.7705796957015991,2.0521910190582275,1.75182044506073,1.1462770700454712,1.6704833507537842,1.8385975360870361,2.5451741218566895,2.5379223823547363,2.360062599182129,1.7471319437026978,1.8571819067001343,1.8549985885620117,1.6791834831237793,1.1594953536987305,1.1038298606872559,1.1603621244430542,0.9979056119918823,0.9004665613174438,0.7545139789581299,0.9269111156463623,1.057193636894226,0.46871450543403625,0.49066922068595886,0.6160604953765869,0.5786368250846863,0.5483635067939758,0.3844117522239685,0.6079608201980591,0.3245527148246765,0.47057756781578064,0.39793819189071655,0.5109224915504456,0.5935576558113098,0.704430103302002,0.7090210914611816,0.7638070583343506,0.7014142870903015,0.8003082871437073,0.3930272161960602,0.5548226237297058,0.39621731638908386,0.5310609936714172,0.4619336724281311,0.41193628311157227,0.6378828883171082
step,0.606,1.7518996000289917,1.8033618927001953,1.761915683746338,1.5471737384796143,0.9709044694900513,1.180349588394165,1.8615591526031494,1.651550531387329,1.3307925462722778,0.7285526990890503,1.1986185312271118,1.2340466976165771,0.8382570743560791,1.0832232236862183,1.2174978256225586,1.3232033252716064,1.9352619647979736,1.7829980850219727,1.840696096420288,1.9116747379302979,1.8910338878631592,1.9515851736068726,1.4408694505691528,1.552674412727356,0.46976229548454285,0.604279637336731,0.4593146741390228,0.7244848608970642,0.636578381061554,0.5520026087760925,0.30528345704078674,0.39599141478538513,0.5848453640937805,0.6375219821929932,0.4606684446334839,0.427448034286499,0.3547123968601227,0.49404868483543396,0.36962637305259705,0.3715083599090576,0.5906399488449097,0.20121215283870697,0.25449687242507935,0.07815731316804886,0.11844540387392044,0.33298447728157043,0.3108270466327667,0.15746453404426575
step,0.597,1.9025754928588867,1.55239999294281,1.5378341674804688,1.34555983543396,1.1513404846191406,1.0571471452713013,0.7556238770484924,1.0661303997039795,0.848669171333313,1.0024986267089844,1.1756504774093628,1.1978545188903809,0.9784567952156067,0.6340417861938477,0.21557402610778809,0.7862387895584106,1.081938624382019,0.9757168889045715,0.8318618535995483,1.5082684755325317,1.0100425481796265,1.3978015184402466,0.9419332146644592,0.8697420954704285,0.18851056694984436,0.4389067590236664,0.32370060682296753,0.45235738158226013,0.45015883445739746,0.49658167362213135,0.43069949746131897,0.45830684900283813,0.41847506165504456,0.2581261992454529,0.3852154016494751,0.3400258421897888,0.30947402119636536,0.3688214123249054,0.5632612705230713,0.4681948125362396,0.45597603917121887,0.4426708519458771,0.45186036825180054,0.43189141154289246,0.5475903153419495,0.7383970618247986,0.7051354646682739,0.8276089429855347
step,0.244,1.819600224494934,1.5921107530593872,1.5733503103256226,1.1641063690185547,0.9820671081542969,1.0755213499069214,1.009019136428833,1.0841401815414429,1.237619400024414,1.4515602588653564,1.2573946714401245,1.7946417331695557,1.1730639934539795,0.7886651754379272,1.0169999599456787,0.42122018337249756,0.9007396101951599,0.6235484480857849,1.1240754127502441,1.0259919166564941,0.989017128944397,0.538686215877533,1.3691562414169312,1.5198980569839478,1.2887897491455078,0.9142099022865295,1.0804253816604614,0.6925806999206543,0.5021885633468628,0.7078247666358948,0.2905479371547699,0.4947613477706909,0.3611806333065033,0.551245927810669,0.3449361026287079,0.4112962782382965,0.4842243194580078,0.47424617409706116,0.5685355067253113,0.88887619972229,0.5529506802558899,0.5166096687316895,0.7057992219924927,0.841022789478302,0.6639482975006104,0.7216063141822815,0.7820715308189392,0.9366077780723572
step,0.716,0.2608186602592468,1.3025918006896973,0.8623932003974915,0.7000930309295654,0.8622663021087646,0.9500541687011719,1.3037550449371338,0.8401625156402588,0.9033163785934448,0.9522510766983032,0.7877812385559082,1.0916221141815186,0.9896812438964844,1.0173324346542358,0.9630517363548279,0.9222939014434814,0.7228662967681885,1.0358372926712036,1.4313498735427856,1.0943818092346191,1.2646878957748413,0.9592669010162354,1.331138014793396,1.2997322082519531,0.31345465779304504,0.38469207286834717,0.5189679861068726,0.5909002423286438,0.44078728556632996,0.5302621722221375,0.5373258590698242,0.5695216655731201,0.5936245322227478,0.5089715719223022,0.4968529939651489,0.39601507782936096,0.3637782633304596,0.3249262869358063,0.4903784394264221,0.2573758065700531,0.26872071623802185,0.2912643253803253,0.279372900724411,0.35888054966926575,0.18734341859817505,0.17290179431438446,0.10588964819908142,0.19317381083965302
step,0.289,1.164721965789795,0.9308798909187317,1.4125151634216309,0.9466856718063354,0.9306350946426392,0.9354701042175293,0.7760552167892456,0.5506256818771362,0.8209267258644104,0.3774476647377014,0.6641836166381836,0.4685899019241333,0.5500888824462891,0.4816927909851074,0.6009066700935364,0.5710707902908325,0.740959644317627,0.8957536220550537,0.9904077053070068,0.8881518840789795,0.538994312286377,0.5047827363014221,0.47961926460266113,0.2413286566734314,0.6314284205436707,0.8137280941009521,0.4242330491542816,0.8492597341537476,0.5994911193847656,0.7425442934036255,0.638626217842102,0.2751673460006714,0.1406583935022354,0.3770875930786133,0.32531628012657166,0.2861354351043701,0.511146068572998,0.4294717013835907,0.2989725172519684,0.6355248093605042,0.549411952495575,0.5009734630584717,0.28585493564605713,0.6294587254524231,0.5388352274894714,0.5575355291366577,0.8306247591972351,0.7514468431472778
step,0.704,0.9073261022567749,1.1755318641662598,1.2322897911071777,1.190813660621643,1.5776840448379517,1.0095045566558838,0.7111513614654541,0.5629704594612122,0.6066975593566895,0.9668097496032715,0.6222628355026245,0.6672881841659546,0.0,1.0321400165557861,1.272432804107666,1.1028385162353516,0.9029906988143921,0.9473001956939697,0.927536129951477,1.0420538187026978,0.9059271812438965,1.1134191751480103,0.9265608787536621,1.3417032957077026,0.3019518554210663,0.24272143840789795,0.2592390775680542,0.4145427644252777,0.5269789099693298,0.4470977783203125,0.36474090814590454,0.37627366185188293,0.329901784658432,0.35121992230415344,0.3567671775817871,0.4032561779022217,0.42666560411453247,0.3675469160079956,0.5362679958343506,0.4884512722492218,0.484462171792984,0.4415590763092041,0.43724706768989563,0.34148967266082764,0.4628220796585083,0.5686134099960327,0.655884325504303,0.879990816116333
step,0.227,1.0816360712051392,0.8121328353881836,1.327810525894165,0.8347077369689941,0.7899784445762634,1.0953348875045776,1.3239079713821411,1.1675562858581543,1.6358853578567505,1.6198694705963135,1.6119253635406494,1.7662711143493652,1.6809409856796265,1.8923438787460327,2.096712827682495,2.1560792922973633,2.3415329456329346,2.7214107513427734,3.3016366958618164,3.0232276916503906,1.4959132671356201,2.060382604598999,2.3695333003997803,2.490999460220337,2.167384624481201,2.1121785640716553,1.9703196287155151,1.738338589668274,1.6107831001281738,1.2486320734024048,1.555922508239746,1.161655306816101,1.1195052862167358,1.1200145483016968,1.2081971168518066,1.4414314031600952,1.7365789413452148,1.1864299774169922,0.9915755987167358,1.296098232269287,0.9114266037940979,0.7102712392807007,0.7077751755714417,0.8439345359802246,1.0733016729354858,1.4107564687728882,1.3444187641143799,1.289319634437561
step,0.592,1.570285439491272,1.9646337032318115,1.8367501497268677,1.5439558029174805,2.0060863494873047,1.7719863653182983,1.458715558052063,1.560887098312378,1.32294762134552,0.7178022861480713,0.6399657726287842,1.312365174293518,1.2846457958221436,1.0345351696014404,1.3403211832046509,1.1188125610351562,1.2006959915161133,1.0105938911437988,1.0787594318389893,1.4885387420654297,1.2707176208496094,1.0354743003845215,0.9435817003250122,0.8065662384033203,0.4157766103744507,0.5595501065254211,0.35150963068008423,0.5073887705802917,0.5003708004951477,0.4724169969558716,0.58940190076828,0.5920153260231018,0.597491979598999,0.6597190499305725,0.7608146071434021,0.7656996250152588,0.607811689376831,0.5256814360618591,0.5986310243606567,0.47058960795402527,0.23878662288188934,0.196675106883049,0.17272815108299255,0.23214317858219147,0.16155892610549927,0.21570390462875366,0.27376046776771545,0.24361535906791687
step,0.432,0.9859421253204346,1.2213270664215088,1.5330214500427246,1.4241113662719727,1.0931055545806885,1.124446988105774,1.0504294633865356,0.8106491565704346,1.2855651378631592,0.8927661180496216,0.6598273515701294,0.7931504249572754,0.5980872511863708,0.0,0.3104063868522644,0.41278213262557983,0.4706020951271057,0.7150498032569885,0.987800121307373,0.7230669260025024,0.7891266345977783,0.6666015386581421,0.5539293885231018,0.9529991149902344,0.6171137094497681,0.8168213963508606,0.7312936782836914,0.9298408627510071,0.680229127407074,0.8190413117408752,0.718483030796051,0.542984664440155,0.9101629853248596,1.0347833633422852,0.9691435098648071,1.1797486543655396,1.160478949546814,0.9289370179176331,0.9316732287406921,0.6694501638412476,0.9389274716377258,0.6741155385971069,0.9466754794120789,1.0360068082809448,0.9064474701881409,0.637947678565979,0.748201310634613,1.0510005950927734
step,0.513,0.749543309211731,0.6308346390724182,0.634993851184845,0.7517778873443604,1.0762357711791992,0.8016072511672974,0.8108512163162231,1.4990017414093018,1.5191463232040405,1.4076862335205078,1.3937225341796875,1.1122359037399292,0.8829014897346497,0.8335051536560059,0.34855008125305176,0.659367561340332,0.4662134647369385,0.3082851767539978,0.8337415456771851,0.8376965522766113,0.54457026720047,0.6670271158218384,0.43879061937332153,0.5168296098709106,0.35674750804901123,0.6328386068344116,0.5356523990631104,0.6814799308776855,0.5204265713691711,0.37861698865890503,0.28315624594688416,0.39417120814323425,0.3741225302219391,0.5046302676200867,0.18597298860549927,0.23887008428573608,0.1666920781135559,0.49436506628990173,0.3451257348060608,0.27754727005958557,0.37831351161003113,0.27204424142837524,0.3558397591114044,0.3176417052745819,0.47410666942596436,0.307856947183609,0.5613255500793457,0.73069828748703
step,0.695,0.96703040599823,1.0167503356933594,1.0750304460525513,0.9827905893325806,1.2136119604110718,1.106456995010376,1.467496633529663,0.9881888628005981,0.6473212242126465,0.5886867642402649,0.42304927110671997,0.6612671613693237,1.1038295030593872,0.7473359107971191,0.6172255277633667,0.60891193151474,0.9010792970657349,1.0964715480804443,1.4361637830734253,1.4076176881790161,1.2039880752563477,1.2080507278442383,0.9724261164665222,1.4053763151168823,0.354084312915802,0.3404586613178253,0.3318440020084381,0.4749651253223419,0.3891665041446686,0.3907414376735687,0.4638962149620056,0.39274317026138306,0.3822605609893799,0.355593204498291,0.5326296091079712,0.6759911179542542,0.6937586665153503,0.5683097839355469,0.47703418135643005,0.39371228218078613,0.5974748134613037,0.5595048069953918,0.45528486371040344,0.6895020008087158,0.8718001842498779,0.6477507948875427,0.5182557106018066,0.6501368880271912
step,0.348,0.0318835973739624,0.28067857027053833,0.2948523759841919,0.5095963478088379,0.7476667761802673,1.1572849750518799,0.8046021461486816,0.6848053932189941,0.8409342765808105,1.0731704235076904,0.8672589063644409,0.7775018811225891,0.8594423532485962,0.7669416666030884,0.9879442453384399,0.9131031632423401,0.5811642408370972,1.575096607208252,1.720216989517212,1.242461919784546,1.479357361793518,1.3942502737045288,1.810753345489502,1.6696486473083496,1.0695916414260864,1.0971310138702393,0.8458887934684753,0.7515773177146912,0.5824413895606995,0.8051727414131165,0.6866939663887024,0.5237352848052979,0.746016263961792,0.8970498442649841,0.8757004737854004,0.7690300941467285,0.5172514319419861,0.7600040435791016,0.8113939762115479,0.7884735465049744,0.7326530814170837,0.7785854935646057,0.8460462689399719,0.8470723032951355,0.8891386389732361,0.9661211967468262,0.9355797171592712,1.3566867113113403
step,0.5,0.039701104164123535,0.2945936322212219,0.22168099880218506,0.29288196563720703,0.5311477780342102,0.7138664722442627,0.443908154964447,0.6044355034828186,0.4433704614639282,0.4435614347457886,0.2559109330177307,0.33903980255126953,0.08434069156646729,0.007312178611755371,0.0,0.03309166431427002,0.08012223243713379,0.6564621329307556,0.33875954151153564,0.4552420377731323,0.6057239174842834,0.7600404024124146,0.6020328402519226,0.5611522793769836,0.20438027381896973,0.40632474422454834,0.42887356877326965,0.42266181111335754,0.3893643319606781,0.17233283817768097,0.3891204595565796,0.24764595925807953,0.33406320214271545,0.12917470932006836,0.20464403927326202,0.14444059133529663,0.1750253289937973,0.2898610234260559,0.4597904086112976,0.1581210494041443,0.222493976354599,0.2700606882572174,0.18749338388442993,0.27739113569259644,0.42581525444984436,0.3718537390232086,0.24617339670658112,0.2733589708805084
step,0.45,1.8634884357452393,2.371830701828003,2.502492666244507,1.622939944267273,2.078634738922119,1.5792593955993652,2.0578649044036865,2.369396209716797,2.0120232105255127,1.966852068901062,2.3178329467773438,2.015279769897461,2.293998956680298,1.9422147274017334,2.288069248199463,2.229416847229004,2.2461228370666504,1.9018616676330566,1.56845223903656,1.7483137845993042,1.3037691116333008,0.934411883354187,1.0594031810760498,1.4827361106872559,0.6242153644561768,0.889173150062561,0.49693065881729126,0.6246256828308105,0.772790789604187,0.7049766778945923,0.4809498190879822,0.22747914493083954,0.43760451674461365,0.39136189222335815,0.13673631846904755,0.373744934797287,0.08819427341222763,0.20105411112308502,0.0,0.26381438970565796,0.4973450005054474,0.4437336325645447,0.47030094265937805,0.4454561173915863,0.5974894165992737,0.465072900056839,0.6583379507064819,0.8925945162773132
step,0.447,0.7297759056091309,1.3000742197036743,1.4876052141189575,1.5844998359680176,0.9067842364311218,1.8777194023132324,1.3308013677597046,0.9438588619232178,0.7360628843307495,0.33153557777404785,0.0,0.45323675870895386,0.31160736083984375,0.8218729496002197,1.1935584545135498,1.476210355758667,1.2616225481033325,2.1023054122924805,1.6726441383361816,1.835170030593872,2.079641580581665,1.4502346515655518,1.9585530757904053,1.5951645374298096,0.9697027206420898,1.0438767671585083,1.130385160446167,0.8020159006118774,0.6736771464347839,0.43967384099960327,0.40076103806495667,0.4881192743778229,0.5751555562019348,0.678374707698822,0.7326468825340271,0.7446873188018799,0.8372246026992798,0.5391728281974792,0.7524079084396362,0.14919137954711914,0.47837141156196594,0.5056269764900208,0.587714433670044,1.0227628946304321,0.7374046444892883,0.46029746532440186,0.46775588393211365,0.39300692081451416
step,0.521,0.8124821186065674,1.6679530143737793,1.8645367622375488,2.147732734680176,1.9343615770339966,1.3060600757598877,0.9504898190498352,1.2582107782363892,0.859478235244751,1.4756386280059814,1.357428789138794,1.8346483707427979,1.0821436643600464,1.3174800872802734,1.2396819591522217,1.554622769355774,1.6553683280944824,1.104973316192627,1.6198654174804688,1.866938591003418,1.616094946861267,1.810300588607788,1.9981039762496948,1.276492953300476,0.53403639793396,0.44022220373153687,0.36864614486694336,0.29538634419441223,0.4373202621936798,0.29985299706459045,0.38972043991088867,0.5664766430854797,0.45973390340805054,0.4611673057079315,0.6062467694282532,0.30561593174934387,0.4251839816570282,0.327755331993103,0.17377279698848724,0.24951812624931335,0.34050410985946655,0.37887415289878845,0.4905126690864563,0.27163752913475037,0.47856220602989197,0.34230440855026245,0.49604228138923645,0.6426620483398438
step,0.672,1.3838788270950317,1.156506061553955,1.1730047464370728,0.9423130750656128,0.7184842824935913,0.8385030031204224,1.1112251281738281,1.464775562286377,1.1738700866699219,1.0529873371124268,1.0458751916885376,0.6860835552215576,0.5212546586990356,0.7435413599014282,0.947184145450592,0.8073514699935913,0.7133480310440063,0.8871991634368896,0.8289679884910583,1.3138294219970703,0.9855734705924988,0.8047192096710205,1.1803113222122192,1.0075273513793945,0.2287454903125763,0.21343620121479034,0.17074306309223175,0.1554742157459259,0.26705092191696167,0.09498551487922668,0.1690298318862915,0.306869238615036,0.025903495028614998,0.16078609228134155,0.1462469846010208,0.16072838008403778,0.15291672945022583,0.17241188883781433,0.08430004119873047,0.06496316194534302,0.15471063554286957,0.12171351909637451,0.09387372434139252,0.054273951798677444,0.058766111731529236,0.09897059947252274,0.04226059466600418,0.18645504117012024
step,0.529,1.4897654056549072,1.2598730325698853,0.7906399965286255,0.6266779899597168,0.8179628849029541,0.5272210836410522,1.1741138696670532,0.8291460275650024,0.7342373132705688,0.6510728597640991,0.43762946128845215,0.5574310421943665,1.1583976745605469,0.7687883377075195,0.7022899389266968,1.419729232788086,0.9484021663665771,1.164986491203308,1.548867106437683,1.7733511924743652,1.673583984375,1.7513527870178223,2.006777286529541,1.2435040473937988,0.42216137051582336,0.3466166853904724,0.4778328537940979,0.3816198408603668,0.45273107290267944,0.3693649172782898,0.3494024872779846,0.4745267331600189,0.4027373492717743,0.440757691860199,0.4977463483810425,0.3119522035121918,0.24524301290512085,0.3363984227180481,0.43352702260017395,0.30032122135162354,0.43749597668647766,0.4622625708580017,0.31885021924972534,0.20492081344127655,0.09283386915922165,0.2103511095046997,0.04338067024946213,0.2025090605020523
step,0.46,0.8093395233154297,0.5987153649330139,0.6209489107131958,0.3039454221725464,0.7644760608673096,0.6045305728912354,0.5277390480041504,0.2678452730178833,0.36233627796173096,0.6401506662368774,0.6833348274230957,0.32564520835876465,0.4149476885795593,0.5206287503242493,0.6663733720779419,0.9058759808540344,1.1393178701400757,0.9980101585388184,1.1676113605499268,1.0110067129135132,0.9270991086959839,1.122545838356018,0.749711811542511,1.0353842973709106,0.434526264667511,0.4335780143737793,0.6721704602241516,0.6678899526596069,0.3906387686729431,0.5864994525909424,0.5841299891471863,0.5995458364486694,0.5257145762443542,0.42545121908187866,0.3917085528373718,0.41220784187316895,0.48516565561294556,0.6924517750740051,0.8376762866973877,0.8307238817214966,0.6486037969589233,0.47120803594589233,0.36260128021240234,0.472586452960968,0.5047073364257812,0.6036509871482849,0.7209682464599609,0.865493893623352
step,0.699,1.2096585035324097,1.1723860502243042,1.0630261898040771,1.2537312507629395,1.4211732149124146,0.987631618976593,1.1403130292892456,1.9879323244094849,1.9552205801010132,1.7414326667785645,2.240877628326416,2.094768524169922,2.538191318511963,2.729959487915039,2.238922119140625,2.421020269393921,1.680734395980835,2.2754204273223877,2.350931167602539,2.108309268951416,1.6126065254211426,1.465216875076294,1.2560374736785889,1.0710477828979492,0.38126519322395325,0.45546138286590576,0.24264203011989594,0.34630048274993896,0.3136456310749054,0.519599437713623,0.5505208969116211,0.37848925590515137,0.3889118432998657,0.36349770426750183,0.39341723918914795,0.4523410201072693,0.33152106404304504,0.3663969933986664,0.3523356020450592,0.35960057377815247,0.5016254186630249,0.330800861120224,0.5078542828559875,0.3141954839229584,0.40214696526527405,0.45748370885849,0.3616584241390228,0.49706414341926575
step,0.286,1.6714487075805664,1.9491322040557861,1.723350167274475,2.226815700531006,2.1430463790893555,1.8168126344680786,1.0414607524871826,0.8443566560745239,0.8836883306503296,1.4274539947509766,1.5531234741210938,1.4518159627914429,0.967337429523468,1.2204903364181519,0.9186187982559204,1.0299350023269653,1.7017909288406372,1.7137763500213623,1.5506799221038818,1.1720715761184692,1.1176148653030396,1.175952672958374,1.571879267692566,1.494087815284729,1.0213572978973389,0.8433762192726135,0.9792319536209106,0.885278582572937,0.9159848690032959,1.1874690055847168,0.781134307384491,0.47423532605171204,0.7356922626495361,0.9060584902763367,1.419303059577942,1.2327477931976318,1.0602056980133057,1.0852115154266357,1.0259923934936523,0.998893141746521,1.041853427886963,1.158748984336853,1.2009912729263306,0.8664940595626831,1.0407451391220093,0.7422093749046326,0.7115723490715027,0.8449695110321045
step,0.327,1.9710196256637573,1.7717684507369995,2.0810470581054688,1.7063528299331665,1.467575192451477,0.9235818982124329,1.249758005142212,1.5224907398223877,1.729699969291687,1.725144624710083,1.476396083831787,1.254414439201355,0.854543924331665,1.1674286127090454,1.7288174629211426,1.7322893142700195,1.7423920631408691,2.0476624965667725,1.6424866914749146,1.997607946395874,1.0791362524032593,1.146955132484436,1.2011733055114746,1.6236052513122559,0.8594754338264465,1.0078377723693848,1.0512933731079102,0.7886642217636108,0.9717351794242859,0.9772804975509644,0.7026523947715759,0.5468832850456238,0.4214669167995453,0.43938544392585754,0.48104703426361084,0.3685601055622101,0.24970926344394684,0.13055524230003357,0.2900409400463104,0.30068454146385193,0.7711918950080872,0.4891931116580963,0.2791156768798828,0.41231945157051086,0.3073975145816803,0.4869175851345062,0.5753992199897766,0.5836120843887329
step,0.686,1.4565513134002686,1.4014039039611816,1.0154354572296143,0.46675801277160645,0.8418536186218262,0.9009964466094971,0.8107388019561768,0.810631513595581,0.7167068123817444,0.8174113035202026,0.8682419061660767,1.029970407485962,1.0383840799331665,0.7990578413009644,0.3479244112968445,0.4390110969543457,0.0,0.0,0.6247679591178894,0.6245936155319214,0.2791661024093628,0.47836482524871826,0.48038679361343384,0.6153562068939209,0.055965688079595566,0.051242388784885406,0.15105409920215607,0.31780344247817993,0.31226715445518494,0.23380887508392334,0.19432881474494934,0.231649249792099,0.3290455937385559,0.26250895857810974,0.4533245861530304,0.4315824806690216,0.5748990178108215,0.43485620617866516,0.5519858598709106,0.5837275981903076,0.29509004950523376,0.3591911196708679,0.3615068793296814,0.4293782711029053,0.2999644875526428,0.2853969633579254,0.3065240681171417,0.37203413248062134
step,0.469,0.9581326246261597,0.9713736176490784,0.7031713724136353,1.3804285526275635,1.1355490684509277,0.8744252920150757,0.6204630136489868,0.8109959363937378,0.8463002443313599,1.0236061811447144,1.0801141262054443,1.302625298500061,1.1643805503845215,1.3368841409683228,1.1658556461334229,1.2579448223114014,1.4008300304412842,1.3988041877746582,0.9683949947357178,1.462580680847168,1.1541441679000854,1.5178492069244385,1.2446240186691284,1.350314974784851,0.598910391330719,0.8930505514144897,0.5282802581787109,0.5938994288444519,0.683563768863678,0.5291324853897095,0.4662719666957855,0.32082605361938477,0.3547152876853943,0.4355861246585846,0.5391585230827332,0.5749994516372681,0.5172839760780334,0.6155228614807129,0.559022068977356,0.41771161556243896,0.39557743072509766,0.4436105787754059,0.6869156360626221,0.5227624773979187,0.540786862373352,0.28937897086143494,0.5361583828926086,0.7653759717941284
step,0.508,0.0,0.05286705493927002,0.185757577419281,0.0,0.0,0.0,0.0312269926071167,0.20109635591506958,0.1567479968070984,0.0,0.3220216631889343,0.2505216598510742,0.03540658950805664,0.504269540309906,0.64134681224823,0.8260304927825928,0.9323392510414124,0.7260501384735107,0.8424360752105713,0.9470891952514648,1.0892672538757324,0.5433804392814636,0.8192511200904846,1.0853229761123657,0.5087746381759644,0.5496920943260193,0.38818421959877014,0.6128800511360168,0.3206554651260376,0.5014267563819885,0.23165546357631683,0.2949957251548767,0.3517499566078186,0.5138630867004395,0.2838590443134308,0.4716716706752777,0.48055535554885864,0.5174150466918945,0.7333572506904602,0.7049940824508667,0.8482897281646729,0.36335650086402893,0.386185884475708,0.16977591812610626,0.5670216083526611,0.4740901291370392,0.41012272238731384,0.2182672768831253
step,0.202,0.41372811794281006,0.05354571342468262,0.505662202835083,0.36726051568984985,0.482035756111145,0.5643664598464966,0.8259288668632507,0.9471819996833801,0.6542104482650757,1.152590036392212,1.6047829389572144,1.086719274520874,1.4005414247512817,0.948477029800415,1.5519767999649048,1.7935428619384766,1.6592071056365967,1.854358434677124,1.5102168321609497,1.360274314880371,1.0957025289535522,2.1719770431518555,2.4293880462646484,2.378994941711426,2.049867630004883,2.0517311096191406,2.125265598297119,2.0518271923065186,1.865710973739624,1.6073482036590576,1.416812539100647,1.19696843624115,1.4888761043548584,1.457463026046753,1.027906060218811,0.47204121947288513,0.8891847729682922,0.9200844764709473,1.2782453298568726,1.6488255262374878,2.0501928329467773,1.6572794914245605,1.258499026298523,1.2515466213226318,1.1122400760650635,1.2986522912979126,1.3436954021453857,1.7433726787567139
step,0.311,0.7116767168045044,0.4205572009086609,0.4126635193824768,0.8930896520614624,1.1610151529312134,1.0896652936935425,1.7550537586212158,1.5175148248672485,1.4659762382507324,1.430832028388977,1.5375076532363892,1.5262231826782227,1.5395326614379883,1.2267171144485474,1.1897565126419067,1.1307200193405151,0.8663839101791382,1.0619295835494995,0.9624484777450562,1.1367008686065674,0.7339694499969482,0.5101606249809265,0.40020185708999634,0.3634952902793884,0.21834255754947662,0.44188833236694336,0.34958329796791077,0.47785207629203796,0.8198105692863464,0.3827197253704071,0.18039357662200928,0.45832541584968567,0.7909339070320129,1.0405274629592896,1.1200666427612305,1.206275224685669,1.0859321355819702,0.8591147065162659,0.9582713842391968,0.6576107144355774,0.20931315422058105,0.40457507967948914,0.3866555392742157,0.6724834442138672,0.5106849074363708,0.7393618822097778,0.9728678464889526,1.158478021621704
step,0.474,0.3055534362792969,0.6365880966186523,0.7836412191390991,0.441161572933197,1.0436111688613892,0.3548561930656433,0.6725653409957886,0.8105629682540894,0.44752174615859985,0.47860246896743774,0.0,0.516865611076355,0.46214383840560913,0.9300592541694641,1.4990060329437256,0.9815021753311157,1.2713189125061035,1.3652188777923584,1.731788158416748,2.274705171585083,2.4422903060913086,2.0996506214141846,1.9570828676223755,1.6707549095153809,0.963601291179657,0.877379834651947,1.0244381427764893,1.2124948501586914,1.3142237663269043,0.8897168040275574,1.088293194770813,0.7668206095695496,0.7487967014312744,0.979386568069458,0.7888564467430115,0.7098667621612549,0.5505484938621521,0.5751910209655762,0.7089470624923706,0.6843790411949158,0.5762860774993896,0.6327046155929565,0.3295068144798279,0.34029173851013184,0.5317923426628113,0.3484937846660614,0.059157464653253555,0.39436012506484985
step,0.42,1.2241535186767578,1.359091877937317,0.8979552388191223,1.4658749103546143,1.0269492864608765,1.2973233461380005,0.972668468952179,0.6833073496818542,0.7187765836715698,1.166843295097351,0.777155876159668,0.7869839072227478,0.6371166706085205,0.6496820449829102,0.600412905216217,0.7622666954994202,0.2702336311340332,0.6508960127830505,0.954180896282196,0.6618713736534119,0.7148169279098511,1.0474872589111328,1.077711820602417,0.8760364055633545,0.650521993637085,0.647829532623291,0.6624045968055725,1.0938024520874023,1.236819863319397,1.4754465818405151,1.2767614126205444,1.116662859916687,1.170912504196167,0.9927951097488403,1.0582466125488281,0.9414141178131104,1.1728205680847168,0.9336496591567993,1.5417448282241821,1.5815116167068481,1.571834921836853,1.4387409687042236,1.0495522022247314,1.2398844957351685,1.157857060432434,1.0642731189727783,1.3631516695022583,1.5164579153060913
step,0.264,0.14260929822921753,0.21148550510406494,0.5005900263786316,0.7710654735565186,0.8054683804512024,0.7116481065750122,0.8301339149475098,0.8415079116821289,0.9230184555053711,0.6831921339035034,1.1043152809143066,0.7503300309181213,0.9321638345718384,1.4687916040420532,1.125630497932434,1.3056368827819824,1.228240728378296,1.5147936344146729,1.5369102954864502,1.0545964241027832,1.1541813611984253,1.0518996715545654,1.3257404565811157,1.5809508562088013,1.0435036420822144,0.9532621502876282,0.9448734521865845,0.9408746957778931,0.799996018409729,0.6721696853637695,0.7611972689628601,1.0137206315994263,0.4565635025501251,0.8596488237380981,0.5931327939033508,0.6243612766265869,0.6879317164421082,0.6908832788467407,0.8991755247116089,0.9928094744682312,0.8085776567459106,0.7471941113471985,0.8760120272636414,0.7865898609161377,0.9190290570259094,1.223492980003357,1.1564035415649414,1.1944528818130493
step,0.209,0.8501514792442322,1.0569087266921997,1.1151399612426758,1.342933177947998,0.808293342590332,1.165067195892334,1.0721285343170166,0.84940505027771,0.7488240599632263,1.0688986778259277,1.2182235717773438,1.0039212703704834,1.2136893272399902,0.5368572473526001,0.024820327758789062,0.33849066495895386,0.4573149085044861,0.7503103017807007,0.4951455593109131,0.8159071803092957,1.1433496475219727,1.0765079259872437,0.8450887203216553,0.9073586463928223,0.861226499080658,0.7818821668624878,1.0616008043289185,0.597682774066925,0.6775928139686584,0.7947304844856262,1.0005913972854614,1.4259791374206543,1.1526457071304321,1.0416597127914429,0.8843263983726501,0.7571585774421692,0.8993411660194397,0.7862250208854675,0.49540188908576965,0.6534925103187561,0.9331697225570679,0.8697558641433716,1.0141555070877075,0.70566725730896,0.42454391717910767,0.1496080607175827,0.3892131745815277,0.22096101939678192
step,0.692,0.4010327458381653,1.106038212776184,0.6771599054336548,1.1288015842437744,1.2126030921936035,1.2043052911758423,0.98689866065979,0.38671815395355225,0.9368640780448914,1.0602409839630127,1.3237993717193604,1.065711259841919,1.4300090074539185,1.3927462100982666,1.4762719869613647,1.3750159740447998,1.3739057779312134,1.0398228168487549,0.9146361947059631,0.7852892875671387,0.8472532033920288,0.9068299531936646,0.9799394607543945,0.938112199306488,0.3271383047103882,0.3039820194244385,0.22878845036029816,0.3673834502696991,0.29358911514282227,0.26807498931884766,0.42232391238212585,0.45108962059020996,0.45751091837882996,0.5917969346046448,0.4688700735569,0.5034724473953247,0.4843863546848297,0.4930952191352844,0.5938719511032104,0.5135865211486816,0.42028188705444336,0.45878058671951294,0.4333069622516632,0.42145389318466187,0.4192224144935608,0.38703301548957825,0.3533490002155304,0.2753197252750397
step,0.523,1.4547553062438965,1.539404273033142,1.4002416133880615,1.5529283285140991,2.125871181488037,2.214064598083496,1.7641468048095703,1.9554102420806885,1.5312848091125488,1.694047212600708,0.9659591913223267,0.7166186571121216,1.1733750104904175,0.877242922782898,1.1755597591400146,1.1185107231140137,1.0902317762374878,1.0225269794464111,0.9874346256256104,1.1254184246063232,1.0423762798309326,1.3991622924804688,1.512626051902771,1.8813657760620117,0.7457585334777832,0.6865827441215515,0.42388036847114563,0.40573450922966003,0.3279688358306885,0.7416796088218689,0.7697911262512207,0.5795294046401978,0.6382303833961487,0.5087681412696838,0.5331986546516418,0.714462399482727,0.7141225337982178,0.5382569432258606,0.7166889905929565,0.6544317603111267,0.7405151128768921,0.7080379724502563,0.7640079259872437,0.8002341389656067,0.7007999420166016,0.7469102144241333,0.8069604635238647,0.8155132532119751
step,0.667,0.7462103366851807,0.0975794792175293,0.326355516910553,0.36799484491348267,0.30508196353912354,0.399594783782959,0.5967838764190674,0.0,0.2528214454650879,0.3864319920539856,0.7509650588035583,0.5880967378616333,0.6989018321037292,0.3889567255973816,0.48298054933547974,0.7731041312217712,1.2044564485549927,1.4183861017227173,1.4892464876174927,1.7959332466125488,0.9475460052490234,1.3448827266693115,1.113287329673767,1.3243731260299683,0.44433945417404175,0.41184696555137634,0.44195953011512756,0.4607413709163666,0.4355080723762512,0.23664623498916626,0.22572380304336548,0.11494437605142593,0.1476597934961319,0.05500117316842079,0.07224420458078384,0.16378097236156464,0.32391825318336487,0.41096290946006775,0.5962345600128174,0.38374069333076477,0.2599709928035736,0.41281259059906006,0.49742311239242554,0.60774165391922,0.623274564743042,0.6434359550476074,0.527446985244751,0.5563854575157166
step,0.295,2.9454405307769775,2.83548641204834,2.7400307655334473,3.02809476852417,2.713590621948242,2.310102939605713,2.270658016204834,2.440694808959961,2.0748486518859863,2.508824110031128,2.088804244995117,2.3542447090148926,2.1380410194396973,1.446767807006836,1.0182286500930786,1.013938069343567,1.1425281763076782,1.6206823587417603,0.8754158020019531,0.923294723033905,1.3521020412445068,0.9873536825180054,1.2584254741668701,1.614071249961853,1.2228456735610962,1.1977064609527588,1.091212511062622,1.2857279777526855,1.3529300689697266,1.179372787475586,1.1645121574401855,0.8231993913650513,0.9932898283004761,0.6377838850021362,0.7793146967887878,1.183480978012085,1.1432665586471558,1.4192734956741333,1.4644455909729004,1.5545092821121216,1.2274901866912842,1.1816352605819702,1.4659327268600464,1.6466315984725952,1.3367500305175781,1.1886816024780273,1.2494972944259644,0.8595506548881531
step,0.303,0.9653650522232056,0.7083604335784912,1.2075653076171875,0.7793478965759277,0.7780598998069763,0.6203998923301697,0.8741886615753174,0.7736186981201172,0.5741317272186279,0.6273466348648071,0.5973480343818665,0.732407808303833,0.6086457967758179,1.0597190856933594,1.5502817630767822,1.195763349533081,1.4276127815246582,1.1448458433151245,0.8404209613800049,0.9175831079483032,0.808856725692749,1.0768860578536987,1.373748540878296,1.528690218925476,0.7016714215278625,0.6874244809150696,0.6705502271652222,0.6571357250213623,0.8203161358833313,0.9600839614868164,0.7493424415588379,0.7009763717651367,1.0932912826538086,0.8855854272842407,0.9133038520812988,0.7789645195007324,0.6334182024002075,0.583923876285553,0.41860082745552063,0.8370712995529175,0.6267959475517273,0.7244658470153809,0.5673702359199524,0.34357431530952454,0.3409385085105896,0.5162582397460938,0.5745509266853333,0.735218346118927
step,0.444,0.0,0.10521423816680908,0.0,0.371010959148407,0.7057693004608154,0.1367681622505188,0.13024598360061646,0.2914178967475891,0.5500074625015259,0.5304911732673645,0.5573316812515259,0.5100760459899902,0.06351983547210693,0.0,0.0,0.0,0.14063382148742676,0.2965737581253052,0.6276789903640747,0.38487672805786133,0.7543849945068359,0.5372039675712585,1.4017564058303833,1.3399686813354492,0.6753367185592651,0.802792489528656,0.8169176578521729,0.9528777003288269,0.9453477263450623,0.7713690996170044,0.8826071619987488,0.998501181602478,0.9416142106056213,0.637223482131958,0.7873752117156982,0.7695103883743286,0.699233889579773,0.9567683339118958,0.7436380982398987,0.5393278002738953,0.5665850639343262,0.3304859399795532,0.8313344717025757,0.8389240503311157,0.6557045578956604,0.4216764271259308,0.5725774168968201,0.7092576622962952
step,0.476,0.7067687511444092,0.9033234715461731,1.2342839241027832,1.3677103519439697,1.3991426229476929,1.1324251890182495,1.6405839920043945,2.332906723022461,2.343670129776001,2.70243501663208,2.6656734943389893,2.131497621536255,1.8193318843841553,1.5337169170379639,1.132334589958191,1.9637508392333984,1.7411504983901978,1.5773863792419434,1.5670946836471558,1.694461464881897,1.0933363437652588,1.434052586555481,1.6018049716949463,1.300140380859375,0.7932952642440796,0.5718125104904175,0.7681123614311218,0.5265236496925354,0.48706066608428955,0.4097178876399994,0.40431714057922363,0.35022836923599243,0.4511905312538147,0.15986938774585724,0.0927962064743042,0.1712423712015152,0.2708212733268738,0.3109598457813263,0.06272570043802261,0.17953802645206451,0.38487398624420166,0.3786509931087494,0.3176315724849701,0.6308867931365967,0.6442287564277649,0.45012685656547546,0.6526559591293335,0.48573851585388184
step,0.472,0.8869445323944092,1.0604203939437866,1.1462815999984741,0.6737438440322876,0.5557042956352234,0.8182066679000854,1.0770795345306396,1.3938353061676025,0.9929749369621277,1.2264440059661865,0.9407282471656799,0.5354866981506348,0.5926265120506287,0.7990291118621826,0.5106689929962158,0.7585763931274414,0.8310590386390686,0.7077929973602295,0.6148445010185242,0.40478330850601196,0.6549866199493408,0.5630237460136414,1.0998872518539429,0.7190593481063843,0.3933756947517395,0.3475300669670105,0.42639344930648804,0.42188960313796997,0.4027356803417206,0.6701036095619202,0.9480053186416626,0.9629248380661011,0.9130998849868774,0.9846562147140503,1.04390549659729,0.7018336653709412,0.7906402945518494,0.6959245204925537,0.8400636315345764,1.1698896884918213,0.9921196103096008,0.8761029243469238,0.7033292651176453,0.5708966851234436,0.6009975671768188,0.7829805612564087,0.9180607795715332,0.9470375180244446
step,0.427,0.0,0.0924839973449707,0.2930062413215637,0.16802215576171875,0.22590875625610352,0.0,0.05462181568145752,0.2523634433746338,0.7483063340187073,0.40442442893981934,0.5133180022239685,0.3225219249725342,0.4372559189796448,0.6720999479293823,0.6344196200370789,0.3982793092727661,0.5834592580795288,0.3292875289916992,0.2751603126525879,0.3286142349243164,0.5406318306922913,0.6350416541099548,0.5758184790611267,0.43750035762786865,0.22984850406646729,0.3959773778915405,0.34205251932144165,0.4576455056667328,0.5761152505874634,0.675082802772522,0.43628451228141785,0.4320104122161865,0.5119970440864563,0.7224285006523132,0.9334203600883484,0.8924157619476318,0.5479975938796997,0.3725675940513611,0.585575520992279,0.6262510418891907,0.6900687217712402,0.7193187475204468,0.5654956102371216,0.6188802123069763,0.9350563287734985,0.8773640394210815,1.1348916292190552,1.2696481943130493
step,0.519,1.2018122673034668,1.3563212156295776,1.3676077127456665,0.8797640204429626,1.4885964393615723,1.1575106382369995,1.0124375820159912,1.1584616899490356,0.9902274012565613,0.7079825401306152,0.42972296476364136,0.38904935121536255,0.5007878541946411,0.5180861949920654,0.7573026418685913,0.5444281697273254,0.48159128427505493,0.11622941493988037,0.9176591634750366,0.6087843179702759,0.4994158148765564,0.3893820643424988,0.48017364740371704,0.7952562570571899,0.12003131955862045,0.12210896611213684,0.0,0.08130022883415222,0.22313348948955536,0.3570459187030792,0.3090817332267761,0.1839919239282608,0.2764069139957428,0.305544376373291,0.2974546551704407,0.3841691315174103,0.08705539256334305,0.16867201030254364,0.10256820917129517,0.2515159547328949,0.3596124053001404,0.2860155403614044,0.4677870571613312,0.3748836815357208,0.21968841552734375,0.44436439871788025,0.4611816704273224,0.6411402225494385
step,0.369,0.9554951786994934,1.1601688861846924,0.9603030681610107,0.9056536555290222,1.0123851299285889,1.049066185951233,1.530423879623413,1.52606999874115,1.3627052307128906,1.5692684650421143,1.683606505393982,2.078702926635742,2.158630847930908,2.4030027389526367,2.385838031768799,2.0530693531036377,2.276592493057251,1.947615623474121,2.0177648067474365,2.1671032905578613,1.7372972965240479,1.9710898399353027,1.591193437576294,1.2971806526184082,0.7982619404792786,1.1502143144607544,1.2716141939163208,1.3998461961746216,1.2172868251800537,1.288608193397522,1.068626046180725,1.2130650281906128,1.0587577819824219,0.9400174617767334,1.1370875835418701,0.9154089689254761,0.9364039897918701,0.9340383410453796,1.0083893537521362,0.9160911440849304,0.9612505435943604,0.8100053668022156,0.61162930727005,0.6474567651748657,0.527716338634491,1.0124537944793701,0.7896119356155396,0.7512146830558777
step,0.338,0.8914861679077148,0.3473910093307495,0.021826505661010742,0.313654363155365,0.5445569753646851,0.7542470693588257,0.0,0.0,0.6658825874328613,0.37224411964416504,0.22789978981018066,0.46032845973968506,0.8410645723342896,0.6727972030639648,0.6798195838928223,1.0146212577819824,1.4006121158599854,0.5574539303779602,0.6561157703399658,0.635087251663208,0.6035488843917847,0.4996528625488281,1.3088092803955078,1.0230441093444824,0.45005565881729126,0.7264244556427002,1.338206171989441,1.673019528388977,2.007336378097534,2.0193495750427246,1.636759638786316,1.6302627325057983,1.5009253025054932,1.2970292568206787,1.213107705116272,1.4636098146438599,1.0230107307434082,1.1061745882034302,1.0641077756881714,1.0258070230484009,0.6896732449531555,0.6992196440696716,0.5633637309074402,0.8344667553901672,1.3382456302642822,1.6098828315734863,1.5700608491897583,1.6308220624923706
step,0.277,0.9609752893447876,0.5490043759346008,0.6270396709442139,0.8658554553985596,1.3037745952606201,0.868800163269043,0.7165831327438354,0.9676840305328369,1.1541565656661987,1.1697568893432617,1.0226919651031494,1.001916527748108,0.705916166305542,0.5930309295654297,0.6824391484260559,0.5249812602996826,0.35150396823883057,0.628690242767334,0.4955631494522095,0.9958614706993103,0.9064001441001892,1.359412670135498,1.5378921031951904,1.345109224319458,0.7039843797683716,0.8918599486351013,0.9613020420074463,0.6312664747238159,0.8500472903251648,0.8298371434211731,0.9435402154922485,0.965594470500946,1.0380725860595703,0.8271982669830322,0.8923680782318115,0.7592553496360779,1.0460312366485596,1.0110422372817993,0.8222183585166931,0.7140893936157227,0.8186728954315186,0.7093293070793152,0.4652539789676666,1.1126154661178589,1.359986662864685,1.12083899974823,0.9574184417724609,0.6182467937469482
step,0.585,0.8683850765228271,1.745272159576416,1.6339209079742432,1.4975301027297974,2.0045156478881836,1.5514174699783325,1.0751508474349976,0.7526122331619263,1.4721460342407227,1.4377307891845703,1.2978345155715942,1.0808159112930298,1.7751612663269043,2.8109445571899414,2.118985176086426,2.1283092498779297,2.32275128364563,2.190751075744629,2.090742588043213,2.421854257583618,1.9965665340423584,1.4942132234573364,2.1529390811920166,1.6929259300231934,0.8412653207778931,0.7924671173095703,0.3756166994571686,0.5544950366020203,0.46069446206092834,0.5768918395042419,0.5581519603729248,0.3473871946334839,0.7159560322761536,0.5629835724830627,0.4403044581413269,0.35498520731925964,0.0,0.10328620672225952,0.19977161288261414,0.07211596518754959,0.2576320767402649,0.19747969508171082,0.3014473617076874,0.33377814292907715,0.43072760105133057,0.3557582199573517,0.3973521292209625,0.405392587184906
step,0.765,1.3638536930084229,1.6106418371200562,2.0155844688415527,1.8443806171417236,1.6716463565826416,1.584723711013794,1.5126748085021973,1.2269620895385742,1.5496439933776855,1.6904628276824951,1.5800905227661133,1.7062451839447021,0.936861515045166,1.100676417350769,0.8920917510986328,1.766709566116333,1.560795783996582,1.2473331689834595,0.8561244606971741,1.011609673500061,1.2018630504608154,1.0936601161956787,1.1783390045166016,1.4162589311599731,0.3501572906970978,0.289225697517395,0.21983835101127625,0.24077925086021423,0.12222188711166382,0.12705819308757782,0.18811668455600739,0.14954349398612976,0.16052375733852386,0.15914860367774963,0.2623245120048523,0.24039605259895325,0.11897361278533936,0.09189780801534653,0.15534968674182892,0.21072830259799957,0.17783144116401672,0.12322426587343216,0.19002623856067657,0.2622004747390747,0.16884008049964905,0.006426526233553886,0.1675570011138916,0.05103888362646103
step,0.623,1.077584147453308,1.5353281497955322,1.1714375019073486,2.277468204498291,2.229688882827759,2.467526912689209,3.2667341232299805,3.297694206237793,2.8969273567199707,2.6347012519836426,2.753141403198242,2.9114456176757812,2.1265039443969727,0.33022749423980713,1.049114465713501,1.2560266256332397,0.9576672315597534,1.3072309494018555,2.02771258354187,1.8755121231079102,1.6473538875579834,1.342138648033142,1.1499779224395752,1.4920295476913452,0.6380832195281982,0.6774647831916809,0.45535242557525635,0.2877293527126312,0.36325016617774963,0.4334518611431122,0.26530107855796814,0.2548663914203644,0.21911460161209106,0.42712104320526123,0.4866493046283722,0.7590970396995544,0.8327994346618652,0.3593941032886505,0.425380140542984,0.26617735624313354,0.15808485448360443,0.44025593996047974,0.5372907519340515,0.5808182954788208,0.5038578510284424,0.7087740302085876,0.8277494311332703,1.15683114528656
step,0.752,0.7608668804168701,0.0,0.0,0.6643606424331665,0.04237043857574463,0.38757896423339844,0.6773825287818909,0.4650111198425293,0.16841858625411987,0.8659794330596924,0.26949143409729004,0.28330034017562866,1.13540518283844,0.7236573100090027,1.3760325908660889,1.4706742763519287,1.2011197805404663,1.2673485279083252,1.2024459838867188,1.1477588415145874,1.074115514755249,0.9512555599212646,1.2430272102355957,1.1997151374816895,0.1511339396238327,0.1232263371348381,0.04678776487708092,0.2649964690208435,0.4442063271999359,0.3219739496707916,0.23975935578346252,0.30732086300849915,0.1544506996870041,0.29389089345932007,0.2509850859642029,0.3250736892223358,0.24559910595417023,0.20251040160655975,0.05252785235643387,0.23906786739826202,0.1496489942073822,0.21600307524204254,0.16531336307525635,0.03855884075164795,0.02250039391219616,0.1466113030910492,0.26940175890922546,0.28688573837280273
step,0.51,0.9651164412498474,1.0047225952148438,0.9961528778076172,1.269586205482483,1.1054041385650635,0.9001437425613403,1.2402958869934082,1.659269094467163,1.1434543132781982,1.514918327331543,1.5106494426727295,1.8062021732330322,1.0094629526138306,1.0220504999160767,0.842411994934082,1.2586028575897217,1.0698719024658203,0.8751049637794495,1.1617156267166138,1.3576360940933228,0.8653815984725952,0.5967251062393188,0.8306112289428711,1.242055892944336,0.6451455950737,0.6743029356002808,0.7606229186058044,0.6920899152755737,0.7242106795310974,0.4355272352695465,0.26770076155662537,0.3473246097564697,0.6048786640167236,0.6082040071487427,0.7233255505561829,0.6520397067070007,0.536923348903656,0.719819962978363,0.5373578071594238,0.5908635854721069,0.5872016549110413,0.6373162269592285,0.3965972363948822,0.32645171880722046,0.29146215319633484,0.4787804186344147,0.5394651889801025,0.7018453478813171
step,0.735,1.1032047271728516,1.2628285884857178,1.0414565801620483,1.2201809883117676,1.0052472352981567,1.035014033317566,1.293503999710083,1.6750322580337524,1.4473168849945068,1.2147284746170044,1.3653944730758667,1.7523400783538818,1.4324284791946411,1.6713154315948486,1.335416316986084,1.0095534324645996,1.162083387374878,1.5121612548828125,1.2066738605499268,1.5309288501739502,1.4790029525756836,0.9031412601470947,0.812551736831665,0.6534420251846313,0.2320358157157898,0.2112959325313568,0.3317280411720276,0.34706002473831177,0.32417866587638855,0.3177025318145752,0.4171687364578247,0.38248246908187866,0.4866812825202942,0.497196763753891,0.5288415551185608,0.4004322290420532,0.47592151165008545,0.4464433789253235,0.3640122413635254,0.33904722332954407,0.37246695160865784,0.3666451573371887,0.3582690358161926,0.31123611330986023,0.3040367662906647,0.24942634999752045,0.23202596604824066,0.26077964901924133
step,0.21,1.4201414585113525,0.5715698599815369,0.636113166809082,1.155774474143982,0.8004428744316101,0.8978570699691772,0.8043938279151917,1.0021480321884155,1.179347038269043,1.3325409889221191,1.0907657146453857,1.2362760305404663,1.2064690589904785,1.2660552263259888,1.399608850479126,1.5009698867797852,1.4606683254241943,1.8888795375823975,2.6378087997436523,2.268702507019043,3.085468292236328,2.9731650352478027,2.2782745361328125,2.058443307876587,1.8858401775360107,1.535225510597229,1.3012446165084839,1.41911780834198,0.9048105478286743,0.7202637195587158,0.4398999512195587,0.7964271903038025,0.49645471572875977,0.9406794309616089,0.5037569999694824,0.6211361289024353,0.6324325799942017,0.13865621387958527,0.41078847646713257,0.6545974612236023,0.2283327430486679,0.38628312945365906,0.37719202041625977,0.1991175264120102,0.27978411316871643,0.4299200773239136,0.6495503783226013,0.799128532409668
step,0.657,0.6153043508529663,0.6778430938720703,0.8101540207862854,0.6810973286628723,0.7315337657928467,0.6596155166625977,0.8190600275993347,0.6113393306732178,0.30430901050567627,0.47417765855789185,0.3253672122955322,0.4965033531188965,0.5747694373130798,1.0298033952713013,1.1216764450073242,0.934140145778656,0.8046553134918213,1.1116842031478882,0.9526146650314331,0.6674810647964478,0.9713221788406372,0.9551950693130493,0.6335455775260925,0.948708713054657,0.3270834684371948,0.37990111112594604,0.40223848819732666,0.41560542583465576,0.5706363916397095,0.418974906206131,0.4450528621673584,0.5673535466194153,0.6801548600196838,0.5883904099464417,0.4714951813220978,0.33015888929367065,0.4331716299057007,0.4732552766799927,0.37720951437950134,0.2642729580402374,0.3016557991504669,0.34408310055732727,0.23247294127941132,0.186654195189476,0.18708200752735138,0.32258039712905884,0.1549610197544098,0.3428659737110138
step,0.602,1.112509846687317,0.8285969495773315,1.179361343383789,1.287355899810791,1.084649920463562,1.2728997468948364,1.0061771869659424,0.7437393665313721,1.1332563161849976,1.0685640573501587,1.2842581272125244,1.2671799659729004,1.1265214681625366,0.7180736064910889,1.5008022785186768,1.418651819229126,1.599151611328125,1.7419917583465576,1.3963645696640015,1.6241319179534912,1.7750214338302612,1.6178882122039795,1.459567666053772,1.170257329940796,0.4088875353336334,0.34888243675231934,0.33249470591545105,0.31830769777297974,0.31964585185050964,0.21313579380512238,0.306368887424469,0.32625889778137207,0.2564791738986969,0.22067497670650482,0.3954129219055176,0.4115605354309082,0.5064759254455566,0.5349453091621399,0.4786757528781891,0.39085718989372253,0.5034414529800415,0.3838326930999756,0.5110545754432678,0.48020684719085693,0.49729040265083313,0.3944902718067169,0.35080206394195557,0.4396253526210785
step,0.748,1.2683252096176147,1.2219688892364502,0.9087370038032532,0.846042811870575,0.7513890862464905,0.530783474445343,0.6253653764724731,0.2821412682533264,0.5680254101753235,0.14139336347579956,0.2725861668586731,0.0,0.12868231534957886,0.12911462783813477,0.07323312759399414,0.2788124680519104,0.0,0.07013893127441406,0.46327656507492065,0.4163820743560791,0.6499097347259521,0.40101414918899536,0.3946475386619568,0.3634946942329407,0.09067026525735855,0.0770595595240593,0.0832456722855568,0.022890321910381317,0.05724502354860306,0.07830455154180527,0.13805092871189117,0.05128693953156471,0.055354636162519455,0.0485161729156971,0.08363616466522217,0.0835435688495636,0.04863349720835686,0.17049214243888855,0.11152416467666626,0.16233116388320923,0.16135971248149872,0.1446133255958557,0.1515285223722458,0.1586698740720749,0.17944486439228058,0.17899926006793976,0.2258792668581009,0.29955193400382996
step,0.344,2.8389158248901367,2.6634931564331055,1.7657285928726196,1.4348866939544678,1.3849148750305176,0.9065815806388855,1.3081001043319702,1.437002182006836,0.7621521353721619,1.2669298648834229,1.0505118370056152,0.7226057052612305,1.1833219528198242,1.06565260887146,1.382561445236206,1.5203992128372192,1.6447110176086426,1.114528775215149,1.1336817741394043,1.3135157823562622,1.2633171081542969,2.1355409622192383,2.0539958477020264,2.132510185241699,1.0362740755081177,0.7772677540779114,0.7601010799407959,0.8870234489440918,1.0611939430236816,1.3178019523620605,1.297541618347168,0.945775032043457,1.0883713960647583,0.829822301864624,0.9346230030059814,1.1059527397155762,0.9213210940361023,0.7770675420761108,0.8681627511978149,0.848512589931488,1.2928454875946045,1.149818778038025,0.7876598238945007,1.166155219078064,1.4125813245773315,1.853554129600525,2.080876350402832,2.2036356925964355
step,0.701,1.774788737297058,1.4445416927337646,1.1095057725906372,1.5925925970077515,1.7198336124420166,1.7228403091430664,1.7050479650497437,1.5448988676071167,1.4632835388183594,1.6602377891540527,1.1780604124069214,1.1090370416641235,0.757286548614502,0.5668544173240662,0.34835541248321533,0.5630263090133667,0.3651326894760132,0.8550145626068115,0.970953643321991,1.2431551218032837,1.2222541570663452,1.4630131721496582,1.1894986629486084,1.4222962856292725,0.4211025834083557,0.3192111849784851,0.28898677229881287,0.2640540301799774,0.19801302254199982,0.3646053373813629,0.4308961033821106,0.3947981894016266,0.4451570212841034,0.2865259051322937,0.32618293166160583,0.31701552867889404,0.3314126133918762,0.30645906925201416,0.3216804563999176,0.3424797058105469,0.2761109173297882,0.32736262679100037,0.3341118395328522,0.4432043135166168,0.3419097363948822,0.34198126196861267,0.388522207736969,0.28605663776397705
step,0.752,0.0,0.05286705493927002,0.185757577419281,0.0,0.0,0.0,0.0312269926071167,0.20109635591506958,0.1567479968070984,0.0,0.3220216631889343,0.2505216598510742,0.03540658950805664,0.504269540309906,0.64134681224823,0.8260304927825928,0.9323392510414124,0.7260501384735107,0.8424360752105713,0.9470891952514648,1.0892672538757324,0.5433804392814636,0.8192511200904846,1.0853229761123657,0.2561529278755188,0.27675366401672363,0.19543923437595367,0.3085669279098511,0.16144050657749176,0.2524535059928894,0.1166316494345665,0.14852160215377808,0.1770956665277481,0.25871482491493225,0.14291460812091827,0.23747269809246063,0.24194537103176117,0.2605031132698059,0.36922359466552734,0.3549436032772064,0.4270887076854706,0.18293923139572144,0.19443313777446747,0.08547713607549667,0.2854785621166229,0.2386903166770935,0.2064846158027649,0.10989110171794891
step,0.487,0.05116462707519531,0.021454930305480957,0.5983573794364929,0.7007293701171875,0.8359977006912231,0.8714063763618469,0.7864589691162109,0.5623635649681091,0.543588399887085,0.9744763374328613,1.007050633430481,1.2190243005752563,0.9736379981040955,1.1195223331451416,0.7275390625,1.2565343379974365,1.2413768768310547,1.1462162733078003,0.9976268410682678,1.005887508392334,0.7291080951690674,0.9723291397094727,1.3765575885772705,0.9809023141860962,0.6224884390830994,0.5382208228111267,0.4691576659679413,0.5865837931632996,0.6694762110710144,0.693911612033844,0.44180062413215637,0.40728357434272766,0.44340717792510986,0.3322450518608093,0.17321385443210602,0.03396613523364067,0.2441929280757904,0.2598726749420166,0.3321360945701599,0.23733718693256378,0.12659689784049988,0.20385532081127167,0.29340261220932007,0.35455724596977234,0.32087311148643494,0.45913928747177124,0.39024659991264343,0.5290263295173645
step,0.71,0.2910802364349365,0.2855132222175598,0.0,0.100044846534729,0.0,0.18944627046585083,0.0,0.4679821729660034,0.6046977639198303,0.9615617394447327,1.0251975059509277,1.3706883192062378,0.977717936038971,1.1181639432907104,0.8725146055221558,1.2071229219436646,1.0753051042556763,1.777918815612793,1.4638850688934326,1.3216125965118408,1.0539904832839966,1.2621588706970215,0.8120479583740234,0.6017429232597351,0.258402019739151,0.2598705291748047,0.2892402410507202,0.2488754689693451,0.20712879300117493,0.34741494059562683,0.33090394735336304,0.25207197666168213,0.11623755842447281,0.23765064775943756,0.20914046466350555,0.09647837281227112,0.03927003592252731,0.038891617208719254,0.10567238181829453,0.17314516007900238,0.22452346980571747,0.19119076430797577,0.06321586668491364,0.0,0.07148321717977524,0.15058963000774384,0.2518466114997864,0.13350597023963928
step,0.337,0.9350615739822388,0.43011510372161865,0.5466194152832031,0.5039382576942444,0.6003550887107849,0.6240364909172058,0.5453886389732361,0.5053293108940125,0.24829930067062378,0.5411350727081299,0.6270428895950317,0.7883498668670654,0.8656752705574036,0.5815858840942383,0.4519338011741638,0.3377535939216614,0.4374915361404419,0.03474140167236328,0.4107038974761963,0.6894164085388184,0.35991114377975464,0.3679995536804199,0.4184052348136902,0.5642932653427124,0.25716301798820496,0.44024786353111267,0.38347285985946655,0.3872971534729004,0.252175509929657,0.37601426243782043,0.23195450007915497,0.22125691175460815,0.7072920203208923,0.56194007396698,0.580216109752655,0.6761919260025024,0.7449231743812561,0.8407760858535767,0.8355085253715515,0.7448762059211731,0.6513028144836426,0.6543209552764893,0.7595565915107727,0.6786123514175415,0.6286229491233826,0.6581695675849915,0.6922539472579956,0.9983603954315186
step,0.423,1.4713681936264038,1.55998694896698,1.8074995279312134,1.9946892261505127,1.8764225244522095,1.5850260257720947,2.046628713607788,1.7102599143981934,1.528921365737915,2.0444865226745605,2.037001609802246,1.5028512477874756,1.8057646751403809,1.116553783416748,0.9575618505477905,1.3139629364013672,0.8435347080230713,0.9021327495574951,1.2136023044586182,0.8951791524887085,0.8423646688461304,0.4432827830314636,0.46217721700668335,0.7040953636169434,0.6817264556884766,0.45623907446861267,0.398723304271698,0.3087407052516937,0.5286850929260254,0.6240168809890747,0.797832190990448,0.5398238301277161,0.49168699979782104,0.6533610224723816,0.7890713810920715,0.8808757662773132,0.5883708596229553,0.510958731174469,0.7395735383033752,1.1551493406295776,1.236480474472046,1.000345230102539,0.9941437244415283,0.9394992589950562,0.8234192132949829,0.84232497215271,0.925780177116394,0.7861124277114868
step,0.634,0.20718055963516235,0.16001439094543457,0.055864572525024414,0.4394266605377197,0.6776695251464844,0.7175348997116089,0.9677881002426147,0.7872872948646545,0.6784080266952515,0.6870654821395874,0.7710769772529602,0.7091584801673889,0.7540679574012756,0.5950309634208679,0.47707849740982056,0.2769627571105957,0.5742608904838562,0.8413076996803284,0.6166186928749084,1.452221155166626,1.3070366382598877,1.3218789100646973,1.2609450817108154,1.0870927572250366,0.3803938031196594,0.5355333685874939,0.48249784111976624,0.5261250138282776,0.48408082127571106,0.46312686800956726,0.35524097084999084,0.35880047082901,0.4281649887561798,0.4135231375694275,0.1904442459344864,0.1314113289117813,0.17031528055667877,0.2705644369125366,0.24374225735664368,0.3543771505355835,0.36671459674835205,0.27892938256263733,0.34040507674217224,0.3268758952617645,0.28468388319015503,0.28855064511299133,0.3721793591976166,0.4170488715171814
step,0.385,0.39762449264526367,0.903954029083252,0.8604356050491333,0.8582336902618408,0.8734486103057861,0.7069486379623413,1.091437816619873,1.28043532371521,1.3225862979888916,1.2370694875717163,1.1929482221603394,1.2173291444778442,2.390019416809082,1.9394550323486328,2.098814010620117,2.052243232727051,1.7730493545532227,1.4599525928497314,0.971080482006073,1.1545944213867188,0.9285325407981873,1.0396432876586914,1.2451320886611938,1.3525190353393555,0.712767481803894,0.6667633056640625,0.5155752897262573,0.47179046273231506,0.6563233137130737,0.6319699287414551,0.9801852107048035,0.6107189059257507,0.5418665409088135,0.8390786647796631,0.901239812374115,0.6610863208770752,0.8267948031425476,0.6272490620613098,0.7232300639152527,0.5342839956283569,0.8713979721069336,0.6900860071182251,0.5181459784507751,0.6504791975021362,0.30221036076545715,0.4275267422199249,0.6330279111862183,0.43785446882247925
step,0.668,0.0,0.1434594988822937,0.23407161235809326,0.6452810168266296,0.859391450881958,0.44802016019821167,0.7527039051055908,0.7715502977371216,1.0001165866851807,0.8164507150650024,0.7760821580886841,0.7358430624008179,0.6435355544090271,0.6340725421905518,0.8133176565170288,0.4841795563697815,0.6525561213493347,0.6749787330627441,0.770409345626831,0.5889561772346497,0.8363996744155884,0.4609328508377075,0.35776227712631226,0.38402557373046875,0.27528366446495056,0.332263708114624,0.3501710891723633,0.2469204217195511,0.20279330015182495,0.2065495401620865,0.18653690814971924,0.21848809719085693,0.1719954013824463,0.19988039135932922,0.17551709711551666,0.3383290767669678,0.5066227912902832,0.521276593208313,0.6268301606178284,0.7107246518135071,0.5232696533203125,0.6756758689880371,0.7091740369796753,0.5711411833763123,0.45590758323669434,0.28865402936935425,0.4449761211872101,0.5306046605110168
step,0.382,1.2343103885650635,1.3819572925567627,1.0312522649765015,1.133581519126892,1.0907453298568726,1.4033244848251343,0.93409264087677,1.2828831672668457,1.520798921585083,1.2709957361221313,1.1102709770202637,0.9911350011825562,1.1213679313659668,0.504253625869751,0.678697943687439,1.3968315124511719,1.3769643306732178,1.0129737854003906,1.2421263456344604,1.5349615812301636,1.690521001815796,1.5843619108200073,1.8462352752685547,1.7439870834350586,0.9373549818992615,1.0913883447647095,0.9987691044807434,0.9883358478546143,0.9873355627059937,0.985946774482727,0.797382652759552,0.9019069075584412,0.9762160181999207,0.9010076522827148,0.7375455498695374,0.566720187664032,0.5798935294151306,0.2084103673696518,0.31628748774528503,0.17043150961399078,0.3817581832408905,0.2683176100254059,0.4306478202342987,0.2969966530799866,0.15791606903076172,0.5740377902984619,0.4328003525733948,0.2891591191291809
step,0.373,1.6974456310272217,1.4717140197753906,1.816437840461731,1.8725652694702148,1.589835286140442,0.949322521686554,1.2619003057479858,1.4932163953781128,0.737149715423584,0.9580356478691101,1.0814210176467896,1.0756754875183105,1.1058458089828491,1.186341404914856,1.3509066104888916,1.3115622997283936,1.6438109874725342,1.3236769437789917,0.9997897148132324,1.082149863243103,1.122208595275879,1.4195401668548584,1.345961570739746,1.128474473953247,0.6306483149528503,0.6348283886909485,0.5758411288261414,0.5876172780990601,0.85671067237854,0.9006994962692261,0.6226513385772705,0.4312654435634613,0.6002566814422607,0.5009360909461975,0.6551998257637024,0.67696213722229,0.39321932196617126,0.7676498293876648,0.7795783281326294,0.2565354108810425,0.3131216764450073,0.20925043523311615,0.16315126419067383,0.2382410168647766,0.436966210603714,0.4590861201286316,0.3114107549190521,0.36723825335502625
step,0.339,0.4792290925979614,0.8680586814880371,0.795762300491333,0.7698855996131897,0.9828675985336304,0.6031015515327454,1.0384920835494995,1.4474680423736572,0.8027992248535156,1.3125532865524292,1.5306042432785034,1.7438712120056152,1.6371397972106934,1.7436692714691162,1.5928657054901123,1.9578437805175781,1.4664969444274902,1.9045408964157104,2.0564329624176025,1.7224624156951904,1.4202685356140137,1.3712354898452759,1.3194245100021362,1.7607641220092773,1.0094540119171143,1.080220103263855,0.8010623455047607,0.5700526237487793,0.5588030219078064,0.5162718892097473,0.512945294380188,0.5202089548110962,0.5618572235107422,0.6209313869476318,0.7326927185058594,0.7310750484466553,0.46454352140426636,0.39636722207069397,0.4332734942436218,0.6033833622932434,0.48959457874298096,0.3440715968608856,0.38626983761787415,0.2696612477302551,0.05039741471409798,0.35665270686149597,0.28375574946403503,0.5730759501457214
step,0.431,0.2608186602592468,1.3025918006896973,0.8623932003974915,0.7000930309295654,0.8622663021087646,0.9500541687011719,1.3037550449371338,0.8401625156402588,0.9033163785934448,0.9522510766983032,0.7877812385559082,1.0916221141815186,0.9896812438964844,1.0173324346542358,0.9630517363548279,0.9222939014434814,0.7228662967681885,1.0358372926712036,1.4313498735427856,1.0943818092346191,1.2646878957748413,0.9592669010162354,1.331138014793396,1.2997322082519531,0.6280437707901001,0.7707763910293579,1.0398142337799072,1.1839390993118286,0.8831698894500732,1.062443494796753,1.0765963792800903,1.1411045789718628,1.1893975734710693,1.0197851657867432,0.9955041408538818,0.793463408946991,0.7288731336593628,0.651028573513031,0.9825316667556763,0.5156830549240112,0.538413941860199,0.5835828185081482,0.5597569346427917,0.719059944152832,0.37536486983299255,0.34642937779426575,0.21216252446174622,0.387046754360199
step,0.313,1.236825942993164,1.175881028175354,1.22037935256958,1.6532518863677979,1.9562020301818848,1.8864901065826416,1.5481330156326294,1.4369943141937256,1.5160412788391113,1.3779187202453613,1.23677659034729,1.641326665878296,1.4285873174667358,1.892699956893921,1.8370102643966675,1.6631253957748413,2.2384872436523438,1.664990782737732,1.4812934398651123,1.882037878036499,1.0402041673660278,1.512681245803833,1.4799054861068726,1.6995854377746582,0.7345709800720215,0.8625168204307556,0.8972759246826172,0.8851317763328552,0.5840967893600464,0.9975963234901428,0.9041133522987366,0.8562679290771484,0.6675478219985962,0.7391482591629028,0.9094926714897156,0.849235475063324,0.37699568271636963,0.2196454405784607,0.6925857663154602,0.5051975846290588,0.39967143535614014,0.48043063282966614,0.2973448932170868,0.6558790802955627,0.5849518179893494,0.35287806391716003,0.8273594379425049,0.8777865767478943
step,0.262,1.2863348722457886,1.6090054512023926,1.4936761856079102,1.5949809551239014,1.687629222869873,1.2104661464691162,1.2996678352355957,1.0760573148727417,0.7352833151817322,0.6346661448478699,0.6635650396347046,0.506280243396759,0.06007659435272217,0.6317387819290161,0.7448916435241699,1.1988723278045654,0.9996422529220581,0.6121072769165039,0.5826130509376526,0.6658329963684082,0.06841766834259033,0.561205267906189,0.2979399561882019,0.5798804759979248,0.32830020785331726,0.10596518218517303,0.23846162855625153,0.3470129668712616,0.2985553741455078,0.15544742345809937,0.21779510378837585,0.3663957118988037,0.5061455965042114,0.6504207253456116,0.842549204826355,0.6265833973884583,0.5312210917472839,0.6507223844528198,0.49294304847717285,0.5936960577964783,0.07032333314418793,0.10688544064760208,0.40484893321990967,0.36451059579849243,0.50880366563797,0.6607407331466675,0.5127132534980774,0.3746764063835144
step,0.414,1.1272934675216675,0.8554532527923584,0.5495008230209351,0.4213588237762451,1.122931957244873,1.0948299169540405,1.1594440937042236,1.5167373418807983,1.1060055494308472,1.1576731204986572,0.750948429107666,0.8752676248550415,0.942670464515686,0.9578132629394531,0.9461257457733154,1.116331696510315,1.2676169872283936,1.0287740230560303,0.837418794631958,1.380331039428711,0.8551663160324097,1.2504147291183472,0.9457194209098816,0.6568253040313721,0.6173396706581116,0.5492241978645325,0.610020101070404,0.4581744968891144,0.23862986266613007,0.40375348925590515,0.41264456510543823,0.0,0.42960289120674133,0.17162667214870453,0.0,0.05505897477269173,0.18920119106769562,0.00927658285945654,0.03285566344857216,0.0,0.0,0.0,0.04069919511675835,0.0,0.07452570647001266,0.0,0.004054221790283918,0.21856598556041718
step,0.475,0.9495987892150879,0.6389550566673279,0.37861281633377075,0.9762858748435974,0.978879451751709,0.6666871905326843,1.2043960094451904,0.8913217782974243,0.4256715178489685,0.7384164333343506,0.20346832275390625,0.9565871357917786,0.9387041330337524,0.9734361171722412,0.9912761449813843,1.3498573303222656,1.813077449798584,1.5288536548614502,1.8226850032806396,1.5614171028137207,2.0234174728393555,1.6757553815841675,1.6677653789520264,1.6834297180175781,0.9319794178009033,0.9238067865371704,0.6278960108757019,0.5383920073509216,0.6137087345123291,0.551313579082489,0.4646732807159424,0.6568971872329712,0.7189590334892273,0.6656599044799805,0.6107046008110046,0.6216549873352051,0.54161137342453,0.4209592938423157,0.426222562789917,0.0709751769900322,0.2788045108318329,0.3125205934047699,0.34298422932624817,0.43822458386421204,0.36064329743385315,0.1954440027475357,0.4860190153121948,0.2905018925666809
step,0.735,1.4007917642593384,1.4847196340560913,1.4924461841583252,1.3239762783050537,1.2377204895019531,0.9466239213943481,1.0545551776885986,0.5673917531967163,0.9851735234260559,1.0617555379867554,1.0728669166564941,0.8174348473548889,1.050948143005371,0.8863945603370667,0.9325217604637146,0.875429093837738,1.2169774770736694,1.0201494693756104,1.1754475831985474,0.6744723320007324,1.2172731161117554,1.646131992340088,1.4613845348358154,1.8612418174743652,0.48425954580307007,0.46299096941947937,0.30950355529785156,0.31015297770500183,0.3208425045013428,0.3335281014442444,0.3636455833911896,0.3487001657485962,0.35276317596435547,0.34137192368507385,0.44633185863494873,0.3596348464488983,0.19010083377361298,0.24398671090602875,0.17999570071697235,0.22377026081085205,0.20721322298049927,0.2379138469696045,0.3024616241455078,0.21644119918346405,0.2223883867263794,0.4026471674442291,0.368129700422287,0.4483978748321533
step,0.671,1.2469596862792969,1.2968113422393799,1.1718685626983643,1.1392033100128174,0.9646199345588684,1.5798336267471313,1.2124391794204712,1.2479267120361328,0.7849831581115723,0.8386334180831909,0.5525404214859009,1.0986053943634033,0.8526579141616821,0.8449128866195679,1.1800068616867065,0.902703046798706,1.196434736251831,1.3190255165100098,1.0511257648468018,0.8715323209762573,1.0943087339401245,0.7697798013687134,1.3273241519927979,1.5953007936477661,0.3338097631931305,0.30844646692276,0.46250826120376587,0.35216251015663147,0.37348130345344543,0.30345964431762695,0.4264701008796692,0.39473938941955566,0.33153805136680603,0.388353168964386,0.3872688114643097,0.3251512050628662,0.5230971574783325,0.4930002987384796,0.4298256039619446,0.39690449833869934,0.32104507088661194,0.5305889844894409,0.4954414963722229,0.5505516529083252,0.5201227068901062,0.5087724924087524,0.5083555579185486,0.5766280293464661
step,0.252,0.9098798632621765,0.5857236385345459,0.3468020558357239,0.6039155721664429,0.23315352201461792,0.755878210067749,0.18742889165878296,0.27804845571517944,0.0518878698348999,0.6817030310630798,0.548625111579895,0.9839133620262146,0.8101315498352051,0.5175775289535522,0.06583011150360107,0.12446820735931396,1.051975965499878,0.8231602907180786,0.8152594566345215,0.606817901134491,0.8903772234916687,0.3314123749732971,0.9218466877937317,0.9822486639022827,0.7441162467002869,0.7769880890846252,0.7739231586456299,0.8411197662353516,0.41354501247406006,0.5006935000419617,0.6286026835441589,0.7135876417160034,0.6573973894119263,0.6077794432640076,0.6914626359939575,0.6233489513397217,0.8437160849571228,0.9470217823982239,0.8531419038772583,1.1888887882232666,1.479416847229004,1.4664716720581055,1.3502659797668457,1.0948669910430908,0.4985075294971466,0.8678188323974609,0.816922664642334,1.1373683214187622
step,0.777,0.49207592010498047,0.6094087362289429,0.6062338352203369,0.6766827702522278,0.8239544630050659,0.3858482837677002,0.8080694675445557,0.779452383518219,0.9722692966461182,1.2713834047317505,1.6884455680847168,1.6371114253997803,1.7465243339538574,2.0479836463928223,1.7937517166137695,1.702667236328125,1.318395972251892,1.087592363357544,0.7178833484649658,1.2282977104187012,1.3784269094467163,1.7338285446166992,1.3918015956878662,1.260292887687683,0.19013403356075287,0.09560558944940567,0.26350513100624084,0.3105439245700836,0.3655858337879181,0.2681461274623871,0.26117900013923645,0.29632240533828735,0.17553859949111938,0.24058745801448822,0.24380984902381897,0.21626847982406616,0.22894532978534698,0.21064895391464233,0.11972145736217499,0.175977423787117,0.1949482262134552,0.16755269467830658,0.13254070281982422,0.2885448932647705,0.23887638747692108,0.3446348011493683,0.3194376528263092,0.3096673786640167
step,0.615,1.1475836038589478,1.2265704870224,1.0102434158325195,0.9720941185951233,0.964830219745636,0.8588802814483643,0.4831276535987854,0.3536220192909241,0.07645750045776367,0.2033410668373108,0.16244912147521973,0.6660339832305908,0.6801449060440063,0.5091400742530823,0.07737815380096436,0.0,0.06557941436767578,0.5611681938171387,0.4641381502151489,0.4089021682739258,0.7367955446243286,0.6027947664260864,0.46962809562683105,0.4035959243774414,0.3151862621307373,0.40520524978637695,0.42994964122772217,0.5533468723297119,0.502545952796936,0.5304768681526184,0.43497246503829956,0.5811073184013367,0.6029782295227051,0.9138551950454712,0.8124063014984131,0.8768562078475952,0.9050059914588928,0.69481360912323,0.5868725776672363,0.6065373420715332,0.2956662178039551,0.4226124882698059,0.3126961588859558,0.20028860867023468,0.14661192893981934,0.2652450203895569,0.10506275296211243,0.05003156140446663
step,0.655,0.4459415674209595,0.6002857685089111,0.29566359519958496,0.6347919702529907,0.7134970426559448,0.8353286981582642,1.5004630088806152,1.1511797904968262,1.3891351222991943,1.2404868602752686,0.5644814968109131,1.5325748920440674,1.8159363269805908,1.759674310684204,1.6981287002563477,1.6651427745819092,1.651796817779541,1.4932631254196167,1.497419834136963,1.5532002449035645,1.449212908744812,1.425577163696289,1.428511142730713,1.3154715299606323,0.38737401366233826,0.3106662333011627,0.3696633577346802,0.49745306372642517,0.5544225573539734,0.3636755347251892,0.3418762683868408,0.2879548668861389,0.5733518004417419,0.6554448008537292,0.5866702795028687,0.63606196641922,0.5478390455245972,0.4945710599422455,0.5111609697341919,0.7281070947647095,0.5172762870788574,0.4077342748641968,0.4287480115890503,0.3370628356933594,0.30583080649375916,0.3666894733905792,0.35211876034736633,0.3210141360759735
step,0.683,0.039701104164123535,0.2945936322212219,0.22168099880218506,0.29288196563720703,0.5311477780342102,0.7138664722442627,0.443908154964447,0.6044355034828186,0.4433704614639282,0.4435614347457886,0.2559109330177307,0.33903980255126953,0.08434069156646729,0.007312178611755371,0.0,0.03309166431427002,0.08012223243713379,0.6564621329307556,0.33875954151153564,0.4552420377731323,0.6057239174842834,0.7600404024124146,0.6020328402519226,0.5611522793769836,0.12968362867832184,0.2578216791152954,0.2721293866634369,0.26818791031837463,0.24705994129180908,0.1093488559126854,0.24690520763397217,0.15713663399219513,0.21197019517421722,0.08196409791707993,0.12985098361968994,0.09165062755346298,0.11105728894472122,0.18392297625541687,0.2917467951774597,0.10033116489648819,0.14117716252803802,0.17135924100875854,0.11896853148937225,0.17601056396961212,0.2701888382434845,0.2359490990638733,0.1562022566795349,0.17345207929611206
step,0.666,0.746293306350708,0.6588248014450073,1.0365227460861206,0.9899486303329468,1.0483192205429077,1.0684983730316162,0.7692011594772339,0.5709137320518494,0.3619137406349182,0.5637562870979309,0.744461715221405,0.9415632486343384,1.7233422994613647,1.5117251873016357,1.7346806526184082,1.8265821933746338,2.0811712741851807,2.334986686706543,1.8628227710723877,1.920192003250122,1.4323055744171143,1.750622034072876,2.2243356704711914,1.7799384593963623,0.6202362179756165,0.7115942239761353,0.743438184261322,0.8174238801002502,0.8590756058692932,0.8420307040214539,0.6825758218765259,0.5225765705108643,0.6067209839820862,0.7251369953155518,0.5964813828468323,0.6144466996192932,0.6556370854377747,0.5147425532341003,0.43980416655540466,0.5761258602142334,0.4637860655784607,0.4885719418525696,0.36927491426467896,0.37942320108413696,0.3207962214946747,0.3543076813220978,0.48500746488571167,0.49994906783103943
step,0.352,0.7222888469696045,0.9384440779685974,1.3292603492736816,0.6550925970077515,0.733884334564209,0.5595231056213379,0.3045390844345093,0.9072956442832947,0.4884489178657532,0.624009370803833,0.8812395334243774,1.0804836750030518,1.2627850770950317,1.5245312452316284,1.4026319980621338,1.5890308618545532,1.590131402015686,1.81257164478302,1.7975282669067383,1.9950356483459473,1.4911632537841797,1.4081453084945679,1.0817152261734009,0.9114464521408081,0.8679872155189514,0.9848912358283997,0.9555792212486267,0.9368903636932373,1.0803587436676025,1.2234503030776978,0.9912880659103394,0.6854463815689087,0.882643461227417,0.9779024720191956,1.0091670751571655,1.076029658317566,0.8268764019012451,0.5324732661247253,0.5996240973472595,0.5775012969970703,0.47633808851242065,0.4021129608154297,0.25386765599250793,0.424741268157959,0.42373913526535034,0.30900463461875916,0.4378092288970947,0.4388909339904785
step,0.335,0.9893667697906494,0.689071774482727,0.7183493375778198,0.6169798374176025,0.6556035280227661,0.5618599653244019,0.2590552568435669,0.6668369770050049,0.6309940218925476,0.9226886630058289,0.8274567127227783,0.9784148931503296,0.4876166582107544,0.7106000185012817,1.0854132175445557,1.1499286890029907,0.9223387837409973,1.2409136295318604,1.231338381767273,1.40185546875,1.2019954919815063,1.0544499158859253,1.068066120147705,0.873687207698822,0.6653927564620972,0.8699520230293274,0.7590101957321167,0.8127912282943726,0.806123673915863,0.7937505841255188,0.7007484436035156,0.8706547617912292,0.9597041606903076,0.7811400890350342,1.0042972564697266,0.9982786774635315,1.1307780742645264,0.9527300596237183,0.8132341504096985,0.6835132837295532,0.483463853597641,0.496282696723938,0.6360818147659302,0.6977328658103943,0.6765223145484924,0.7065151333808899,0.3365529179573059,0.6460436582565308
step,0.504,0.9722386002540588,0.9257221221923828,1.1466641426086426,1.165406346321106,0.9640618562698364,1.1041464805603027,1.1164671182632446,1.0518286228179932,1.3395488262176514,1.3151596784591675,0.5804755091667175,1.111406922340393,1.3022099733352661,1.2018409967422485,1.6974599361419678,1.3379099369049072,1.809946060180664,1.1880806684494019,1.2731411457061768,1.8372747898101807,2.1834566593170166,1.646150827407837,2.138248920440674,2.473456859588623,1.1016350984573364,1.2109540700912476,0.8306096792221069,0.6577691435813904,0.7976512908935547,0.713753879070282,0.7756549715995789,0.6721562743186951,0.49359405040740967,0.7769671082496643,1.0127636194229126,0.5359513759613037,0.29602882266044617,0.47463247179985046,0.34858813881874084,0.3372686207294464,0.19706708192825317,0.09954771399497986,0.4195701479911804,0.4112929105758667,0.5284198522567749,0.28060370683670044,0.6488528847694397,0.7154049873352051
step,0.328,0.9096763730049133,1.5017542839050293,1.3542300462722778,1.128153920173645,0.6352500915527344,1.5049989223480225,1.600618839263916,1.4412087202072144,0.8028932809829712,0.4641503095626831,0.6133003830909729,0.6001014113426208,0.8894431591033936,0.6494845151901245,0.8116143345832825,0.9749650955200195,1.3459911346435547,1.4765169620513916,1.3029839992523193,1.4695491790771484,1.2536541223526,0.6886205673217773,0.8636027574539185,1.1350584030151367,0.8096482157707214,1.2151291370391846,1.0834629535675049,0.7307776808738708,0.7310857176780701,0.575912356376648,0.7592459321022034,0.6948727965354919,0.8229026198387146,0.8102894425392151,0.6033346056938171,0.7889297604560852,0.8933779001235962,0.9117029309272766,0.5399715304374695,0.5060989260673523,0.2240830510854721,0.6759998798370361,0.6958652138710022,0.7420505285263062,0.723782479763031,0.7751643657684326,0.6830809116363525,0.6811329126358032
step,0.355,0.0,0.2660781145095825,0.0,0.22609061002731323,0.23198622465133667,0.5229419469833374,0.4366665482521057,0.580166220664978,0.5899955034255981,0.4480283856391907,0.5948822498321533,0.6212677955627441,0.4646605849266052,0.9509444236755371,0.8916643261909485,0.9028297662734985,0.8593572378158569,1.1756597757339478,0.9130619764328003,0.8083077669143677,1.1159405708312988,1.0015068054199219,0.6464594602584839,0.8750558495521545,0.6012839078903198,0.736850917339325,0.7522745728492737,0.9194331765174866,0.7335658669471741,0.6127406358718872,0.3884560167789459,0.6014772653579712,0.10252100974321365,0.4523578882217407,0.48975706100463867,0.3849978446960449,0.5140664577484131,0.38921231031417847,0.47917914390563965,0.6745112538337708,0.41371995210647583,0.4466996192932129,0.12400604039430618,0.449222594499588,0.5095536112785339,0.2720121741294861,0.2511700987815857,0.31325826048851013
step,0.237,1.266941785812378,1.596228837966919,1.8146605491638184,1.51620352268219,1.642773985862732,1.3864542245864868,1.3285796642303467,1.6483662128448486,1.8225815296173096,1.450369119644165,1.745980978012085,1.8284523487091064,2.061044216156006,2.136341094970703,1.9742791652679443,1.8106846809387207,1.5489895343780518,1.7920866012573242,2.166095495223999,1.9833840131759644,1.818413496017456,1.2559558153152466,1.5678958892822266,1.3919095993041992,1.2979211807250977,1.163996934890747,0.9965367317199707,1.010706901550293,0.7454416155815125,0.8593472242355347,1.0110830068588257,0.7322006821632385,0.7833707928657532,0.8299544453620911,0.9031435251235962,0.722249448299408,0.5792244076728821,0.5067377686500549,1.0666899681091309,0.8114945292472839,1.0011504888534546,0.8787369132041931,0.816106379032135,0.7778835892677307,0.9493457078933716,0.9298720955848694,0.9704530835151672,1.2166783809661865
step,0.495,0.6179061532020569,0.3171865940093994,0.7901386618614197,0.95839524269104,0.6040657162666321,1.053789496421814,1.7135164737701416,1.148760199546814,1.022146224975586,1.1307835578918457,1.298282504081726,1.2982574701309204,1.1041656732559204,1.846077799797058,1.730093002319336,1.5760715007781982,2.0531342029571533,1.808584451675415,1.4166232347488403,0.7027196288108826,0.8669649362564087,0.753946840763092,1.0122193098068237,1.0154739618301392,0.3454989790916443,0.3570204973220825,0.26909515261650085,0.40737324953079224,0.42689263820648193,0.5352979898452759,0.7015888690948486,0.3993317782878876,0.34164538979530334,0.3670262098312378,0.4275796711444855,0.5080194473266602,0.6594825983047485,0.3347863554954529,0.6949659585952759,0.5298123359680176,0.32849353551864624,0.5473440289497375,0.5511110424995422,0.3069114685058594,0.531112790107727,0.6787828803062439,0.47572770714759827,0.6034765839576721
step,0.267,1.4813323020935059,0.9948616027832031,0.4968579411506653,0.7005445957183838,0.6159025430679321,0.3843182325363159,0.0,0.47481459379196167,0.3732629418373108,0.6302614212036133,0.35607439279556274,0.013290047645568848,0.3418472409248352,0.26225006580352783,0.18198376893997192,0.3569715619087219,1.0021380186080933,1.2717440128326416,1.3937444686889648,0.7259366512298584,1.2233561277389526,0.5750372409820557,0.4293821454048157,0.6837283968925476,1.0394706726074219,0.8451220989227295,0.9263175129890442,1.0318238735198975,0.8896937370300293,0.6068620681762695,0.9968386292457581,0.8967468738555908,0.8608331680297852,0.646399199962616,0.5504025220870972,0.617915153503418,0.3994990587234497,0.4411984384059906,0.11829016357660294,0.34753715991973877,0.6469765901565552,0.9262161254882812,0.7875950932502747,0.8066749572753906,0.9160975217819214,1.1314232349395752,0.590150773525238,0.6151213049888611
step,0.25,0.542951762676239,0.8074477910995483,0.31336814165115356,0.9269120097160339,0.4855009913444519,0.39556097984313965,0.4116535186767578,0.26408886909484863,0.6867417097091675,1.0332361459732056,1.5125457048416138,1.2581537961959839,1.323331356048584,0.9672958850860596,0.6569711565971375,0.6267223954200745,1.5158883333206177,1.7090661525726318,1.6853764057159424,2.113297462463379,1.9186410903930664,1.7911064624786377,1.5643848180770874,1.9191040992736816,1.7023954391479492,1.1764739751815796,0.8495022058486938,0.7384029626846313,0.7568392753601074,0.5735888481140137,0.5002241134643555,0.5574400424957275,0.689027726650238,0.5928170084953308,0.66253262758255,0.8286672830581665,0.634861171245575,0.41395705938339233,0.7165068984031677,1.1718579530715942,1.1748148202896118,1.5226107835769653,1.8857450485229492,1.4874709844589233,1.5805548429489136,1.7811259031295776,1.4463801383972168,1.4086178541183472
step,0.415,0.011654019355773926,0.18217843770980835,0.0,0.5370474457740784,1.02524995803833,0.5721060037612915,0.8756002187728882,0.9091081619262695,0.8767460584640503,1.1582013368606567,1.2959632873535156,1.045027256011963,0.6929672956466675,0.8961323499679565,0.8886367082595825,0.8927201628684998,0.9036029577255249,0.481830894947052,1.3878424167633057,0.9546769857406616,1.0452228784561157,1.0352227687835693,1.1004962921142578,0.8026340007781982,0.6383015513420105,0.5957410931587219,0.5709666013717651,0.6930450797080994,0.601865291595459,0.6080068945884705,0.5496941804885864,0.6206945776939392,0.5960608720779419,0.4597330093383789,0.5108760595321655,0.5992538928985596,0.5119275450706482,0.46550649404525757,0.2801201045513153,0.4721753001213074,0.2667197585105896,0.04681383818387985,0.2314106523990631,0.26393353939056396,0.6202256083488464,0.5192707777023315,0.6514965295791626,0.580570638179779
step,0.355,0.746395468711853,1.076268196105957,1.5478944778442383,0.8707339763641357,1.0795477628707886,1.1468559503555298,1.0186489820480347,1.756624698638916,1.9130756855010986,1.3138810396194458,2.0923373699188232,2.4926705360412598,2.440302848815918,2.563065528869629,2.420301914215088,2.252322196960449,2.617810010910034,2.4672250747680664,1.906280755996704,2.563145160675049,2.233208656311035,2.5086829662323,2.323944091796875,1.4281154870986938,0.9362527132034302,0.7822219133377075,0.5779756307601929,0.627325177192688,0.5410639643669128,0.5842926502227783,0.7620072960853577,0.262218713760376,0.5395803451538086,0.46635234355926514,0.5293535590171814,0.05284503102302551,0.006133729591965675,0.03183930739760399,0.0,0.1058175191283226,0.3319031298160553,0.0677691325545311,0.0,0.0,0.0,0.159403458237648,0.02636188082396984,0.1487056314945221
step,0.337,1.6033551692962646,2.019890546798706,1.9024827480316162,1.7988395690917969,1.993234634399414,2.024747848510742,1.8874199390411377,1.7640814781188965,1.627315640449524,1.1547119617462158,1.46683669090271,1.6456592082977295,1.3233178853988647,1.2939350605010986,1.307517170906067,0.9499801993370056,0.5841177105903625,1.2946199178695679,1.5114269256591797,1.238453984260559,1.587422490119934,1.0257896184921265,1.0350325107574463,1.190197229385376,0.9436578154563904,1.0590600967407227,1.0179630517959595,0.8796031475067139,0.7580927610397339,0.792445182800293,0.639479398727417,0.3752637207508087,0.4950178265571594,0.8239189982414246,0.69349604845047,0.7226051688194275,0.7209394574165344,0.6529778242111206,0.5613630414009094,0.4533527195453644,0.3966051936149597,0.4888485074043274,0.6977851986885071,0.5584588646888733,0.7559807300567627,0.7823546528816223,0.7826818227767944,0.9941871166229248
step,0.583,0.6153043508529663,0.6778430938720703,0.8101540207862854,0.6810973286628723,0.7315337657928467,0.6596155166625977,0.8190600275993347,0.6113393306732178,0.30430901050567627,0.47417765855789185,0.3253672122955322,0.4965033531188965,0.5747694373130798,1.0298033952713013,1.1216764450073242,0.934140145778656,0.8046553134918213,1.1116842031478882,0.9526146650314331,0.6674810647964478,0.9713221788406372,0.9551950693130493,0.6335455775260925,0.948708713054657,0.3973787724971771,0.46154776215553284,0.4886857867240906,0.5049254894256592,0.693274974822998,0.5090190768241882,0.5407016277313232,0.6892866492271423,0.8263307213783264,0.7148446440696716,0.5728268027305603,0.40111517906188965,0.5262669324874878,0.5749651789665222,0.45827770233154297,0.32106930017471313,0.3664863109588623,0.4180319011211395,0.28243499994277954,0.2267690747976303,0.22728882730007172,0.3919079303741455,0.18826454877853394,0.41655319929122925
step,0.384,0.7021979093551636,0.89267498254776,0.497327983379364,0.9531499147415161,0.8942071199417114,0.957493245601654,1.081841230392456,0.8976497054100037,1.1213880777359009,0.8668840527534485,1.2066903114318848,0.7940311431884766,0.6887121200561523,1.1543407440185547,1.0874029397964478,0.9694798588752747,0.953528881072998,1.124164342880249,1.0255500078201294,1.0586366653442383,0.5225280523300171,0.9231970310211182,0.8192028403282166,1.0906428098678589,0.6638646721839905,0.7168818116188049,0.8232191205024719,0.840627908706665,0.772077739238739,0.9334051012992859,0.9896984696388245,0.8423150777816772,0.8814833760261536,0.634131669998169,0.7537229657173157,0.6594057083129883,0.605249285697937,0.8084548115730286,0.7714696526527405,1.0219829082489014,0.5549142956733704,0.6992251873016357,0.429198682308197,0.42198842763900757,0.583402693271637,0.698408842086792,0.8198534846305847,0.8898094892501831
step,0.44,0.9038885235786438,1.089704155921936,0.8926419615745544,0.9097340703010559,0.7974189519882202,0.9106437563896179,0.6034534573554993,0.8865102529525757,0.5846752524375916,1.2133300304412842,0.7604355216026306,0.5958970189094543,1.4932209253311157,1.5328874588012695,1.0006409883499146,1.0052515268325806,1.1046092510223389,0.5963417291641235,0.5132002234458923,0.8318264484405518,0.8458172082901001,0.5299829840660095,1.154507040977478,0.5630858540534973,0.5218791961669922,0.47497573494911194,0.3653850555419922,0.42634910345077515,0.5387762784957886,0.4647659361362457,0.366468220949173,0.5033010840415955,0.30895933508872986,0.5255275368690491,0.4898291230201721,0.6775974035263062,0.8320288062095642,0.8447981476783752,1.0032377243041992,0.7313016653060913,0.7350720167160034,0.6781937479972839,0.5183282494544983,0.50001460313797,0.44245243072509766,0.46212509274482727,0.4286796748638153,0.5636472105979919
step,0.384,1.2183154821395874,1.0299195051193237,0.7479259371757507,0.9692537188529968,0.5428959727287292,0.11758553981781006,0.18728476762771606,0.4211519956588745,0.4163861870765686,0.25741100311279297,0.3411349654197693,0.27103161811828613,0.39608025550842285,0.6067216992378235,1.0399380922317505,0.9938229918479919,0.9965941309928894,1.2082630395889282,1.387634515762329,0.9756152629852295,1.1940895318984985,1.022918939590454,1.1542171239852905,1.1399942636489868,0.4182073771953583,0.32895398139953613,0.25886955857276917,0.3911655843257904,0.1840636134147644,0.3619752526283264,0.12793275713920593,0.32322970032691956,0.3796389102935791,0.5287407636642456,0.6777498126029968,0.8256571292877197,0.2579953670501709,0.29937610030174255,0.28677302598953247,0.4190985858440399,0.5327751636505127,0.403045117855072,0.2211991399526596,0.3042132556438446,0.26737433671951294,0.49983009696006775,0.4579431116580963,0.36800435185432434
step,0.276,0.9294096827507019,1.0666462182998657,0.5551092624664307,0.6500149965286255,0.8884859681129456,0.888363778591156,1.1159714460372925,0.6124436259269714,0.45741909742355347,0.8562102317810059,0.5074052810668945,0.9688978791236877,0.6996282339096069,0.9218433499336243,0.7170186042785645,1.0933163166046143,1.0558526515960693,0.5891273021697998,0.7378275394439697,0.5083134770393372,0.7076207399368286,0.20186525583267212,0.5860453248023987,0.9512051939964294,0.7219619154930115,1.0844887495040894,0.9903090000152588,1.4042221307754517,1.4698799848556519,0.691566526889801,1.0788278579711914,1.0784342288970947,0.7563875913619995,0.669960618019104,0.6148334741592407,0.6689109802246094,0.4576764404773712,0.4489712715148926,0.7528526782989502,0.5161244869232178,0.39752042293548584,0.3307318389415741,0.458877831697464,0.22135423123836517,0.4451500177383423,0.5317977070808411,0.77032470703125,0.5313810110092163
step,0.413,0.542951762676239,0.8074477910995483,0.31336814165115356,0.9269120097160339,0.4855009913444519,0.39556097984313965,0.4116535186767578,0.26408886909484863,0.6867417097091675,1.0332361459732056,1.5125457048416138,1.2581537961959839,1.323331356048584,0.9672958850860596,0.6569711565971375,0.6267223954200745,1.5158883333206177,1.7090661525726318,1.6853764057159424,2.113297462463379,1.9186410903930664,1.7911064624786377,1.5643848180770874,1.9191040992736816,1.3331444263458252,0.9212957620620728,0.665244460105896,0.5782427787780762,0.5926802158355713,0.44917693734169006,0.3917251229286194,0.43653082847595215,0.539577066898346,0.46423450112342834,0.5188287496566772,0.6489286422729492,0.4971592426300049,0.32416942715644836,0.5610959529876709,0.9176810383796692,0.9199965000152588,1.1923552751541138,1.476725459098816,1.1648372411727905,1.2377312183380127,1.3947981595993042,1.1326590776443481,1.1030875444412231
step,0.202,0.5731196999549866,0.9811363816261292,0.4649757146835327,0.5331738591194153,0.5772299766540527,0.805842399597168,0.8878910541534424,0.886577844619751,0.7499418258666992,0.9162434935569763,0.6006165742874146,0.5412206053733826,0.6359817981719971,0.9238342046737671,0.8301692605018616,1.2135993242263794,0.853864848613739,0.9390315413475037,0.8145469427108765,0.919469952583313,0.9797585010528564,0.497056245803833,0.8198617100715637,1.0741169452667236,0.795774519443512,0.6800776720046997,0.3060312867164612,0.5287798047065735,0.4261757433414459,0.376818984746933,0.5348775386810303,0.5789040923118591,0.7013643980026245,0.921128511428833,0.5841840505599976,0.7134139537811279,0.6339279413223267,0.7029113173484802,0.5212584733963013,0.8497834205627441,0.7282123565673828,0.6802054643630981,1.0979310274124146,0.906163215637207,0.9130730032920837,1.0558037757873535,0.8334527611732483,0.9721068739891052
step,0.728,0.8727453947067261,0.7792054414749146,0.7073309421539307,1.2605957984924316,1.0414066314697266,0.9854491949081421,1.194149374961853,1.6014586687088013,1.1756631135940552,1.0408540964126587,1.3961189985275269,0.7270146608352661,0.8955291509628296,0.8188420534133911,1.0483176708221436,0.9117076992988586,1.05538809299469,1.022778868675232,1.213805079460144,1.1912624835968018,1.3195557594299316,0.9346094727516174,1.6536986827850342,1.6755871772766113,0.561786413192749,0.6038487553596497,0.4366193413734436,0.30094578862190247,0.35550054907798767,0.3743225634098053,0.2998499870300293,0.3072565197944641,0.2276608645915985,0.3327634334564209,0.29744601249694824,0.2941420078277588,0.3846355378627777,0.37079766392707825,0.3595221936702728,0.3455776870250702,0.3934497535228729,0.30536317825317383,0.25953996181488037,0.2578248083591461,0.19070161879062653,0.37194299697875977,0.29081645607948303,0.21134647727012634
step,0.232,0.5226661562919617,0.21511459350585938,0.45881187915802,0.44671547412872314,0.7421063780784607,0.462613582611084,0.7712631225585938,0.6316359043121338,0.6073224544525146,0.4139748811721802,0.660420835018158,0.258466899394989,0.15288251638412476,0.33512842655181885,0.4463126063346863,0.38732755184173584,0.3855951428413391,0.2552691698074341,0.14121586084365845,0.30114471912384033,0.07128894329071045,0.18312913179397583,0.2812955379486084,0.16782504320144653,0.08538688719272614,0.15154242515563965,0.11327002197504044,0.21367715299129486,0.5826082825660706,0.4289426803588867,0.2602563798427582,0.39582759141921997,0.4992617070674896,0.6667529940605164,0.8284060955047607,0.7304084300994873,0.7186247706413269,0.6980278491973877,0.5741146206855774,0.7851738929748535,0.9930678009986877,1.1572599411010742,1.033145546913147,0.8916909098625183,1.3966554403305054,1.1749513149261475,1.33860445022583,1.0804011821746826
step,0.569,0.4685741662979126,0.642730712890625,0.5775343775749207,0.6980383396148682,0.4280693531036377,0.5114492774009705,0.6628589630126953,0.5857462286949158,0.6616649627685547,0.5249766111373901,0.01337897777557373,0.6868402361869812,0.7162866592407227,1.1867376565933228,1.382014274597168,1.0749510526657104,0.9811597466468811,0.721875786781311,0.4288325905799866,0.8659125566482544,0.7750203609466553,0.7002084851264954,1.0790523290634155,0.8512029051780701,0.32602840662002563,0.27881282567977905,0.4179856777191162,0.531171441078186,0.5686459541320801,0.49219226837158203,0.5187463760375977,0.49090850353240967,0.403145432472229,0.31845536828041077,0.3612912893295288,0.4123736321926117,0.4449988007545471,0.4270639419555664,0.4263575077056885,0.36741551756858826,0.3395368754863739,0.4229637086391449,0.41213011741638184,0.4455304741859436,0.6140649318695068,0.5423047542572021,0.5235273838043213,0.6474703550338745
step,0.7,1.2822577953338623,1.680713415145874,1.1402232646942139,1.319955587387085,0.9582589268684387,1.0656009912490845,1.0923372507095337,0.9333617687225342,1.051436185836792,1.2004258632659912,1.0098384618759155,0.9144816398620605,0.83599853515625,1.0807411670684814,1.1555962562561035,0.9993648529052734,1.0049186944961548,0.8979237675666809,0.7355258464813232,0.481350302696228,0.3754115104675293,0.6351463794708252,0.8074559569358826,0.8757947683334351,0.12082182615995407,0.070840023458004,0.08406257629394531,0.21157269179821014,0.13417622447013855,0.12515006959438324,0.11820483207702637,0.16268207132816315,0.1402144730091095,0.25728073716163635,0.36378803849220276,0.5931531190872192,0.503713846206665,0.4822603762149811,0.42170482873916626,0.5028716325759888,0.43976089358329773,0.42205601930618286,0.4309022128582001,0.4631469249725342,0.4632911682128906,0.4081380367279053,0.3704262673854828,0.3862982392311096
step,0.626,1.718395471572876,1.774054765701294,0.8702616691589355,1.1218289136886597,1.4107892513275146,1.343348741531372,0.9507406949996948,1.4858704805374146,1.082141399383545,1.2340666055679321,0.9083113670349121,0.6928849220275879,0.9577630758285522,0.8805806636810303,1.20711350440979,1.6330695152282715,1.849890947341919,1.495368242263794,1.7053558826446533,1.7218236923217773,1.3174235820770264,0.7282027006149292,0.2909318804740906,0.9527723789215088,0.17111532390117645,0.22952571511268616,0.2584240138530731,0.2997916042804718,0.4709545969963074,0.4183330833911896,0.3745478093624115,0.2449127584695816,0.16471287608146667,0.3169357180595398,0.2907615602016449,0.3436508774757385,0.35795459151268005,0.3248530626296997,0.23279568552970886,0.3488602340221405,0.44084376096725464,0.31682485342025757,0.39496296644210815,0.4736170768737793,0.3485020399093628,0.3431069552898407,0.28813081979751587,0.22671060264110565
step,0.732,1.4716408252716064,1.7931135892868042,1.9106299877166748,1.8105217218399048,1.7488312721252441,1.9617178440093994,1.7696244716644287,1.5220612287521362,1.5750943422317505,1.1646504402160645,1.2688758373260498,1.4496808052062988,1.6357221603393555,1.5720857381820679,1.315390944480896,1.5870602130889893,1.2881044149398804,1.3299063444137573,1.8783562183380127,1.74093496799469,1.116715669631958,0.5499634146690369,0.5215008854866028,1.4010894298553467,0.32480093836784363,0.381269633769989,0.3774966299533844,0.4681572914123535,0.4457378685474396,0.3493794798851013,0.28018665313720703,0.17572854459285736,0.23806284368038177,0.3184260129928589,0.08130102604627609,0.23210300505161285,0.28397706151008606,0.2167738527059555,0.23637910187244415,0.2081969976425171,0.2599236071109772,0.20437516272068024,0.16388942301273346,0.17478083074092865,0.2200765162706375,0.31384479999542236,0.4222305715084076,0.36421698331832886
step,0.266,0.9073739647865295,1.356473445892334,1.454658031463623,1.3979675769805908,1.3381927013397217,1.7373061180114746,1.4480371475219727,1.2931318283081055,1.3618197441101074,1.4372152090072632,0.9779663681983948,1.101486325263977,1.6982098817825317,1.5056660175323486,1.215055227279663,1.254676103591919,0.7744011282920837,0.5953949093818665,0.6331599950790405,0.9584835171699524,0.7257585525512695,0.5716381072998047,0.36287468671798706,0.7033883333206177,0.6041072010993958,0.5322392582893372,0.7309252023696899,0.6576429009437561,0.6666458249092102,0.628208577632904,0.609448254108429,0.5321037173271179,0.9453502893447876,0.9151707291603088,1.0608240365982056,1.0897518396377563,0.9808725714683533,1.2298073768615723,0.8196935057640076,0.9229598641395569,0.9523003697395325,0.9838404059410095,0.9911636710166931,1.2990319728851318,1.09840726852417,0.926311731338501,0.5856651663780212,0.5503063797950745
step,0.543,0.784824013710022,0.5366957783699036,0.49854791164398193,0.4538854956626892,0.45299291610717773,0.4830757975578308,0.6361666321754456,0.8924903869628906,1.0286157131195068,1.513575553894043,1.0573152303695679,0.6928924322128296,0.7849675416946411,1.1224043369293213,1.4911303520202637,1.0700657367706299,1.0217806100845337,1.1556178331375122,1.2995036840438843,1.39755117893219,0.7887576818466187,1.4012582302093506,0.7354919910430908,0.8349056243896484,0.3656875491142273,0.5621150732040405,0.330300509929657,0.38719865679740906,0.3772219121456146,0.36695653200149536,0.3949050009250641,0.4752228260040283,0.36973291635513306,0.22529275715351105,0.17647844552993774,0.2350592315196991,0.29208165407180786,0.05488849803805351,0.28193965554237366,0.1957148164510727,0.29310545325279236,0.21597152948379517,0.42635637521743774,0.35541751980781555,0.24604442715644836,0.2162885218858719,0.20143184065818787,0.4279344975948334
step,0.512,1.5950623750686646,1.7366067171096802,1.5467498302459717,1.1258071660995483,1.018139123916626,1.3442444801330566,1.3584843873977661,1.491687297821045,1.2369968891143799,0.7922813892364502,0.8584043979644775,0.8579193353652954,0.6840895414352417,0.916757345199585,1.0171781778335571,0.7734283804893494,0.7880616188049316,1.202615737915039,1.7324392795562744,1.3040478229522705,1.3186146020889282,0.9409384727478027,1.3955233097076416,0.8704081773757935,0.5214446187019348,0.597089946269989,0.8229729533195496,0.5644547939300537,0.34647467732429504,0.49699726700782776,0.5957058072090149,0.5829991698265076,0.4597190320491791,0.6690787672996521,0.5119040012359619,0.4466293156147003,0.4728165864944458,0.4616331458091736,0.19667811691761017,0.24062736332416534,0.2728075385093689,0.0774824470281601,0.2302224338054657,0.29288142919540405,0.2655470073223114,0.15139633417129517,0.17403431236743927,0.09292501956224442
step,0.416,0.0,0.08053743839263916,0.055333614349365234,0.1715286374092102,0.28593891859054565,0.3243408799171448,0.5708027482032776,0.25077879428863525,0.4196498990058899,0.45145314931869507,0.7032120227813721,0.350635290145874,0.29809486865997314,0.5123319029808044,0.789172887802124,0.576259434223175,0.7565380334854126,1.3388025760650635,1.4978219270706177,1.171499252319336,0.9360153675079346,1.6300026178359985,1.9431581497192383,1.9121407270431519,1.03670334815979,1.1999844312667847,0.9425294995307922,1.0168453454971313,1.0418565273284912,1.124243140220642,0.7333017587661743,0.6889369487762451,0.7809236645698547,1.019203543663025,0.6508167386054993,0.8842003345489502,0.7517345547676086,0.7634310722351074,0.9289455413818359,0.9941587448120117,0.8778703808784485,0.7311577200889587,0.5689765810966492,0.628812849521637,0.8345086574554443,1.1826996803283691,1.2396920919418335,0.9472575783729553
step,0.562,0.7256045341491699,0.6760090589523315,0.6701037883758545,1.0188968181610107,1.4439446926116943,1.7424979209899902,1.1515467166900635,1.6415915489196777,1.3573857545852661,1.1297996044158936,1.4314481019973755,1.5184552669525146,1.0719597339630127,1.0747393369674683,0.640084445476532,0.282676100730896,0.4493985176086426,0.37857311964035034,0.5958698987960815,0.7441924214363098,0.295617938041687,0.24634432792663574,0.47321653366088867,0.9324509501457214,0.3192989230155945,0.38087543845176697,0.40847525000572205,0.40393832325935364,0.34680500626564026,0.38129928708076477,0.4944020211696625,0.4773334264755249,0.6413103342056274,0.5857056975364685,0.4532313346862793,0.8103760480880737,0.7443059086799622,0.6100262403488159,0.40802597999572754,0.5196888446807861,0.4664463400840759,0.3832935094833374,0.25682228803634644,0.47648102045059204,0.44053584337234497,0.22026081383228302,0.12890344858169556,0.25675061345100403
step,0.566,1.285197377204895,1.128920555114746,0.6947615146636963,0.40918445587158203,0.35783618688583374,1.0263818502426147,0.6086816787719727,0.6965563297271729,0.8203723430633545,0.6326767206192017,0.8308210372924805,0.9350914359092712,1.1463578939437866,1.185736894607544,0.9890869855880737,0.9332934617996216,0.9845583438873291,1.1150282621383667,1.0223811864852905,1.1247528791427612,0.6013948321342468,0.7605035305023193,1.0814439058303833,1.3079923391342163,0.3635307550430298,0.38311049342155457,0.373567670583725,0.4946221709251404,0.620368242263794,0.6206814646720886,0.549354076385498,0.4585021436214447,0.3794781565666199,0.24638834595680237,0.29851779341697693,0.3807894289493561,0.557968020439148,0.3251299262046814,0.2507844865322113,0.352409690618515,0.41500404477119446,0.45844191312789917,0.48927778005599976,0.48375457525253296,0.3497433662414551,0.4071634113788605,0.5615457892417908,0.39707067608833313
step,0.366,0.8690997362136841,1.2247295379638672,1.507187843322754,1.1563653945922852,1.332101583480835,1.5559234619140625,1.5433759689331055,1.2000732421875,0.7397613525390625,0.7129955291748047,1.093225359916687,0.9223347306251526,1.0802232027053833,1.0043792724609375,0.9094773530960083,0.8723620772361755,1.0034910440444946,0.7709952592849731,0.8560606241226196,0.7958472371101379,1.2091941833496094,0.6429612636566162,0.9374034404754639,0.912416934967041,0.6333920955657959,1.0330723524093628,0.9145616888999939,0.9480980634689331,0.6390998959541321,0.9190065264701843,1.0008898973464966,1.1661045551300049,1.080254077911377,1.166059136390686,1.2619162797927856,1.1557742357254028,1.2588255405426025,1.1642398834228516,1.1031633615493774,0.7589207291603088,0.6251949667930603,0.8584054708480835,0.8136314749717712,0.8672333359718323,0.7879969477653503,0.6193469166755676,0.7092292904853821,0.567116916179657
step,0.369,0.2990038990974426,0.25547873973846436,0.5975847840309143,0.9430496692657471,0.7414754629135132,0.3304592967033386,0.8966864347457886,1.5837030410766602,1.5170186758041382,1.4493569135665894,1.4713528156280518,1.3340814113616943,0.9402411580085754,1.0796877145767212,0.9041368961334229,1.3160622119903564,1.7197399139404297,1.586448073387146,1.163261890411377,0.6367828845977783,0.31049084663391113,1.2102159261703491,1.018855094909668,1.3116164207458496,0.6560186743736267,0.4761964976787567,0.28953710198402405,0.21677744388580322,0.1698104441165924,0.31057292222976685,0.29705584049224854,0.3863879442214966,0.6461500525474548,0.4612681269645691,0.5861998200416565,0.5712420344352722,0.7336373925209045,0.6445779204368591,0.6275297999382019,0.6231850981712341,0.9096578359603882,0.9054567813873291,0.9689388275146484,0.8076350688934326,0.8512768745422363,0.9765177369117737,1.0118284225463867,1.3851830959320068
step,0.283,1.3229962587356567,1.2397074699401855,1.3582559823989868,1.2945232391357422,1.3317670822143555,1.6759464740753174,1.6669880151748657,1.5840895175933838,1.5850530862808228,1.3663356304168701,1.0507572889328003,0.7344303131103516,0.6785321235656738,0.6662108898162842,0.7340519428253174,1.109291911125183,1.0131614208221436,1.3001811504364014,1.7147738933563232,1.3517627716064453,1.1059905290603638,1.5309003591537476,2.0558085441589355,2.8716602325439453,1.3363118171691895,1.5709103345870972,1.3096044063568115,1.2332770824432373,1.359192132949829,1.642533540725708,1.4795067310333252,1.2955360412597656,1.4946262836456299,1.4965847730636597,1.1854435205459595,1.093022346496582,1.296711802482605,1.0726161003112793,1.032929539680481,0.5168721079826355,0.601277232170105,0.6493755578994751,0.6846750378608704,0.5914630889892578,0.6520717740058899,0.9213507175445557,0.8411621451377869,1.034304141998291
step,0.503,0.6259289979934692,0.6955046653747559,0.43736380338668823,0.4471535086631775,0.8696202635765076,0.6684352159500122,0.46012991666793823,0.5125263333320618,0.8903676867485046,0.8438138961791992,1.3952925205230713,1.2246524095535278,1.3640598058700562,1.3757532835006714,1.4321902990341187,1.109405279159546,1.5134751796722412,1.4350414276123047,1.7570314407348633,1.9821140766143799,1.3568933010101318,1.0706769227981567,1.049065351486206,1.5262466669082642,0.7470723390579224,0.5398420691490173,0.508110761642456,0.3496835231781006,0.16579943895339966,0.35132527351379395,0.29843786358833313,0.3817712068557739,0.32220757007598877,0.2529332935810089,0.34457871317863464,0.3302462100982666,0.2100447118282318,0.07816638052463531,0.2725690007209778,0.19327054917812347,0.1709565818309784,0.14977751672267914,0.17039287090301514,0.2008369117975235,0.1722554713487625,0.13830113410949707,0.10300289839506149,0.39549142122268677
step,0.573,1.5979232788085938,1.5902793407440186,1.358372688293457,1.6743444204330444,1.6056246757507324,1.8727824687957764,0.9993621706962585,1.4806592464447021,2.03110671043396,1.0117024183273315,1.0247433185577393,0.7952991724014282,0.8375458121299744,0.6035168766975403,0.79030442237854,1.0260618925094604,1.436368465423584,1.18878173828125,1.0791394710540771,1.1844576597213745,1.3130381107330322,1.179908037185669,1.3455655574798584,1.1978386640548706,0.4764356315135956,0.5303652286529541,0.42882901430130005,0.4823955297470093,0.641956090927124,0.4393264949321747,0.6253097653388977,0.5979443192481995,0.4588269591331482,0.4900151193141937,0.6087440252304077,0.5661665201187134,0.4987831711769104,0.36537349224090576,0.43803516030311584,0.5587088465690613,0.45658326148986816,0.43460550904273987,0.36325451731681824,0.3841139078140259,0.5336702466011047,0.43679389357566833,0.5754944086074829,0.5140092968940735
step,0.657,1.3279266357421875,1.8521848917007446,1.821667194366455,1.8139996528625488,1.5899343490600586,1.4222415685653687,1.3362951278686523,1.5905437469482422,1.6840885877609253,1.5019371509552002,1.48582124710083,1.3109784126281738,1.4065070152282715,1.3609740734100342,1.1266326904296875,1.1965337991714478,1.2959610223770142,0.6558568477630615,1.5694143772125244,1.6363496780395508,1.5331934690475464,1.1421900987625122,1.145823359489441,1.3660240173339844,0.34454646706581116,0.15636569261550903,0.25336772203445435,0.3884594142436981,0.26629170775413513,0.17541055381298065,0.209741473197937,0.19669631123542786,0.17890498042106628,0.5118989944458008,0.45814985036849976,0.5425997972488403,0.529659628868103,0.5731766223907471,0.4603232443332672,0.4073563814163208,0.35087671875953674,0.4566009044647217,0.559229850769043,0.41492536664009094,0.42139482498168945,0.27565503120422363,0.2339499145746231,0.1968642771244049
step,0.298,0.6318715810775757,0.7633494138717651,0.44859904050827026,0.6747750043869019,0.6690839529037476,1.1171835660934448,1.0122668743133545,0.6626341938972473,0.8037238121032715,1.001586675643921,0.6691316366195679,1.1432663202285767,0.7264978885650635,1.0736106634140015,0.8040611743927002,1.4506213665008545,0.8842523694038391,1.3048722743988037,1.2436425685882568,1.3272953033447266,1.2641477584838867,1.244292974472046,1.3276441097259521,1.0302783250808716,0.8997834920883179,0.8813360333442688,0.741779625415802,0.6219950914382935,0.7018117308616638,0.4305419623851776,0.43419864773750305,0.7416476011276245,0.5186307430267334,0.7366025447845459,0.4511035680770874,0.5988514423370361,0.9218230843544006,0.8720622658729553,0.8747953772544861,0.7400373220443726,0.6808590888977051,0.7900343537330627,0.845940113067627,0.6205084919929504,0.42012399435043335,0.6776358485221863,0.6573804020881653,0.8653948903083801
step,0.337,0.011654019355773926,0.18217843770980835,0.0,0.5370474457740784,1.02524995803833,0.5721060037612915,0.8756002187728882,0.9091081619262695,0.8767460584640503,1.1582013368606567,1.2959632873535156,1.045027256011963,0.6929672956466675,0.8961323499679565,0.8886367082595825,0.8927201628684998,0.9036029577255249,0.481830894947052,1.3878424167633057,0.9546769857406616,1.0452228784561157,1.0352227687835693,1.1004962921142578,0.8026340007781982,0.7236970663070679,0.675442636013031,0.6473536491394043,0.7857644557952881,0.6823861598968506,0.6893494725227356,0.623235285282135,0.7037345170974731,0.6758051514625549,0.5212386250495911,0.5792238712310791,0.6794254183769226,0.5804160237312317,0.527784526348114,0.3175961375236511,0.5353454947471619,0.3024030029773712,0.0530768483877182,0.2623700499534607,0.2992440462112427,0.7032028436660767,0.5887417197227478,0.7386572957038879,0.6582425832748413
step,0.512,0.4873804450035095,0.7104189395904541,0.9899994134902954,0.8211791515350342,0.806243896484375,0.916060745716095,0.8907194137573242,1.066175103187561,0.9856111407279968,1.099717378616333,1.091391682624817,0.7049429416656494,0.5518401265144348,0.9230331182479858,0.8720529079437256,0.5655542016029358,0.7664697170257568,1.0407832860946655,1.502974510192871,1.1043814420700073,1.2584922313690186,1.4016430377960205,1.515395164489746,1.000475525856018,0.7578072547912598,0.5637277960777283,0.602495551109314,0.759517252445221,0.44899237155914307,0.4402107298374176,0.3339795172214508,0.4930301010608673,0.40020808577537537,0.24262601137161255,0.19522716104984283,0.2293854057788849,0.2693081200122833,0.25043433904647827,0.22208456695079803,0.10525061190128326,0.13617882132530212,0.07267884165048599,0.1566198170185089,0.2555590867996216,0.27353349328041077,0.07437685132026672,0.267682820558548,0.2162168174982071
step,0.444,0.0,0.40792781114578247,0.7321860790252686,0.6565265655517578,0.8409583568572998,0.8303660154342651,0.5979766845703125,1.2387548685073853,1.532505989074707,1.5969523191452026,1.9316898584365845,2.159738302230835,2.583707809448242,2.7320423126220703,2.2046737670898438,1.911346197128296,1.4728864431381226,1.2471216917037964,1.1095882654190063,1.1331523656845093,0.8000690340995789,1.3691987991333008,1.3904671669006348,1.4449728727340698,0.8841185569763184,1.1097348928451538,0.7964048981666565,0.8980932235717773,1.0574654340744019,1.2081701755523682,1.0108376741409302,0.9166752696037292,0.9174138307571411,0.6287290453910828,0.8498687148094177,0.9946889877319336,0.6988760828971863,0.5938323140144348,0.9755945801734924,1.0843161344528198,0.8958147168159485,0.629155695438385,0.6278438568115234,0.5378819108009338,1.01699697971344,1.1898895502090454,1.3668099641799927,1.1510623693466187
step,0.44,1.0134559869766235,1.1730549335479736,1.1665892601013184,0.7251838445663452,0.5525104999542236,0.6724406480789185,0.3774351477622986,0.7120026350021362,0.7925517559051514,0.3052687644958496,0.31963419914245605,0.8030075430870056,0.7389335632324219,0.7036885023117065,0.49722588062286377,0.7666882276535034,0.992645800113678,0.3448428511619568,0.8850375413894653,0.6427412033081055,0.6796106100082397,0.2932227849960327,1.118343710899353,1.0091567039489746,0.6799402832984924,1.0126169919967651,0.6970783472061157,0.6316417455673218,0.45575758814811707,0.3965970277786255,0.23704490065574646,0.5258979201316833,0.6491454839706421,1.0242443084716797,0.9259136915206909,1.2591750621795654,1.3364225625991821,0.8314682245254517,0.6728416085243225,0.8039574027061462,0.2283589094877243,0.4563901722431183,0.29288601875305176,0.6485551595687866,0.7025158405303955,0.5851792693138123,0.22620762884616852,0.2530507743358612
step,0.327,2.29952335357666,2.229828357696533,2.257080078125,2.2052788734436035,1.827160120010376,2.1653380393981934,2.022235631942749,1.5396854877471924,1.2564122676849365,1.461617350578308,0.9178029298782349,0.49894994497299194,0.5917101502418518,0.27941644191741943,0.6581853628158569,0.8612614870071411,0.8502523899078369,0.8849232792854309,1.0254722833633423,0.8586597442626953,0.7966666221618652,1.0553157329559326,1.5461461544036865,1.5845777988433838,1.109378457069397,1.2242072820663452,0.8392676711082458,1.2248772382736206,1.3862372636795044,1.33565092086792,1.042680263519287,0.8088922500610352,1.1079217195510864,1.097179889678955,1.2500847578048706,1.1014418601989746,0.6189162731170654,0.6516189575195312,0.6064926981925964,0.7721696496009827,0.7683026790618896,1.0690975189208984,0.8385657668113708,0.9757502675056458,1.02928626537323,1.2879638671875,1.231685757637024,0.9699832797050476
step,0.549,0.7456473112106323,0.7217540144920349,1.352949619293213,1.493626594543457,1.6611343622207642,1.229698896408081,0.3223758339881897,0.31618303060531616,0.7503092288970947,1.224077582359314,0.860512375831604,0.9404602646827698,0.7754355072975159,0.5174268484115601,0.8597363233566284,0.9457181692123413,1.134400725364685,0.788877010345459,0.9268571138381958,1.2494933605194092,1.1504719257354736,1.80670166015625,1.719391107559204,2.0249245166778564,1.006089210510254,0.9220788478851318,0.8365061283111572,0.7938082814216614,0.7724546790122986,0.6183401346206665,0.606535792350769,0.6048963665962219,0.8473698496818542,0.7172014117240906,0.6197571754455566,0.5284164547920227,0.3481922745704651,0.11943412572145462,0.3192169666290283,0.44313299655914307,0.5557715892791748,0.5025019645690918,0.4662058651447296,0.4532897472381592,0.3457801640033722,0.24894218146800995,0.4097907543182373,0.403865784406662
step,0.671,0.24256014823913574,0.20208042860031128,0.3233577013015747,0.602130651473999,0.5016496181488037,0.23731887340545654,0.5553835034370422,0.8432636260986328,0.8744772672653198,0.6860485076904297,0.5882095098495483,0.7981612086296082,0.5683130621910095,1.1493629217147827,0.7960165143013,0.8598262667655945,0.7894453406333923,1.1076253652572632,0.8153691291809082,0.7828950881958008,0.6879317760467529,0.3730892539024353,0.27816832065582275,0.600974440574646,0.1725931614637375,0.21371816098690033,0.3285443186759949,0.17895381152629852,0.11209511011838913,0.17514914274215698,0.14951655268669128,0.1190086156129837,0.08252735435962677,0.14566056430339813,0.23095786571502686,0.3063533902168274,0.3231145441532135,0.32465916872024536,0.2995550036430359,0.27960848808288574,0.3245864510536194,0.205946147441864,0.47794196009635925,0.5073091387748718,0.5452585816383362,0.3994905352592468,0.46319320797920227,0.4362035393714905
step,0.205,2.132693290710449,2.0905351638793945,1.6479885578155518,1.7760674953460693,1.8747196197509766,1.3783084154129028,0.9272535443305969,1.1017000675201416,1.042284369468689,0.736103892326355,0.5261176824569702,0.800228476524353,0.5937163233757019,0.7258419990539551,0.30376678705215454,0.47850602865219116,0.0,0.16236186027526855,0.3698684573173523,0.7187708616256714,0.8057652711868286,0.3356669545173645,0.5467692017555237,0.5950957536697388,0.7352777123451233,0.5253270864486694,0.3627301752567291,0.6710309386253357,0.7990292906761169,0.796920120716095,0.729021430015564,0.7555538415908813,0.8386490941047668,1.036784052848816,0.9934362769126892,0.9056528806686401,0.5934545993804932,0.8921271562576294,0.5336564183235168,0.7465018630027771,0.5825651288032532,0.5686832070350647,0.07596830278635025,0.0,0.19093789160251617,0.3811056613922119,0.19254213571548462,0.026718415319919586
step,0.49,0.8991248607635498,0.9027966856956482,0.7521269917488098,0.43492114543914795,0.5452084541320801,0.793359637260437,0.6080303192138672,0.7631725072860718,0.6656754016876221,1.046405553817749,0.7972607612609863,1.0685559511184692,0.9016969203948975,1.0381028652191162,0.985517680644989,0.6293176412582397,0.5882623195648193,1.0682283639907837,0.9839494228363037,1.0371828079223633,1.530916690826416,1.10674250125885,0.9203288555145264,0.792397141456604,0.4134467542171478,0.4340030550956726,0.4212355613708496,0.28841981291770935,0.2036430984735489,0.23779191076755524,0.24952320754528046,0.2810228168964386,0.34158992767333984,0.4663628339767456,0.4008621275424957,0.2895341217517853,0.4393501877784729,0.43318113684654236,0.3431948721408844,0.3309268355369568,0.4433794915676117,0.4967239797115326,0.4290192425251007,0.5453058481216431,0.4346424341201782,0.36477699875831604,0.3597020208835602,0.38410788774490356
step,0.341,1.9495642185211182,2.034966230392456,2.203784704208374,2.7798702716827393,2.607891798019409,2.250411033630371,1.6064237356185913,1.9892032146453857,1.9724667072296143,1.9186246395111084,1.7536355257034302,1.6807624101638794,1.7161824703216553,2.3938369750976562,1.3997671604156494,1.4724712371826172,1.3711953163146973,1.8248852491378784,1.227542757987976,1.7164335250854492,2.1487765312194824,1.9268970489501953,2.276672840118408,2.40610408782959,1.5857561826705933,1.524461269378662,1.2278972864151,1.3726886510849,1.2967994213104248,1.3955707550048828,1.2924044132232666,0.8737889528274536,0.891133725643158,0.9352947473526001,1.1774437427520752,0.8886021375656128,1.0982472896575928,0.8494652509689331,1.050686001777649,0.7411642074584961,0.7793519496917725,1.0150452852249146,1.122126817703247,1.1186347007751465,1.275469183921814,0.8664717078208923,0.645653486251831,0.6920090913772583
step,0.662,1.535327434539795,1.6707720756530762,1.9121984243392944,1.6502026319503784,1.2332124710083008,0.9873608350753784,1.1986931562423706,1.3709923028945923,1.1274728775024414,1.0350006818771362,0.8064606189727783,1.0610872507095337,0.668703556060791,0.8926947712898254,1.0850251913070679,1.2881534099578857,1.3374738693237305,1.16583251953125,0.9623318910598755,1.2177565097808838,1.0427258014678955,0.9132707118988037,1.386303424835205,1.0700181722640991,0.33405980467796326,0.21853026747703552,0.3175984025001526,0.3179275691509247,0.2504146993160248,0.3062574863433838,0.287554532289505,0.30733752250671387,0.39220401644706726,0.3753277063369751,0.5624110102653503,0.4839560389518738,0.3643684387207031,0.2907619774341583,0.22534267604351044,0.20101398229599,0.19098012149333954,0.26539328694343567,0.20666109025478363,0.30724823474884033,0.24005742371082306,0.2808501720428467,0.2867496609687805,0.2296692132949829
step,0.723,1.3279266357421875,1.8521848917007446,1.821667194366455,1.8139996528625488,1.5899343490600586,1.4222415685653687,1.3362951278686523,1.5905437469482422,1.6840885877609253,1.5019371509552002,1.48582124710083,1.3109784126281738,1.4065070152282715,1.3609740734100342,1.1266326904296875,1.1965337991714478,1.2959610223770142,0.6558568477630615,1.5694143772125244,1.6363496780395508,1.5331934690475464,1.1421900987625122,1.145823359489441,1.3660240173339844,0.2778460383415222,0.1260950118303299,0.20431849360466003,0.3132579028606415,0.2147405445575714,0.14145298302173615,0.16913782060146332,0.15861806273460388,0.14427092671394348,0.41280096769332886,0.36945703625679016,0.4375583827495575,0.4271233081817627,0.4622159004211426,0.37120968103408813,0.32849663496017456,0.28295081853866577,0.3682079613208771,0.45096907019615173,0.3346003592014313,0.3398173749446869,0.22229121625423431,0.18865977227687836,0.15875351428985596
step,0.341,0.36054402589797974,0.756073534488678,1.3611299991607666,0.9584465026855469,1.033597707748413,1.2974088191986084,1.0434355735778809,1.4470669031143188,1.5568886995315552,1.5108554363250732,1.3806074857711792,1.1826683282852173,1.2045185565948486,0.9560356736183167,0.8290823698043823,1.2715412378311157,1.2664105892181396,1.786973476409912,1.5133942365646362,1.7370331287384033,1.7216715812683105,1.7109049558639526,1.5594171285629272,1.531121015548706,0.7911885380744934,1.3319088220596313,1.3836994171142578,1.1053953170776367,0.8921341896057129,0.7934592962265015,0.600911557674408,0.6475374698638916,0.6684150695800781,0.757809042930603,0.40908175706863403,0.4012068808078766,0.4127124547958374,0.5853188037872314,0.5782951712608337,0.5674383044242859,0.795822262763977,1.0052727460861206,1.1566435098648071,1.0313632488250732,1.3659977912902832,1.467114806175232,1.4255553483963013,1.2925796508789062
step,0.716,0.848292350769043,0.9452433586120605,1.3404011726379395,0.8914672136306763,1.0231727361679077,1.0037109851837158,0.8436379432678223,0.9727264642715454,1.1701023578643799,1.042110562324524,0.6379024982452393,1.1619857549667358,1.5768409967422485,1.7176811695098877,1.120410680770874,1.2931352853775024,0.9481515288352966,1.3510501384735107,1.8010234832763672,1.6224229335784912,1.9506018161773682,1.547763705253601,2.0022943019866943,1.8695132732391357,0.5035921335220337,0.45706504583358765,0.51537024974823,0.4211748540401459,0.37147417664527893,0.48637181520462036,0.5325709581375122,0.3404647707939148,0.47690674662590027,0.43255147337913513,0.4843788146972656,0.4642937183380127,0.5846936702728271,0.48529860377311707,0.3844176232814789,0.33585304021835327,0.3332759141921997,0.483531653881073,0.40505385398864746,0.29778796434402466,0.12052391469478607,0.24098573625087738,0.23744070529937744,0.20041468739509583
step,0.705,1.2400072813034058,1.1192262172698975,1.056688904762268,1.7003509998321533,1.5869120359420776,1.998055338859558,2.01229190826416,1.9555437564849854,1.4259617328643799,1.210493803024292,1.5974782705307007,2.138598918914795,2.3725805282592773,2.073991298675537,1.5379103422164917,1.1969166994094849,0.3755093216896057,0.46548980474472046,0.18896716833114624,0.03611922264099121,0.14613789319992065,0.6600408554077148,0.530315101146698,0.8575208783149719,0.24025969207286835,0.2620154321193695,0.2249230593442917,0.34620118141174316,0.4035359025001526,0.3791410028934479,0.45218703150749207,0.4917061924934387,0.45252594351768494,0.5383520126342773,0.482624888420105,0.548073947429657,0.5764839053153992,0.5799880623817444,0.5413097143173218,0.4687905013561249,0.45725932717323303,0.41620317101478577,0.3889939486980438,0.32660382986068726,0.406723290681839,0.3367927074432373,0.4354914426803589,0.4295346140861511
step,0.367,0.0,0.0,0.0,0.0,0.6431288719177246,0.48288828134536743,0.6296426653862,0.6950182318687439,0.8687968254089355,0.5210685133934021,0.9008874893188477,1.3969111442565918,1.6235706806182861,2.238919734954834,2.176037311553955,1.7092747688293457,1.8976449966430664,2.2664318084716797,2.094111204147339,1.7050349712371826,0.914253294467926,0.9191724061965942,0.5927208662033081,0.41305822134017944,0.6935927271842957,0.9407282471656799,0.9001851081848145,1.3412199020385742,1.038814663887024,0.8515357375144958,0.9859457015991211,0.8049277663230896,0.9389382600784302,0.7666135430335999,0.31049683690071106,0.6829105615615845,0.8662574887275696,0.6758072972297668,0.8094660639762878,0.5160734057426453,0.6110299229621887,0.4748688340187073,0.5089713335037231,0.4541243016719818,0.7529233694076538,0.4912842810153961,0.21464717388153076,0.9810647368431091
step,0.555,1.671199083328247,1.6223710775375366,1.802757978439331,2.156243324279785,1.8811205625534058,2.1878976821899414,2.6203179359436035,2.4096643924713135,2.321462392807007,2.2677159309387207,1.6456985473632812,1.8930264711380005,1.4590703248977661,1.0608283281326294,0.867770791053772,1.09066903591156,1.5777305364608765,1.568626880645752,1.424705982208252,1.2761328220367432,1.403374433517456,1.298738718032837,1.8002355098724365,2.4300308227539062,0.9758046865463257,0.7779068350791931,0.6324935555458069,0.7224887013435364,0.7319146394729614,0.5486024022102356,0.6557998061180115,0.5362995266914368,0.5373063087463379,0.2218218296766281,0.34410449862480164,0.3682054579257965,0.4856418967247009,0.34958186745643616,0.47017157077789307,0.6416150331497192,0.6294445395469666,0.5331383943557739,0.41137662529945374,0.5965471863746643,0.44043412804603577,0.720726728439331,0.7005886435508728,1.004371166229248
step,0.212,1.4697227478027344,1.7182865142822266,2.078615188598633,1.4439038038253784,2.196413516998291,1.3403278589248657,2.122774600982666,1.696232557296753,1.3049486875534058,0.9601340889930725,0.8288053274154663,0.2821141481399536,0.5452172160148621,0.9587371349334717,1.2309978008270264,1.1792633533477783,1.0258605480194092,0.9748764634132385,1.60653555393219,1.179364800453186,0.268623948097229,1.1934092044830322,1.3415409326553345,1.6424885988235474,0.9326263070106506,0.6500788927078247,0.4997909367084503,1.1906309127807617,1.1654703617095947,1.0047062635421753,1.2774202823638916,1.0159075260162354,1.4445343017578125,1.4323201179504395,1.310211181640625,1.3680003881454468,1.2819453477859497,1.2380496263504028,1.8503987789154053,1.8296644687652588,1.829261064529419,2.1638338565826416,2.272932767868042,2.3172178268432617,2.6228854656219482,2.282423496246338,2.7192418575286865,3.007891893386841
step,0.333,3.8016552925109863,3.2787489891052246,3.206747531890869,2.734048843383789,2.140737533569336,2.217576026916504,2.4678759574890137,2.5124330520629883,2.570970058441162,2.0488767623901367,1.8196194171905518,2.188065528869629,1.6612483263015747,1.3870030641555786,1.482792615890503,1.3952345848083496,1.6072336435317993,1.267923355102539,1.9618325233459473,2.001413345336914,2.68904972076416,2.456423282623291,2.726454734802246,1.771592140197754,1.0112732648849487,0.9992368221282959,1.0611729621887207,0.951481282711029,1.0508077144622803,1.068665623664856,0.7406506538391113,1.0630700588226318,0.7787493467330933,0.8831782341003418,1.2217903137207031,1.0863782167434692,0.9341505765914917,0.71839439868927,0.7354592680931091,0.87013840675354,0.9554967284202576,0.6464887261390686,0.9338063597679138,0.6938334107398987,0.9466012120246887,0.8200408816337585,0.9315608143806458,1.2192378044128418
step,0.629,1.0959473848342896,0.8349928855895996,0.8403644561767578,1.0139169692993164,1.1473746299743652,1.2605634927749634,1.1167845726013184,1.586668610572815,1.5987904071807861,1.9592357873916626,1.7814395427703857,1.7988903522491455,1.6481914520263672,1.5573385953903198,1.2867653369903564,0.9193176627159119,0.6651794910430908,1.0001556873321533,1.6367106437683105,1.7115745544433594,1.6832945346832275,2.100470781326294,1.4263453483581543,0.8472136855125427,0.39134863018989563,0.4416673183441162,0.3557789921760559,0.21403513848781586,0.5101998448371887,0.3934307098388672,0.6116746068000793,0.5887156128883362,0.47069883346557617,0.3208337128162384,0.37114807963371277,0.6458705067634583,0.6724810004234314,0.5270439982414246,0.4146808385848999,0.32309889793395996,0.42357346415519714,0.47365036606788635,0.5139121413230896,0.4434967339038849,0.5647698044776917,0.537029504776001,0.6240067481994629,0.8311634659767151
step,0.643,1.3205525875091553,1.3629086017608643,1.7932112216949463,1.1207882165908813,0.8796074390411377,1.195414662361145,0.6915872097015381,0.7897176742553711,0.5883100032806396,1.3228389024734497,1.0382044315338135,0.9079996347427368,0.5779985189437866,0.265377402305603,0.11704277992248535,0.2056770920753479,0.5760972499847412,0.6305141448974609,0.7130439281463623,0.3415151834487915,0.6769227981567383,0.8885067701339722,0.8688019514083862,0.7902412414550781,0.39197495579719543,0.26009291410446167,0.30180180072784424,0.19400767982006073,0.13958211243152618,0.05014830455183983,0.22750283777713776,0.44063976407051086,0.34472209215164185,0.3159363865852356,0.23505187034606934,0.2974662184715271,0.4561496675014496,0.38495171070098877,0.4063933193683624,0.38808730244636536,0.3960883915424347,0.5316983461380005,0.5934737324714661,0.8014234900474548,0.6846988797187805,0.7016847133636475,0.5583423972129822,0.5275629758834839
step,0.559,2.1582562923431396,2.341959238052368,1.9428271055221558,2.047348976135254,1.5316832065582275,1.5463699102401733,1.3254618644714355,1.1953907012939453,1.3576300144195557,1.4675482511520386,1.2837687730789185,1.1696743965148926,0.6483367681503296,0.610689640045166,0.3416033387184143,0.4625558853149414,0.6597580313682556,0.42853206396102905,0.28102076053619385,0.3293248414993286,0.8860512971878052,1.2915889024734497,1.1182361841201782,0.9415700435638428,0.2932354211807251,0.2787260115146637,0.4377867877483368,0.6172155141830444,0.6985257863998413,0.7213689088821411,0.6483169198036194,0.5596837997436523,0.5116457343101501,0.38782188296318054,0.4492536187171936,0.4981761872768402,0.5612100958824158,0.48056432604789734,0.43864139914512634,0.5727826356887817,0.3512105345726013,0.5806505084037781,0.6371740102767944,0.6367276310920715,0.4158857464790344,0.7307814955711365,0.7342528700828552,0.7629742622375488
step,0.513,1.0007866621017456,1.735207438468933,1.6074858903884888,1.6003391742706299,1.5921459197998047,1.6954152584075928,1.6527607440948486,1.6967896223068237,1.693152904510498,1.507736086845398,1.5963892936706543,1.7719037532806396,1.6050589084625244,0.2513771653175354,0.6574931144714355,0.9272946119308472,0.9020207524299622,0.9155880212783813,0.7647957801818848,1.0538992881774902,1.4989745616912842,1.4093873500823975,1.137965440750122,1.1334352493286133,0.7202775478363037,0.6902704834938049,0.3898921012878418,0.38669493794441223,0.6810327768325806,0.5363132357597351,0.5898860692977905,0.4116956293582916,0.7789514064788818,0.7806000709533691,0.7159858345985413,0.8333804607391357,0.4499678611755371,0.4145219027996063,0.3691636323928833,0.35136932134628296,0.2412315309047699,0.6074500679969788,0.7915264964103699,0.8095680475234985,0.8852516412734985,1.047440767288208,0.8736077547073364,0.837073564529419
step,0.59,2.0712807178497314,1.6836096048355103,1.5590438842773438,1.2911083698272705,1.650022029876709,1.4598538875579834,1.5827668905258179,1.1098015308380127,1.1606755256652832,0.9363464117050171,1.0528172254562378,0.826515793800354,0.7235027551651001,0.6797275543212891,0.8931388258934021,0.8859105110168457,0.7717540264129639,0.6615524291992188,1.059954047203064,0.8722149133682251,0.7406865358352661,0.7434351444244385,0.7892560958862305,1.1224644184112549,0.3578576445579529,0.39838001132011414,0.4422202706336975,0.6632232666015625,0.7111009359359741,0.8347465395927429,0.7941591143608093,0.5447551608085632,0.5092376470565796,0.5902823805809021,0.5797592997550964,0.6621297001838684,0.6524287462234497,0.6077205538749695,0.5733610987663269,0.656263530254364,0.7123497128486633,0.8025876879692078,0.784864068031311,0.6884322762489319,0.6573224067687988,0.7122102975845337,0.8838663697242737,0.9444795250892639
step,0.61,0.5589739680290222,0.9056217670440674,0.753974437713623,0.6322048902511597,1.245361566543579,1.0897302627563477,1.593191146850586,1.451410174369812,0.9518912434577942,0.8877778053283691,0.7973935604095459,0.4842768907546997,0.8460382223129272,1.3357902765274048,0.8790533542633057,1.1390986442565918,1.2671281099319458,0.9145187139511108,1.3222525119781494,1.3197579383850098,1.5045750141143799,1.406909704208374,1.634594440460205,1.8054633140563965,0.7086665034294128,0.7822945713996887,0.9280298352241516,0.6464147567749023,0.6556043028831482,0.6005703806877136,0.5432672500610352,0.5419188737869263,0.34930577874183655,0.5918388962745667,0.20780938863754272,0.28288939595222473,0.2758818566799164,0.2561783492565155,0.25086694955825806,0.10385465621948242,0.0,0.027613583952188492,0.07564222812652588,0.22482159733772278,0.21034085750579834,0.2974843978881836,0.2889147698879242,0.28346070647239685
step,0.27,1.050269365310669,1.027550458908081,0.6990686655044556,0.7778006792068481,1.18061363697052,1.1174840927124023,0.6105341911315918,0.8483843207359314,0.5440273284912109,0.7716773152351379,0.6576273441314697,0.7738339900970459,0.478922963142395,0.5094617605209351,0.8865793943405151,0.9547469019889832,0.47865742444992065,0.6519131660461426,1.132136344909668,0.6436547040939331,0.879207193851471,0.8826620578765869,0.667081892490387,0.664631187915802,0.47438088059425354,0.32889923453330994,0.3808896243572235,0.28995493054389954,0.522596538066864,0.8854192495346069,0.9712703824043274,0.7001670598983765,0.9445948600769043,0.8326999545097351,0.47170159220695496,0.6814925074577332,0.6062180399894714,0.9821756482124329,0.7977335453033447,0.8088893294334412,0.7439659833908081,0.9337689876556396,0.6960034966468811,0.7119119763374329,0.6891075372695923,0.5608736276626587,0.7090448141098022,0.5491452217102051
step,0.223,1.2547249794006348,1.482825517654419,1.4409866333007812,0.6014235615730286,0.4757988452911377,0.723090410232544,0.043131351470947266,0.3917207717895508,0.31316566467285156,0.3540394902229309,0.09525489807128906,0.2052425742149353,0.5632638931274414,0.0,0.24826163053512573,0.4835647940635681,0.5432097911834717,0.5798636078834534,1.3027487993240356,0.7426668405532837,0.9061816334724426,0.907956600189209,0.5241273045539856,0.7068464756011963,0.23450255393981934,0.5064489245414734,0.45064783096313477,0.19961519539356232,0.16978323459625244,0.5170978307723999,0.789080798625946,0.8571358919143677,1.472865343093872,1.9975948333740234,2.1342008113861084,1.7460650205612183,1.399599313735962,1.0345242023468018,1.1075670719146729,1.994347095489502,1.5709221363067627,1.8128784894943237,1.782517671585083,1.8511269092559814,1.5893144607543945,0.8304657340049744,0.6680790781974792,0.035099148750305176
step,0.468,0.9871851205825806,1.1995197534561157,1.062516212463379,0.9346463680267334,1.070725679397583,1.2391602993011475,1.1196478605270386,0.916925311088562,0.784193754196167,0.7689380049705505,0.9661512970924377,0.27700716257095337,0.7461974620819092,1.4104952812194824,1.262821912765503,1.5775337219238281,1.3414585590362549,1.5888975858688354,1.0718804597854614,1.4228150844573975,1.3382645845413208,1.3894202709197998,1.6969778537750244,1.0911023616790771,0.6663749814033508,0.44807180762290955,0.2837759256362915,0.45690515637397766,0.5739346146583557,0.6128739714622498,0.5270053744316101,0.5890267491340637,0.4250117242336273,0.37816765904426575,0.20782378315925598,0.20157256722450256,0.16000959277153015,0.14311765134334564,0.3734608292579651,0.35181543231010437,0.2003379762172699,0.3460060954093933,0.39275264739990234,0.33616238832473755,0.4101870656013489,0.4680876135826111,0.7538090348243713,0.91881263256073
step,0.745,2.2646870613098145,2.3321309089660645,2.276249647140503,2.158144235610962,1.9564977884292603,1.6469407081604004,1.1466360092163086,1.2014437913894653,1.190228819847107,1.3872520923614502,1.167335867881775,1.0201460123062134,0.244437575340271,0.22692525386810303,0.523367166519165,0.48795008659362793,0.43413054943084717,0.8670343160629272,1.5937683582305908,1.1956828832626343,1.0625442266464233,1.192809820175171,0.85724276304245,1.5031541585922241,0.386842280626297,0.4698176681995392,0.34749582409858704,0.46830520033836365,0.45515042543411255,0.5106818079948425,0.48911041021347046,0.4411661624908447,0.3534187972545624,0.4029850363731384,0.38564178347587585,0.27052849531173706,0.25016531348228455,0.23200616240501404,0.18322288990020752,0.17995953559875488,0.23897123336791992,0.35496026277542114,0.361179381608963,0.26262998580932617,0.25584855675697327,0.1928100287914276,0.1909729540348053,0.2767294943332672
step,0.606,0.5290094614028931,0.6044167280197144,0.6243360042572021,0.5340299010276794,0.5092342495918274,0.39152318239212036,0.2681316137313843,0.2824130058288574,0.3387930989265442,0.05106914043426514,0.03526580333709717,0.03639340400695801,0.0344163179397583,0.10033571720123291,0.0,0.0,0.3634260892868042,0.4441792964935303,0.40414416790008545,0.5893234014511108,0.7545153498649597,0.6724710464477539,0.9335272312164307,0.6729294061660767,0.2857244312763214,0.49035364389419556,0.3389955461025238,0.5950255393981934,0.39683839678764343,0.5184248685836792,0.5898783206939697,0.6279696226119995,0.6180963516235352,0.5963597893714905,0.5758333206176758,0.5515469908714294,0.19870738685131073,0.3517097532749176,0.18705914914608002,0.002193873981013894,0.229716956615448,0.13999229669570923,0.29922711849212646,0.2977864742279053,0.5325977206230164,0.45483309030532837,0.42039480805397034,0.3967762887477875
step,0.617,2.0280654430389404,1.7561392784118652,1.4485894441604614,1.3151767253875732,1.089874505996704,0.8940256834030151,1.2777531147003174,0.9511911273002625,1.08867347240448,0.8614159226417542,0.6481649875640869,0.5316088199615479,0.6117917895317078,0.3224376440048218,0.5292956829071045,0.30809009075164795,0.21855783462524414,0.0,0.472540020942688,0.4867231249809265,0.36952757835388184,0.45619481801986694,0.736903190612793,0.15362757444381714,0.06902185827493668,0.05922112241387367,0.1984672248363495,0.2692370116710663,0.24741846323013306,0.14200951159000397,0.2898654639720917,0.1689848005771637,0.26537439227104187,0.09585858881473541,0.19764164090156555,0.22355936467647552,0.3169436752796173,0.23334850370883942,0.26381221413612366,0.18197625875473022,0.2506672441959381,0.15306401252746582,0.2342810481786728,0.2639588713645935,0.3758031725883484,0.35486018657684326,0.27574658393859863,0.39547476172447205
step,0.205,1.8959858417510986,1.595705270767212,1.2219945192337036,1.6234325170516968,0.9098718166351318,0.9468185305595398,0.661001980304718,0.6439120173454285,0.8801965117454529,0.9768415689468384,1.3956778049468994,0.8096451759338379,0.7754336595535278,0.30101507902145386,0.19491881132125854,0.8753783106803894,1.2577190399169922,1.4433658123016357,1.2367322444915771,1.7828543186187744,2.2085280418395996,1.6173741817474365,1.7359886169433594,1.7729041576385498,1.466377854347229,1.0741270780563354,1.0587117671966553,1.1101539134979248,0.7090461850166321,0.5294139981269836,0.49675026535987854,0.3477548062801361,0.5867664813995361,0.15084263682365417,0.32652178406715393,0.36064842343330383,0.5260801315307617,0.2057287096977234,0.5480173230171204,0.49409735202789307,0.4076730012893677,0.8960829377174377,1.1295710802078247,1.0778924226760864,1.0528810024261475,1.1731443405151367,0.7574038505554199,1.2672604322433472
step,0.451,2.128420829772949,2.241457939147949,2.4817962646484375,1.903274655342102,1.763530969619751,1.4831187725067139,1.650425672531128,1.8357717990875244,1.7757668495178223,1.684739112854004,2.1047163009643555,1.9315237998962402,1.6937029361724854,1.6380791664123535,1.0956467390060425,1.1443983316421509,0.9568803906440735,1.3015328645706177,1.3317914009094238,1.25082266330719,1.704664707183838,1.867161512374878,1.4291120767593384,1.543215274810791,1.0266517400741577,1.097624659538269,0.967180073261261,0.941476047039032,1.0010277032852173,0.9852499961853027,0.9981594681739807,0.9803338050842285,0.858058512210846,0.9269072413444519,1.00710129737854,0.7108901143074036,0.8391135334968567,0.6432091593742371,0.37528228759765625,0.591819703578949,0.7570236921310425,0.6094924211502075,0.6791163086891174,0.7213438749313354,0.6164563894271851,0.3833528161048889,0.7577627301216125,0.4977068603038788
step,0.314,0.8923124074935913,0.7500240802764893,1.0537997484207153,0.5767154097557068,0.36486881971359253,0.7679294347763062,1.3015177249908447,0.7934170961380005,1.3955166339874268,1.3621361255645752,1.3143410682678223,1.2159843444824219,1.0293973684310913,1.025376796722412,0.8145835995674133,1.098502516746521,0.8525485992431641,0.6528040170669556,0.7159370183944702,0.9114139676094055,0.808097243309021,1.0314042568206787,0.7898457050323486,0.9181360006332397,0.7833449840545654,1.2369956970214844,1.1173256635665894,1.0894577503204346,1.2166727781295776,0.9194256663322449,0.6805121898651123,0.4979614317417145,0.6645424962043762,0.7584576606750488,0.5909477472305298,0.6707653403282166,0.41098102927207947,0.10765369981527328,0.40136784315109253,0.7255935668945312,0.5200059413909912,0.8820664286613464,0.7625386118888855,0.671914279460907,0.9210673570632935,0.8499905467033386,1.114832878112793,0.6745651364326477
step,0.476,1.845200777053833,1.5623700618743896,1.8275823593139648,1.188579797744751,1.4724392890930176,1.0830682516098022,1.0399590730667114,1.2638641595840454,0.296037495136261,0.9950486421585083,0.8299828767776489,0.6597305536270142,0.09397268295288086,0.5267776846885681,0.9061161279678345,0.8716314435005188,0.8098396062850952,1.215979814529419,1.1017465591430664,1.2354167699813843,0.7577988505363464,0.6639580726623535,0.8845095038414001,0.9347577095031738,0.34383484721183777,0.4433434307575226,0.5399830341339111,0.5056368708610535,0.6400944590568542,0.6608095765113831,0.5015427470207214,0.3378100097179413,0.26403728127479553,0.3766486644744873,0.191827192902565,0.21757222712039948,0.3829893171787262,0.2868882119655609,0.32019758224487305,0.2585626244544983,0.34982389211654663,0.18105530738830566,0.22917823493480682,0.6143365502357483,0.67833411693573,0.7272026538848877,0.9203606843948364,1.0459965467453003
step,0.536,1.385178565979004,1.0302512645721436,1.0229957103729248,1.4880540370941162,1.3009446859359741,1.0652432441711426,1.0226589441299438,1.2313871383666992,1.5464513301849365,1.2280951738357544,1.3165538311004639,1.2277882099151611,1.2237896919250488,1.6145330667495728,1.6092168092727661,1.28020441532135,1.3632359504699707,1.3203576803207397,1.4892406463623047,1.505788803100586,2.1082587242126465,1.8866386413574219,2.3127174377441406,2.039196491241455,0.768576979637146,0.5281366109848022,0.47107943892478943,0.6184700727462769,0.5529919862747192,0.618102490901947,0.7355461716651917,0.8927100896835327,0.8082559108734131,0.8410247564315796,0.8470550179481506,0.8898217082023621,0.5206809639930725,0.5492468476295471,0.41711145639419556,0.44777607917785645,0.531451404094696,0.4879360795021057,0.38463619351387024,0.26056817173957825,0.3262461721897125,0.24739235639572144,0.3406679034233093,0.1485319286584854
step,0.57,1.9010604619979858,2.104957342147827,2.391542434692383,2.1508569717407227,1.074300765991211,0.9090929627418518,0.7786715030670166,1.2497072219848633,0.857996940612793,1.7422566413879395,1.5301610231399536,0.8587173819541931,0.734591007232666,0.83123779296875,0.8053264021873474,1.2437211275100708,0.9193638563156128,1.4690067768096924,1.5061618089675903,1.8310661315917969,1.7366812229156494,1.9746546745300293,2.265406608581543,1.7364044189453125,0.7291787266731262,0.9428384304046631,0.6075344681739807,0.25210943818092346,0.13846972584724426,0.4086311459541321,0.4212636351585388,0.3974238336086273,0.48319458961486816,0.624674379825592,0.6012793183326721,0.1594248116016388,0.003234177129343152,0.06992920488119125,0.23082201182842255,0.29611390829086304,0.45218801498413086,0.30145642161369324,0.14904826879501343,0.35952359437942505,0.26954683661460876,0.4072003662586212,0.4616287350654602,0.42833465337753296
step,0.539,1.1552133560180664,0.9752600789070129,1.0782737731933594,0.34844619035720825,1.0756165981292725,0.8223289251327515,1.0268778800964355,0.7246304750442505,0.7235603928565979,0.9321905374526978,0.880272388458252,0.939180314540863,0.9375139474868774,0.9943143725395203,1.5538673400878906,0.9722253084182739,1.3069607019424438,1.0243074893951416,1.5610721111297607,1.6881072521209717,1.5097726583480835,1.4584991931915283,1.3447459936141968,1.6919457912445068,0.7230827808380127,0.7145066857337952,0.8454630374908447,1.305708646774292,1.173841118812561,1.0217018127441406,0.7883478999137878,0.66306471824646,0.5760381817817688,0.48978060483932495,0.7244700789451599,0.6363728642463684,0.5078297853469849,0.558403491973877,0.5980494618415833,0.47743895649909973,0.5376458764076233,0.596210241317749,0.638386607170105,0.4549756944179535,0.45985183119773865,0.4200006127357483,0.5153681039810181,0.5541947484016418
step,0.319,0.6441227197647095,0.8897768259048462,0.7894855737686157,1.4095852375030518,1.256548285484314,1.1288185119628906,0.8377666473388672,0.6871712803840637,1.5401781797409058,1.5172985792160034,1.1651121377944946,0.755256712436676,0.926917314529419,0.9317078590393066,1.3883075714111328,1.6464505195617676,0.7090696096420288,0.9500585794448853,0.6585808396339417,0.10380494594573975,0.4614518880844116,1.1354128122329712,2.40163516998291,2.2006373405456543,1.031456470489502,1.2784982919692993,1.161760926246643,1.0444483757019043,1.214805006980896,1.1889842748641968,1.119222640991211,0.9892103672027588,1.3104400634765625,1.2287523746490479,1.6295841932296753,1.7584062814712524,1.1152904033660889,0.42670249938964844,0.7175197005271912,1.2084054946899414,1.1103154420852661,0.9336308240890503,1.0854613780975342,1.178440809249878,0.9127833247184753,1.213337779045105,1.4465714693069458,1.2923716306686401
step,0.712,0.8244352340698242,0.5139345526695251,0.9974352121353149,1.0447864532470703,1.1814041137695312,0.9433455467224121,1.4243524074554443,0.9898993968963623,1.1116691827774048,0.9656100869178772,0.8181573152542114,1.317918062210083,1.0562247037887573,1.1429955959320068,1.3149389028549194,1.1736031770706177,1.588221549987793,1.8888249397277832,1.4676820039749146,1.6264816522598267,1.3330488204956055,1.1924362182617188,1.2823023796081543,0.9507802724838257,0.4908527433872223,0.44681981205940247,0.46714839339256287,0.4637135863304138,0.3762446939945221,0.33454182744026184,0.33991095423698425,0.29467540979385376,0.36610379815101624,0.18366169929504395,0.23852916061878204,0.23343220353126526,0.2674027979373932,0.27995333075523376,0.2213170975446701,0.13534756004810333,0.22452175617218018,0.21963125467300415,0.24958540499210358,0.2073446363210678,0.1889866441488266,0.20075075328350067,0.17024047672748566,0.4421524405479431
step,0.709,0.0,0.0,0.0,0.0,0.46185302734375,0.00582277774810791,0.5071280002593994,0.4456673860549927,0.3508232831954956,0.518787682056427,0.5698329210281372,0.5852076411247253,0.6530863046646118,0.7718783617019653,0.738379716873169,0.6655138731002808,1.0331052541732788,1.1533138751983643,1.1962913274765015,1.0983179807662964,1.0464129447937012,1.0424365997314453,1.3848040103912354,1.7728060483932495,0.5483889579772949,0.5701497197151184,0.4364781081676483,0.4575240910053253,0.3233579397201538,0.33173757791519165,0.34665927290916443,0.2931371033191681,0.179865762591362,0.2777029573917389,0.35283365845680237,0.3255882263183594,0.2828129231929779,0.42043113708496094,0.35790976881980896,0.27643337845802307,0.39137002825737,0.31546542048454285,0.40084323287010193,0.3645990490913391,0.2926875948905945,0.1476898491382599,0.36625906825065613,0.524135947227478
step,0.395,0.2496371865272522,0.20151400566101074,0.6031700372695923,0.8890172839164734,1.1679867506027222,0.8337367177009583,0.6308861970901489,0.8031913638114929,0.6987636685371399,0.8783657550811768,1.0205159187316895,1.2524198293685913,0.9471539855003357,1.4690890312194824,1.4846539497375488,1.9185476303100586,1.7038265466690063,1.803098201751709,1.400635838508606,1.4433434009552002,0.772796094417572,1.2462152242660522,1.4551057815551758,1.026234745979309,0.5112420320510864,0.737015962600708,0.10032335668802261,0.09157706797122955,0.24333405494689941,0.5229483842849731,0.37964800000190735,0.531533420085907,0.6405329704284668,0.5067439079284668,0.2604019343852997,0.3257206380367279,0.11540048569440842,0.35103753209114075,0.4616183340549469,0.5113545656204224,0.2870429754257202,0.0,0.14827293157577515,0.14378540217876434,0.31662940979003906,0.3730401396751404,0.32608866691589355,0.35361576080322266
step,0.63,0.0,0.0,0.013045907020568848,0.0,0.1280839443206787,0.0,0.35821533203125,0.6606265306472778,1.146267294883728,1.2568928003311157,1.1416417360305786,1.296524167060852,1.2733407020568848,1.0360654592514038,1.2050694227218628,0.8721284866333008,0.5934026837348938,0.9619473814964294,1.2174646854400635,0.8616226315498352,0.7657278776168823,0.9016517400741577,1.3209025859832764,0.42371702194213867,0.27770087122917175,0.1823233664035797,0.19000652432441711,0.18865297734737396,0.1307850033044815,0.2632884681224823,0.1763107180595398,0.30888015031814575,0.5451684594154358,0.45494890213012695,0.5211024284362793,0.7054862380027771,0.5408607125282288,0.5299452543258667,0.5243474245071411,0.46397164463996887,0.36860302090644836,0.418073832988739,0.5996534824371338,0.5032673478126526,0.7542424201965332,0.7067184448242188,0.6129107475280762,0.8034628629684448
step,0.432,0.0,0.32756632566452026,0.33459651470184326,0.8225154876708984,0.9743611812591553,0.807047426700592,0.8210644721984863,0.6549010276794434,0.5898074507713318,0.7054417133331299,0.751563549041748,1.1500710248947144,1.0279275178909302,0.8311301469802856,0.6166593432426453,0.43482184410095215,1.091206669807434,0.6370126008987427,0.7596598267555237,1.2231091260910034,1.020405888557434,0.9548409581184387,1.007969856262207,1.4976812601089478,0.5462300181388855,0.6029550433158875,0.9696502685546875,1.0769879817962646,1.381080150604248,1.404522180557251,1.5121697187423706,1.0769360065460205,1.20991051197052,1.0344188213348389,1.2954061031341553,1.3613494634628296,1.3826197385787964,0.7992247939109802,0.6779680252075195,0.48604464530944824,0.4892217218875885,0.916800856590271,0.7624629139900208,0.7101946473121643,0.7690006494522095,0.7848772406578064,0.8331592679023743,0.9724860191345215
step,0.7,0.0,0.21419501304626465,0.5251368880271912,0.49129581451416016,0.6033164858818054,0.8933336138725281,1.145604133605957,1.0339064598083496,0.6811158657073975,0.7532579898834229,0.38468629121780396,0.6562844514846802,0.6349518299102783,1.033501148223877,0.9798651337623596,0.9791045784950256,0.7287362813949585,1.1333633661270142,1.040770411491394,1.3647600412368774,1.2238317728042603,1.5018491744995117,1.6938681602478027,1.1287486553192139,0.282437801361084,0.2616041302680969,0.29457035660743713,0.43736565113067627,0.3160794675350189,0.39809322357177734,0.34116530418395996,0.31017905473709106,0.3871767818927765,0.2430162876844406,0.3574775755405426,0.30008992552757263,0.35707297921180725,0.25745606422424316,0.25649493932724,0.2736978530883789,0.3106676936149597,0.2597920894622803,0.29509007930755615,0.17886985838413239,0.34508389234542847,0.2931666970252991,0.3396795392036438,0.41206204891204834
step,0.538,1.359639286994934,1.3016022443771362,1.1820379495620728,0.8599406480789185,0.9269671440124512,0.7016855478286743,1.2090826034545898,1.188979148864746,1.253440022468567,0.8837388753890991,0.7279461622238159,0.3858293294906616,0.8156024217605591,1.2472784519195557,1.3374313116073608,1.5021581649780273,1.1640005111694336,1.411407232284546,0.7942065000534058,1.0969356298446655,0.8389453887939453,1.2950551509857178,0.9515074491500854,1.7366235256195068,0.682138204574585,0.24190638959407806,0.32197725772857666,0.5537660121917725,0.6540992856025696,0.7467515468597412,0.5818474292755127,0.4459075629711151,0.5690574049949646,0.7534019947052002,0.8354325890541077,0.5651233792304993,0.40847787261009216,0.47128379344940186,0.4913673400878906,0.5829453468322754,0.37306877970695496,0.2697754502296448,0.3017418086528778,0.2548408806324005,0.2856423556804657,0.36735501885414124,0.5025298595428467,0.43257930874824524
step,0.35,0.1488444209098816,0.24853086471557617,0.41963303089141846,0.49171632528305054,0.47191452980041504,0.6844629049301147,0.7208250164985657,0.4766809940338135,0.7662109136581421,0.6186832189559937,0.4626448154449463,0.31768351793289185,0.1675700545310974,0.6314083337783813,1.1047207117080688,0.8547987937927246,0.90521240234375,1.0446866750717163,1.029008150100708,0.6725730299949646,0.7587653398513794,0.5943800210952759,0.6764528751373291,0.7330825924873352,0.40336689352989197,0.6238051652908325,0.3305181860923767,0.4022560119628906,0.45938006043434143,0.36235901713371277,0.42297062277793884,0.5330904126167297,0.35924485325813293,0.4478064775466919,0.3088711202144623,0.23695993423461914,0.2403162568807602,0.18617764115333557,0.3047824800014496,0.3202821612358093,0.411058634519577,0.3067883849143982,0.1567603200674057,0.0,0.0744747444987297,0.005417597945779562,0.311257928609848,0.6594736576080322
step,0.488,1.7566697597503662,2.3538694381713867,2.5189149379730225,2.476163864135742,2.109001636505127,1.9529138803482056,2.096623420715332,2.394669771194458,2.831245183944702,3.084660530090332,2.7072744369506836,2.471712827682495,2.0032668113708496,1.9779729843139648,1.7968461513519287,1.7950828075408936,1.7645025253295898,2.0316476821899414,2.3305587768554688,2.3373258113861084,2.2994890213012695,2.2082343101501465,2.6021947860717773,2.6012156009674072,1.0855164527893066,1.2398815155029297,1.0011799335479736,0.877927303314209,0.800220251083374,0.783173143863678,0.8400183916091919,0.5430527925491333,0.5606481432914734,0.7650262713432312,0.6158323884010315,0.7416781783103943,0.3347170650959015,0.13014096021652222,0.2464873343706131,0.4247187376022339,0.36239057779312134,0.19374358654022217,0.49917224049568176,0.3210822343826294,0.17525221407413483,0.3587817847728729,0.6337673664093018,0.5618020296096802
step,0.408,1.3838788270950317,1.156506061553955,1.1730047464370728,0.9423130750656128,0.7184842824935913,0.8385030031204224,1.1112251281738281,1.464775562286377,1.1738700866699219,1.0529873371124268,1.0458751916885376,0.6860835552215576,0.5212546586990356,0.7435413599014282,0.947184145450592,0.8073514699935913,0.7133480310440063,0.8871991634368896,0.8289679884910583,1.3138294219970703,0.9855734705924988,0.8047192096710205,1.1803113222122192,1.0075273513793945,0.4129244089126587,0.3852885365486145,0.30822017788887024,0.2806573212146759,0.48207220435142517,0.1714649647474289,0.3051275312900543,0.5539510250091553,0.0467602014541626,0.2902461886405945,0.2640005946159363,0.2901419699192047,0.276040643453598,0.31123271584510803,0.1521758735179901,0.11726952344179153,0.2792789340019226,0.21971355378627777,0.16945800185203552,0.09797368943691254,0.10608280450105667,0.17865872383117676,0.07628753781318665,0.3365829885005951
step,0.766,0.0,0.43681973218917847,0.39316070079803467,0.5744203329086304,0.8783324360847473,0.855787992477417,0.9380515813827515,0.7435916662216187,0.8879895806312561,0.42095381021499634,1.203453540802002,0.757585883140564,0.9285839200019836,0.9073801636695862,0.9426168203353882,0.8142696619033813,1.0153422355651855,0.8343555927276611,0.7785302996635437,0.9990406036376953,0.4966280460357666,0.6120516657829285,0.9101840257644653,1.012132167816162,0.20614324510097504,0.20741106569766998,0.15095585584640503,0.24469546973705292,0.24832451343536377,0.23804599046707153,0.25995561480522156,0.19998502731323242,0.25195595622062683,0.2837427258491516,0.18725889921188354,0.2162654846906662,0.22063538432121277,0.2478654533624649,0.24088196456432343,0.20165219902992249,0.18679238855838776,0.17620204389095306,0.28317949175834656,0.26440227031707764,0.2958800196647644,0.2804677188396454,0.22397863864898682,0.15427246689796448
step,0.614,0.9700620770454407,1.0125070810317993,0.4441857933998108,1.0554134845733643,1.0495365858078003,1.1241532564163208,0.7465819120407104,0.7391919493675232,0.5767189264297485,0.4726026654243469,0.6879090070724487,1.1996182203292847,0.9854292869567871,0.3498718738555908,0.3334929943084717,0.2676181197166443,0.30598878860473633,0.6545562744140625,1.2818984985351562,1.5941226482391357,1.8475698232650757,1.390311598777771,1.5510199069976807,1.2735741138458252,0.5894964337348938,0.7274048924446106,0.5293716788291931,0.6579843163490295,0.5703866481781006,0.5454387664794922,0.34897956252098083,0.4465961456298828,0.3772829473018646,0.36325663328170776,0.4212057590484619,0.5184486508369446,0.569832444190979,0.709170937538147,0.7046074271202087,0.6487695574760437,0.6387999653816223,0.590707540512085,0.4881732761859894,0.1289140284061432,0.5016784071922302,0.3193100690841675,0.2839408814907074,0.33711642026901245
step,0.309,1.003544569015503,0.9927594661712646,0.09681212902069092,1.2180171012878418,1.2747389078140259,1.1420329809188843,0.7103643417358398,0.831779956817627,0.8613671064376831,1.2630419731140137,1.033799648284912,1.3386242389678955,1.1755133867263794,0.498909056186676,0.49496448040008545,0.7560153007507324,0.8137454986572266,0.8764809370040894,1.3473509550094604,1.7126045227050781,1.2630268335342407,1.675175666809082,1.2919355630874634,1.4284203052520752,0.9628272652626038,0.9347901344299316,0.8377261757850647,0.8644341230392456,1.131007194519043,0.8099163770675659,0.999207615852356,0.6592200398445129,0.839634895324707,0.5663930177688599,0.7078661918640137,1.0235857963562012,0.8696091771125793,0.5912905335426331,0.9827157855033875,0.8104501962661743,0.7778732776641846,0.5955734252929688,0.6813309788703918,0.15848329663276672,0.42445889115333557,0.7969321608543396,0.9770252108573914,1.0638796091079712
step,0.755,0.1986197829246521,0.3679956793785095,0.29794347286224365,0.3570863604545593,0.4782850742340088,0.6669061183929443,0.4943050742149353,1.1269892454147339,1.0549235343933105,0.9042763710021973,0.4988182783126831,0.9665830135345459,0.9903461337089539,1.0055090188980103,1.109797477722168,0.8227114677429199,0.735935628414154,0.39832818508148193,0.6240086555480957,1.0702929496765137,1.1054673194885254,1.0306062698364258,1.380993127822876,1.3113269805908203,0.1574421375989914,0.26284468173980713,0.283196359872818,0.32842278480529785,0.3209736943244934,0.3236415386199951,0.326343834400177,0.26465943455696106,0.4326636493206024,0.3344343900680542,0.4669405519962311,0.4613610804080963,0.46487364172935486,0.6928756833076477,0.5633813738822937,0.45055803656578064,0.516503632068634,0.44595521688461304,0.5199738144874573,0.2569934129714966,0.314096599817276,0.4875843822956085,0.4619275629520416,0.3346928358078003
step,0.605,0.44145071506500244,0.8213227987289429,0.37087273597717285,0.5395793318748474,1.1723905801773071,1.2446579933166504,1.3945356607437134,1.0477585792541504,0.8394354581832886,0.9058428406715393,1.442865014076233,1.7280731201171875,1.8332877159118652,1.2757633924484253,1.4923001527786255,1.4417520761489868,1.8243343830108643,1.6830486059188843,1.6609166860580444,1.4473607540130615,1.4568605422973633,1.418410301208496,1.1394051313400269,0.7393968105316162,0.45709937810897827,0.3891904354095459,0.40517428517341614,0.43193939328193665,0.4513510465621948,0.31182464957237244,0.30142030119895935,0.41278088092803955,0.38459882140159607,0.5342326760292053,0.541031539440155,0.684280514717102,0.7537496089935303,1.0038329362869263,0.9061409831047058,0.756735622882843,0.6585392951965332,0.5803565979003906,0.45262110233306885,0.3733086884021759,0.39900872111320496,0.2674787640571594,0.2965121567249298,0.4957970678806305
step,0.542,1.0659230947494507,1.2701661586761475,1.4216387271881104,0.8727282881736755,1.154727816581726,1.081649661064148,0.9070989489555359,0.7160029411315918,0.7961819171905518,0.82470703125,0.9561461210250854,1.437499761581421,1.299629807472229,1.3145402669906616,1.3858320713043213,1.8082964420318604,1.5376309156417847,1.498698115348816,1.4159300327301025,1.5453201532363892,1.0591648817062378,1.1591715812683105,1.0982786417007446,1.0337624549865723,0.276165634393692,0.24718613922595978,0.23483730852603912,0.019934212788939476,0.0015811320627108216,0.0,0.26237478852272034,0.2138986587524414,0.2900087833404541,0.33145731687545776,0.3010162115097046,0.29284295439720154,0.2456689476966858,0.33100229501724243,0.4207437336444855,0.31244781613349915,0.4287557899951935,0.3575100898742676,0.5071923732757568,0.38500460982322693,0.431498646736145,0.21100373566150665,0.18634893000125885,0.2303548902273178
step,0.615,1.3023085594177246,1.2423114776611328,0.8541313409805298,1.1438653469085693,1.345523476600647,1.3002630472183228,1.05179762840271,1.1138122081756592,0.9444612264633179,1.1536353826522827,0.7588271498680115,1.3137977123260498,0.8479307293891907,0.6840450763702393,0.8960132598876953,0.6595852971076965,0.9308555126190186,1.0727132558822632,1.2343498468399048,1.2591392993927002,0.9261681437492371,0.6157299280166626,0.859136700630188,0.8987371325492859,0.2436348795890808,0.4034627377986908,0.33119824528694153,0.28019559383392334,0.5003941655158997,0.4309566915035248,0.4004303514957428,0.29049673676490784,0.4488334357738495,0.45727455615997314,0.3748273253440857,0.4165307581424713,0.33890143036842346,0.473703533411026,0.3272438645362854,0.4749722480773926,0.33963486552238464,0.29628416895866394,0.40411829948425293,0.3626443147659302,0.4680950939655304,0.4769968092441559,0.39397934079170227,0.5209479928016663
step,0.402,0.4315667152404785,0.816268801689148,1.016372561454773,0.8544043302536011,0.6812112331390381,0.7058042287826538,0.2485777735710144,1.2749050855636597,1.4166343212127686,1.3574990034103394,1.3393468856811523,1.1960639953613281,1.1410119533538818,1.3820689916610718,1.1514010429382324,1.490439772605896,1.340024709701538,1.0660090446472168,1.0664836168289185,1.7578151226043701,1.9414000511169434,1.7978565692901611,2.116030216217041,2.20418643951416,0.8499184250831604,0.6960784196853638,0.6761972308158875,0.7664739489555359,0.7887428998947144,0.851721465587616,0.676201343536377,0.7102491855621338,0.9657866358757019,0.7241029739379883,0.826506495475769,0.6993098855018616,0.5230261087417603,0.1229039803147316,0.1488473117351532,0.2012617141008377,0.24465270340442657,0.29984164237976074,0.30788129568099976,0.2973463833332062,0.5307803153991699,0.5385512709617615,0.677420973777771,0.47139254212379456
step,0.726,0.9053608179092407,0.6271071434020996,0.9834867715835571,0.8085941672325134,1.2710434198379517,1.4166593551635742,1.2399669885635376,0.6018328666687012,0.9842948317527771,0.7874922752380371,0.7483026385307312,0.5776724219322205,0.5683192610740662,1.1938199996948242,1.074218988418579,1.3744186162948608,1.584336280822754,1.2793234586715698,1.7545547485351562,1.415403962135315,1.1477830410003662,1.6358790397644043,2.023118734359741,2.1519594192504883,0.415716290473938,0.4821842610836029,0.5417317748069763,0.4988659918308258,0.39869242906570435,0.400228351354599,0.3110741674900055,0.25383228063583374,0.4029100835323334,0.5032250285148621,0.47773414850234985,0.4754244089126587,0.4872920513153076,0.3209819197654724,0.3530816435813904,0.3144853711128235,0.18005163967609406,0.2040737271308899,0.1311347782611847,0.07155826687812805,0.3086968660354614,0.2551491856575012,0.21777038276195526,0.1137651652097702
step,0.544,1.036704659461975,0.9329803586006165,0.9113123416900635,1.2807183265686035,1.2691032886505127,0.7685497999191284,1.3141156435012817,1.009499430656433,1.486675500869751,1.6243606805801392,1.9594532251358032,1.649172067642212,2.122982978820801,2.1320979595184326,1.5959243774414062,1.444892168045044,1.8349021673202515,1.7287533283233643,1.6868634223937988,1.0174113512039185,0.9875068664550781,1.642652988433838,1.919241189956665,2.0626509189605713,0.8328738808631897,0.6098688244819641,0.6203744411468506,0.7887486815452576,1.0955283641815186,1.1456234455108643,1.1718158721923828,1.06453275680542,0.7234961986541748,0.516452968120575,0.5067378878593445,0.5444113612174988,0.6818854808807373,0.5031904578208923,0.5589971542358398,0.5681511759757996,0.39897602796554565,0.14114610850811005,0.3922676146030426,0.22334074974060059,0.3749777376651764,0.4109393060207367,0.4750525653362274,0.40794578194618225
step,0.567,0.3725486993789673,0.47681939601898193,0.40916067361831665,0.8225177526473999,0.6627101302146912,0.5807790756225586,0.6821498870849609,0.32750964164733887,0.5451369285583496,0.40418118238449097,0.5875823497772217,0.2682555913925171,0.3150123357772827,0.5899143815040588,0.8150962591171265,0.6097172498703003,0.9621632695198059,1.4090512990951538,1.4951603412628174,1.4635250568389893,0.9770485162734985,0.8689704537391663,0.6267035007476807,0.8775202035903931,0.19855836033821106,0.44227176904678345,0.4229002594947815,0.35392898321151733,0.2422299087047577,0.22647051513195038,0.3143668472766876,0.3938245475292206,0.23196212947368622,0.3458690047264099,0.3192169666290283,0.1875913441181183,0.22318242490291595,0.3201195001602173,0.33495861291885376,0.20522776246070862,0.21839679777622223,0.1884373128414154,0.40837422013282776,0.3016815185546875,0.3451070189476013,0.25420522689819336,0.3279799520969391,0.37936902046203613
step,0.312,1.2304823398590088,1.0756157636642456,0.8498667478561401,1.384645938873291,1.3669153451919556,1.2921987771987915,0.8725919127464294,1.3575547933578491,1.5620650053024292,1.848490595817566,1.385267734527588,1.070238471031189,0.840144693851471,1.0507745742797852,1.3888463973999023,1.5683923959732056,1.4249742031097412,1.219473123550415,1.1048684120178223,0.7992775440216064,0.8267027139663696,0.7290323972702026,1.0828481912612915,1.1572456359863281,0.5884844660758972,0.8328835964202881,0.8699482679367065,1.1177750825881958,0.8887380957603455,0.849000871181488,1.1138825416564941,0.9562387466430664,0.8802273869514465,0.9002615809440613,1.0766284465789795,1.030552864074707,0.9503875970840454,0.8366537094116211,0.6540018320083618,0.8353180289268494,0.7356085777282715,0.5900506973266602,0.502891480922699,0.5638595223426819,0.29337501525878906,0.28798332810401917,0.5824787616729736,0.5403582453727722
step,0.63,0.39453190565109253,0.02450573444366455,0.11306214332580566,0.08518147468566895,0.0,0.0,0.35499101877212524,0.41859525442123413,0.25004303455352783,0.45288652181625366,0.7742591500282288,0.6851226091384888,0.9064727425575256,0.7990270853042603,0.6706310510635376,0.7871699333190918,1.1566362380981445,1.5017006397247314,0.9395352602005005,1.24232017993927,1.2739285230636597,0.8079068660736084,0.9953802824020386,0.7832006216049194,0.34248650074005127,0.36585479974746704,0.4635718762874603,0.5399582386016846,0.5107640027999878,0.525715708732605,0.39102068543434143,0.3987640142440796,0.3617967963218689,0.312470942735672,0.19265536963939667,0.05205944925546646,0.17602647840976715,0.20817553997039795,0.24504317343235016,0.23280121386051178,0.2974705994129181,0.23602142930030823,0.14560411870479584,0.057017989456653595,0.0,0.07268253713846207,0.1903240829706192,0.2378808706998825
step,0.541,0.4048649072647095,0.07361423969268799,0.0,0.36608821153640747,0.6137840151786804,0.2901642918586731,0.711770236492157,0.7185509204864502,1.0296382904052734,0.9483309984207153,0.8781355619430542,1.4447121620178223,0.7286055088043213,1.1903059482574463,1.6658079624176025,1.3502873182296753,1.029211163520813,1.2908589839935303,1.811880111694336,1.4067586660385132,1.087766170501709,1.2036547660827637,1.2550548315048218,0.9616876840591431,0.6045766472816467,0.674747884273529,0.8310356736183167,0.6480957269668579,0.5632404685020447,0.5570353865623474,0.6279406547546387,0.6221609115600586,0.6202592849731445,0.71810382604599,0.41577932238578796,0.6023250222206116,0.7198475003242493,0.3754402697086334,0.5559037327766418,0.40773361921310425,0.5270140171051025,0.5521908402442932,0.3404938578605652,0.3609244227409363,0.24411383271217346,0.23170267045497894,0.3764345943927765,0.7051755785942078
step,0.721,0.5763623714447021,0.22041821479797363,0.3797558546066284,0.8451294898986816,0.5632740259170532,0.49033600091934204,1.0141881704330444,1.0177885293960571,0.9624642133712769,1.3960809707641602,1.1328179836273193,0.7576632499694824,0.9580369591712952,0.9291191101074219,1.2508083581924438,0.8368445634841919,1.1022059917449951,0.48360639810562134,0.14841890335083008,0.5706294178962708,0.9793842434883118,0.9656193256378174,0.8311434984207153,0.6657242178916931,0.09940812736749649,0.1887749582529068,0.1745307445526123,0.2753369212150574,0.21731263399124146,0.18782800436019897,0.3923070430755615,0.45609307289123535,0.4099135994911194,0.4522482752799988,0.4442121982574463,0.47192656993865967,0.48604464530944824,0.6156085729598999,0.60881108045578,0.4952225983142853,0.5380803346633911,0.3726174533367157,0.4323359727859497,0.3879280984401703,0.5371941328048706,0.32481569051742554,0.3036158084869385,0.386081725358963
step,0.447,1.3504974842071533,1.400268793106079,1.32603120803833,1.9901059865951538,1.7863354682922363,1.0771535634994507,0.8955352306365967,0.4151037931442261,1.3344168663024902,1.2110170125961304,1.0809860229492188,0.9652162790298462,0.8348613977432251,1.2191201448440552,1.8214417695999146,1.880770206451416,1.3492991924285889,1.253957986831665,0.9315955638885498,1.3119233846664429,1.1518712043762207,1.0505820512771606,1.1030480861663818,0.8706008791923523,0.7843573093414307,1.0632092952728271,0.8194758892059326,0.6521629691123962,0.3883533477783203,0.6841621398925781,0.8746331930160522,0.7429028749465942,0.8951122760772705,0.7963991165161133,0.8276402354240417,0.7253469824790955,0.54539954662323,0.20339246094226837,0.45912784337997437,0.5587164759635925,0.5241301655769348,0.6796606779098511,0.38603517413139343,0.5563613772392273,0.29313308000564575,0.3635186553001404,0.35802987217903137,0.3309004604816437
step,0.29,0.5030453205108643,0.9147477149963379,0.8733428716659546,1.454251766204834,1.3750146627426147,1.1948975324630737,1.3583645820617676,1.1285384893417358,1.197893500328064,1.2051665782928467,1.5689330101013184,1.088053822517395,1.0047388076782227,0.4346572756767273,0.5971242189407349,0.930328369140625,0.8776724934577942,0.7594497203826904,0.6692988872528076,1.1423689126968384,0.9486618041992188,0.8862300515174866,0.9112094640731812,1.2911739349365234,0.9236544966697693,0.809061586856842,0.6449570655822754,0.5535653233528137,0.9181364178657532,0.6888815760612488,0.5486113429069519,0.7506957650184631,0.2500344514846802,0.302810937166214,0.2036849558353424,0.6345841288566589,0.6701853275299072,0.5953914523124695,0.1538752168416977,0.3728906214237213,0.2533123195171356,0.300331175327301,0.5967264175415039,0.6436988115310669,0.8268725275993347,0.3483949601650238,0.5656111836433411,0.9360731244087219
step,0.755,1.049384593963623,0.5248322486877441,0.3666961193084717,1.0065544843673706,1.2590261697769165,1.2337719202041626,1.6193751096725464,1.982255220413208,2.367978096008301,2.1386075019836426,1.0795576572418213,2.459056854248047,2.505422592163086,2.1673707962036133,1.923316478729248,1.814870834350586,1.29056715965271,1.539320945739746,2.090475559234619,2.1516504287719727,1.5339174270629883,1.2126266956329346,1.5900366306304932,1.1053842306137085,0.2038351595401764,0.2674379348754883,0.1319558173418045,0.08993630111217499,0.060280438512563705,0.11431745439767838,0.15877382457256317,0.0857011154294014,0.1696806699037552,0.10334715247154236,0.0,0.025936000049114227,0.0,0.0,0.006155193783342838,0.06203463301062584,0.14858874678611755,0.1570952832698822,0.12083854526281357,0.14346809685230255,0.20465821027755737,0.033688418567180634,0.09252236038446426,0.24430905282497406
step,0.386,0.5291599035263062,0.17710280418395996,0.17532169818878174,0.21774840354919434,0.4699011445045471,0.4348936676979065,0.09591889381408691,0.7342534065246582,0.36330240964889526,0.459818959236145,0.3640824556350708,0.8101470470428467,1.075232744216919,0.8113442659378052,0.8222723007202148,0.8605643510818481,0.5424486398696899,0.96660977602005,1.0707085132598877,0.9920088648796082,0.9819764494895935,1.0272033214569092,0.9971408843994141,1.0036776065826416,0.7848987579345703,0.46359845995903015,0.5518567562103271,0.590416431427002,0.4801490902900696,0.5097239017486572,0.7594753503799438,0.7022734880447388,0.6791528463363647,0.5003916025161743,0.465905100107193,0.6460850834846497,0.8844512701034546,0.9679142832756042,0.811398983001709,0.7497619390487671,0.7883382439613342,0.6747692823410034,0.9015089869499207,1.1712771654129028,1.3452788591384888,1.291664719581604,1.1840530633926392,1.2667675018310547
step,0.315,1.6764671802520752,1.9582695960998535,1.4417754411697388,1.3477873802185059,1.091962456703186,0.7569668292999268,0.9518760442733765,1.147825837135315,0.4010252356529236,0.5038050413131714,0.5396091341972351,0.5925644040107727,0.2319449782371521,0.07937097549438477,0.272067666053772,0.5147038102149963,0.41349536180496216,0.5296784043312073,0.7455132007598877,0.7378461956977844,1.012872338294983,0.42708444595336914,0.6229441165924072,0.08814370632171631,0.009504776448011398,0.19465431571006775,0.07894012331962585,0.0957787036895752,0.11373143643140793,0.21587306261062622,0.27251940965652466,0.26395317912101746,0.17206142842769623,0.660961389541626,0.7336593866348267,0.397569477558136,0.4835142493247986,0.5845685601234436,0.6784974336624146,0.7356511950492859,0.6077498197555542,0.4846992790699005,0.6170793175697327,0.5314065217971802,0.35083845257759094,0.2747352719306946,0.7531050443649292,0.4349381923675537
