tree
version=v4
num_class=1
num_tree_per_iteration=1
label_index=0
max_feature_idx=16
objective=binary sigmoid:1
feature_names=Global_active_power Global_reactive_power Voltage Global_intensity Sub_metering_1 Sub_metering_2 Sub_metering_3 VI_residual hour_sin hour_cos dow_sin dow_cos gap_diff1 vi_res_abs vi_res_roll15_mean gap_intensity_ratio sm_gap_ratio
feature_infos=[-0.34231805801391602:9.9272241592407227] [-0.92105263471603394:7.0921053886413574] [-8.9012346267700195:2.9465019702911377] [-0.35294118523597717:9.2352943420410156] [0:75] [0:75] [-0.1666666716337204:5] [-55.888095855712891:57.321292877197266] [-0.7086561918258667:0.7086561918258667] [-0.70557081699371338:0.70557081699371338] [-0.62348979711532593:0.62348979711532593] [-0.44504186511039734:0.8019377589225769] [-695:743] [-0.51726812124252319:59.776256561279297] [-0.73369282484054565:54.873043060302734] [-5.572758674621582:72.017311096191406] [-0.65155255794525146:27.137920379638672]
tree_sizes=13277 13653 13581 13650 13621 13642 13710 13690 13731 13723 13723 13729 13746 13749 13778 13736 13742 13703 13818 13756 13800 13776 13771 13747 13632 13743 13749 13811 13790 13798 13753 13785 13799 13835 13754 13785 13801 13782 13823 13779 13829 13782 13797 13753 13787 13826 13711 13758 13793 13783 13756 13773 13803 13785 13757 13812 13812 13794 13809 13817

Tree=0
num_leaves=127
num_cat=0
split_feature=14 15 15 14 15 1 2 0 13 13 16 15 14 16 13 15 0 15 0 15 1 0 10 14 14 15 1 15 15 9 16 14 0 9 16 10 8 0 8 0 1 14 10 8 0 8 10 15 9 1 11 3 9 3 8 0 10 1 9 12 9 9 1 8 0 0 11 13 1 1 12 0 12 12 8 8 10 2 12 12 10 13 1 15 12 8 0 9 3 15 8 8 8 10 16 10 8 9 8 9 15 12 2 3 0 0 1 0 15 8 11 15 2 9 2 9 10 8 16 1 9 1 2 10 12 1
split_gain=169604 28491.4 7198.45 10435.9 3632.72 2742.43 2422.65 1896.33 1879.29 1652.75 1470.85 1309.73 820.426 770.694 1059.34 628.583 626.82 491.09 962.14 481.882 461.95 451.301 395.45 408.072 382.959 380.429 374.796 369.69 368.36 319.701 313.249 300.867 260.348 232.35 259.554 304.415 577.31 468.166 260.38 202.812 304.203 191.541 190.946 228.239 184.163 179.41 205.114 176.712 176.305 190.837 168.044 177.298 160.179 157.487 154.211 165.191 345.329 150.946 149.519 147.728 150.141 177.167 145.654 142.933 141.415 142.326 140.463 140.107 136.974 131.439 130.073 129.045 123.624 163.093 122.203 348.5 185.804 126.207 120.134 118.269 117.078 113.862 273.479 207.592 110.929 101.321 98.2931 96.8047 96.2846 93.6031 122.204 92.9986 162.61 116.911 89.0888 189.65 186.546 88.4789 86.53 194.184 86.5159 79.62 75.0639 71.7866 68.4706 98.5568 68.2667 99.7367 67.9985 67.1237 137.877 66.7967 66.4507 65.2481 160.303 64.9584 66.7701 64.5616 64.4792 63.8546 131.12 59.7858 57.6243 51.8394 49.9055 52.5025
threshold=0.98700615763664257 -1.2494890093803404 -1.3535210490226743 2.2709668874740605 1.2907838821411135 0.41447368264198309 -6.6604938507080069 -0.27722449600696558 0.46577404439449316 0.82925808429718029 0.87271440029144298 0.58374956250190746 -0.094450104981660829 0.9491097927093507 0.16974896937608722 0.008731909096240999 -0.027418032288551327 -1.0594110488891599 -0.013565709814429281 -0.92198339104652394 2.3881578445434575 1.7630385160446169 -0.56174489855766285 1.8098452091217043 4.4634184837341317 0.62752261757850658 1.4407894611358645 0.96496084332466137 1.0439346432685854 -0.58580270409584034 0.75926500558853161 1.0000000180025095e-35 -0.091635070741176591 0.010774772614240648 0.88005742430686962 -0.38873952627182001 -0.17293875664472577 -0.013565709814429281 0.69706812500953685 0.37736880779266363 1.6776315569877627 -0.31823606789112086 1.0000000180025095e-35 0.49559861421585089 1.213112533092499 0.42524318397045141 0.38873952627182012 -0.022120082750916478 0.58751308917999279 0.82236841320991527 -0.22252093255519872 0.97058823704719555 -0.39836923778057093 1.0000000180025095e-35 0.59008219838142406 -0.033611157909035676 -0.38873952627182001 0.80921050906181347 0.2967905998229981 20.381792068481449 -0.34341222047805781 0.67694920301437389 -0.59868422150611866 -0.69083788990974415 1.6226723790168764 1.3885927200317385 0.6784479320049287 1.7762745618820193 1.4802631735801699 0.88815787434577953 -10.328859329223631 -0.16169957071542737 -33.372810363769524 1.6678983569145205 -0.54975369572639454 -0.59348425269126881 1.0000000180025095e-35 -0.90740740299224842 -0.6812496781349181 -0.6812496781349181 -0.56174489855766285 1.7169966697692873 1.388157904148102 -0.69330111145973194 2.9990732669830327 0.70804578065872203 -0.0059995211195200673 0.35411681234836584 1.2764706015586855 1.1461044549942019 -0.66103035211563099 0.57960763573646557 0.64028519392013561 0.56174489855766307 1.0992876887321474 0.56174489855766307 0.69533789157867443 -0.70246672630310047 -0.63071238994598378 -0.27710412442684168 0.008731909096240999 10.343188285827638 -1.4958847165107725 0.61764708161354076 -0.06733976304531096 1.3293038606643679 0.1118421070277691 0.19687808305025103 -0.59513911604881276 0.69152030348777782 0.6784479320049287 -1.7392292022705076 -0.13786008208990094 0.70536598563194286 -0.6810699701309203 0.48007008433341986 -1.0000000180025095e-35 -0.60341805219650257 1.0732121467590334 -0.24342105537652967 -0.13613965362310407 -0.23026315867900846 -0.83744853734970082 0.56174489855766307 3.6763681173324589 0.37500000000000006
decision_type=2 2 2 2 2 2 2 2 2 2 2 2 2 2 2 2 2 2 2 2 2 2 2 2 2 2 2 2 2 2 2 2 2 2 2 2 2 2 2 2 2 2 2 2 2 2 2 2 2 2 2 2 2 2 2 2 2 2 2 2 2 2 2 2 2 2 2 2 2 2 2 2 2 2 2 2 2 2 2 2 2 2 2 2 2 2 2 2 2 2 2 2 2 2 2 2 2 2 2 2 2 2 2 2 2 2 2 2 2 2 2 2 2 2 2 2 2 2 2 2 2 2 2 2 2 2
left_child=1 16 -2 5 6 8 -3 -8 19 25 11 22 33 17 63 -12 41 18 84 -4 81 69 -7 39 58 29 86 54 52 124 79 62 -29 89 35 36 -35 38 -38 48 47 111 44 45 50 46 -44 101 67 53 51 -36 -21 -50 55 56 -19 -17 -22 60 -54 118 -6 64 65 -15 122 97 -69 70 112 -27 -31 78 75 77 -77 -37 -74 -18 -57 82 -11 -84 -14 -46 -25 104 106 94 -91 -65 93 -93 -9 96 -96 -24 99 -20 -71 -41 -23 -49 -80 -106 -10 -108 -90 123 -111 -1 -16 -76 -115 117 -117 -75 -62 120 -34 -63 -28 -56 -5 -126
right_child=2 4 3 9 31 10 7 12 88 20 15 -13 13 14 21 57 30 27 98 28 24 102 23 26 -26 71 66 32 -30 72 -32 -33 119 34 42 74 37 -39 -40 40 -42 -43 43 -45 85 -47 -48 103 49 -51 -52 -53 59 -55 109 80 -58 -59 -60 -61 61 121 -64 91 -66 -67 -68 68 -70 100 -72 -73 73 115 113 76 -78 -79 87 -81 -82 -83 83 -85 -86 -87 -88 -89 108 90 -92 92 -94 -95 95 -97 -98 -99 -100 -101 -102 -103 -104 -105 105 -107 107 -109 -110 110 -112 -113 -114 114 -116 116 -118 -119 -120 -121 -122 -123 -124 -125 125 -127
leaf_value=-1.6263053356463724 -1.6033449292711179 -1.602781949442001 -1.6038000284529654 -1.7493043833080155 -1.7394214931070104 -1.7580518588880509 -1.602781949442001 -1.7551992641224632 -1.6053163192651145 -1.609636837024778 -1.606404435152847 -1.602781949442001 -1.6186949730736642 -1.7264142662354476 -1.6508016574583277 -1.6557519951404203 -1.6695689336283435 -1.7191014257287724 -1.6125143036028133 -1.7495768902335063 -1.7598323981597184 -1.6807754683522345 -1.6953226432655846 -1.7057261364524259 -1.62041548618993 -1.7156483042716222 -1.6812401119633211 -1.7598323981597184 -1.6043927560778537 -1.6273497338347271 -1.6145154664374048 -1.6047686757874082 -1.6242749238603063 -1.759427858759552 -1.7598323981597184 -1.7133442117228372 -1.7146415283217398 -1.7536887479082817 -1.6542453141834021 -1.6373158279593429 -1.7446393288448776 -1.6051858315442085 -1.7598323981597184 -1.7598323981597184 -1.7573630076084019 -1.6350973846738339 -1.6914337224834262 -1.65466053628853 -1.7074226210906005 -1.7433773610834891 -1.7438206831391314 -1.639577393096048 -1.6356086020654064 -1.6169417423029979 -1.758646417111059 -1.7571871510217949 -1.7416802238132216 -1.7534499727447244 -1.6411225377771048 -1.6341491415906721 -1.7396732517156261 -1.6167825140206733 -1.602781949442001 -1.7510646377408479 -1.7598323981597184 -1.6069261653717997 -1.6517459003718371 -1.6436999302818127 -1.7478945642264843 -1.6326549800789214 -1.6054631604557859 -1.6115885207541416 -1.6631349783377796 -1.6805746492618734 -1.7561111825929561 -1.7469454236165449 -1.6670181502891814 -1.7580006389148408 -1.7598323981597184 -1.7482059466369053 -1.7427453736920244 -1.6037763775797429 -1.7598323981597184 -1.6422410111099601 -1.696501089255974 -1.6626833637609491 -1.6382158096972554 -1.7598323981597184 -1.6167825140206733 -1.6228866597582932 -1.7598323981597184 -1.7171298305011469 -1.7548708442796255 -1.6244620548334043 -1.7598323981597184 -1.6631622140078544 -1.63842814562088 -1.7504219057875965 -1.7509921838716322 -1.7598323981597184 -1.7418867591936826 -1.7022300764353318 -1.7598323981597184 -1.7369308462944402 -1.6595189136322674 -1.7443759094656071 -1.6946488028977609 -1.6136754940530613 -1.7020433754089712 -1.7496088499096023 -1.7127301448647343 -1.7270291046383177 -1.7598323981597184 -1.6392103722302065 -1.7504658499069874 -1.6411225377771048 -1.7389432211076841 -1.6237023727638928 -1.6436999302818127 -1.6046050371338225 -1.7598323981597184 -1.6980375799336493 -1.7598323981597184 -1.7383952362704234 -1.6546605362885298 -1.7598323981597184
leaf_weight=4.2510882765054703 5648.5144927352667 48.432293474674225 19.644839003682137 21.566661447286609 11.124157965183256 127.5198675096035 37.589242696762085 2695.3628279715776 213.07070033252239 145.88130018115044 71.773913875222206 36.143502593040466 40.218625903129578 6.7943394482135835 8.3299124836921674 9.8168681561946887 12.57729986310005 370.70314991474152 6.1650032252073279 44.279451325535774 16.300493240356449 7.1800831556320217 12.318903759121893 10.49112084507942 31.757664918899536 5.1388206034898749 4.333519414067271 10.442503482103346 12.416138485074041 32.562966108322144 18.749704882502556 80.534486532211304 8.374828949570654 280.63290241360664 6.7494229823350933 29.304752379655838 248.70465151965618 129.35135132074356 32.255952641367912 32.431917607784271 44.8337582051754 648.95023891329765 23.43195903301239 30.818120032548904 137.92115542292595 15.472480967640875 69.710951641201973 5.3972167074680355 19.495286017656326 27.596915274858475 28.361000895500183 17.937001898884773 9.1389145702123624 12.71204926073551 382.89672887325287 257.5042559504509 1006.9238692075014 17.787448912858963 5.7380439490079871 10.839349880814551 61.946954429149628 7.1425684839487076 4.3372203111648551 116.53415983915329 7.7682038098573676 9.6520058810710889 7.3523472249507895 10.753217846155168 9.5098546892404539 5.356001138687132 52.215206906199455 65.859904959797859 41.091554641723633 10.026646897196768 1372.8626785427332 17.618885740637779 34.248597830533981 185.93120191991329 5.221251741051673 19.52909979224205 1754.0295259207487 1649.1889110505581 8.5322894304990786 20.274175226688385 8.9629496037960035 4.6743466556072226 48.541136592626572 11.715979516506193 7.1425684839487076 4.9739583283662796 5.4759469479322416 13.292768120765686 22.881353050470352 9.2250466048717499 51.830474600195885 12.918127104640005 5.6106963455677024 217.14986924827099 77.052701875567436 8.5322894304990751 6.3261646032333374 9.8543828278779966 14.517626792192457 19.828711465001106 21.502734795212749 7.3449454307556143 8.7082543969154376 20.195444986224174 7.85803674161434 255.40276764333248 48.20451594889164 6.9216870516538602 3.0563424825668326 6.5882616043090847 24.240961119532585 5.738043949007988 5.4347313791513425 39.196144178509712 2.9326957762241355 10.970398381352423 4.3298185169696835 7.348646327853201 26.870344325900078 58.253873929381371 5.3972167074680311 2.9289948791265488
leaf_count=10 7945 67 28 160 78 992 52 20651 317 243 110 50 82 44 28 35 52 2289 11 329 128 33 64 59 67 31 20 82 18 78 35 118 19 2199 53 174 1490 983 113 91 324 962 184 242 1069 42 351 19 111 198 204 52 25 25 2988 1994 7154 135 17 29 435 14 6 873 61 15 25 33 70 14 78 115 159 46 10570 129 138 1446 41 144 12539 2349 67 61 47 18 138 92 14 11 43 81 175 21 407 50 16 1621 577 67 45 54 114 137 80 53 45 37 43 1898 285 45 24 19 181 17 38 88 9 16 34 39 211 406 19 23
internal_value=-1.73631 -1.73424 -1.61715 -1.64027 -1.74274 -1.68715 -1.7439 -1.74457 -1.64674 -1.61387 -1.70949 -1.71995 -1.7451 -1.73887 -1.7069 -1.6376 -1.61181 -1.74097 -1.70425 -1.69715 -1.60711 -1.65331 -1.72649 -1.71875 -1.66487 -1.65914 -1.68189 -1.74221 -1.70891 -1.67268 -1.67947 -1.62028 -1.67664 -1.75033 -1.74615 -1.74849 -1.73732 -1.7222 -1.70771 -1.72727 -1.70425 -1.6066 -1.72968 -1.71179 -1.74242 -1.69816 -1.70864 -1.67744 -1.73563 -1.70478 -1.71061 -1.67246 -1.71794 -1.67171 -1.74275 -1.74094 -1.7356 -1.71871 -1.72892 -1.70384 -1.71237 -1.72121 -1.70109 -1.73483 -1.68951 -1.65629 -1.73039 -1.74301 -1.6926 -1.63015 -1.61882 -1.61912 -1.66261 -1.67041 -1.75311 -1.74071 -1.69417 -1.75192 -1.68796 -1.7174 -1.74459 -1.6054 -1.62076 -1.67707 -1.63287 -1.75426 -1.65021 -1.71024 -1.61228 -1.75439 -1.69465 -1.7416 -1.71732 -1.67917 -1.75462 -1.7324 -1.74797 -1.74746 -1.74251 -1.69804 -1.69181 -1.65244 -1.73367 -1.71933 -1.69319 -1.68112 -1.60923 -1.63807 -1.66145 -1.75099 -1.74375 -1.68871 -1.68007 -1.75547 -1.72669 -1.64517 -1.68871 -1.63529 -1.73534 -1.63995 -1.67047 -1.65799 -1.74892 -1.75597 -1.73325 -1.69166
internal_weight=0 10958.1 9022.09 3373.58 10247.1 1215.18 10151.1 10102.7 432.665 2158.4 782.512 683.134 10065.1 4592.1 283.129 99.3782 710.979 4308.97 140.932 175.69 1877.67 96.9813 646.99 519.471 53.7962 280.727 97.5885 4168.04 156.045 209.728 50.8561 95.9959 34.1175 5472.99 2696.82 2361.74 690.945 410.312 280.961 421.882 112.346 660.123 335.076 139.434 195.643 108.615 93.1429 67.5122 309.536 59.8043 53.0474 24.6864 143.629 32.2073 4133.92 3389.16 1377.63 27.6043 22.0385 99.3491 88.5098 79.3709 15.4614 186.148 24.2145 16.4463 38.5562 249.732 20.2631 75.2836 63.6015 70.9987 179.835 147.272 1670.8 267.103 51.8675 215.236 86.8765 32.1064 2011.53 1823.88 174.688 28.8065 49.1816 142.596 59.0323 45.7849 256.975 2776.17 10.4499 161.933 45.3992 22.5178 2765.72 70.3593 57.4412 229.469 91.75 14.6973 11.6822 42.2863 21.6977 25.2259 34.0689 28.8477 241.974 28.9037 15.0006 744.758 303.607 11.1728 11.3863 1403.69 30.8292 60.3956 11.1728 49.2228 64.8797 23.675 12.7046 14.4912 31.2039 441.151 29.8929 8.32621
internal_count=92319 74498 17821 9876 73250 5904 73048 72981 1382 3972 4522 4242 72929 32094 1606 280 1248 30488 784 926 2932 336 4192 3200 212 1040 453 29704 898 894 231 202 151 40835 19657 17442 4785 2586 1603 2747 625 1017 2215 819 1396 577 535 301 2122 334 309 105 880 136 29553 23976 9443 170 145 551 522 497 84 1270 120 59 256 1788 103 189 130 146 692 614 12657 1887 267 1620 425 196 14533 2720 371 128 129 1087 197 266 456 21178 54 1150 277 102 21124 473 423 1685 655 78 59 145 147 156 174 133 399 82 57 5577 2183 55 52 10770 200 189 55 134 444 69 53 53 231 3394 202 42
is_linear=0
shrinkage=1


Tree=1
num_leaves=127
num_cat=0
split_feature=14 0 2 13 0 13 0 7 13 16 14 2 7 7 14 0 16 7 9 0 7 9 10 8 8 0 7 7 8 2 6 9 16 10 8 0 10 6 8 8 16 13 16 13 0 9 14 0 13 0 7 0 8 10 16 2 0 10 14 14 3 6 9 9 16 0 0 0 11 8 9 7 14 10 14 13 0 16 8 8 6 7 0 0 10 10 8 10 10 8 8 9 2 13 10 6 8 4 12 8 0 2 8 12 12 0 9 8 8 7 9 2 6 10 7 0 16 14 7 0 2 13 9 10 16 10
split_gain=143982 15606.4 6320.99 5275.79 5957.02 3140.37 4692.84 2240.16 1716.44 1402.71 1319.99 1418.63 1211.3 928.401 679.3 621.28 587.611 482.975 482.177 482.001 1747.58 342.411 362.34 329.262 309.8 251.043 257.328 230.839 312.642 224.695 216.872 215.706 232.46 343.602 518.867 372.356 303.367 259.973 278.765 232.464 214.635 321.251 213.745 204.696 191.051 190.486 187.494 183.714 172.718 172.035 316.175 165.905 214.515 161.967 161.332 155.324 155.872 149.614 146.052 143.8 356.899 525.911 195.105 143.533 138.71 137.699 137.359 166.17 191.156 133.058 131.732 127.039 125.104 122.376 155.591 120.568 116.478 106.101 105.878 104.311 103.117 120.809 102.565 101.111 129.837 98.5716 114.795 98.4483 97.996 192.172 95.9943 93.1919 123.047 90.3313 84.7912 143.283 111.411 108.589 84.4733 83.6645 82.5086 81.7513 78.3204 75.5523 74.6081 71.0483 69.9583 69.3566 302.007 161.394 70.109 165.614 66.3955 65.5949 64.8673 63.4826 63.3811 71.8298 63.209 70.4884 62.0992 61.9825 61.8585 60.6161 59.618 133.851
threshold=0.98700615763664257 -0.27722449600696558 -6.6604938507080069 1.9143015146255495 -0.077976319938898073 0.73942324519157421 -0.053965032100677483 0.95917025208473217 0.12941011786460879 0.96939319372177135 1.8098452091217043 -6.6604938507080069 1.0030285716056826 1.0030285716056826 -0.094450104981660829 0.63885232806205761 0.88005742430686962 -0.3939655721187591 -0.61026969552040089 -0.17517330497503278 -0.071016572415828691 0.56625962257385265 -0.38873952627182001 -0.60341805219650257 -0.68871176242828358 -0.2695785760879516 0.69559305906295787 0.61818528175354015 -0.58836433291435231 0.86625516414642345 1.5833333134651186 0.010774772614240648 0.80128589272499096 -0.38873952627182001 -0.17293875664472577 -0.013565709814429281 1.0000000180025095e-35 2.7500000000000004 0.49559861421585089 0.69706812500953685 0.9491097927093507 0.16974896937608722 -0.37892487645149225 -0.41904304921627039 2.2544118165969853 0.65590819716453563 0.29806686937808996 1.6928257346153261 1.8404935598373415 -0.072725236415863023 -0.51482990384101857 1.6012866497039797 -0.58836433291435231 0.56174489855766307 -0.26961359381675715 0.137860082089901 -0.030076130293309685 -0.38873952627182001 0.24860059469938281 1.7375702857971194 0.32352942228317266 0.75000000000000011 0.45939992368221289 0.67694920301437389 1.0430797934532168 -0.03773903846740722 1.213112533092499 1.1725872159004214 -0.22252093255519872 0.37158828973770147 -0.30236525833606714 -1.2151630520820615 -0.13633995503187177 -0.56174489855766285 3.1837922334671025 1.8404935598373415 0.018979621119797233 0.79287084937095653 0.36365796625614172 -0.68410593271255482 2.7500000000000004 0.20757450908422473 -0.053965032100677483 -0.13743405789136884 -1.0000000180025095e-35 -0.56174489855766285 -0.59348425269126881 -0.38873952627182001 -0.56174489855766285 0.16693504154682162 0.70804578065872203 -0.70246672630310047 -0.39711934328079218 0.18026809394359591 0.56174489855766307 1.4166666865348818 -0.51933029294013966 1.0000000180025095e-35 -16.993612289428707 -0.063303325325250612 1.722504258155823 1.3641975522041323 -0.050975399091839783 -0.6812496781349181 -1.2268146872520445 0.15651434659957889 0.6293640434741975 -0.54975369572639454 -0.59348425269126881 0.3867043405771256 0.70468106865882885 -0.69753086566925038 4.5833332538604745 0.56174489855766307 0.50484570860862743 -0.027418032288551327 -0.38433779776096338 0.61835360527038585 -0.65061193704605091 -0.045006224885582917 -0.20370370149612424 0.55731219053268444 -0.39836923778057093 0.56174489855766307 1.0992876887321474 0.56174489855766307
decision_type=2 2 2 2 2 2 2 2 2 2 2 2 2 2 2 2 2 2 2 2 2 2 2 2 2 2 2 2 2 2 2 2 2 2 2 2 2 2 2 2 2 2 2 2 2 2 2 2 2 2 2 2 2 2 2 2 2 2 2 2 2 2 2 2 2 2 2 2 2 2 2 2 2 2 2 2 2 2 2 2 2 2 2 2 2 2 2 2 2 2 2 2 2 2 2 2 2 2 2 2 2 2 2 2 2 2 2 2 2 2 2 2 2 2 2 2 2 2 2 2 2 2 2 2 2 2
left_child=1 -1 -3 4 8 13 72 10 25 12 11 -6 45 14 31 -15 21 -18 64 20 58 22 91 24 75 -2 83 40 47 51 -11 124 33 34 -33 39 66 -38 43 -36 49 80 -23 -39 -32 94 -43 -29 65 50 70 55 -53 112 -26 73 -57 -52 69 60 -5 62 -62 -22 -12 -47 67 -34 -69 -16 -21 76 -7 74 -20 -24 -25 -63 103 -58 -42 -82 -73 98 -85 -51 -87 102 89 -67 -68 92 -13 -17 -8 97 -97 101 -27 -81 -55 -96 -65 104 -44 -90 -100 108 -35 -110 -109 -112 -30 -48 -31 -105 -50 -118 -75 -120 -98 -37 -86 -46 -4 -126
right_child=3 2 5 59 7 6 9 -9 -10 30 18 16 -14 15 19 93 17 -19 29 27 63 42 23 71 54 26 -28 28 53 114 44 32 36 107 35 121 37 38 -40 -41 41 46 78 -45 123 48 113 -49 116 85 57 52 -54 100 -56 56 79 -59 -60 -61 61 77 -64 87 -66 88 90 68 -70 -71 -72 82 -74 118 -76 -77 -78 -79 -80 99 81 -83 -84 84 122 86 -88 -89 105 -91 -92 -93 -94 -95 95 96 120 -99 106 -101 -102 -103 -104 115 -106 -107 -108 110 109 -111 111 -113 -114 -115 -116 -117 117 -119 119 -121 -122 -123 -124 -125 125 -127
leaf_value=0.11931700921308715 0.11913733112702099 0.11959729839000449 -0.018600620766457635 0.11833207597919744 0.11975916293646396 0.046002715020786046 -0.0097431859564160988 0.11842098556560976 0.11827959626357844 0.011173366735050498 -0.01315856406675249 -0.023496502969760472 0.11957399423087735 0.11776000232767807 0.089523775183750265 -0.018881779778566227 0.10806382954525352 0.0069007168499652409 -0.0036984087821243994 0.081423137592349509 -0.014496282405432756 0.098132237798803937 -0.019422970517751367 0.10416575967026831 0.088660155205437477 0.072889470141873552 0.11683739196944255 0.069637991898335569 -0.014200670155035653 -0.0037950499100358821 0.11452926093754803 -0.023443244881082636 -0.010257728992815615 -0.019151442745456392 0.019510362193021168 -0.020243672718855372 -0.023543320586508477 -0.0079634574006636309 -0.023443023441530056 0.07604667303792495 -0.019506029406439054 -0.023571404072333157 0.025865860026101407 0.059717394813526184 -0.0083125850688042357 0.059405180197426362 0.055527156694425907 -0.023473386763574612 0.1310887071116201 -0.022994898934172885 0.0090687270104618696 -0.010693214149190096 0.074831313002698213 0.062244144386242636 0.028183593459438834 0.10553897170167589 -0.023809877572203719 -0.0083783474043551409 0.11040477823345679 0.11810296708559052 -0.0053227058223447891 0.063348794725588048 0.089728958045134546 0.1282467373117713 0.082244107501476635 -0.023467245176801814 -0.022204707082670125 0.094777808549854098 -0.023496197706480818 -0.010442459838396678 0.018311737844200534 0.051266324623105639 0.11413987001701319 0.10621392096720431 0.099565508093864899 0.10461492675947012 0.017505326626382073 0.11739342330851248 0.07784792125897802 0.075538085248358561 0.056365683048607389 -0.002060540518241556 -0.013977618152211758 -0.007147271823934309 0.0011486614043437467 0.00016952151333306988 -0.012051759926790223 -0.0044252063079603414 -0.019699106053492309 0.11450449906479553 0.066243724236399348 -0.017953998965104283 0.099356584823724378 0.10343617287444269 -0.0114587198756622 0.10569490763628477 -0.023487293857733921 0.073968096645308706 -0.01572493384435119 0.035682195889912706 -0.010603479145568355 0.0985636812565725 0.028230615744519075 0.041247928661022261 0.10361583775359925 0.016493297993058601 0.060802774147594399 -0.020627983179002985 0.00094663383913639839 0.075987968120571459 0.07387067422974683 -0.013962500332189758 0.074706719978564512 0.11335554535030956 0.083758512000833618 -0.0096560247314187858 -0.0023757244979963348 0.10042747551346307 0.024586631948799891 0.089982120511258798 0.069110456264138156 0.058503955618928634 0.081681456987068413 0.087499810257077329 -0.012865469240314148 0.060880920178458128
leaf_weight=435.6265412569046 14.278118297457693 166.00569927692413 2593.8294617682695 296.6756306886673 63.171804130077362 11.390876322984694 693.20471231639385 199.29204535484314 1468.767320767045 13.031843945384024 32.712262451648712 6.5836783349514008 33.206344485282898 38.443143114447594 14.041128754615785 24.691556617617611 51.589630320668221 29.770906358957291 11.404430463910105 23.778841748833656 201.4249210357666 24.182879760861397 27.838633954524997 7.0882109701633444 53.515968084335327 5.8745922297239295 12.096811756491659 49.868659779429436 109.8134329020977 17.160967722535137 59.035568162798882 239.95538440346718 42.903067380189896 184.07256342470646 247.53604923188686 105.80308383703232 38.824933990836143 21.792648315429688 27.064242303371429 32.965243220329285 57.188161984086037 7.5707645118236533 16.055710375308994 99.423690900206566 7.464096471667288 19.140922427177429 14.317895501852037 10.211777567863463 5.8752874583005932 241.35079756379128 271.41878548264503 17.481204196810722 35.663893342018127 21.14220125973225 26.323155283927917 29.816577151417732 6.5735057890415183 713.22808739542961 66.780533000826836 6327.2398781329393 30.894441217184067 18.238998055458069 11.990338161587713 5.9817483127117157 7.4922020435333243 7.9318019449710873 182.25429831445217 16.264752388000492 8.232712581753729 8.5805946290492994 29.819017291069031 10.591517537832258 200.53027141094208 135.19598631560802 11.954253822565077 3.532341092824935 49.726483464241028 71.457054764032364 15.626710399985312 50.258355095982552 21.287338450551033 42.257579401135445 107.0353959351778 13.846245005726812 4.5898291319608715 393.26889182627201 1408.5083923637867 11.88712504506111 59.739326149225235 8.2256421297788602 5.0440733879804602 184.83350691199303 6.4616812467575055 2.6768148690462104 84.835352137684822 9.6564312130212802 7.0794863402843475 6.9880115538835517 43.719843953847885 36.272711500525475 8.8108991086482984 2.7902718484401694 6.5733487606048602 13.995177298784254 7.1287428736686698 34.069051846861839 5.3644549101591101 1245.031590744853 23.08603647351265 22.773185402154922 10.46786645054817 47.78880649805069 3.4659167081117621 17.357840359210968 4.216507837176322 32.689409136772156 5.380889490246771 5.4948500543832779 7.0450884252786627 102.73704335093498 4.9035492837429029 4.1551197171211234 22.604771658778191 4.0876646637916565 53.452394157648087 12.067121699452398
leaf_count=556 19 210 20116 390 80 53 5078 268 1934 81 241 52 42 53 42 191 93 193 79 81 1510 55 215 14 154 21 18 188 824 118 94 1915 316 1429 1475 827 304 155 216 109 444 59 91 423 54 82 61 81 9 1913 1753 124 119 87 149 59 49 5183 121 8365 212 71 32 9 23 63 1443 40 65 61 181 47 304 259 27 7 302 98 50 166 94 293 799 99 31 2718 10455 84 462 18 19 1422 17 6 627 23 56 27 330 183 65 8 37 70 16 213 21 9768 154 79 37 361 13 27 12 237 38 15 39 280 20 19 71 13 400 48
internal_value=0 0.00200811 -0.00284009 0.107505 0.0855962 -0.00479923 0.0244784 0.0561694 0.112284 0.00747972 0.0461943 0.0291308 0.000826265 -0.00893477 -0.00948058 0.0659113 0.0206437 0.0710469 0.0710734 -0.0029876 0.0206823 0.0137307 0.00649385 0.0209036 0.0477964 0.0403188 0.0299079 -0.00515396 0.0155185 0.0768095 0.086135 -0.0141176 -0.0100277 -0.0127272 -0.000297693 0.0139263 0.00319257 0.0225287 0.0345919 0.0261547 -0.00645063 0.0161363 0.0456351 0.0475495 0.0999744 -0.00330135 0.065845 0.053812 0.0177374 -0.0076233 -0.000994047 0.0798561 0.0466994 -0.000544186 0.0687209 0.0843599 0.0657414 -0.00356905 0.0955267 0.117343 0.106141 0.0788609 0.0212532 -0.00894245 0.00461996 0.00989805 -0.011012 0.0134719 0.0550302 0.0516058 0.0463113 0.00375894 0.110477 0.0928887 0.0491489 -0.00545642 0.0283171 0.106404 0.030786 0.0529963 -2.24632e-05 0.0175121 -0.00810284 0.018954 0.0427062 -0.0109921 -0.00938425 0.0368259 0.00128072 0.0467732 -0.0198227 -0.0143077 0.0373556 -0.00691824 -0.00709237 0.00871417 0.055142 -0.00190454 0.00121687 0.058831 0.0408155 -0.00795527 0.0758823 0.0202603 0.0497724 -0.00655485 -0.00736117 -0.0178379 -0.0077106 0.0382113 -0.0196246 0.00181983 -0.0114804 0.0872163 0.0134741 0.00560404 0.0781584 0.0495645 0.0970593 0.0857855 0.0144044 -0.0172679 0.0680894 0.0255912 -0.0181247 0.000716845
internal_weight=0 10976.2 10540.6 9790.66 3034.16 10374.6 1284.06 1443.02 1591.14 1072.14 1243.73 737.742 988.522 9090.53 9024.72 65.8115 674.57 81.3605 505.985 3759.93 315.269 593.209 483.531 285.652 111.21 122.375 108.097 3444.67 203.313 465.781 83.6192 5264.79 2605.44 2163.63 630.415 390.459 441.804 187.106 148.281 280.501 3241.35 159.98 109.679 121.216 70.5873 955.316 39.2465 60.0804 145.858 3081.37 1038.24 444.403 53.1451 143.232 79.8391 391.258 122.921 984.647 89.4023 6756.5 429.256 132.581 42.8848 225.867 40.2045 129.107 254.699 67.4005 24.4975 22.6217 53.5979 174.442 211.921 268.337 23.3587 31.371 56.8147 89.6961 85.4958 93.1046 120.733 63.5449 117.627 95.9997 41.0408 2043.13 1801.78 24.4422 109.966 16.1574 187.298 197.879 13.0454 27.3684 809.458 116.253 21.6395 94.6136 54.9589 86.5311 29.9531 87.6256 12.5551 69.869 23.1845 93.8084 49.0843 1533.22 229.932 45.8592 1303.29 58.2567 113.279 31.6757 21.3775 46.6846 16.751 10.8757 244.978 109.782 11.983 109.958 27.1946 11.5518 2659.35 65.5195
internal_count=92319 74498 73942 17821 8653 73732 7380 6109 2544 7023 5841 4063 6781 66352 66102 250 3983 286 1778 26384 1864 3697 3178 1687 525 610 591 24520 1258 1514 242 39718 19154 16173 4345 2430 2981 1098 794 1584 23262 978 519 578 161 6739 147 269 900 22284 7198 1384 243 989 303 1141 457 6936 224 9168 803 413 244 1640 264 838 1883 421 105 103 262 1162 357 684 106 222 316 169 464 398 831 387 846 573 201 15086 13173 130 756 81 1462 1491 69 197 5839 761 99 662 372 349 152 635 46 414 107 675 351 11828 1662 233 10166 398 837 88 130 307 62 53 578 319 76 846 102 67 20564 448
is_linear=0
shrinkage=0.02


Tree=2
num_leaves=127
num_cat=0
split_feature=14 15 15 14 15 1 2 0 13 16 13 15 14 16 13 15 0 15 0 15 0 1 15 15 14 9 6 1 7 14 9 16 7 0 14 0 9 6 1 7 9 9 8 8 5 8 8 1 8 2 8 8 0 9 1 9 12 9 14 6 0 1 0 1 8 2 2 12 9 0 0 0 0 9 12 15 9 7 15 8 14 9 12 16 8 15 1 8 14 8 9 16 2 12 12 13 9 7 1 5 0 2 0 14 8 16 14 8 13 1 15 16 0 8 12 12 8 15 1 0 0 13 6 13 0 13
split_gain=124227 22572.8 4326.99 6872.17 2953.74 2067.84 1923.55 1508.55 1321.87 1184.96 1002.84 858.452 784.02 687.405 839.267 442.348 753.708 404.889 368.773 357.58 334.073 326.01 325.682 300.253 296.853 279.408 253.97 241.181 423.516 283.126 227.066 232.884 215.533 211.361 197.039 184.035 196.919 165.397 156.021 152.916 152.649 150.478 150.175 160.027 271.57 145.424 272.998 163.273 139.933 136.817 156.131 135.476 146.803 126.123 123.818 122.044 128.216 130.086 119.011 118.99 158.969 115.196 152.264 112.357 110.239 503.759 109.381 98.9512 129.041 103.712 99.6277 117.295 97.1706 92.2413 89.9016 88.8011 206.187 92.6696 88.4576 107.348 87.0161 106.841 86.9176 85.6764 160.612 93.623 100.644 82.7857 82.0265 81.8103 168.188 78.2479 136.312 77.842 78.0125 75.2524 74.3077 73.7033 72.3283 71.7777 93.535 69.8549 67.9162 77.3346 66.8466 70.0286 64.852 82.6737 61.3377 178.041 155.124 59.9804 56.9383 55.7877 55.1659 92.6034 54.2674 49.7262 47.1674 42.4217 41.2922 40.9538 62.8712 39.9216 39.7043 51.4468
threshold=0.98700615763664257 -1.2494890093803404 -1.3535210490226743 2.2709668874740605 1.2907838821411135 0.50657895207405101 -6.6604938507080069 -0.27722449600696558 0.46577404439449316 0.87271440029144298 0.82925808429718029 0.51681247353553783 -0.094450104981660829 0.9491097927093507 0.16974896937608722 -1.0594110488891599 -0.013565709814429281 0.008731909096240999 -0.027418032288551327 -0.92198339104652394 1.7630385160446169 2.3881578445434575 0.96496084332466137 1.0439346432685854 4.4634184837341317 -0.59090030193328846 0.91666665673255932 1.4539473652839663 -1.6439802050590513 1.8098452091217043 0.020008387975394729 0.88005742430686962 0.78359782695770275 -0.091635070741176591 1.0000000180025095e-35 0.37736880779266363 0.58751308917999279 2.7500000000000004 0.80921050906181347 -0.27302806079387659 -0.39836923778057093 -0.39071239531040186 0.59008219838142406 0.5151028335094453 0.99954625964164745 0.63625517487525951 0.42524318397045141 -0.20394737273454663 0.39499190449714666 1.2489711642265322 -0.64675772190093983 0.64028519392013561 2.6031541824340825 0.2967905998229981 0.82236841320991527 -0.34341222047805781 20.381792068481449 0.67694920301437389 -0.31823606789112086 2.7500000000000004 0.79515123367309581 0.1118421070277691 0.067778520286083235 -0.59868422150611866 0.69706812500953685 0.76748973131179821 0.39300411939620977 -33.372810363769524 0.45939992368221289 2.0629543066024785 1.6012866497039797 -0.12665827572345731 -0.25331237912178034 -0.65815234184265126 -15.998439311981199 0.18118525296449664 0.64519405364990245 0.33391404151916509 1.1461044549942019 -0.66103035211563099 3.6343729496002202 0.075282759964466109 -7.331183433532714 1.0992876887321474 0.64028519392013561 0.41245009005069738 -0.37499999999999994 -0.58836433291435231 0.31869162619113928 -0.63071238994598378 -0.27710412442684168 0.72195822000503551 1.7674897313117983 -0.6812496781349181 -52.298915863037102 0.52676329016685497 -0.70246672630310047 0.6497335433959962 -0.21710526198148725 0.99954625964164745 0.58514979481697094 -1.8415637612342832 0.89235582947731029 1.7375702857971194 0.69152030348777782 -0.33881863951683039 1.4823413491249087 0.15790578722953799 1.6682905554771426 1.388157904148102 -0.69330111145973194 -0.14344549924135205 1.2804012894630434 -0.617541342973709 2.6680868864059453 -49.900762557983391 0.5214291810989381 -1.7392292022705076 -0.24342105537652967 -0.0059995211195200673 -0.072725236415863023 1.3669269084930422 1.7500000000000002 6.1827387809753427 1.2345792055130007 3.5020850896835332
decision_type=2 2 2 2 2 2 2 2 2 2 2 2 2 2 2 2 2 2 2 2 2 2 2 2 2 2 2 2 2 2 2 2 2 2 2 2 2 2 2 2 2 2 2 2 2 2 2 2 2 2 2 2 2 2 2 2 2 2 2 2 2 2 2 2 2 2 2 2 2 2 2 2 2 2 2 2 2 2 2 2 2 2 2 2 2 2 2 2 2 2 2 2 2 2 2 2 2 2 2 2 2 2 2 2 2 2 2 2 2 2 2 2 2 2 2 2 2 2 2 2 2 2 2 2 2 2
left_child=1 18 -2 5 6 8 -3 -8 19 11 25 27 30 15 37 16 88 -11 58 -4 59 108 42 40 53 112 93 28 73 35 78 64 67 -24 63 36 96 -15 -19 113 -21 -39 43 48 -45 46 49 97 -17 50 -33 52 -43 -23 -38 -42 57 74 117 60 82 124 -63 -6 75 -66 119 -27 70 95 71 -69 -67 -7 -57 76 116 -78 83 -80 81 -73 -16 -9 85 86 -85 -72 -14 90 -18 120 -93 94 -20 -70 -30 -48 -59 100 -29 -22 -102 -104 -44 -106 107 -75 109 -12 -111 -74 114 -37 115 -5 -32 -1 -35 -31 -77 122 -64 -26 -10 -126
right_child=2 4 3 10 34 9 7 12 61 17 21 -13 13 14 20 22 89 38 26 23 101 24 33 -25 123 32 -28 99 29 66 31 45 -34 118 -36 39 54 41 -40 -41 55 51 104 44 -46 -47 47 -49 -50 -51 -52 -53 -54 -55 -56 56 -58 98 -60 -61 -62 62 121 -65 65 72 -68 68 69 -71 87 80 111 106 -76 91 77 -79 79 -81 -82 -83 -84 84 -86 -87 -88 -89 -90 -91 -92 92 -94 -95 -96 -97 -98 -99 -100 -101 102 -103 103 -105 105 -107 -108 -109 -110 110 -112 -113 -114 -115 -116 -117 -118 -119 -120 -121 -122 -123 -124 -125 125 -127
leaf_value=0.091909370180014702 0.10787072719422648 0.10813990425025315 0.10764062656858432 0.089498858291691685 -0.0032789252291721689 -0.023881538855579563 0.10816387323875953 -0.01859674163212181 0.10708899001704315 0.1060436798775717 0.10398076559696277 0.10813750075829483 0.03448323521700189 -0.020549943022837441 0.02298664735571682 -0.0043930061490120541 0.11099144486899616 0.082693320421024549 -0.0037643652156313413 -0.01398015392760424 0.068627305097091362 -0.023837807800796647 -0.023424527164987063 0.10853328141479762 0.065988770469348992 0.092394335161962715 0.10931924642230877 -0.023591529613896888 0.030605268460568966 0.025698248950349407 -0.01904003371074697 0.020313282148801508 0.10383480881372364 0.058215546763651864 0.10745575692268387 0.10080746991161092 0.053040135553674261 -0.019800844361572659 -0.017261044018415144 -0.013828293848840391 0.088816314771630794 0.060878056675928501 -0.019490921420489561 0.033501152209492818 -0.011351226482215473 -0.020076762911597913 0.087964818856037241 0.0044150981581284401 -0.020201850764987497 0.088089879930896217 -0.01584277773720667 -0.016873939392437691 -0.023506129716334683 0.078980864947731683 -0.015965564781799346 0.058350128616219667 0.084281551658673182 0.10213381855093868 0.10665692663979336 0.10864936185836761 -0.023706527742645211 0.0072954627887859462 0.026978358323223525 0.11033234404840694 -0.023426081772085779 0.11390839449153027 -0.0023992116095223428 0.013308601980815444 -0.0057348512984959302 0.10299483195164767 -0.023633403020026398 0.022286726916997526 0.061403835447028002 0.073772821129455601 -0.0071984008299683438 -0.013560281054864889 0.0026298467831017153 0.054245345813393596 0.10261093900475877 -0.023378183709691885 0.093720356374089459 0.085305194172024437 0.10350143933371783 0.06914115961428792 0.086959335890582509 -0.023459394040514125 -0.023481135409790008 0.067581527150675252 0.098463698054433682 -0.014438484394721294 -0.023413068774268676 -0.0062538085411793934 0.13127145508056234 -0.0064713827290391662 0.091324064498645316 0.086763423006447488 -0.016213282082750084 0.019568536560113363 0.019212224382462419 -0.013499574510352774 0.075193233013563607 -0.016941016481006183 -0.01566902356635011 0.057228895974482157 0.014022741256278183 -0.011602602422617616 0.097321169243901523 -0.023741169286347365 0.10753915988868495 -0.023598011398733625 0.078621909408773241 -0.0069380337423719934 -0.023523115051795541 0.037265533304009939 0.07255558711980592 -0.023553782874443138 -0.0068536426691791722 0.0087847567702763439 0.11183074007775069 0.080725746856009084 -0.021614477003933336 0.10175765530460783 0.10191251003982134 0.10984130287912189 0.030043342604158085 0.1033560127317668
leaf_weight=4.8831401169300079 6676.2246884256601 57.32906299829483 23.193197891116142 4.005507916212081 11.192656911909582 3.7925637364387503 44.486575603485107 2648.9185694009066 246.78427229821682 82.625167891383171 163.54084734618664 35.96590169519186 9.6964493095874769 79.179077930748463 7.2728905454278019 2906.673153847456 6.7274847328662863 9.5765521973371524 5.6475408971309653 47.744392693042755 4.9051740318536785 17.278136104345325 10.230938501656054 15.365772992372511 12.557148188352583 37.955041855573654 19.528867810964584 18.404368817806244 14.613743349909781 6.8752391189336768 414.99144119769335 80.074029676616192 69.923937261104584 13.807110592722895 94.644999623298645 13.635437972843649 33.908930584788322 30.793510973453522 17.963978976011276 11.690526209771631 12.060993149876593 49.577941119670868 432.58350765705109 113.51124998182058 102.98904594779015 67.755780078470707 31.407903790473938 20.323385752737522 242.66169175505638 7.1006077155470839 118.4316767603159 17.211598321795464 9.8919621929526311 6.5930593609809867 15.002908974885939 9.6692401170730573 11.51201857626438 8.9796732664108294 765.11195293068886 51.174043104052544 7.1015342473983756 10.95357210934162 8.9213576465845126 5.0542110800743094 73.938119940459728 11.515624374151228 10.555955857038496 12.270578756928442 25.031966492533687 5.3599332869052878 8.5795616209507006 19.601924315094948 21.286071464419365 13.936266884207727 62.266104966402054 424.03507575392723 299.9895458444953 14.590220041573046 5.3815554976463318 5.4393156468868238 62.587057337164879 23.860474452376366 20.423947781324387 10.991568624973299 8.1944885030388814 43.41555754840374 8.1886080503463727 7.4239108562469474 46.229939445853233 75.70356360822916 8.3420678153634054 171.49232724308968 2.9321805238723746 20.032447405159473 8.8741295933723432 4.093456804752349 188.04477280378342 7.8839914351701728 7.9174540489912024 192.34463988989592 10.320742413401602 17.189696349203587 14.352871537208559 9.7927026674151403 51.488055124878883 248.72309095412493 28.957281596958637 4.6341291815042487 1956.5429056435823 8.1234730780124682 22.077113419771194 6.7707900702953365 11.445488899946211 9.2939735874533635 8.2235423475503904 10.483530603349211 225.64142593741417 7.0125545859336835 12.510245606303213 30.304576501250267 637.26346535235643 35.113495461642742 8.9937492161989194 24.515576004981995 6.2934955060482052 9.7765533179044706
leaf_count=10 7945 67 28 11 78 28 52 20822 314 108 235 46 46 626 40 20692 11 27 37 359 17 128 82 19 38 80 25 143 77 37 3257 472 102 53 118 27 139 239 135 87 29 195 3394 628 765 534 79 137 1891 20 897 132 78 17 113 39 29 15 962 63 54 68 47 6 593 16 68 75 166 10 66 103 81 45 440 3200 2056 67 11 44 134 61 32 40 23 346 65 24 83 577 67 1243 4 145 24 10 1441 47 45 1431 35 130 107 39 330 1853 57 35 2362 63 60 47 90 46 26 82 1643 45 16 82 5091 58 15 29 31 15
internal_value=0 0.00195404 0.0981539 0.0811905 -0.00624555 0.0438778 -0.00737866 -0.00804164 0.0745152 0.0231445 0.100455 0.0130999 -0.00856149 -0.00247966 0.0270648 -0.0045132 0.0296161 0.0839074 0.102166 0.0338357 0.0714201 0.105183 -0.00572398 0.0240828 0.059568 0.0668184 0.0516688 0.00767834 0.0175474 0.00932659 -0.0137467 -0.00956133 0.0734808 0.0537142 0.0964101 0.00180536 -0.00414421 0.00138436 0.0174957 0.0450388 0.0159801 0.0175438 -0.006254 -0.0044677 0.0121649 0.00607324 0.0127537 0.0504367 -0.0056111 0.00182763 -0.001258 0.0325406 0.046842 0.00456 0.0318738 0.0287058 0.0214808 0.0133423 0.105681 0.0892468 0.0607136 0.0992474 0.0751809 0.0320642 -0.0118204 0.00739769 0.0544186 0.0632156 0.0566551 0.0221443 0.0655152 0.0718498 0.0649895 0.0710379 0.00161235 -0.0128161 -0.00823643 0.00502378 -0.0177894 0.0392801 0.0786234 0.0568833 0.0823591 -0.0180164 0.00369792 -0.00720194 0.0295978 0.0186806 0.0873708 -0.00596724 0.036589 -0.0163562 -0.00394193 0.0190867 0.0543438 0.0072654 -0.0128372 0.074241 0.0632794 -0.0078265 0.0128123 0.00205559 0.0322512 0.0138961 -0.0144587 -0.0072077 0.0786122 0.0494388 0.106476 0.0957418 0.0511264 0.0449113 0.0128518 0.075052 0.0311821 0.00769972 -0.0147478 0.0429071 0.0837021 0.0705501 -0.0183965 0.0892033 0.0645968 0.0949877 0.105105 0.0746447
internal_weight=0 10988.4 10500.4 3824.21 10157.3 1302.14 10046.4 9989.04 525.545 776.593 2522.07 666.428 9944.55 4576.6 294.721 4281.88 146.7 110.166 831.091 198.709 108.067 2211.23 4135.18 175.516 60.9439 310.846 54.083 630.462 385.246 333.926 5367.95 2637.42 276.688 36.5483 110.892 286.19 251.57 186.654 27.5405 34.6199 160.15 107.475 4098.63 3365.84 216.5 332.977 265.222 59.6153 3149.33 205.606 198.506 76.6815 59.4699 23.8712 48.9118 112.405 100.344 88.8325 777.008 85.9724 34.7984 326.836 63.9822 16.2469 2304.45 113.511 47.7358 206.764 168.809 34.4854 134.324 118.32 39.5725 51.3202 71.9353 2190.94 955.213 314.58 2730.53 10.8209 106.049 43.4624 27.6968 2719.71 70.7902 62.5957 19.1802 16.0035 55.9264 90.7731 15.0696 1235.72 174.425 34.5541 14.5217 29.1254 202.659 39.2919 16.8971 245.215 52.8707 22.0949 34.4663 24.1456 732.795 300.211 47.5277 18.5704 2150.28 193.741 30.2006 28.0569 34.1581 22.9294 22.7126 14.489 640.633 11.8957 26.3174 37.1798 1061.3 53.0286 17.9151 37.0727 262.854 16.07
internal_count=92319 74498 17821 9876 73250 5904 73048 72981 1551 4353 3972 4083 72929 32094 1606 30488 784 270 1248 1003 336 2932 29704 975 212 1040 231 4037 2282 2117 40835 19484 831 151 202 1930 1770 1270 162 160 956 644 29553 23976 1393 2186 1652 263 22583 1389 1369 405 273 145 252 597 568 539 1017 189 126 548 188 84 17298 737 187 729 649 186 463 373 144 165 479 16561 7023 2123 21351 55 298 164 72 21296 474 451 105 90 129 655 78 9538 1247 206 61 176 1518 126 60 1755 324 147 181 146 5577 2183 137 80 2720 358 123 128 209 73 119 93 4900 55 69 119 8291 120 62 67 360 46
is_linear=0
shrinkage=0.02


Tree=3
num_leaves=127
num_cat=0
split_feature=14 15 15 14 15 1 2 0 13 0 1 13 14 15 0 13 7 15 1 0 6 0 7 14 9 9 7 6 0 15 0 9 13 1 1 9 13 8 13 0 6 0 2 15 11 8 11 8 8 6 15 0 6 8 9 8 0 11 8 1 4 6 6 9 14 9 13 3 0 9 8 11 8 8 14 14 9 9 8 15 15 13 1 8 13 1 0 0 3 2 8 9 8 14 3 14 1 15 3 7 11 1 9 1 1 0 15 9 15 0 15 9 15 2 14 1 1 8 11 6 3 11 2 9 4 13
split_gain=108717 19115.6 4027.33 6438 2428.17 1993.48 1724.29 1373.81 1156.97 1021.75 991.476 890.575 715.03 395.546 546.722 377.683 350.984 323.888 320.806 301.335 296.407 483.879 933.086 296.282 266.281 224.483 211.813 197.696 196.789 173.293 176.991 172.045 212.75 220.987 186.052 164.246 163.685 155.227 162.583 203.15 145.197 231.403 215.349 210.798 170.527 212.286 245.233 328.301 188.132 143.361 141.495 126.578 121.948 119.668 140.568 135.232 115.715 114.471 112.74 103.818 102.792 102.475 102.263 118.848 97.5177 96.9563 96.2899 119.783 95.4091 93.628 91.1582 128.267 89.6178 267.397 193.231 89.098 94.9566 87.7538 106.363 86.496 85.2988 115.974 84.1769 83.1751 78.0893 76.9963 403.219 76.0411 73.7299 67.8927 67.1151 130.739 67.0549 66.9654 64.2013 63.7647 67.5926 62.7833 62.1319 62.0271 61.681 63.5622 61.625 94.3195 59.8224 57.9382 56.1982 56.0307 55.0979 54.3753 53.1862 51.0186 56.0853 50.8086 47.9016 45.5926 46.2892 45.065 124.111 121.273 152.489 78.8836 50.8047 104.059 164.219 44.0368
threshold=0.92635616660118114 -1.2494890093803404 -1.3535210490226743 2.1615140438079838 1.2907838821411135 0.40131579339504247 -6.6604938507080069 -0.27722449600696558 0.15994352102279666 0.37736880779266363 1.6513158082962038 0.8515685796737672 -0.094450104981660829 -1.0594110488891599 -0.013565709814429281 0.82925808429718029 -0.071016572415828691 0.96496084332466137 2.3881578445434575 -0.027418032288551327 2.7500000000000004 1.5204067230224612 0.11049950495362283 4.4634184837341317 -0.61026969552040089 0.020008387975394729 0.76469814777374279 0.91666665673255932 -0.091635070741176591 1.0439346432685854 -0.2695785760879516 0.58751308917999279 1.7762745618820193 1.4802631735801699 0.82236841320991527 0.066093422472476973 0.068343315273523345 0.59008219838142406 1.7762745618820193 -0.030076130293309685 2.7500000000000004 1.6448457241058352 1.3312757611274721 0.31431671977043157 -0.22252093255519872 -0.17293875664472577 -1.0000000180025095e-35 0.69706812500953685 1.0000000180025095e-35 1.7500000000000002 -0.80180495977401722 1.1916535496711733 1.5833333134651186 -0.61293834447860707 0.12100457772612573 0.26403255760669714 -0.072725236415863023 0.6784479320049287 0.47533023357391363 0.62105265259742748 1.0000000180025095e-35 4.2500000000000009 1.5833333134651186 -0.52330881357192982 -0.29648716747760767 0.2967905998229981 0.46577404439449316 -0.17584410309791562 1.6012866497039797 0.45939992368221289 0.69152030348777782 0.6784479320049287 -0.54975369572639454 -0.59348425269126881 -0.31397432088851923 5.1377723217010507 0.029238574206829075 0.17516969889402392 0.31481572985649114 -0.35939174890518183 0.92774829268455516 0.039128681644797332 -0.12500000372529027 -0.58836433291435231 -0.31369657814502711 1.4013158082962038 0.23995425552129748 -0.033611157909035676 1.2764706015586855 -0.010288065765053032 -0.63071238994598378 -0.27710412442684168 -0.12457882612943648 0.31869162619113928 1.5588235259056094 1.887318015098572 1.4671052694320681 0.19060570746660235 0.91176471114158641 -0.52671724557876576 0.6784479320049287 -0.072368420660495744 -0.70154139399528492 1.388157904148102 -0.28289473056793207 -0.046189986169338219 0.3351320624351502 0.69170990586280834 0.28416901826858526 0.49888893961906439 -1.7392292022705076 0.43802140653133398 -1.3535210490226743 0.99794238805770885 1.4823413491249087 1.2697368264198305 0.78289476037025463 0.69533789157867443 1.0000000180025095e-35 2.0833333730697636 1.0882353186607363 0.6784479320049287 -1.4465020298957822 -0.60079088807106007 1.0000000180025095e-35 0.42537313699722296
decision_type=2 2 2 2 2 2 2 2 2 2 2 2 2 2 2 2 2 2 2 2 2 2 2 2 2 2 2 2 2 2 2 2 2 2 2 2 2 2 2 2 2 2 2 2 2 2 2 2 2 2 2 2 2 2 2 2 2 2 2 2 2 2 2 2 2 2 2 2 2 2 2 2 2 2 2 2 2 2 2 2 2 2 2 2 2 2 2 2 2 2 2 2 2 2 2 2 2 2 2 2 2 2 2 2 2 2 2 2 2 2 2 2 2 2 2 2 2 2 2 2 2 2 2 2 2 2
left_child=1 19 -2 5 6 8 -3 -8 29 16 15 24 25 14 93 53 31 20 85 64 37 22 -22 65 -5 80 68 111 -19 30 -4 32 95 -34 50 -24 56 38 39 -15 44 42 43 -42 72 -46 47 -47 -48 -40 87 -45 90 54 -11 -55 -6 -12 -57 61 -59 -23 63 -17 110 -20 67 -10 69 75 -39 -72 73 -27 -75 76 82 100 113 125 117 84 -26 -70 -82 -13 -87 105 -68 -78 91 -16 107 -14 -90 102 115 -84 -65 -71 -32 -102 103 -7 -91 -33 -85 -36 -43 -88 -1 -21 -113 -79 -52 116 -97 122 -119 121 -121 -120 123 124 -9 -69
right_child=2 4 3 11 36 9 7 12 66 10 57 18 13 17 52 62 -18 28 23 27 21 59 35 -25 26 40 -28 -29 -30 -31 77 34 33 -35 92 -37 -38 70 49 -41 41 108 -44 51 45 46 48 -49 -50 -51 114 -53 -54 55 -56 58 -58 60 -60 -61 -62 -63 -64 98 -66 -67 88 79 83 99 71 -73 -74 74 -76 -77 89 78 -80 -81 81 -83 97 106 -86 86 109 -89 94 104 -92 -93 -94 -95 -96 96 -98 -99 -100 -101 101 -103 -104 -105 -106 -107 -108 -109 -110 -111 -112 112 -114 -115 -116 -117 -118 118 119 120 -122 -123 -124 -125 -126 -127
leaf_value=0.087122042064624802 0.098869802331505011 0.099105741485013027 0.10058013957582532 0.0057361230039146239 -0.023616160275893361 -0.014962212115902469 0.099125353984594364 -0.0051879168798401841 0.09871650512613217 -0.023567943221647888 -0.012555876958049866 0.098683276765290803 0.033027643126056778 0.00076193203662119934 0.10117122728607175 -0.009031310207290125 0.085347742992163425 -0.023345253476548502 -0.023756128036209408 -0.0020888832253910549 0.098622888950033849 0.001295313922588529 -0.014515591242491455 0.087689965087875119 0.0054768179961805349 -0.023341079525506698 0.095112448506245714 0.099966784403624734 0.07904177976973234 0.098130875459548364 -0.007313640480402759 0.080150579132134955 0.076676054671801191 -0.012679073912863026 0.0033347080747442642 0.033549551480081048 0.098614831824824667 -0.021279831448701301 0.010435038036467963 -0.0094782941561396411 0.083947884349301033 0.024060627985198934 0.10865880058267889 0.044296693979496558 -0.018940616849994759 0.0050467020825178312 0.01570524022479617 0.07038606598305587 -0.012400316451444441 0.082309965777310548 -0.0087669130264631003 -1.8572978073558489e-05 0.10066224839895385 -0.019094328433082678 0.082602056167185384 0.091266997728804658 0.081795128671380141 -0.0045175597015920674 0.0044110483537642261 -0.017938309883897101 0.11416723911605947 0.064790009221312228 0.097177831397469425 0.084910439977055732 0.097725777839987565 0.058933532254272593 0.095709501393260801 -0.014250641105357374 -0.023629434865975109 0.086779580313328039 -0.012400876479452639 0.023309365738189407 -0.02295762053404652 0.10146231940283289 -0.012392432955070689 0.087934683831052768 0.092106898264866177 0.055547668113507309 -0.023553939191706674 0.07781545134058411 0.05892909809081754 0.091613897646985354 0.032050379631594961 0.087940221743032523 -0.014273690467353588 -0.015849677064043662 0.056806676297461223 0.10006694231204291 0.087318397824167671 0.08297736604709588 -0.013779178989322263 -0.023334746859630412 -0.023503787704612162 0.090516388910987247 0.0074294437676201532 0.054283715890085189 -0.023524797730900836 0.086033604260423502 0.026938895229812312 0.021184704170733003 -0.0085796272769459777 0.068395930506768551 -0.016420448726364684 0.071081696983231496 0.0041167612645005083 -0.02389113841779127 0.018099305658299161 0.095701837471619616 -0.020302945256267153 0.095801258714332177 0.0072013567105237543 0.093537321511423022 0.00047835132997669111 -0.023697759900167911 0.053737824913971693 0.094303553645710414 -0.02394376171825336 -0.02335322782894849 -0.023356991239047588 0.10433580968722089 -0.0023961953677153393 0.023046036898166072 -0.019689957505801717 -0.020447556294963327 0.070288614195246582 0.063241050654012726
leaf_weight=6.0863587409257889 7190.2255813106894 60.346725702285767 9.9460656642913801 30.827193424105644 8.1221241280436534 13.033617950975897 47.538877725601196 56.286672182381153 21.102001652121544 6.1431392133235923 92.82099836319685 2085.9049415141344 9.9189946800470334 1403.3084046468139 6.3279685974121094 7.641976371407508 19.645678989589214 10.062063217163084 18.617212153971199 21.105944789946083 62.620848894119263 86.970925383269787 75.665218934416771 39.329287260770798 19.199323959648609 61.806919254362583 81.353272527456284 17.278343230485916 29.591029867529869 11.994022592902182 69.955925308167934 4.3452305644750613 23.57137656211853 20.876191847026348 8.4720274209976179 45.561092644929886 90.921345144510269 381.59210639446974 43.441767536103725 1730.5499292090535 13.673906788229941 11.920017562806605 8.5457253307104093 28.211861558258533 464.64196728169918 178.53127390891314 112.9466687887907 37.162602998316288 608.58416127413511 14.910213768482206 15.047882765531542 299.30487009137869 4.5186073184013358 25.187264457345009 26.532250374555588 11.811664812266828 8.551262214779852 5.932245232164858 12.103050149977205 143.74429614841938 5.7466083019971848 11.513144820928572 106.97421663999557 44.571817092597485 762.12314954400063 8.1571361869573575 301.1484052464366 11.859218165278437 9.8509286940097827 7.1325080692768088 236.84917815774679 48.466828882694244 584.58100364357233 14.486656978726389 10.133422613143919 61.560434281826019 36.005469292402267 37.076510965824127 10.219194889068602 11.09491355717182 6.9004912823438636 5.8792554885148993 18.130840957164764 8.0807998180389422 37.540536262094975 14.394483238458632 15.312782160937784 20.069534800946712 9.1177151799201983 7.3956544548273078 70.878946647047997 7.2255495041608793 30.013844601809978 44.314023301005363 7.2021161913871756 7.240300536155706 10.047186017036436 16.423907399177551 8.8661269545555097 30.105421259999275 7.6265798509120968 9.8108126893639547 307.42569421231747 8.3674008026719076 8.0205603986978513 4.2204583585262299 10.72515285015106 3.8075678348541251 184.88477941602468 217.0946918129921 7.356641933321951 5.7895530164241791 4.6883891373872739 3.5458021163940421 7.2756486088037482 4.7733563482761374 5.1977770924568176 102.0991245880723 36.517064601182938 10.631611458957197 10.787050418555735 24.475856006145477 2273.5321600288153 116.98091126233339 14.501584202051161 3.8973723724484435
leaf_count=11 8011 66 11 198 63 95 52 417 24 48 685 2368 46 9658 10 52 45 82 140 145 96 599 569 67 114 504 113 21 71 15 503 11 61 154 58 237 106 3065 280 12800 39 70 13 123 3708 1181 712 111 4623 39 102 2066 5 191 65 29 21 41 78 1111 8 42 144 94 900 26 407 84 76 14 1790 286 4753 31 74 123 66 145 80 28 33 13 83 17 292 105 48 34 17 17 544 59 237 75 42 28 79 34 43 160 56 32 2372 29 47 31 56 11 1476 278 47 13 31 27 27 8 38 831 297 24 77 153 18221 937 56 14
internal_value=0 0.00118461 0.089824 0.074102 -0.00644737 0.0390919 -0.00747528 -0.00812951 0.0698301 0.020474 0.0465979 0.0918821 -0.00865067 -0.00275329 0.0299513 0.0682351 0.00244518 -0.00383605 0.0962022 0.0937489 -0.00436254 0.0114678 0.0359324 0.0527541 0.0618275 -0.0136078 0.0673346 0.0455762 0.0530608 0.0250108 0.0190923 -0.00085317 -0.00654947 0.0347076 0.0236133 0.00354897 0.0880511 -0.00611033 -0.00427693 -0.00489283 -0.00943795 -0.000267693 0.00949457 0.00701083 -0.0118558 -0.0078871 -0.00240717 0.0163042 -0.00800074 0.0288007 0.0493496 0.00379869 -0.000564339 0.0329835 0.0626416 0.0132473 0.030446 -0.00513086 0.0473099 -0.00710048 0.0538816 0.00871807 0.0853889 0.064742 0.0967839 0.0014363 0.0894757 0.0630599 0.0576205 0.0624213 -0.014886 -0.00633475 -0.0201472 -0.00113816 0.0546006 0.0688249 0.0576397 0.0132292 0.0341214 0.0350382 -0.0176589 0.00813627 0.039053 0.0234489 -0.00290727 0.0974334 0.0868699 0.0787749 0.0934658 0.0770695 -0.00598172 0.0347955 -0.00739585 0.0800019 0.0520625 -0.0116993 0.0176958 0.0577087 0.0752921 0.0337487 0.00107507 0.0347292 -0.014136 0.0186794 0.0419487 0.0288875 0.0481095 0.0319752 -0.0176159 0.093232 0.0433857 0.0158212 0.0518978 0.0486306 0.0116045 0.0417583 0.0215931 -0.0181495 -0.00861626 0.00964127 0.0505825 -0.00473591 -0.0188642 -0.00886561 0.0102741 0.00491683
internal_weight=0 10823.5 11327.2 4136.98 9999.06 1393.36 9891.46 9831.12 525.597 867.762 354.331 2743.62 9783.58 4468.03 143.184 249.832 513.431 4324.85 2398.81 824.428 4285.19 426.076 183.847 66.1036 344.811 5315.55 313.984 48.8622 39.6531 160.175 148.181 493.785 400.533 44.4476 93.2522 121.226 107.595 3859.12 3192.21 3133.86 2619.42 546.541 349.736 341.191 2072.87 1401.87 937.225 215.694 721.531 58.352 50.9588 327.517 88.9511 81.7774 32.6754 49.102 16.6734 104.5 23.9147 242.228 11.6789 98.4841 168.054 61.0799 775.566 26.7743 365.422 47.9535 232.631 203.974 666.908 285.316 671.008 86.427 24.6201 166.736 105.176 138.235 50.8415 26.8515 2696.13 50.3203 53.7541 28.6569 44.441 2332.71 246.802 28.6352 317.468 51.4217 84.4325 13.5535 42.2934 54.233 16.3198 356.085 27.2586 34.5547 53.4379 37.2379 87.3933 17.4374 328.827 21.401 15.4162 8.56569 18.806 12.2796 196.805 232.407 13.443 31.5839 10.4779 40.6223 22.3235 17.2114 12.4381 2645.81 184.511 82.4116 21.4187 60.9929 2461.3 187.769 70.7883 15.7566
internal_count=92319 73775 18544 10533 72607 6383 72417 72351 1485 4898 1478 4150 72299 31464 739 744 3420 30725 3032 1168 30572 2654 902 233 1118 40835 920 210 153 869 854 3375 2864 215 511 806 190 27918 22777 22458 19484 3787 2241 2228 15697 10335 6627 1292 5335 319 205 2189 618 411 113 298 84 734 107 1752 49 641 333 189 958 166 616 150 807 658 5141 2076 5362 609 105 484 361 843 252 126 21351 338 231 149 325 2799 431 76 466 130 613 69 306 121 59 2649 153 117 137 174 591 88 2496 124 64 42 73 69 1546 326 58 189 44 172 129 74 66 21013 1382 551 101 450 19631 1410 473 98
is_linear=0
shrinkage=0.02


Tree=4
num_leaves=127
num_cat=0
split_feature=14 15 15 14 15 1 2 0 13 16 15 13 14 16 13 15 0 15 15 10 1 14 0 14 1 9 0 9 16 10 0 10 6 7 0 0 1 6 7 2 15 15 6 9 9 9 2 4 0 9 1 14 14 10 9 7 0 15 6 2 10 10 2 10 14 7 2 12 1 15 15 2 13 6 0 9 1 0 9 10 0 14 9 9 12 14 9 13 16 10 9 9 12 12 12 12 1 1 0 7 9 2 1 1 9 7 2 1 15 14 9 12 9 15 9 13 0 15 9 7 1 16 13 0 13 12
split_gain=96168.6 17418.5 3322.06 5476.56 2231.27 1769.51 1576.8 1257.18 995.408 985.122 800.112 743.4 699.626 583.336 707.679 377.286 574.316 326.008 320.261 306.488 266.64 261.123 252.477 248.137 302.625 236.014 222.342 210.698 208.104 303.12 455.275 286.763 230.622 207.336 191.228 182.325 175.977 172.343 172.308 164.687 154.508 162.249 146.593 145.238 142.692 223.067 188.737 140.682 140.303 159.226 157.761 139.724 132.102 127.741 122.194 213.845 129.96 121.538 118.672 116.231 115.593 174.739 107.428 103.062 97.0955 95.7155 124.554 95.0545 94.2812 119.82 93.2196 93.1272 91.4712 88.0673 127.134 86.816 85.7752 132.821 84.6384 104.023 82.6312 81.5934 81.1405 79.4504 115.235 76.0879 83.3009 74.9773 72.5206 138.105 94.0645 85.2779 69.1177 68.918 66.9017 65.2217 63.972 62.7739 350.307 61.6188 60.2015 133.37 59.6572 58.3855 62.067 58.0206 57.19 52.943 52.5513 76.479 57.4594 50.4564 49.614 46.9721 46.0102 45.8983 67.688 89.311 45.3316 43.4734 43.1804 42.8 42.7212 43.864 41.244 40.8098
threshold=0.92635616660118114 -1.2494890093803404 -1.3535210490226743 2.1615140438079838 1.2907838821411135 0.40131579339504247 -6.6604938507080069 -0.27722449600696558 0.15994352102279666 0.87271440029144298 0.51681247353553783 0.8515685796737672 -0.12468271329998969 0.9491097927093507 0.16974896937608722 -1.005866467952728 -0.046189986169338219 -0.1367329657077789 0.96496084332466137 -0.56174489855766285 2.3881578445434575 4.4634184837341317 -0.027418032288551327 1.6007834672927859 1.4934210777282717 -0.6321234107017516 1.7630385160446169 0.047682337462902076 0.80128589272499096 -0.38873952627182001 -0.024598641321063038 1.0000000180025095e-35 2.7500000000000004 0.3376764059066773 -0.091635070741176591 1.213112533092499 0.80921050906181347 0.91666665673255932 0.76469814777374279 1.3312757611274721 0.87182176113128673 -0.59574958682060231 2.7500000000000004 -0.39071239531040186 0.13009299337863925 0.3460983037948609 0.76748973131179821 1.0000000180025095e-35 0.37736880779266363 0.58751308917999279 1.6776315569877627 1.0000000180025095e-35 0.23069766163825992 -0.38873952627182001 0.66861790418624889 -1.8122690916061399 -0.16710598766803739 -0.045400541275739663 2.7500000000000004 -0.29423868656158442 -0.56174489855766285 -0.38873952627182001 0.27777779102325445 0.38873952627182012 0.50615713000297557 -1.35277384519577 0.31893002986907965 26.960092544555668 0.82236841320991527 -0.80180495977401722 -0.22183667868375775 -1.4465020298957822 0.12941011786460879 2.7500000000000004 0.79515123367309581 0.67694920301437389 0.085526313632726683 0.27226798236370092 -0.70154139399528492 -1.0000000180025095e-35 1.6012866497039797 -0.29648716747760767 0.5925770401954652 0.45939992368221289 -33.372810363769524 5.1377723217010507 0.029238574206829075 0.52676329016685497 1.0992876887321474 0.56174489855766307 -0.13613965362310407 -0.096671678125858293 -0.6812496781349181 -7.331183433532714 12.444651126861574 -0.6812496781349181 -0.12500000372529027 1.4013158082962038 0.25648590922355657 -0.57965222001075734 0.70536598563194286 -0.6810699701309203 0.75657895207405101 1.5328947305679324 -0.053823620080947869 -1.6439802050590513 -0.010288065765053032 -0.28289473056793207 0.92774829268455516 -0.27844180166721338 -0.67337453365325917 48.345088958740241 0.695115625858307 -1.7392292022705076 -0.1270659193396568 0.42537313699722296 -0.13743405789136884 -0.35939174890518183 0.43802140653133398 0.53179714083671581 1.5855263471603396 1.0139531493186953 2.2133353948593144 0.49888893961906439 0.59316721558570873 -5.0080535411834708
decision_type=2 2 2 2 2 2 2 2 2 2 2 2 2 2 2 2 2 2 2 2 2 2 2 2 2 2 2 2 2 2 2 2 2 2 2 2 2 2 2 2 2 2 2 2 2 2 2 2 2 2 2 2 2 2 2 2 2 2 2 2 2 2 2 2 2 2 2 2 2 2 2 2 2 2 2 2 2 2 2 2 2 2 2 2 2 2 2 2 2 2 2 2 2 2 2 2 2 2 2 2 2 2 2 2 2 2 2 2 2 2 2 2 2 2 2 2 2 2 2 2 2 2 2 2 2 2
left_child=1 22 -2 5 6 8 -3 -8 40 10 19 25 27 15 42 16 52 -11 54 -7 97 63 81 48 65 121 73 88 29 30 44 35 -33 62 -20 58 -19 92 80 -35 41 -4 -15 -44 46 -46 -29 -26 49 78 57 72 -14 -45 60 -56 -57 111 -30 -60 82 -62 -34 -22 -55 -25 -67 75 69 -51 -68 -28 -6 74 93 -43 115 124 79 -21 83 113 -17 85 -85 86 96 -86 108 90 -90 -92 118 -16 -82 -59 125 -13 -99 -98 -31 -102 114 -104 -105 -80 -88 -108 -9 -110 -111 -50 -77 -1 -18 116 -10 -118 -24 -103 -70 -5 123 -100 -78 -27
right_child=2 4 3 11 51 9 7 12 76 17 -12 20 13 14 26 18 102 36 34 23 21 -23 37 24 47 38 71 28 31 100 -32 32 33 39 -36 -37 -38 -39 -40 -41 -42 67 43 53 45 -47 -48 -49 50 68 -52 -53 -54 64 55 56 -58 95 59 -61 61 -63 -64 -65 -66 66 70 -69 120 -71 -72 -73 -74 -75 -76 112 77 -79 105 -81 94 -83 -84 84 87 -87 106 -89 89 -91 91 -93 -94 -95 -96 -97 99 98 122 -101 101 119 103 104 -106 -107 107 -109 109 110 -112 -113 -114 -115 -116 -117 117 -119 -120 -121 -122 -123 -124 -125 -126 -127
leaf_value=0.080990096250924015 0.091427808509761996 0.091641875620642785 0.088296921759662014 -0.012551249938762254 -0.0036793406354238833 -0.021661352779949797 0.09165822830703052 -0.018598898064270328 0.091118916341683592 0.091224602680051378 0.092500226163247795 0.09125517584254754 -0.0007891848257990876 -0.020478735256193082 0.020277402959273445 -0.02047430349266301 0.045552281441785435 0.068845717348136659 -0.023282743362834757 0.08112452357374822 -0.02380596715578126 0.08153534792176037 0.010435346062784014 0.076366136682577773 -0.020936761916413735 0.042767526326488038 0.056258069636622894 -0.023399359570891756 -0.0076337252912161927 -0.01783292083587848 -0.020204073094450978 -0.023412988608211505 0.08245830717499654 0.009327212816675437 0.071844514661593251 -0.022012491018140849 -0.018071724017654667 0.092277765057645442 0.086933691009811506 0.10459313249309318 0.083925004908893902 0.00031040876960424353 -0.020085470295783985 -0.023550827322362227 -0.023504997165941923 0.019311741479138025 0.079094303768759242 0.059851835149465238 0.073026425225429237 0.073871542683648053 -0.0086493319711096004 0.091233481580245857 0.078395283974342908 0.027417574431095715 0.089735857991080276 0.036092595926385744 -0.0023756174384066443 0.040464508521364281 -0.023777081217169291 0.067621524816560433 0.003458877759765543 -0.0088284249458258843 0.0033504455746866924 0.062483594848027568 0.084017001188581533 0.059323717018112711 -0.023649847640007177 0.067621004837229548 -0.010760238085512413 3.4661486120959674e-05 0.080686041069678013 -0.023416874516982877 0.094662601225935797 0.092724445567720734 -0.023577564085641246 0.099626861263346689 -0.0238862552876828 0.081709711101995514 0.014162637656116264 -0.023640475227333535 -0.003541748946524907 0.090414542868529402 0.010752846368961526 0.091707893238648627 -0.004030478593074564 0.081391111387616316 0.085243016605320729 0.078249435929262229 -0.023294153171283388 0.059975780647695237 0.095222598725426585 -0.023572280358946009 -0.010754414394959191 0.09033189019756481 0.057794057259619419 -0.023558680774132701 -0.0053681185544486995 -0.0096121291071017863 0.022935391346537402 0.064742905685961943 0.085616868959275616 -0.023359085340528395 -0.020217648860813685 0.051328966212094075 -0.023330574533918364 -0.01712369813112519 0.07718558692682119 0.0040234797382194907 -0.019285613842127697 0.090955499798280187 0.012833607378997209 0.01772814177613654 0.023927302996878702 0.0070220093339401213 -0.0060220376156649696 0.089324676772102485 -0.010155807293878777 0.078852562703058224 0.082429050717582164 0.063389700643247324 0.058711226620688131 0.046526116200190162 0.09054740058007775 0.077672649287642545 0.04049579332888114 -0.014531321717452712
leaf_weight=6.412720113992691 7615.3851873576641 63.9178786277771 11.983054779469965 20.616536743938926 11.355732373893263 132.2882244437933 50.353065252304077 2499.4973249211907 20.434739962220192 91.44789744913578 45.286104068160057 2209.2486133724451 9.7641962692141515 79.967257335782051 7.7143836840987232 387.64846429228783 14.743179313838484 17.022989772260189 11.377178207039831 8.6226472184061986 18.955153919756416 41.429488375782967 6.6099143624305743 43.794116668403149 42.824084766209126 8.450147747993471 9.8902174606919306 9.7494489848613721 36.010066188871861 1368.5122641995549 257.05427993088961 35.15730294585228 38.418276481330395 89.28293289989233 32.885459147393703 170.16351480782032 20.584534920752048 18.33228562772274 87.948456972837448 7.9007636904716483 15.619579069316385 109.10498255491257 34.357166104018688 15.303814209997652 61.169774547219276 238.19216384738684 27.338601782917976 10.795239157974718 34.856569394469261 23.044037044048309 38.284130252897739 96.273463875055313 61.549529492855072 53.133330382406712 10.987518429756163 38.011468224227428 463.25955621153116 12.337149180471899 7.3021150082349804 23.401828929781914 560.86466297507286 2651.8887925744057 8.3609092235565168 7.8209729939699164 15.707818090915678 36.588566266000271 16.481058172881607 11.084873490035532 26.86891416460276 14.213266879320143 4.3239720910787574 14.429030165076254 5.673414707183837 55.726392716169357 7.055847503244876 5.4810581207275382 7.3141652718186405 31.854072287678719 26.905201509594917 6.7656229361891738 16.669510543346409 806.79336847364902 36.40999697893858 9.7369565069675428 22.814994901418689 65.107119739055634 38.103948056697845 5.4974162578582755 46.219294771552086 13.480238839983938 5.6802492365241051 4.2076166719198209 17.873281225562096 20.662711896002293 12.408072769641874 13.147394567728041 6.0028900951147071 16.060269519686699 7.1152583360671988 30.443522170186043 7.2385335862636593 19.694479234516624 72.352941200137138 10.549019515514376 7.7088013291358939 199.65506257116795 7.7873869091272345 8.0421600490808469 27.583955682814121 4.9606330096721676 15.637345455586908 8.1417976170778257 9.4070124477148038 7.3932679742574674 13.037765018641947 298.78226634114981 8.3248636797070521 9.8381704539060575 7.4318885952234268 2.6179358363151541 4.128688432276248 6.4367325007915488 203.42546282708645 33.088878080248833 8.7312824726104719 12.079541280865667
leaf_count=11 8011 66 16 152 78 1063 52 20188 22 103 54 2368 61 646 43 3078 71 49 94 23 142 67 39 104 329 34 38 79 267 10942 2085 283 113 556 81 1377 156 21 121 9 28 739 273 120 483 1431 61 38 88 58 281 106 133 283 29 199 3291 58 55 68 3841 19655 53 24 37 123 127 32 201 90 11 116 6 61 55 8 54 55 161 52 108 900 234 15 148 124 66 11 381 47 9 33 133 31 41 103 37 113 31 85 18 160 579 45 63 1565 17 47 219 16 102 44 46 47 95 372 58 20 17 12 17 28 226 61 35 84
internal_value=0 0.00115312 0.0834797 0.069474 -0.00635428 0.0373973 -0.0073708 -0.00801842 0.0656015 0.0198032 0.0110135 0.0852765 -0.00853468 -0.00298536 0.02335 -0.0048717 0.0227161 0.0708398 -0.00611977 0.00577224 0.0890842 0.0500751 0.0869248 0.0121194 0.0337425 0.058303 0.0627154 -0.0137219 -0.00945188 -0.0121393 -0.000163835 0.00341381 0.0225095 0.0337243 0.0473932 -0.0110258 0.0212713 0.0434058 0.0629439 0.0170721 0.024118 0.0177658 0.000445334 0.0145653 0.0151473 0.0105628 0.0521515 -0.0046715 0.00409141 -0.00271481 0.0238663 0.0818926 0.0675534 0.0287135 -0.00669065 0.00245458 0.000541434 0.0420436 0.0169972 0.0458848 -0.00797879 -0.00668338 0.0683192 0.00139814 0.0403321 0.0540981 0.0371066 0.0115088 0.0242631 0.0457036 -0.00196541 0.00898555 0.0290842 0.0770494 0.0523967 0.0064924 0.0831176 0.0580728 -0.0103254 0.0350634 0.0542665 0.0895896 -0.0177931 0.0585636 0.0323572 0.0642286 0.0541537 0.0119458 -0.0176499 0.00249404 -0.0113165 0.0446714 0.0153333 0.0712874 0.0226316 0.00743515 0.03729 0.0901618 0.0808602 0.0531953 -0.0172231 0.0110198 -0.00429182 -0.0121529 0.0198063 -0.0134083 0.0719688 0.0400158 -0.0182001 0.00248863 0.0316478 0.0625556 0.0517962 0.0413793 0.0213481 0.0866733 0.0661492 0.0380564 0.0485394 -0.0131808 -0.00150707 0.00150491 0.0868242 0.0679853 0.0111478 0.00905324
internal_weight=0 10820.2 11937 4321.66 9949.39 1426.37 9836.09 9772.17 547.96 878.407 749.352 2895.29 9721.82 4696.99 313.948 4383.04 189.705 129.055 4193.33 704.066 2537.14 68.2056 870.847 571.778 154.807 358.145 115.479 5024.83 2407.57 1991.57 593.504 415.998 179.12 143.963 44.2626 236.878 37.6075 50.2474 331.092 97.1837 162.681 147.061 198.469 118.502 336.45 299.362 37.0881 53.6193 416.97 310.203 106.767 113.303 71.3137 84.145 4149.07 512.259 501.271 68.4829 66.714 30.7039 3636.81 3212.75 46.7792 26.7761 68.8411 101.188 57.3936 135.078 68.2549 37.2573 20.805 24.3192 17.0291 91.1593 35.4329 123.993 385.28 47.8995 241.949 15.3883 243.144 820.599 424.058 214.066 38.0494 176.017 110.91 28.3124 2617.27 69.5874 56.1072 9.88787 31.9151 28.3771 29.0776 25.4845 56.9761 2468.94 259.69 36.4464 1398.06 29.5509 118.392 90.6108 18.2578 226.56 53.9335 15.8295 2547.68 48.1819 20.598 42.9984 14.8881 13.806 27.7809 337.38 38.5978 18.163 14.0418 22.3124 30.9976 27.0533 243.63 40.2041 16.0454 20.5297
internal_count=92319 73775 18544 10533 72607 6383 72417 72351 1485 4898 4590 4150 72299 33252 1703 31549 1047 308 30502 4536 3032 233 1168 3473 732 1118 344 39047 18052 15271 4139 2781 1014 731 175 1767 205 210 938 565 869 841 1359 713 2054 1914 140 367 2741 2167 574 190 194 440 30327 3519 3490 293 390 123 26808 23496 166 166 320 365 261 825 366 148 138 154 84 190 129 793 616 144 1801 75 817 958 3312 668 174 494 370 159 20995 470 423 42 189 74 149 161 240 2799 431 122 11132 190 853 687 108 1726 130 64 20525 337 118 132 54 58 166 472 100 78 56 172 218 180 318 92 89 118
is_linear=0
shrinkage=0.02


Tree=5
num_leaves=127
num_cat=0
split_feature=14 15 13 15 14 1 2 0 15 15 14 15 16 13 14 16 15 0 1 0 15 15 0 6 1 13 0 9 16 9 14 6 9 0 1 0 15 8 15 0 9 0 9 6 9 13 6 0 2 7 9 14 1 13 14 14 3 1 2 9 8 9 8 0 2 8 9 8 8 9 2 8 1 8 9 7 8 0 9 0 15 2 1 8 8 9 1 15 15 8 9 16 2 1 2 6 0 14 0 9 3 3 0 0 15 2 14 1 1 2 1 7 0 13 0 15 8 8 8 16 14 3 8 15 8 1
split_gain=86218.4 15958.7 2760.72 1962.78 1383.05 2670.97 1364.1 1113.29 954.789 885.874 774.29 695.577 648.238 667.433 485.631 484.54 444.003 636.926 506.071 360.206 317.215 319.354 390.709 275.609 268.367 547.994 205.593 205.102 217.456 204.407 163.76 161.289 156.552 154.098 186.553 151.937 386.017 232.65 134.672 137.712 127.932 124.119 113.606 111.579 109.256 109.051 110.105 168.936 135.862 102.226 111.95 104.262 99.9969 732.848 274.95 94.0328 86.8035 181.093 85.0311 84.5001 112.2 83.4285 80.4874 79.3519 94.9285 304.313 131.106 150.419 84.7478 80.3713 170.248 79.2867 78.9692 77.9709 77.6408 83.5969 84.0532 82.98 76.9504 75.6289 128.045 117.314 75.6388 96.5757 95.5235 90.3416 72.717 69.8092 82.6026 67.2869 114.329 66.2567 80.3034 61.5245 61.2375 60.6988 130.123 60.6862 60.4184 86.8695 59.9931 59.166 58.3942 57.8657 55.9494 55.5007 54.3504 52.3201 75.9853 50.7132 48.9515 47.8248 69.7853 46.435 45.6925 45.1434 85.0433 45.0552 44.7463 44.1973 44.0629 70.2576 43.8643 43.5374 43.521 42.1017
threshold=0.92635616660118114 -1.2063425183296201 0.52676329016685497 1.2907838821411135 1.7375702857971194 0.83552631735801708 -6.6604938507080069 -0.27722449600696558 -0.85678535699844349 -1.3535210490226743 -0.068869359791278825 0.69901075959205639 0.9491097927093507 0.16974896937608722 1.7375702857971194 0.80128589272499096 -1.1192106008529661 0.13480538874864581 0.1118421070277691 -0.027418032288551327 0.96496084332466137 -1.005866467952728 -0.046189986169338219 0.58333334326744091 2.3355262279510502 5.6274898052215585 1.7630385160446169 0.010774772614240648 0.88005742430686962 -0.58580270409584034 -0.11896316707134245 2.7500000000000004 0.5925770401954652 0.39829050004482275 1.5986841917037966 -0.11857563257217406 -0.59574958682060231 0.38725660741329199 0.92774829268455516 -0.0027256053872406478 -0.39071239531040186 -0.091635070741176591 -0.29399476945400232 0.011494252830743791 -0.59589663147926319 -0.436264619231224 2.7500000000000004 1.1916535496711733 1.2489711642265322 -1.4045948982238767 0.61635693907737743 0.4423926323652268 1.4276315569877627 2.0551866292953496 2.3994171619415288 0.72043022513389599 3.8529411554336552 -0.7697368562221526 0.85390949249267589 -0.66762831807136525 0.18490620702505114 0.68850955367088329 -0.64291095733642567 -0.024598641321063038 0.80452674627304088 0.69706812500953685 0.33802047371864324 0.5214291810989381 -0.54975369572639454 0.70468106865882885 -0.75925928354263295 -0.7085718810558318 0.75657895207405101 -0.23509580641984937 -0.70154139399528492 -1.6439802050590513 -0.10015640780329703 0.062101207673549659 0.21070016175508502 1.722504258155823 -0.11668765172362326 -0.83744853734970082 1.3355263471603396 0.43262706696987158 0.13066187500953677 0.12100457772612573 0.25657895207405096 -0.2037389203906059 -0.10571486875414847 -0.60341805219650257 -0.24276476353406903 0.72195822000503551 1.7674897313117983 0.33552631735801702 0.42592592537403112 2.7500000000000004 0.79515123367309581 -0.28313985466957087 1.3774295449256899 0.11189543083310129 2.5000000000000004 0.61764708161354076 0.29116061329841619 -0.23432362079620359 -0.80180495977401722 -0.27777779102325434 -0.15844944864511487 2.256578922271729 2.0986841917037968 -0.83744853734970082 1.5328947305679324 0.69559305906295787 -0.10509302467107771 -0.41904304921627039 -0.13743405789136884 0.24937383830547336 -0.617541342973709 -0.34491391479969019 0.64028519392013561 0.80128589272499096 4.1899335384368905 0.97058823704719555 -0.64675772190093983 -0.38705742359161371 0.41025812923908239 -0.40131579339504236
decision_type=2 2 2 2 2 2 2 2 2 2 2 2 2 2 2 2 2 2 2 2 2 2 2 2 2 2 2 2 2 2 2 2 2 2 2 2 2 2 2 2 2 2 2 2 2 2 2 2 2 2 2 2 2 2 2 2 2 2 2 2 2 2 2 2 2 2 2 2 2 2 2 2 2 2 2 2 2 2 2 2 2 2 2 2 2 2 2 2 2 2 2 2 2 2 2 2 2 2 2 2 2 2 2 2 2 2 2 2 2 2 2 2 2 2 2 2 2 2 2 2 2 2 2 2 2 2
left_child=1 19 8 6 5 16 -3 -8 -2 -7 27 14 20 31 44 33 -4 18 -18 97 21 22 73 -21 52 43 95 38 63 120 106 -14 -20 71 117 36 37 -23 56 59 -33 -22 -42 102 -10 -30 -47 105 -49 50 -37 -51 -6 54 122 -44 -9 -58 100 60 -40 104 -38 64 66 68 -29 -68 -66 91 -71 -11 93 -12 77 76 94 -73 -45 80 81 -46 83 84 85 -82 109 -17 -89 90 -83 -65 -93 -24 -76 96 101 103 -19 -100 114 -15 -26 -1 -34 -48 -5 108 -36 -28 -74 112 -13 -67 123 116 -56 -35 -59 -118 -16 -122 -54 -31 -75 -105
right_child=2 3 4 30 24 9 7 10 11 15 12 111 13 26 29 87 17 98 32 23 41 35 72 -25 25 -27 86 28 45 58 -32 40 61 34 107 49 62 -39 39 -41 42 -43 55 78 79 46 47 48 -50 51 -52 -53 53 -55 115 -57 57 118 -60 -61 -62 -63 -64 69 65 113 67 -69 -70 70 -72 74 110 124 75 -77 -78 -79 -80 -81 82 89 -84 -85 -86 -87 -88 88 -90 -91 -92 92 -94 -95 -96 -97 -98 -99 99 -101 -102 -103 -104 125 -106 -107 -108 -109 -110 -111 -112 -113 -114 -115 -116 -117 119 -119 -120 -121 121 -123 -124 -125 -126 -127
leaf_value=0.088800402943727749 0.085403492578841028 0.085368657452579183 0.085004086632258821 -0.023469525268216346 0.084841079893740623 0.081773808862625835 0.085382186948110256 -0.01838779672873473 -0.021149463317207361 0.074108871090531159 -0.0055078096140174808 -0.0053369607596865177 -0.021677368017444642 0.027209452102255272 -0.023559851522491796 0.083841124349207971 0.082388283487869002 0.082956341771454195 -0.012587608162691647 0.0049890569231509467 -0.0017854058493647958 0.068230545394355122 -0.023464071522346305 0.083682088689420522 0.056459723572035173 0.085085079812296807 0.079919039247570697 -0.022143526966643949 -0.01956146539826268 0.069783258188111014 0.083031692284728537 -0.019162335439716627 0.090329359093699269 0.072917490865683776 -0.0016839988651096269 -0.00021584882647274044 -0.023455131916247377 -0.0084567522706812167 -0.023404458354319608 0.083059104567661121 0.08029700447871628 0.079975406588939382 0.0074310879263345944 -0.0025456995521369223 0.068479035319737203 -0.016566669768539873 0.014183623602875452 0.0073890290083814068 0.093046494564392943 -0.0062262445104485521 0.047370868860920928 -0.014585789049959894 0.030072134709391258 0.084110698546627324 0.082032718343203567 0.078757182077982865 0.10375331167304755 -0.023295043435375744 -0.011297514969572804 -0.016618133251396834 0.10303149784732112 -0.0034849261929508668 -0.00077373530035068888 -0.019305617041317856 0.022987845235363864 0.077652430712640372 -0.010787875491535632 0.013291752511760766 -0.011092952849689421 0.070902281475631476 -0.013527453579149884 0.070105248975794079 -0.019544544193203554 0.080323794181368882 0.0033288031368856924 -0.019767233943398934 -0.02351357155922127 -0.023632642204090615 0.066020629917046422 -0.023490937508218401 -0.0037841533001458445 0.064831310633823275 -0.015240027364385424 0.0034058218815481369 0.09234500818726657 0.050119760807914714 -0.023521063498723051 0.085637707141812167 -0.023622758507691483 -0.019956226555316568 -0.023449509225590671 -0.007817143173189758 0.10260923414013479 0.047117981873822025 0.058889217719529728 0.086496820670740299 -0.023530630980660751 0.084018216321552416 -0.0087614250957716751 0.083567942858744693 -0.0074035646380218867 0.087710721572288708 -0.023963890763871173 -0.0087467723181331222 0.021450302657728883 0.084917939836891568 0.06977939823671328 -0.019266147940164638 0.069021837071873662 -0.02332007905936876 0.020385288181453576 0.084993338408697036 0.083487767538458324 0.032635166693068651 0.055361510941736414 0.089884778408747756 -0.012755203133610194 0.022319772595969602 0.042600793700050162 0.069363533977478853 0.056196649247800261 -0.023599625966127392 -0.020607572458499861 -0.0026991320762715853 0.038013424369191584 0.076194391226496155
leaf_weight=7.923939228057864 173.14273589849472 63.134066939353943 1073.1416827440262 8.2878601849079114 8828.7312017306685 83.212864845991135 50.908970832824707 2603.7541441246867 49.920691125094891 4.6325547546148291 5.9890116155147544 6.131781503558158 72.391668103635311 8.8372552841901761 18.371952764689922 35.214074671268463 47.14406755566597 226.39287107437849 73.085637830197811 43.523925930261612 10.605611592531202 51.886144787073135 6.6450223401188877 30.124052971601486 4.125157803297042 114.46513618528843 6.5399403348565102 303.69460682570934 58.545481197535992 4.807290017604827 105.20141273736954 27.289518304169178 12.801410347223284 25.502234660089016 20.740402244031433 88.0499027967453 68.191917061805725 22.767504990100861 5.0833186507225019 9.4738400876522046 15.181621968746184 24.779260158538818 47.179511360824108 10.471708610653879 8.5341040641069394 49.988025277853012 5.9400431662797955 204.90518785268068 7.6845465004444113 1870.6763256713748 25.502262815833092 876.36808328330517 8.359683230519293 706.83004142343998 12.703262880444525 8.7672681510448438 7.0972436666488639 20.820928357541565 9.0071118697524053 33.889096431434155 6.2705798149108887 10.988845497369764 760.69407676905394 837.82567147165537 34.094777517020702 18.811072863638401 568.50187265872955 126.93778432160616 202.69775655120611 13.154292233288286 34.897353567183018 9.6067340672016126 60.501878000795841 41.930767416954041 16.817999690771106 160.28459595143795 19.112793311476707 6.2253853827714911 17.46911683678627 22.510768488049507 17.081915594637394 11.473381824791433 13.833096995949743 29.086831733584404 14.542291730642317 45.734411679208279 13.021872363984583 5.1065246015787107 6.0431849136948586 63.323004245758057 12.010527998208998 189.36807768046856 2.671356499195098 19.251441232860088 15.02313184738159 61.587369427084923 6.9910538941621772 854.02965179085732 7.2136316075921085 9.3716804683208448 6.7680531144142142 24.091018736362457 28.990472018718719 7.4845319390296945 7.4696409702301052 17.536431014537811 3.5802580490708342 27.746580332517624 8.6008254438638669 2.6844620406627673 15.408622540533541 92.200926639139652 8.363859258592127 17.874122455716133 217.66218915581703 13.758608743548391 9.6343435198068637 9.7235679477453214 5.1393870785832396 3.6017022579908362 9.8819335326552409 7.9757337719202033 37.364622950553894 10.676919758319853 12.660690262913702 3.3919236585497829
leaf_count=8 176 62 1100 66 9081 100 50 21261 397 16 36 41 598 44 144 45 56 284 554 284 80 201 53 43 9 122 18 2507 460 13 125 219 20 58 144 622 543 169 41 20 38 41 291 66 26 391 34 1329 10 13747 115 6751 41 752 23 19 13 172 62 269 15 69 5348 6861 200 40 4328 838 1529 44 274 28 489 75 111 1294 151 48 46 179 117 40 106 184 26 176 103 7 47 489 96 1408 3 93 55 64 55 920 44 14 44 33 214 51 39 29 8 221 37 22 89 109 15 79 667 15 61 49 26 8 37 62 287 69 51 10
internal_value=0 0.00120097 0.0782115 -0.0063188 0.0807403 0.0652245 -0.00729553 -0.00789902 0.0434741 0.0228065 -0.00839148 0.0327964 -0.00201607 0.0266083 0.0240686 0.00955839 0.0783346 0.0601902 0.0280047 0.0796518 -0.00414426 -0.00468149 0.0227796 0.0371767 0.0837832 0.0592754 0.0619773 -0.0134292 -0.00952924 0.042571 0.0750867 0.000983127 0.00343379 0.000905199 0.0227565 -0.00586618 0.00128346 0.0448428 -0.0173345 0.0137217 0.0176511 0.0554699 0.0317752 0.010889 0.00575256 0.00530792 0.0103978 0.0161077 0.0104853 -0.00812444 0.0104715 -0.00889312 0.0842303 0.0774237 0.0220916 0.0186084 -0.0179789 0.0142261 0.0490311 -0.000797441 0.0464241 0.0408918 -0.00263972 -0.0117044 -0.00832247 0.00211827 -0.0111803 -0.00639265 -0.0061858 -0.0156973 0.00958546 -0.00780065 -0.00115122 0.062996 -0.00947172 -0.0126734 0.00964154 0.0332463 0.0403232 0.0113922 0.015034 -0.00227696 0.0287559 0.0344733 0.0461547 0.0354614 0.00691242 0.0700319 0.0264181 -0.00923308 0.0196813 -0.0168769 -0.00628106 0.0290067 0.0295431 0.0740454 0.0548354 0.0832358 0.080257 0.0434101 0.051296 0.0714735 -0.0139457 0.047692 0.0649482 0.0670207 0.0046609 0.000423002 0.0190421 0.0498747 -0.0114394 0.0796841 0.0459141 0.0557187 0.053 0.0606004 0.0450676 0.0589507 -0.0102496 0.00959039 -0.00181435 0.0205574 -0.0113419 0.019804 0.0705113 0.0177429
internal_weight=0 10820.7 12570.7 9874.24 11717.7 1921.2 9757.17 9694.04 853.042 453.593 9643.13 679.899 4256.47 294.563 573.202 370.381 1467.61 394.468 151.49 946.478 3961.91 3926.52 162.387 73.648 9796.51 175.522 123.753 5386.66 2695.13 285.151 117.07 170.81 104.346 324.017 92.3136 3764.14 903.54 74.6536 2691.53 54.7168 98.4179 35.3849 71.1284 61.0565 288.051 344.6 286.054 236.066 212.59 2860.6 113.552 2747.04 9620.98 792.252 85.4222 55.9468 2636.81 33.0576 248.922 45.243 11.3539 31.2599 828.886 2350.53 1272.61 273.478 999.134 695.44 236.793 1077.92 48.0516 231.703 101.807 60.5805 227.071 211.239 50.9539 15.8321 27.9408 238.13 215.62 95.341 120.279 106.445 77.3586 62.8163 22.2463 46.3638 11.1497 86.8069 23.4839 1029.87 192.039 25.8965 31.8411 101.507 39.9193 872.83 242.978 16.5853 239.914 32.9283 33.1156 18.8004 20.2711 23.4765 11.8681 57.0878 29.3412 9.2244 75.9105 106.697 14.4956 36.6852 233.146 39.6979 25.9393 35.2258 25.9603 13.236 36.2296 17.8577 45.7243 15.4842 54.5915 10.8765
internal_count=92406 73815 18591 72499 15316 4591 72300 72238 3275 2411 72188 3099 30007 1504 2934 2311 2180 1080 738 1316 28503 28382 886 327 10725 457 339 42181 20364 1098 199 1165 682 2212 509 27496 6261 370 21817 345 567 121 348 335 1836 2253 1793 1402 1339 21235 737 20498 10268 1187 435 310 21472 211 855 325 56 128 5891 18111 9521 1848 7673 5166 1729 8590 318 1703 724 162 1687 1611 317 76 112 1439 1260 651 609 503 319 293 143 99 54 625 136 8272 1411 146 166 196 132 989 342 58 793 77 223 69 59 63 74 402 181 40 578 165 56 119 749 107 92 107 198 69 243 99 328 82 126 61
is_linear=0
shrinkage=0.02


Tree=6
num_leaves=127
num_cat=0
split_feature=14 15 13 15 14 1 2 0 15 15 0 14 16 15 13 16 14 15 0 1 6 15 1 13 9 16 10 0 9 0 9 6 9 9 0 1 10 6 14 0 15 10 10 0 1 13 0 15 0 14 9 2 10 1 0 0 11 9 10 13 9 1 12 12 14 9 16 10 1 9 0 1 13 15 0 10 2 9 11 9 14 9 2 9 15 2 0 10 1 9 7 12 0 1 2 0 14 2 15 15 15 15 12 9 10 2 15 6 0 9 15 0 7 1 0 9 9 1 1 1 9 16 11 12 15 1
split_gain=77558.6 14767.8 2393.72 1850.42 1178.44 2347.82 1113.35 982.818 843.82 800.428 728.948 665.971 624.105 621.352 598.995 445.247 442.531 380.735 557.842 457.257 343.256 303.976 229.15 484.561 199.104 212.878 243.49 460.822 198.473 181.918 168.028 155.341 147.922 147.442 146.559 170.504 145.179 157.476 143.982 143.718 408.744 235.403 182.841 176.822 232.973 140.156 131.811 131.138 124.713 123.409 120.504 118.61 116.06 115.967 110.757 110.441 109.408 99.4749 94.7109 92.5593 128.091 119.679 92.3994 179.414 92.186 110.463 86.2617 108.866 109.917 102.309 86.0163 85.1832 681.893 239.128 83.9062 192.428 81.0552 79.4815 97.3394 78.2731 76.3846 74.4631 199.133 73.6293 71.4714 104.519 94.0955 75.5776 68.3582 68.1179 94.4523 95.4463 75.7689 67.812 66.0316 74.098 63.8156 62.3054 61.5159 60.8122 60.668 75.4967 60.4503 60.0723 58.9846 93.0333 58.2179 54.4393 110.494 54.1891 53.8413 57.7603 53.1214 52.0275 51.6333 51.3254 62.0838 50.2257 68.5976 49.0867 56.4401 48.8658 48.7457 48.6736 68.6166 53.955
threshold=0.92635616660118114 -1.0895446538925169 0.52676329016685497 1.2907838821411135 1.7375702857971194 0.83552631735801708 -6.6604938507080069 -0.027418032288551327 -0.85678535699844349 -1.3535210490226743 -0.27722449600696558 -0.068869359791278825 0.9491097927093507 0.63922914862632763 0.16974896937608722 0.80128589272499096 1.7375702857971194 -1.1192106008529661 0.13480538874864581 0.1118421070277691 0.91666665673255932 0.96496084332466137 2.3355262279510502 5.6274898052215585 0.010774772614240648 0.88005742430686962 -0.38873952627182001 -0.0084123723208904249 -0.58580270409584034 1.7630385160446169 0.68423670530319225 2.7500000000000004 0.13009299337863925 0.5925770401954652 0.39829050004482275 1.5986841917037966 -0.38873952627182001 2.7500000000000004 -0.11896316707134245 -0.11857563257217406 -0.59574958682060231 -0.38873952627182001 -0.56174489855766285 -0.150860421359539 -0.49342104792594904 -0.436264619231224 1.213112533092499 0.92774829268455516 -0.0027256053872406478 -0.19538971781730649 -0.39071239531040186 1.0308641791343691 -0.38873952627182001 -0.13815789669752118 -0.23432362079620359 -0.091635070741176591 1.0000000180025095e-35 -0.59589663147926319 -0.56174489855766285 0.73942324519157421 0.65590819716453563 0.61184212565422069 -15.292791843414305 12.016444206237795 0.15012229233980182 -0.39071239531040186 0.72195822000503551 0.56174489855766307 1.3223684430122378 0.3932721763849259 -0.043219527229666703 1.4013158082962038 2.0551866292953496 -0.44576695561408991 4.2922978401184091 0.56174489855766307 -1.4465020298957822 -0.66762831807136525 -1.0000000180025095e-35 -0.2855739146471023 1.0561854839324953 0.70468106865882885 -0.69753086566925038 -0.1270659193396568 -0.11668765172362326 -0.6810699701309203 1.722504258155823 0.38873952627182012 0.25657895207405096 -0.70154139399528492 -1.6439802050590513 -0.33382290601730341 0.062101207673549659 -0.4407894760370254 -0.12139917910099028 1.6012866497039797 0.13289308547973636 -1.3148148655891416 0.024035284295678142 -0.85688525438308705 -0.2037389203906059 -0.10571486875414847 -33.372810363769524 0.68850955367088329 -1.0000000180025095e-35 -0.072016462683677659 0.094949580729007735 2.7500000000000004 0.79515123367309581 0.70120623707771312 0.37388169765472418 -0.038989050313830369 0.69559305906295787 -0.40131579339504236 -0.11051085591316222 -0.24276476353406903 -0.37519921362400049 2.256578922271729 2.0986841917037968 1.4671052694320681 0.68643194437026989 -0.035258507356047623 0.6784479320049287 1.6644907593727114 -1.6011464595794676 -0.28289473056793207
decision_type=2 2 2 2 2 2 2 2 2 2 2 2 2 2 2 2 2 2 2 2 2 2 2 2 2 2 2 2 2 2 2 2 2 2 2 2 2 2 2 2 2 2 2 2 2 2 2 2 2 2 2 2 2 2 2 2 2 2 2 2 2 2 2 2 2 2 2 2 2 2 2 2 2 2 2 2 2 2 2 2 2 2 2 2 2 2 2 2 2 2 2 2 2 2 2 2 2 2 2 2 2 2 2 2 2 2 2 2 2 2 2 2 2 2 2 2 2 2 2 2 2 2 2 2 2 2
left_child=1 7 8 6 5 17 -3 49 -2 -7 -8 24 21 16 31 34 57 -4 19 -19 76 39 71 56 47 26 27 30 -18 107 32 -14 -26 -21 89 -36 -27 -38 93 40 43 42 -42 44 -13 -39 -47 74 77 54 -33 -32 -52 -45 -1 -23 -24 -10 -59 64 70 -62 -30 94 65 -41 81 68 -68 -69 -61 -6 73 104 -12 -76 -9 78 -49 -54 -35 -28 -83 -58 85 -60 87 106 97 92 91 119 -11 -5 95 110 -43 -31 -89 -66 -17 -102 -20 -82 -73 -106 109 108 -16 -86 111 -64 114 -56 -15 116 -87 118 -37 -91 -121 -96 -93 -51 -125 -126
right_child=2 3 4 38 22 9 10 20 13 15 11 12 14 112 29 100 28 18 102 33 -22 55 23 -25 25 36 66 -29 62 88 51 50 -34 80 35 117 37 45 -40 59 41 96 -44 53 -46 46 -48 48 -50 123 52 -53 79 -55 113 -57 83 58 84 60 61 -63 63 -65 99 -67 67 69 -70 -71 -72 72 -74 -75 75 -77 -78 -79 -80 -81 103 82 -84 -85 86 115 -88 98 -90 90 -92 122 -94 -95 121 -97 -98 -99 -100 -101 101 -103 -104 -105 105 -107 -108 -109 -110 -111 -112 -113 -114 -115 -116 -117 -118 -119 -120 120 -122 -123 -124 124 125 -127
leaf_value=0.081858227526513283 0.080026777171215355 0.080019906931745821 0.07967389196524538 -0.02343610759707003 0.079565975620084523 0.076744890243528277 0.080031387673280038 0.077433603453046257 -0.021020915854944585 0.065716704195646486 -0.018252544627924618 0.0082359283362021148 -0.021582987193690627 -0.0056962953769852101 0.066275067172037599 0.078502969442963547 -0.0042947050030798318 0.077286205570427632 0.028392574562594523 -0.012447275644249425 0.07955020994915607 -0.0017519871206563298 -0.019741364913983227 0.079714002176636017 0.036166120815425182 -0.018926268457668777 -0.01819773096240718 -0.020203460199023363 0.067636700937017305 0.084375486773264702 0.045904636595415368 -0.019041714342486641 -0.00080988310701564348 -0.023887086424491347 0.055757725150502334 -0.0016522775739501855 -0.023310341129556083 -0.017205097680589459 0.077855918039775263 -0.016531081838433836 -0.0069018905152575805 -0.0015729455381517845 0.027829074726244501 -0.023504041376782095 0.10897132447824218 0.06362393494314994 0.018351298693298077 -0.023393334043530497 0.077385657424630022 0.080142800252690535 -0.023567893124380315 -0.023661402054530187 0.082086473732090021 0.044343832374673361 -0.014986991824139251 0.07489818363940895 -0.012487039912665034 -0.023353008780470481 0.058526188924025807 0.037750658572740479 0.061001072496155419 0.0085082706701055597 0.017419560412927384 0.066698349865763382 0.022285771890316438 7.8039416141805601e-05 -0.018448325502630918 -0.023386891583418092 0.048395706135353808 0.04991369801424532 -0.0063759647466212323 -0.023487155384793113 0.078947916218049155 0.056477991093990765 -0.023193347133374745 0.07596229781047141 -0.0010865570709603532 -0.016483130325610763 0.093300052936650696 0.029108286975157383 0.073606557089058361 0.075572423853414894 -0.013940779098338605 0.052364570554102513 -0.01370950323381856 -0.023441866035596469 -0.023498695268131375 0.053845474405789746 -0.02343941665002439 0.080004924281155743 -0.018314501497608972 -0.019400388469157127 -0.02354789260128937 0.086151575730517446 0.022145499921979939 -0.012185764457171726 -0.015122170425510832 -0.023299869272483505 -0.007247564313509665 -0.013052712364848696 0.079998889998717029 -0.023538543125616901 0.077350675744355363 0.0062230090628698524 0.069625688032708341 -0.023861873246456035 0.051956565363361136 0.080955896935938812 -0.02344405436025521 0.07872290739893309 0.010891723446583755 0.070336897552284464 0.077728337310947013 0.051615833039603536 0.064553390757040391 -0.018981056826173508 0.045502039177783782 -0.019145356328716757 0.064406627290124308 -0.023534530700651778 0.081637956302128833 -0.017875079189959495 0.038974342396719694 0.07869271899292539 0.017486551478967528 0.062786092464778301
leaf_weight=14.671796679496763 180.99604727327824 57.463541865348816 1121.5188060849905 8.8432617932558042 9129.4879815727472 86.853421181440353 37.241327166557312 5.5470622628927222 48.689483977854252 10.038704350590708 2563.2688914686441 14.071382276713846 71.265395000576973 6.2560937553644207 32.199513033032417 36.839055195450783 35.067592531442642 49.228900581598282 10.52487790584564 72.437980689108372 30.01846020668745 10.591896384954451 26.790946289896965 119.67838756740093 52.331172563135624 77.450497545301914 1427.9342172592878 303.25094317644835 62.22102078795433 6.2452932298183441 76.635463878512383 26.916892006993294 250.11467158049345 6.2122236788272849 36.483005113899708 20.716062866151336 42.183717958629131 36.319052383303642 109.90095350146294 215.46304312348366 102.76320606470108 233.96528223156929 147.88780721276999 17.713458001613617 26.436545707285404 30.695087596774101 158.84584011137486 4.9486795589327812 9.9598260372877103 824.44757506996393 13.027320861816404 11.241740100085734 14.866987347602842 23.373440220952034 12.701338440179823 25.917661234736443 9.7496269568800908 29.141488812863827 10.911627136170862 18.274841018021107 21.414275005459785 92.061325691640377 10.856979906558989 64.107108235359192 19.755616918206215 624.16607238352299 93.000805504620075 10.739751212298868 11.004428274929522 26.190775565803051 533.99354324489832 33.009929776191711 828.17348980903625 42.857922114431858 21.108828023076057 12.443927906453608 101.15929072350264 33.487382858991623 6.7720970511436445 44.680899143218994 18.398024991154674 12.491091132164 48.693095520138741 24.855353407561779 11.235619798302649 8.735255643725397 14.220867693424223 8.6941276341676694 12.808035835623739 9.7341633811593073 161.02021615207195 27.351946823298931 6.1238552778959265 3.0333531498908988 38.853333212435246 9.7384208738803846 342.73112317919731 3.2777478098869341 27.275845274329185 1388.4069107547402 5.3544777333736402 5.9445015415549278 243.08740470558405 7.4289767667651168 8.4176269322633761 8.6161084920167905 57.935592845082283 64.455867901444435 6.6194923520088187 3.2769569009542456 12.604275912046431 34.370884209871292 104.76743549108505 7.439277462661269 12.641999043524264 50.347485154867172 12.999444566667078 27.367030367255211 9.0282324850559217 5.593740873038767 3.2135356962680817 17.792551137506962 7.2356820404529563 73.336494356393814 15.687551438808439 31.911558553576469
leaf_count=14 176 54 1100 71 8966 100 35 13 393 28 21210 84 598 42 75 45 241 56 40 554 34 80 194 122 227 621 11713 2517 136 13 360 219 1743 46 107 144 347 281 125 1682 746 1671 832 140 42 80 923 40 20 805 102 86 30 114 91 41 66 238 37 80 86 601 56 145 115 4442 743 87 50 120 3947 264 840 110 178 35 710 269 16 216 40 34 385 75 80 70 113 31 103 20 1308 211 48 3 186 68 2642 27 185 10702 7 47 302 42 23 65 216 64 53 6 60 70 129 27 32 391 54 221 37 44 8 120 36 76 62 63
internal_value=0 0.00117165 0.0735551 -0.00676362 0.0758418 0.0617504 -0.0077493 0.0700361 0.0415751 0.0220764 -0.00827944 -0.00862649 -0.00262676 0.0315286 0.0253424 0.00931411 0.0226988 0.073659 0.0570976 0.0270328 0.0198032 -0.00477474 0.0785794 0.0562805 -0.0133118 -0.00945548 -0.0116334 -0.00170816 0.040269 0.0584947 0.0126613 0.000956167 0.00558795 0.00335383 0.000879445 0.0219832 0.00519236 0.0121614 0.0707069 -0.00532332 0.00161981 -0.00259206 0.0135899 0.0443269 0.0739785 0.0187864 0.0256829 -0.017193 0.0133201 0.0770429 0.0171008 0.0370054 0.0305054 0.0150931 0.0400615 0.052661 0.0106018 0.0049954 0.0103909 -0.00748939 -0.00093919 0.0184143 0.0465064 0.0395251 -0.0094294 -0.00418414 -0.0158565 -0.000901354 -0.0113758 0.0285972 -0.00491579 0.0789811 0.0731843 0.0218049 -0.0178412 0.0135811 0.00299526 -0.000794237 0.0440304 0.0423351 0.0390788 -0.017272 0.00433384 0.0340932 0.0151729 0.000839798 0.0248726 0.0312174 0.00673347 -0.00769674 -0.0106849 0.0124386 0.0318951 0.00455319 0.0255011 0.0388524 -0.00962526 0.0473146 0.00751894 -0.0125569 0.0660684 0.0255269 0.0753189 0.0542241 -0.00788957 0.0223372 0.0429834 0.069687 0.050976 0.00716184 0.0474468 0.0576341 0.0721611 0.00961389 0.0412977 -0.00789263 0.0177932 0.000407936 0.0183985 0.0490513 0.01484 0.00957498 -0.00718848 0.0784047 0.0665558 0.0478564
internal_weight=0 10809.9 13093.1 9692.95 12219.4 1987.73 9571.17 1116.92 873.738 458.898 9513.7 9476.46 4155.35 692.741 296.363 372.044 569.076 1528.84 407.318 153.706 136.725 3858.99 10231.6 181.074 5321.11 2669.12 2323.63 693.574 285.612 125.606 390.323 170.757 302.446 104.477 323.906 93.5943 345.494 268.044 121.778 3822.48 908.942 827.347 250.651 81.5948 40.5079 225.86 189.541 2651.99 55.168 980.196 99.4921 87.8772 72.5752 41.0869 34.8124 36.5096 61.3959 283.464 234.774 2913.54 665.744 113.476 250.545 188.324 2247.79 839.629 1630.05 140.936 104.005 36.9305 552.268 10050.6 921.075 92.9016 2596.82 33.5528 106.706 45.2082 11.7208 59.5479 32.0392 1489.12 61.1842 34.605 205.633 82.9938 122.639 108.418 22.3311 230.312 214.149 53.1291 16.1626 11.8766 124.216 67.5706 576.696 9.52304 35.97 1408.16 48.138 11.299 253.612 25.827 50.0437 17.0337 72.4482 103.275 38.819 14.5126 57.8321 45.2279 123.666 20.1406 18.8981 72.0822 21.7347 57.1113 29.7443 18.5414 8.80728 56.6459 34.5876 945.383 120.936 47.5991
internal_count=92406 73815 18591 71920 15316 4591 71721 1895 3275 2411 71667 71632 29547 3099 1500 2311 2896 2180 1080 738 757 28047 10725 457 42085 20317 18065 4933 1082 335 2416 1165 1970 682 2212 509 2252 1631 199 27926 6271 5891 1578 380 126 1284 1003 21768 345 1138 567 446 348 254 132 121 335 1814 1421 21655 4714 687 841 705 16941 6124 13132 1000 793 207 4027 10268 1302 462 21423 213 723 325 56 246 128 12132 419 141 1183 552 631 518 143 1703 1627 319 76 74 560 254 4313 40 216 10817 99 54 342 82 352 88 302 192 128 86 186 126 203 118 74 515 124 402 181 72 52 306 247 1006 201 125
is_linear=0
shrinkage=0.02


Tree=7
num_leaves=127
num_cat=0
split_feature=14 15 13 15 2 14 1 0 15 15 0 14 16 15 13 0 14 15 0 1 1 16 15 1 13 9 16 10 8 0 8 9 0 10 9 0 15 10 8 8 8 8 15 14 8 8 13 2 0 13 0 0 14 0 0 11 9 10 0 0 10 8 8 10 7 12 12 0 10 9 2 2 1 13 15 9 10 9 8 15 2 0 8 8 9 7 8 10 14 0 10 7 0 1 1 8 9 0 1 15 8 8 15 12 10 9 15 10 2 13 8 0 1 12 0 9 15 14 10 12 15 1 9 8 9 16
split_gain=70250 13733.5 2101.12 1728.35 1036.53 1017.91 2082.93 869.272 752.933 727.812 678.958 651.011 593.764 561.234 550.101 412.302 411.826 331.163 492.963 415.836 323.404 303.264 285.226 198.88 431.91 196.76 206.779 238.776 483.768 316.933 221.158 169.667 162.813 139.674 139.113 139.029 381.028 225.847 207.806 183.63 145.219 143.379 127.828 127.684 123.701 329.877 156.965 118.144 117.802 132.077 127.926 113.624 107.781 105.359 219.048 104.348 101.457 101.216 99.5997 99.0513 95.4325 91.6808 155.968 389.82 134.584 84.6928 163.696 81.8288 177.202 77.1637 180.699 76.7513 75.9784 620.06 213.744 75.4152 75.2836 74.9658 91.0888 72.4844 97.2235 91.0167 71.8066 71.0433 70.823 79.631 77.7191 93.9209 70.3917 69.5393 67.9646 64.5912 77.2882 64.4607 62.9289 60.4861 82.006 60.457 74.6978 60.4434 59.2344 76.6549 59.5397 54.61 53.6692 53.3179 52.6831 51.417 50.012 49.7917 82.6619 48.9191 48.55 47.21 44.6652 72.5564 43.4089 42.3821 61.3588 42.0704 60.1855 48.4459 51.1483 41.8714 102.045 41.785
threshold=0.92635616660118114 -1.0895446538925169 0.52676329016685497 1.2907838821411135 -6.6604938507080069 1.7375702857971194 0.83552631735801708 -0.027418032288551327 -0.85678535699844349 -1.3535210490226743 -0.27722449600696558 -0.068869359791278825 0.9491097927093507 0.69901075959205639 0.16974896937608722 0.39829050004482275 1.7375702857971194 -1.1192106008529661 0.13480538874864581 0.1118421070277691 1.6907894611358645 0.75047174096107494 0.96496084332466137 2.3881578445434575 6.1827387809753427 0.010774772614240648 0.88005742430686962 -0.38873952627182001 -0.17293875664472577 -0.013565709814429281 -0.10015640780329703 -0.58580270409584034 1.7630385160446169 -0.38873952627182001 0.5925770401954652 -0.11857563257217406 -0.59574958682060231 -0.38873952627182001 -0.19978590309619901 0.38725660741329199 -0.4301739484071731 -0.58836433291435231 0.92774829268455516 -0.11896316707134245 -0.54975369572639454 -0.59348425269126881 -0.46139882504940027 -0.98971194028854359 1.0621558427810671 -0.436264619231224 1.213112533092499 -0.0027256053872406478 -0.19538971781730649 2.4834250211715703 1.3885927200317385 1.0000000180025095e-35 -0.59589663147926319 -0.38873952627182001 -0.23432362079620359 -0.091635070741176591 -0.56174489855766285 0.58489501476287853 0.5214291810989381 -0.38873952627182001 -0.52671724557876576 -15.292791843414305 7.3343291282653817 4.2922978401184091 0.56174489855766307 0.70468106865882885 -0.69753086566925038 -1.4465020298957822 1.4013158082962038 2.0551866292953496 -0.44576695561408991 0.21070016175508502 -0.38873952627182001 -0.66762831807136525 0.18490620702505114 -0.11668765172362326 -0.6810699701309203 1.722504258155823 -0.7085718810558318 -0.59850239753723133 -0.70154139399528492 -1.6439802050590513 -0.10015640780329703 -0.38873952627182001 1.0561854839324953 0.062101207673549659 0.38873952627182012 0.44394508004188543 -0.13743405789136884 0.25657895207405096 -0.4407894760370254 -0.60341805219650257 -0.24276476353406903 0.024279085919260982 0.70394736528396618 -0.92198339104652394 0.46140880882740026 0.13066187500953677 0.50316944718360912 -98.935585021972642 -1.0000000180025095e-35 0.68850955367088329 0.024035284295678142 -0.38873952627182001 -0.12139917910099028 1.2768641114234927 -0.583143651485443 0.35712024569511419 -0.40131579339504236 -31.761779785156246 1.3885927200317385 0.11189543083310129 0.24937383830547336 4.1899335384368905 1.0000000180025095e-35 1.6644907593727114 -1.6011464595794676 -0.28289473056793207 0.60715624690055858 -0.63488757610321034 -0.27710412442684168 0.77656888961792003
decision_type=2 2 2 2 2 2 2 2 2 2 2 2 2 2 2 2 2 2 2 2 2 2 2 2 2 2 2 2 2 2 2 2 2 2 2 2 2 2 2 2 2 2 2 2 2 2 2 2 2 2 2 2 2 2 2 2 2 2 2 2 2 2 2 2 2 2 2 2 2 2 2 2 2 2 2 2 2 2 2 2 2 2 2 2 2 2 2 2 2 2 2 2 2 2 2 2 2 2 2 2 2 2 2 2 2 2 2 2 2 2 2 2 2 2 2 2 2 2 2 2 2 2 2 2 2 2
left_child=1 7 8 4 -3 6 17 52 -2 -8 -6 25 22 16 53 82 56 -4 19 -19 109 71 35 72 55 42 27 28 -27 30 -30 117 -16 -28 -21 36 39 38 -38 40 -13 -39 67 94 45 47 -47 -29 -35 -50 -51 77 58 54 113 -25 -10 -56 -1 -24 -58 62 64 -64 -37 -33 76 -12 -69 -46 -71 -9 -7 74 83 111 -67 78 -44 80 -62 90 -11 104 89 86 87 -86 -36 -84 100 92 -78 -34 -5 96 -82 -63 -99 -22 101 -81 -102 -20 -74 -90 -92 -41 -94 110 -17 -57 -60 -14 -105 -116 125 -18 -119 -54 -121 122 -122 124 -73 -76
right_child=2 3 5 43 10 23 9 21 13 15 11 12 14 -15 32 20 31 18 103 34 99 -23 59 24 -26 26 33 44 29 -31 -32 65 93 48 88 61 37 41 -40 107 -42 -43 51 -45 69 46 -48 -49 49 50 -52 -53 119 -55 57 75 60 -59 112 -61 79 97 63 -65 -66 66 -68 68 -70 70 -72 123 73 -75 116 -77 91 -79 -80 81 95 -83 84 -85 85 -87 -88 -89 105 -91 106 -93 108 -95 -96 -97 -98 98 -100 -101 102 -103 -104 114 -106 -107 -108 -109 -110 -111 -112 -113 -114 -115 115 -117 -118 118 -120 120 121 -123 -124 -125 -126 -127
leaf_value=0.076997481998316061 0.075388084897833108 0.075404259049748387 0.075072230982944896 -0.023356648131717842 0.075414217514658266 0.074976179051313874 0.07238146142517321 0.072416916634271702 -0.020943364163060786 0.068011479544291153 -0.018129431602174267 -0.023833040884230633 0.054171055184703693 0.070665470566491723 0.065866255633779874 0.063561257265010968 -0.02346220557923568 0.07286422283408088 -0.024976499661326951 -0.012307752902731364 0.063578039129036062 0.069695957425436508 -0.0017191512652717771 -0.019674964001790869 0.076377345033721705 -0.022727159666499217 -0.018803885056352873 0.026057168719719082 0.083236736184526205 -0.01570384774979881 0.017726454328865132 0.063884329712839374 0.045041119331439464 -0.023219311415559756 -0.023795648292277555 -0.001401207316482552 -0.016854167054141583 0.013207663578202258 0.024124362774546864 0.0606717569524979 0.07229286909178563 -0.013908243791438004 -0.023337918928948948 0.073374605628100997 -0.019253245872370681 0.091641742874874074 0.018071248090128392 -0.020092222212740631 -0.017400863313321295 0.060060344234819728 0.016317802522813629 0.072495224009210157 0.075483957002675517 -0.023195757297171174 -0.023433075743448377 0.057971235779771091 -0.023290287444334621 0.058946269248656126 -0.014838410660650827 0.070489579033256825 0.055307823784246313 -0.020680381405784067 0.059970103504070123 -0.012722781939975322 -0.01121748794240969 -0.016986475253306609 0.060802725657914121 -0.023120163460070859 0.070925330586386656 0.068665434882919985 -0.014123708981747038 0.095335553515020224 -0.023535709677841271 0.074375035584095597 0.018816282680387125 0.057775139421547522 -0.02374627101240373 -0.016348708030272323 0.088197766754627177 0.03657155860239876 0.058904833052242374 -0.02341765090526772 0.061860183302269896 -0.02349223404931795 -0.023404993365110222 -0.019548998510832895 -0.023413539121718806 0.050064341821335408 0.069081692080037907 -0.02346541237433121 0.05100168253708514 -0.0093986567237805494 0.054760160753376946 -0.023359933327173916 0.080716967311959348 -0.019071692302390326 -0.023323687881191182 0.0035222896703126358 -0.021775307044588237 -0.0080633219105088836 -0.023718873487457916 0.086869947000822262 0.073115619583833738 0.074072253481625411 0.055999422605508435 0.0060739277553511798 -0.004402630243913009 -0.017711124578040867 0.022890137820227668 0.06746876507030547 -0.023900660141896696 -0.023900885559115279 0.048984074265249131 -0.013769456679432739 -0.0086516239225843099 0.075070741140273484 0.078321976291449463 0.051091271548532921 -0.023601138292020186 0.074169204736410171 -0.013619789459486012 0.059534399563342957 0.059201617246829576 -0.0081156073663544923 -0.011610594847379301 0.06859298444250822
leaf_weight=15.279562354087828 188.21332311630249 59.737162470817566 1165.9849381148815 8.6973458155989629 38.715263605117798 9490.749018535018 90.211758151650429 5.809900999069213 48.471847675740719 4.9153872728347769 2529.4034613147378 7.1347712427377692 4.3433486297726622 115.53214130550623 107.03502541780472 11.407533116638662 18.016240395605564 51.151706770062447 2.3493085801601401 71.800421513617039 5.1821372732520095 35.386697515845299 10.578446984291075 26.458824634552002 110.83165217936039 267.85907872766256 76.406011439859867 25.188833005726337 22.245519310235977 121.43939394503832 280.91175474971533 67.077829912304878 9.7972107380628604 33.59627815335989 6.1123765110969535 990.27816080302 67.515443250536919 93.149406865239143 185.50866309553385 4.0209174454212215 52.870319724082947 479.62067404389381 5.0079650059342367 114.23469242453575 1281.7508384212852 16.67979184538126 38.088182762265205 186.32226656377316 37.915484324097633 31.853735506534576 166.68552529811859 10.414218872785566 857.4735329002142 50.835849829018116 7.0778705775737754 4.0123664736747733 28.964538216590881 37.972900673747063 12.57324482500553 26.976577922701836 11.311418473720549 307.11011104285717 48.966329351067543 74.256469793617725 1281.8335863575339 16.065419599413872 76.087425597012043 20.755680412054062 13.05458916723728 13.37123668193817 49.901218667626381 5.6615885943174353 5.1848978847265235 873.37874199450016 18.030856885015968 20.430623129010201 7.916785202920436 33.091463387012482 7.0547330975532532 48.298975214362144 10.8487765789032 13.987031407654284 10.446919471025469 34.995454914867878 10.013836503028868 156.08291475474834 18.7086136713624 22.82267440110445 19.202467843890194 6.0234814509749404 8.9921809658408147 14.646912693977354 48.100508883595467 12.596707001328467 3.1713577508926383 52.026919439435005 8.7755691781640035 118.41395889222622 77.079440139234066 51.775549679994583 9.4567538946866971 16.17967177182436 3.4724489599466315 244.03194911777973 9.8231951817870122 7.4587853178381911 29.021342657506466 19.988656610250473 33.352305144071579 69.118353925645351 6.9594096243381491 10.714844323694704 7.6796569004654911 70.433225907385349 7.033293396234515 10.066842317581175 16.247088864445686 10.527403444051744 7.5575166493654242 76.222301229834557 9.1833288148045522 32.970248892903328 6.6532587409019461 81.626566648483276 9.6544769406318647 10.777987092733381
leaf_count=14 176 54 1100 71 35 8966 100 13 397 16 21210 53 17 165 192 23 144 56 15 554 20 54 80 193 102 2277 621 149 64 989 1603 140 40 282 46 7087 506 617 1072 15 155 3696 41 125 10712 40 228 1568 298 80 971 20 805 429 57 7 240 119 91 41 37 2515 219 564 9793 112 174 178 35 36 399 8 41 855 80 52 60 269 15 206 34 113 28 281 81 1295 151 85 40 48 31 85 131 103 3 409 72 840 637 386 72 25 8 273 32 42 192 157 153 126 52 80 27 543 41 13 18 40 59 76 48 63 14 608 74 18
internal_value=0 0.00114361 0.0695048 -0.00666913 -0.00764421 0.0715929 0.0586848 0.066278 0.0398512 0.0213986 -0.00816902 -0.00851275 -0.00258337 0.0303597 0.0245118 0.00908324 0.0224558 0.069591 0.0543455 0.0261346 0.0355439 0.0191998 -0.00469791 0.0740804 0.0527772 -0.0131777 -0.00933582 -0.0115023 -0.00168029 0.0115972 0.0225336 0.0389086 0.0556059 0.00506993 0.00327704 -0.00523886 0.00158166 -0.00254668 0.0131899 0.0421598 0.0608632 -0.00949839 -0.0170657 0.0668877 -0.0157233 -0.0032688 0.0404774 -0.0145963 0.0118246 0.0168037 0.0233359 0.0129447 0.0726661 0.0009304 0.0111657 0.010327 0.00546144 0.0460038 0.0384466 0.0501499 0.0107648 -0.00738017 -0.00575067 0.0161639 -0.00693916 0.0444845 0.037851 -0.0177163 0.013192 -0.0181889 0.00337195 0.00180961 0.0744317 0.0690954 0.0205873 0.0329056 0.0233081 -0.000789882 0.0418925 0.0154094 0.000816455 0.0247649 -0.00760593 -0.00788061 -0.00926453 -0.0124312 0.00912198 0.0276591 0.0374202 0.0306553 0.0306038 0.0295316 0.0359119 0.00656514 0.00445217 -0.00778597 0.0221341 -0.0151461 -0.00645209 -0.00154523 0.0413586 0.049193 0.00228836 0.071019 0.0285221 0.0514546 0.00870338 -0.00458423 0.0417104 0.0596909 0.0304211 -0.00159517 0.00936231 -0.00982318 0.0718827 0.0406357 0.0521812 -0.00175087 0.019878 0.0739036 0.0630655 0.0457246 0.0169739 -0.00242198 0.0279221 0.0374388
internal_weight=0 10795.1 13573.4 9638.95 9512.84 12680.5 2048.86 1156.17 892.901 463.669 9453.11 9414.39 4145.39 704.688 300.092 373.457 589.156 1585.19 419.207 155.726 144.443 138.139 3845.3 10631.6 172.448 5269 2650.22 2303.76 692.456 424.597 303.157 299.348 129.429 346.457 104.574 3807.75 909.809 825.794 253.024 84.0147 60.0051 572.77 2618.78 126.103 1611.3 266.279 54.768 211.511 270.051 236.455 198.539 55.5684 1018.04 170.663 119.827 61.6167 289.807 45.0508 35.5325 37.555 241.336 2897.94 2395.33 123.223 2272.11 263.247 196.169 2563.21 33.8103 1345.02 63.2725 102.753 10459.2 968.438 95.0595 35.1578 120.082 45.1542 12.0627 212.371 82.9627 129.408 229.014 50.0035 224.098 207.628 51.5451 32.8365 32.7736 16.4704 115.421 104.017 89.3696 22.3939 11.8687 71.6513 19.6243 502.604 195.493 56.9577 77.4078 64.4786 12.9292 263.481 15.0081 26.6613 38.0135 24.0096 81.4528 87.4853 18.3669 14.7272 20.2529 74.7766 261.132 17.1001 45.0559 36.1012 18.0849 982.503 125.029 48.8068 15.8366 96.9426 15.3161 28.8088
internal_count=92406 73815 18591 71920 71721 15316 4591 1895 3275 2411 71667 71632 29547 3099 1500 2311 2934 2180 1080 738 607 757 28047 10725 434 42085 20317 18065 4933 2656 1667 1098 335 2252 682 27926 6271 5891 1578 380 208 4313 21768 199 13132 1985 268 1717 1631 1349 1051 345 1138 1165 736 332 1836 176 132 121 1439 21655 17663 783 16880 855 715 21423 213 11147 435 703 10291 1325 470 139 541 325 56 1199 552 647 1704 354 1688 1612 317 166 128 76 534 429 344 143 74 515 106 3992 1477 406 311 231 80 342 73 82 223 172 284 201 75 87 118 560 327 54 116 243 99 1006 201 125 62 690 82 98
is_linear=0
shrinkage=0.02


Tree=8
num_leaves=127
num_cat=0
split_feature=14 0 14 2 0 13 0 1 16 13 14 13 7 16 13 0 7 7 1 13 2 14 13 16 0 9 16 10 8 0 8 2 1 13 1 1 9 6 8 8 0 1 8 9 13 10 8 6 2 11 10 9 11 13 14 0 6 7 9 8 10 8 8 8 14 13 1 2 9 1 13 14 8 0 0 1 13 9 7 14 8 13 0 8 0 10 0 0 6 8 9 2 10 10 9 16 9 8 2 14 13 7 1 6 9 9 8 16 9 0 0 13 16 9 14 0 8 9 0 7 10 0 10 11 14 7
split_gain=64086.2 6626.22 2849.96 2713.07 2378.57 1557.21 1471.98 1104.75 716.342 709.497 639.411 633.813 604.429 506.295 440.617 377.563 890.414 348.473 327.777 1133.32 308.907 260.953 246.818 229.536 197.202 195.955 179.949 209.08 462.41 283.334 195.011 190.192 163.125 194.122 162.118 156.447 151.352 151.015 143.209 299.062 141.363 136.855 138.746 135.314 132.145 129.631 186.29 144.829 128.07 128.005 126.247 145.729 123.615 123.355 121.573 120.28 114.955 237.733 161.084 111.245 109.386 239.865 233.148 108.327 115.719 106.078 490.181 217.784 137.986 104.586 108.833 149.57 92.5526 92.1099 101.96 90.9988 105.495 90.5244 86.691 84.3719 83.2325 80.5755 80.4042 79.9522 79.1515 161.562 77.5591 76.8568 76.8336 76.7638 75.8059 172.973 73.8976 103.302 130.26 132.97 122.814 193.288 101.214 94.334 69.9707 69.6267 234.444 120.851 90.9685 82.5118 70.4785 108.651 65.9381 65.5845 65.4858 64.9282 62.4972 61.9211 63.0735 71.4295 61.8489 84.6081 61.6514 61.194 60.4401 59.3658 56.7226 56.1089 53.6799 121.638
threshold=0.7761511802673341 -0.2695785760879516 1.4823413491249087 -6.6604938507080069 -0.070048499852418886 0.73942324519157421 -0.053965032100677483 0.40131579339504247 0.88640671968460094 0.12941011786460879 -0.068869359791278825 0.12941011786460879 0.95917025208473217 0.93660208582878124 0.061408136039972312 -0.17517330497503278 -0.071016572415828691 1.0030285716056826 1.4407894611358645 2.2133353948593144 -6.6604938507080069 2.6773790121078496 1.6682905554771426 0.83975809812545787 -0.2695785760879516 0.010774772614240648 0.88005742430686962 -0.38873952627182001 -0.17293875664472577 -0.0084123723208904249 -0.10015640780329703 0.36831274628639227 0.46710526943206793 0.43974213302135473 0.072368420660495772 1.388157904148102 0.65590819716453563 1.5833333134651186 -0.54975369572639454 -0.59348425269126881 2.1322281360626225 -0.4407894760370254 0.36365796625614172 -0.59589663147926319 -0.46139882504940027 1.0000000180025095e-35 0.48216935992240911 2.7500000000000004 -0.98971194028854359 -0.22252093255519872 -0.38873952627182001 0.67694920301437389 0.6784479320049287 -0.41097526252269739 -0.30988709628581995 2.3247978687286381 2.7500000000000004 0.15109504014253619 0.56625962257385265 -0.60823029279708851 -0.38873952627182001 -0.094030573964118944 -0.17293875664472577 0.10321649536490442 -0.56483349204063404 1.182648837566376 0.19078947603702548 0.48353910446166998 -0.6321234107017516 0.90131577849388134 0.87676462531089794 0.20369505137205127 0.70776253938674938 -0.13743405789136884 0.21026322245597842 3.4144737720489506 6.6893529891967782 0.6940332055091859 0.44394508004188543 -0.43031832575798029 0.22925297915935519 -0.16163465380668637 -0.27722449600696558 -0.69083788990974415 4.2922978401184091 0.56174489855766307 0.39829050004482275 0.16713064908981326 1.5833333134651186 -0.12457882612943648 0.70468106865882885 -0.69753086566925038 -0.56174489855766285 1.0000000180025095e-35 0.70395612716674816 -0.07089525461196898 -0.32716019451618189 -0.59850239753723133 1.7674897313117983 0.15012229233980182 0.23336022347211841 -1.0402734875679014 0.80921050906181347 1.7500000000000002 -0.70154139399528492 -0.016930819023400542 -0.61293834447860707 -0.2799867838621139 0.67428746819496166 1.5204067230224612 1.5582233071327212 3.0733301639556889 -0.052509760484099381 0.6293640434741975 2.3994171619415288 1.024442791938782 0.70493233203887951 -0.053823620080947869 0.93819814920425426 0.95917025208473217 -0.56174489855766285 -0.27722449600696558 -0.38873952627182001 -0.22252093255519872 -0.2150558605790138 0.80252677202224743
decision_type=2 2 2 2 2 2 2 2 2 2 2 2 2 2 2 2 2 2 2 2 2 2 2 2 2 2 2 2 2 2 2 2 2 2 2 2 2 2 2 2 2 2 2 2 2 2 2 2 2 2 2 2 2 2 2 2 2 2 2 2 2 2 2 2 2 2 2 2 2 2 2 2 2 2 2 2 2 2 2 2 2 2 2 2 2 2 2 2 2 2 2 2 2 2 2 2 2 2 2 2 2 2 2 2 2 2 2 2 2 2 2 2 2 2 2 2 2 2 2 2 2 2 2 2 2 2
left_child=1 81 4 -3 11 10 -7 14 17 43 25 24 15 20 123 16 41 36 65 21 -9 23 78 52 -2 84 27 28 -27 30 -30 -32 33 56 49 -24 -8 -10 39 48 -15 42 -12 82 -41 63 47 -47 54 -35 51 -18 -20 -49 -29 -39 60 109 -59 -54 61 -17 -62 -28 -65 66 -11 68 -68 70 80 -72 77 -45 -75 -21 -77 -66 101 -46 -38 121 -4 -55 124 -86 120 -14 -69 122 -40 -92 -34 96 98 -96 97 -94 -95 -98 -89 102 -22 104 -104 -103 107 -107 -26 -58 -16 -112 -110 114 115 -76 -52 -118 -105 -50 -70 -1 -37 -6 -5 -126
right_child=2 3 9 5 7 6 8 13 37 18 12 -13 87 40 110 32 50 -19 19 75 22 -23 35 -25 108 26 45 38 29 -31 31 -33 92 34 -36 89 69 55 90 44 -42 -43 -44 73 79 46 -48 53 119 -51 116 -53 59 83 -56 -57 57 58 -60 -61 62 -63 -64 64 72 -67 67 88 86 -71 71 -73 -74 74 113 76 -78 -79 -80 -81 -82 -83 -84 -85 85 -87 -88 100 -90 -91 91 -93 93 94 95 -97 99 -99 -100 -101 -102 105 103 118 -106 106 -108 -109 112 -111 111 -113 -114 -115 -116 -117 117 -119 -120 -121 -122 -123 -124 -125 125 -127
leaf_value=0.071392552111178481 0.072999978983848329 0.072021985645968026 0.074571320009509875 -0.018944721805351106 0.02458421480606909 0.065459314400487884 -0.0074406153874481684 0.073544583899065569 0.0078063729338641776 0.07126667554916627 0.057234003723955144 0.069634528086694528 0.067732194759160966 0.063036675926034819 0.064225193268789837 -0.017878213778895313 3.2229999168785259e-05 0.072396841623278932 -0.01996698887314963 0.069177086648337993 0.058890002818744208 0.049946990450732101 0.052414853481552351 0.068513396508122534 -0.00031044957232521133 -0.023078087985396397 -0.022067516265411095 -0.023361802112505187 0.075780782041265052 -0.016810632137348538 0.036746528234626319 0.0032341356349346101 -0.022544758088413906 -0.0085502210425926449 -0.0084980868781436847 -0.0045907166611917315 -0.018518013952750167 0.072628249070603182 -0.019050568103381915 0.084566700115108695 -0.023400248834969672 0.082063057351081631 -0.024729798274508812 0.0087581785292231984 0.057393790468640578 -0.023262618689091148 -0.023432395942866474 -0.0097315548827287667 -0.020513571178300757 0.056901628332344134 -0.022410360413344953 0.071452455958918262 0.076075884278129516 -0.0098956228499733293 0.064767367476320212 0.0088774264610910463 0.088190639792737432 -0.0056827594303453955 0.071910444291634526 -0.024058542930550965 0.0028874783801995851 0.017048323904987121 -0.016499696038102217 0.060073398658902093 -0.01263055307384019 0.071158094767414193 -0.015528752790285934 -0.0101741706926393 -0.01012390697414956 -0.009538883858555447 0.00028325175948411041 0.069405327731515892 0.056688225502897531 0.060056808158910686 0.050057371948408584 -0.014216002176789269 0.071697112011126607 0.10722223533750241 0.045781839022129532 -0.0045421769368492893 0.074539949507801087 0.071396270941501 -0.0073237908107072012 0.056927032441289147 -0.023039738973165736 0.066541239557594042 0.068567827711445817 -0.023339237972050432 0.079027770451273099 -0.019205617754900779 0.066482329946760441 -0.013978835029413848 0.069319367117201408 -0.017199754764119415 0.083727285554083389 -0.023298151179842144 0.0038293567274688624 0.0033409920622718909 0.10811851787738723 -0.016009653611901892 0.076337940126372031 -0.020322165556143558 0.039189049858055804 0.089072082207198505 -0.014003970530102024 0.053206130809210966 -0.0075915236120836253 -0.0066755860996908839 0.080502272270620262 0.019422204258108561 -0.024124425180751381 0.060272110438964188 -0.0046178992904554053 -0.024481008524688465 0.045587629835394106 -0.023953857072436243 0.11108012486744588 -0.023263193587367555 0.0080979926553272769 0.058561469374587574 0.046288715087077686 -0.023077963459451133 0.040552099695206824 -0.019755084512054797 -0.014347446028779255 0.023858943223574656
leaf_weight=4.5788222551345825 22.561454474925995 183.28574299812317 5.5656790733337393 1961.1645244657993 18.522256307303905 201.85152746737003 641.19262468069792 25.836514234542847 24.93332052975893 963.12230286002159 32.440818890929222 1047.0120067596436 54.850203320384026 84.514065697789192 296.97461397945881 119.70875053852797 57.892996162176132 24.967600464820862 96.974191509187222 907.888961404562 28.271955251693726 58.085648901760578 57.763548962771893 16.648991458117962 77.348244823515415 255.74112806469202 91.873704053461552 10.584294527769091 23.832325212657452 107.99314094334841 110.64186751097441 174.69401078671217 171.9389600455761 15.232062146067618 37.800560623407364 17.855680726468563 22.937720179557804 79.9081766679883 1236.4924966543913 17.70270611345768 8.3126793727278692 65.886344909667969 11.083478130400179 27.34972669929266 13.953546054661272 16.947462923824787 32.776532098650932 16.484331525862217 177.08245047926903 55.503850564360619 120.88772683590651 14.238469392061232 11.196429215371611 7.9474054127931586 15.329356998205183 13.896848715841768 18.886566072702411 107.69901895523071 11.882763333618639 7.3518842384219161 444.90860937535763 229.33509540557861 560.96446426957846 14.59427512437105 72.453264519572258 9589.5026809945703 12.698293358087538 38.81992007791996 8.1888354048132879 40.74818105250597 19.06071574985981 36.501508496701717 9.8691262155771238 122.54219235479832 8.9515562355518359 11.423239365220072 11.445119842886923 2.6116083040833464 14.375700637698172 23.810109309852123 4.618683658540248 492.59918075054884 34.64799739420414 72.485516756772995 19.681750401854515 13.630272328853605 73.720891855657101 7.8702965974807721 4.2892067432403556 25.993024185299873 13.639756619930266 49.37175615131855 19.576276279985905 537.58734132349491 10.604812890291216 8.2602624148130399 145.96537339687347 191.50687462091446 2.590361811220645 279.35152814537287 4.3873249292373657 152.77131823450327 14.216501660645006 7.8935161232948285 134.77851565182209 21.876744739711285 149.74092154949903 27.17623333632946 8.6000888571143133 7.8542399629950514 6.8329568505287153 7.8182133808732033 5.7619357779622069 6.9223973155021659 79.290852531790733 12.499506190419195 3.3745788037776947 4.2202525883913031 7.1841121017932892 4.0031194463372222 105.08347502350807 6.3517415001988393 29.574406817555428 29.755573429167271 492.5175077393651 35.751056298613548
leaf_count=4 20 161 5 16753 92 268 4810 23 152 910 64 1086 63 142 453 915 402 22 770 954 83 148 145 23 521 2216 755 86 67 898 551 1074 1442 113 279 126 178 108 10477 40 68 71 76 154 55 141 264 121 1516 192 981 43 22 51 57 88 23 768 45 54 3124 1418 4416 39 543 8660 85 239 57 301 132 130 41 267 24 80 11 8 51 166 16 447 246 245 172 35 101 65 4 202 34 399 82 4282 40 68 1017 1358 7 2211 4 1248 59 8 1075 82 1100 203 18 45 49 14 36 47 222 93 8 35 48 9 302 55 121 230 4070 213
internal_value=0 -0.000542694 0.0647579 -0.00419867 0.0444842 -0.0056599 0.0166043 0.0243325 0.00575278 0.0686242 -0.00858619 0.0647532 -0.0018052 0.0113522 0.0534787 -0.00301824 0.0179864 -0.00113119 0.0693862 0.0590927 0.00564949 0.0146144 0.00310526 -0.000913215 0.0200285 -0.0130499 -0.00916629 -0.0112234 -0.00190329 0.0110779 0.0208195 0.0162289 -0.00520555 -0.000890843 0.024939 0.0277909 -0.00353077 0.0515554 -0.0152385 -0.00176341 0.0552962 0.0638828 0.0363619 0.0381308 0.039479 0.00443349 0.0185831 0.0306775 -0.0128145 0.0428074 -0.0070445 0.0141303 -0.0109189 0.0401097 0.0287715 0.0631838 -0.00275829 0.0140828 0.00202763 0.0363862 -0.00457702 0.00506985 -0.00792454 -0.00640712 0.00804885 0.070455 0.0648644 0.0394685 0.0482693 0.0167084 0.029576 0.0456929 -0.000890563 0.0434582 0.0475807 0.0681846 0.0287817 -0.00846071 -0.00269539 0.018343 -0.00292072 0.0702045 0.00401071 0.0503244 -0.0170107 0.0136141 0.0526017 0.0576141 -0.00129889 0.00841863 -0.0179601 0.00343815 -0.0102851 -0.00852184 -0.0147946 0.0368651 -0.00301152 0.00945996 -0.0165988 -0.00920106 0.0123378 -0.00397666 0.00569759 -0.00346819 -0.00892851 -0.00926954 -0.000775688 0.0200306 0.0069971 0.0679922 0.0621888 0.0209116 0.0463527 0.0333806 0.0373565 0.00693113 -0.0189323 0.036429 0.05049 -0.0187655 0.0422105 0.0164958 0.0235575 -0.00274388 -0.0174205 -0.0117618
internal_weight=0 10247.4 14543.5 9743.85 2329.32 9560.57 1110.62 1168.04 908.765 12214.2 8449.95 1161.28 3354.29 808.135 359.904 3287.18 310.025 790.027 11916.4 1121.01 715.309 190.257 689.472 132.171 114.272 5095.66 2572.92 2234.87 672.902 417.161 309.168 285.336 2977.16 1609.78 108.536 131.187 765.059 118.738 1561.97 262.466 92.8267 109.411 43.5243 297.77 55.4664 338.043 146.641 113.865 206.999 70.7359 200.614 72.1315 115.523 96.9173 25.9137 93.805 1501.24 146.323 119.582 18.5483 1354.92 349.044 1005.87 191.402 99.5283 10795.4 1205.92 242.801 199.691 123.867 83.1186 55.5622 84.934 257.556 230.207 930.757 22.8684 75.0649 558.286 37.7637 27.5564 503.53 40.2137 80.4329 2522.75 33.312 186.993 67.1078 43.1091 73.4231 1299.5 63.0115 1367.38 1195.44 559.043 18.8651 636.4 211.083 540.178 425.317 12.2576 543.91 192.345 164.073 148.995 351.565 198.794 49.053 91.7103 26.7408 311.626 14.6512 14.362 107.664 100.742 21.4511 128.483 7.59483 15.0776 181.086 113.272 10.9306 47.4301 48.2778 2489.43 528.269
internal_count=92406 71625 20781 71119 7303 70958 6205 5622 5937 13478 64753 1681 23657 4784 838 23525 1680 5589 12420 2062 4574 1017 4551 869 595 41096 19853 17645 4806 2590 1692 1625 21845 11338 584 594 5567 348 12839 1929 210 211 140 1058 261 2208 822 558 1668 305 1469 445 846 417 143 196 10754 881 813 76 9873 2333 7540 1386 631 10358 1698 788 545 757 456 262 592 807 653 1045 91 551 3957 221 194 506 251 296 21243 207 460 132 243 449 10910 433 10507 9065 4397 108 4668 1440 4289 3228 69 3906 1273 1190 1134 2633 1385 285 575 68 516 63 54 386 339 117 1024 43 56 1525 359 59 247 322 21036 4283
is_linear=0
shrinkage=0.02


Tree=9
num_leaves=127
num_cat=0
split_feature=14 0 2 14 0 13 0 16 16 13 14 7 2 13 7 0 7 7 7 13 0 7 16 9 9 0 0 16 10 8 0 8 2 0 8 10 2 10 14 9 8 8 3 9 10 2 10 9 9 13 8 9 11 9 0 11 0 7 10 10 3 9 3 0 8 2 8 11 14 0 13 8 8 11 13 10 7 7 10 8 16 8 14 9 3 12 12 0 0 3 10 14 0 9 2 2 5 13 9 10 0 13 8 13 5 9 8 9 7 0 0 14 0 0 3 8 10 14 7 8 8 8 7 12 2 9
split_gain=58776.7 6186.15 2536.84 2536.09 2154.78 1496.3 1357.56 934.373 670.304 638.676 624.501 606.378 584.531 569.037 567.158 360.959 823.46 327.127 311.624 200.016 533.481 395.105 323.436 200.644 193.403 184.685 179.764 174.766 204.991 448.775 269.39 174.048 175.723 165.065 196.253 216.25 159.712 208.255 275.198 149.785 140.882 282.674 124.16 123.921 123.584 123.327 122.304 132.338 120.469 115.99 115.836 576.145 325.028 219.36 198.674 177.203 239.622 140.842 127.51 241.285 432.34 192.786 189.379 162.953 162.244 158.268 160.216 140.679 111.477 111.186 109.716 105.445 129.183 128.983 103.753 101.714 100.494 98.7472 96.0502 190.72 147.028 92.7861 92.655 104.004 90.6786 86.8316 109.275 93.1752 118.729 77.6894 149.479 77.2386 74.77 74.5064 160.733 72.5783 91.7932 71.8018 71.633 71.3656 69.1102 65.25 88.8173 65.2415 63.028 61.9112 59.5607 74.5097 58.3381 55.4796 54.8196 85.8742 69.259 53.9037 71.6139 53.3921 129.338 53.3677 115.968 74.4598 90.0825 95.2853 52.7975 52.0346 49.204 48.1015
threshold=0.7761511802673341 -0.2695785760879516 -6.6604938507080069 1.4823413491249087 -0.07543116062879561 0.73942324519157421 -0.053965032100677483 0.95587372779846203 0.85916519165039074 0.12941011786460879 -0.068869359791278825 0.8956345021724702 -6.6604938507080069 0.12941011786460879 0.95917025208473217 -0.17517330497503278 -0.071016572415828691 1.0030285716056826 -1.0402734875679014 1.9143015146255495 -0.053965032100677483 -0.1830678656697273 0.84603753685951244 -0.65476739406585682 0.010774772614240648 1.7630385160446169 -0.2695785760879516 0.88005742430686962 -0.38873952627182001 -0.17293875664472577 -0.0084123723208904249 -0.10015640780329703 0.36831274628639227 -0.022619902156293389 0.38725660741329199 -0.56174489855766285 -1.9814814925193784 -0.38873952627182001 2.9919627904891972 0.65590819716453563 -0.54975369572639454 -0.59348425269126881 2.1470588445663457 -0.59589663147926319 -0.38873952627182001 -0.98971194028854359 -0.38873952627182001 0.67694920301437389 0.60239943861961376 -0.46139882504940027 -0.59348425269126881 -0.30236525833606714 0.6784479320049287 0.066093422472476973 -0.0084123723208904249 0.6784479320049287 0.029669920913875106 0.60793757438659679 -1.0000000180025095e-35 0.56174489855766307 1.1470588445663454 0.70395612716674816 2.20588231086731 -0.051161628216505044 0.70658957958221447 0.35185185074806219 0.62786883115768444 0.6784479320049287 -0.30988709628581995 1.1725872159004214 -0.436264619231224 0.63211616873741161 0.70776253938674938 0.6784479320049287 -0.42450429499149317 -0.56174489855766285 0.92511859536170971 -0.50185924768447865 -0.56174489855766285 0.12153371796011926 -0.41324658691883082 -0.68871176242828358 1.2068750262260439 0.66861790418624889 0.61764708161354076 -15.292791843414305 7.3343291282653817 1.024442791938782 -0.13743405789136884 3.8529411554336552 0.56174489855766307 -0.43031832575798029 -0.27722449600696558 0.70468106865882885 -0.69753086566925038 0.39300411939620977 0.99954625964164745 -0.16163465380668637 -0.56991127133369435 -0.38873952627182001 0.16713064908981326 0.3899525254964829 -0.57782307267189015 0.23336022347211841 0.99954625964164745 0.67428746819496166 0.70493233203887951 -0.053823620080947869 0.95917025208473217 -0.27722449600696558 -0.03773903846740722 0.4677500873804093 0.16713064908981326 0.37736880779266363 0.61764708161354076 0.38725660741329199 -1.0000000180025095e-35 -0.2150558605790138 0.80252677202224743 0.32309919595718389 0.220456138253212 -0.64291095733642567 -0.29519236087799067 2.9990732669830327 -0.49176955223083491 -0.33531492948532099
decision_type=2 2 2 2 2 2 2 2 2 2 2 2 2 2 2 2 2 2 2 2 2 2 2 2 2 2 2 2 2 2 2 2 2 2 2 2 2 2 2 2 2 2 2 2 2 2 2 2 2 2 2 2 2 2 2 2 2 2 2 2 2 2 2 2 2 2 2 2 2 2 2 2 2 2 2 2 2 2 2 2 2 2 2 2 2 2 2 2 2 2 2 2 2 2 2 2 2 2 2 2 2 2 2 2 2 2 2 2 2 2 2 2 2 2 2 2 2 2 2 2 2 2 2 2 2 2
left_child=1 97 -3 4 13 10 123 11 17 43 24 12 -6 26 15 16 115 39 33 20 -11 22 23 -22 89 101 -2 28 29 -26 31 -31 -33 -14 35 -35 -25 38 48 -8 41 45 84 92 -29 68 47 -18 -38 -43 51 52 54 76 77 57 -57 -55 63 64 61 -61 -62 65 -60 66 -52 -66 -30 -46 -71 73 -73 -72 -67 -65 -53 -17 79 -41 -80 124 125 113 -10 -45 87 88 -87 117 -91 -51 -5 -42 -95 122 -97 109 -77 -90 -16 102 -9 -102 -83 -28 -48 -108 -47 -1 111 -82 -112 -84 -115 -12 -117 -4 -119 120 121 -120 -39 -7 -37 -20
right_child=3 2 5 9 7 6 8 25 42 19 14 -13 18 -15 100 50 46 -19 82 -21 21 -23 -24 36 27 -27 105 44 40 30 -32 32 -34 34 -36 81 37 95 -40 78 93 49 -44 85 69 108 106 -49 -50 91 58 53 -54 55 -56 56 -58 -59 59 60 62 -63 -64 75 67 74 -68 -69 -70 70 71 72 -74 -75 -76 98 -78 -79 80 -81 110 104 83 -85 -86 86 -88 -89 99 90 -92 -93 -94 94 -96 96 -98 -99 -100 -101 103 -103 -104 -105 -106 -107 107 -109 -110 -111 112 -113 -114 114 -116 116 -118 118 119 -121 -122 -123 -124 -125 -126 -127
leaf_value=0.06785141218614528 0.06928866713235951 0.06840947655756105 -0.018829468985927838 0.070668678162509199 0.069588239328660401 0.067934978208591859 -0.0076966070795807954 0.070585457782625677 0.016832872851320287 0.06763653457897055 0.068379195116589048 0.069173839128031919 0.069838822573718332 0.066571170448118874 0.064395501055253032 0.083486421908542066 3.1583998731620204e-05 0.068738023906903548 -0.022155390190083273 0.067297375559133774 -0.019887344191822278 0.069441220027022604 0.068340418834260383 0.068710845613707536 -0.023007902565731868 -0.014745024321454739 -0.00014003020015423753 -0.018551359559980215 -0.023284201620663594 0.070722966791954514 -0.016680543422773312 0.035118602175758122 0.0031625879645885758 -0.018157848712460119 -0.015137451480000065 0.050373017128142066 -0.016664814854649573 0.051375124286471854 0.055547045248379681 -0.023453358212181922 -0.018935356787312955 0.078576182388547189 0.00040575684138496681 0.061559882159005735 -0.023158865401126098 -0.020412119972774999 -0.022321005007274044 0.066857522242205578 0.030124682050998445 0.054129356085078899 0.024596399098588871 -0.022369653343834544 0.095952856831700337 -0.005341073502217005 -0.023364690754373873 -0.023344713478430635 0.090108462536319753 0.050678440017013007 -0.017732163861998551 -0.01302786239897756 0.057558737301354343 0.048585958609468273 -0.012099037950419285 -0.022421921327475339 -0.023278739498281905 0.048275686254474745 -0.023291225649138683 0.070767481689358244 0.060811249868805692 -0.016832680222776189 0.035896893966333498 -0.023422705686264225 0.059863824073030231 -0.023390540710173231 -0.011255550025437173 0.011607551706766969 0.070894656858890903 0.025282242149469784 0.061534045222543451 0.099469786722295395 -0.024026631450522917 0.048024265609547111 -0.0088157120351958253 0.052760992454224498 0.064410704479654218 -0.011872336500024205 0.055577102706185308 -0.0062197329109947184 -0.011097227573532112 -0.022979643375964233 0.062688027110761102 -0.0044655477945747804 -0.0072140511807363122 0.062639352736242715 -0.013840726611942829 0.043383235246586507 -2.9798751478252884e-05 0.067833334239720627 -0.0080395558414443156 0.050548701011221803 -0.023262648012935601 0.068695829311535533 -0.004999141887774808 0.072212297769406658 0.026137548891770026 0.04474077298899401 0.10076032287752425 -0.023188161438276511 0.05570089078274286 -0.023007761942557027 -0.023394649229137272 0.090668389401262386 0.016135702820616972 0.057441331151949042 0.0012408955242668158 0.067549026607072279 -0.024561437841072106 -0.014210637391740307 0.074799378970891686 -0.0092287989412278178 0.12663643823447054 -0.023477640444518954 0.00097826069845611337 0.044615268447496526 -0.023483748139363509 -0.0054997688379890795
leaf_weight=4.7199389934539795 23.286827385425568 189.0442401766777 1933.9297654554248 5.7535861730575553 62.756434798240662 157.3305167555809 630.98264753818512 12.944079525768759 19.465948194265366 1691.6257489547133 85.750412955880165 77.115314781665802 24.415752038359642 1060.1436485722661 56.520792588591576 16.962882079184055 57.894306689500809 25.762235164642334 101.66305498033762 9692.8694203644991 27.288886494934559 257.20806938409805 128.95566189289093 52.708153247833252 251.43410912901163 12.375427752733229 76.795120269060135 73.844233453273773 10.40893989801407 25.013354301452637 106.67198270559311 113.42618229240179 175.0693975687027 43.349333323538303 65.74318927526474 4.518753997981551 79.472437851130962 181.93580365926027 43.866678319871426 7.9653067961335209 1219.3086862117052 18.660990044474602 18.818118445575237 65.570575147867203 33.824302293360233 174.43001822382212 118.96357559412718 14.905585825443266 30.442392863333225 14.493444159626959 211.70275548100471 232.51017486304045 33.145113930106163 195.08835037052631 26.459494136273861 11.53540965169668 21.007810413837433 19.771316431462765 954.84611418098211 298.50082671642303 67.074304290115833 21.796494506299496 20.347856193780899 154.24151934683323 10.716785617172718 12.648488909006117 32.195962309837341 15.657451622188091 15.99303564429283 35.217944547533989 135.00569379329681 34.850894317030907 9.4744652956724149 16.468436136841774 157.89300060272217 97.40216138958931 4.715079501271247 37.292001806199551 17.236125372350216 13.788860149681566 4.6677138358354551 82.352031774818897 69.587667509913445 18.802950628101826 90.605305768549442 18.612755432724953 67.869258284568787 30.644213482737541 8.3807989880442602 19.162462502717972 14.172957822680472 23.735082276165485 34.473334349691868 14.181290581822394 48.872170388698578 50.339332170784473 31.781698077917099 507.94097045063972 312.00857766717672 72.438860364258289 7.7395976856350881 190.16431145370007 11.968426182866095 4.5435624122619629 145.82284947484732 14.637831680476664 3.6428560316562653 4.1499368399381629 4.1232644692063323 6.2447740510106069 46.898392498493195 5.9264955669641495 28.503611035645008 13.681414708495138 26.904009200632572 17.917697660624984 9.2434143796563131 487.36393800377846 7.8859679400920877 16.227301105856895 4.5487738773226729 7.898950695991517 8.713305898010729 50.578492298722267 17.903967469930649 218.26749467849731
leaf_count=4 20 161 16753 5 54 151 4769 24 113 1513 123 71 23 1033 63 57 402 22 842 8696 201 222 142 45 2216 92 517 614 86 67 898 551 1074 348 498 16 600 431 81 64 10477 40 127 114 289 1516 981 43 125 55 1218 1893 87 1442 216 94 72 86 7656 2338 210 93 160 1308 89 62 266 63 57 283 573 280 36 133 1177 655 11 224 64 29 34 222 523 54 151 128 149 182 53 170 35 166 246 34 399 139 178 447 2368 181 65 176 80 4 745 53 8 35 9 55 379 13 172 37 175 23 65 4070 13 127 11 64 47 117 145 1555
internal_value=0 -0.000538741 -0.00413784 0.061692 0.0427376 -0.00557981 0.0161496 0.0238914 0.00562144 0.0652704 -0.00847585 0.0153594 0.0107266 0.0619925 -0.00177705 -0.00296986 0.0174759 -0.00134606 0.00629214 0.0659792 0.0610354 0.0485267 0.040062 0.032863 -0.0129191 0.0603856 0.0196798 -0.00905235 -0.0110976 -0.00187348 0.0107732 0.0201145 0.0157266 0.0195164 0.0161005 0.0230871 0.0358665 0.031808 0.0131962 -0.00373442 -0.0151093 -0.00174067 0.0478802 0.0366214 0.0043282 -0.0126887 -0.00694632 0.013714 -0.00370583 0.0377018 -0.00512416 0.00273679 0.0432212 -0.0067747 0.0215671 0.00640125 0.0498934 -0.000186176 -0.00711175 -0.0110071 0.0019246 -0.00883499 0.0413456 -0.00158013 -0.0163805 0.00794007 0.018275 0.0325532 0.0276567 0.0107076 0.0156661 0.0215116 -0.00562036 0.0294511 -0.00684032 -0.00858011 -0.0205159 0.0434799 0.0162683 0.0544614 0.0082199 0.0302218 -0.00502319 0.00928747 0.0559966 0.0416126 0.035005 0.0242712 0.0336682 -0.0168842 0.013443 0.0177493 0.00392538 -0.0178391 0.00336033 0.0423009 0.0265819 0.0667403 -0.00336535 0.0441562 0.0550512 0.0647086 0.0342732 0.0120537 0.0340368 0.0070451 -0.0188122 0.0347534 -0.0186545 0.016104 -0.0024658 0.0401348 -0.00845131 0.00186796 0.0201862 0.0606389 0.0362022 -0.0172955 -0.0116334 0.0227209 0.0482184 0.0256205 0.0490718 0.0622619 -0.00859971 -0.0107924
internal_weight=0 10219 9700.06 14956.2 2375.2 9511.02 1118.53 1200.34 910.621 12581 8392.49 972.884 895.769 1174.86 3346.79 3277.99 312.468 781.731 833.012 12277.2 2584.34 892.712 635.504 506.549 5045.7 227.452 114.72 2554.51 2215.82 671.615 420.181 313.509 288.496 384.106 359.69 293.947 479.26 426.552 153.782 755.969 1544.21 261.845 128.889 303.743 338.686 204.955 199.556 72.7999 109.915 56.8895 2965.52 598.488 113.859 484.628 80.7144 247.403 32.5432 214.86 2367.03 1388.94 407.719 320.297 87.4222 978.092 981.22 414.44 243.899 26.3742 26.402 264.842 231.017 195.799 44.3254 151.474 170.541 563.652 237.225 54.2549 124.987 21.7542 103.232 250.598 448.907 128.976 110.071 263.516 197.946 130.077 99.4324 2491.19 33.3354 38.2285 40.2269 1282.36 63.0535 272.77 82.121 518.906 409.411 80.8197 68.804 215.077 24.9125 12.2832 228.175 91.433 126.756 7.79279 178.553 10.9647 85.9962 10.5942 75.402 110.173 40.5854 112.912 27.1611 2457.85 523.925 36.561 20.3337 15.7849 190.649 207.909 22.4227 319.931
internal_count=92406 71625 71119 20781 7303 70958 6205 5680 5937 13478 64753 5308 5237 1623 23657 23525 1680 5546 5183 12420 3724 2211 1989 1847 41096 372 590 19853 17645 4806 2590 1692 1625 1997 1974 1476 1646 1601 806 5524 12839 1929 391 1058 2208 1668 1469 445 725 261 21845 4182 584 3598 497 1694 166 1528 17663 10609 2801 2431 370 7054 7808 2723 1484 152 143 1594 1305 1022 316 706 1239 4331 1904 281 755 93 662 1128 3186 789 264 807 693 544 362 21243 205 221 251 10910 433 795 317 506 3023 234 132 280 104 69 967 570 1024 43 1525 59 598 47 551 735 212 211 88 21038 4285 215 88 77 478 268 161 2397
is_linear=0
shrinkage=0.02


Tree=10
num_leaves=127
num_cat=0
split_feature=14 15 14 15 15 1 15 1 0 1 12 14 14 15 7 7 1 7 7 9 1 3 6 10 9 0 10 15 9 3 14 11 10 4 6 10 8 3 0 8 9 10 9 8 8 8 10 9 5 1 9 9 9 8 9 9 8 15 15 1 8 8 10 8 8 10 8 0 6 5 5 0 5 12 5 7 8 15 9 7 9 9 10 0 10 8 9 5 10 11 9 9 7 0 14 9 5 10 9 9 14 15 8 9 8 1 1 7 0 6 8 10 11 12 10 7 7 14 0 0 8 5 7 3 10 12
split_gain=53699.1 9200.31 2213.24 3170.01 1200.2 1092.28 839.736 1109.86 466.304 316.485 314.327 311.342 302.212 277.733 529.531 546.63 378.444 220.991 354.972 199.88 196.825 221.717 196.06 445.859 248.866 279.92 193.9 182.889 181.844 176.34 172.06 170.085 157.231 148.745 147.382 369.107 331.585 231.323 201.969 174.992 315.258 183.595 165.472 147.638 145.303 168.902 145.08 144.225 229.945 210.29 183.781 178.334 211.486 143.673 470.33 141.326 141.078 138.186 134.456 138.398 119.405 128.006 117.893 113.591 127.642 112.557 185.504 112.227 123.644 107.594 107.164 145.191 106.096 100.686 100.493 100.478 100.17 95.4724 94.1346 112.112 93.9798 93.6385 121.569 163.52 116.022 246.448 313.983 362.621 197.953 139.762 130.674 210.83 118.258 103.577 93.5946 93.1093 91.897 135.875 91.0603 87.3471 87.156 86.2471 83.4549 93.9112 93.6853 83.3527 80.9823 180 80.8249 104.264 76.4815 112.853 75.7841 75.456 74.0571 73.5292 138.606 76.9053 67.4668 66.1173 64.3362 105.908 63.5092 63.4421 139.741 62.4358
threshold=0.7761511802673341 -1.2063425183296201 1.6007834672927859 -1.293992757797241 1.1461044549942019 0.40131579339504247 -0.59574958682060231 0.098684210330247893 0.37736880779266363 1.5197368264198305 2.9990732669830327 -0.15844944864511487 -0.12468271329998969 -1.3535210490226743 0.95917025208473217 -1.8978128433227537 1.4144736528396609 -0.50185924768447865 0.95917025208473217 -0.59090030193328846 2.3881578445434575 1.9117646813392641 2.7500000000000004 0.56174489855766307 0.084459207952022566 1.6012866497039797 -1.0000000180025095e-35 -0.92198339104652394 0.010774772614240648 1.7941176295280459 0.29806686937808996 -0.22252093255519872 -0.38873952627182001 1.0000000180025095e-35 1.9166666865348818 -0.38873952627182001 -0.17293875664472577 1.2764706015586855 -0.030076130293309685 -0.28682269155979151 0.31344507634639746 0.38873952627182012 0.66861790418624889 0.70776253938674938 -0.11238473653793334 0.69706812500953685 0.56174489855766307 -0.58580270409584034 0.99954625964164745 0.78289476037025463 -0.69347217679023732 0.65925562381744396 0.68850955367088329 -0.59348425269126881 -0.2855739146471023 0.58751308917999279 0.57960763573646557 0.28416901826858526 0.92774829268455516 -0.24342105537652967 -0.12457882612943648 -0.23509580641984937 -0.38873952627182001 -0.32859081029891962 0.6442055106163026 0.38873952627182012 -0.56688573956489552 -0.027418032288551327 0.58333334326744091 0.99954625964164745 0.99954625964164745 0.66582557559013378 0.99954625964164745 -10.328859329223631 0.99954625964164745 -0.78137260675430287 0.60981127619743358 0.18118525296449664 -0.11797042191028594 -0.72410258650779713 -0.65476739406585682 0.70301672816276561 0.38873952627182012 0.21026322245597842 1.0000000180025095e-35 -0.31204251945018763 0.57172086834907543 0.99954625964164745 0.38873952627182012 1.0000000180025095e-35 0.45939992368221289 0.35411681234836584 -1.7511419057846067 -0.19673095643520352 6.3308494091033944 -0.47780936956405634 0.99954625964164745 0.56174489855766307 0.70120623707771312 -0.39836923778057093 6.8631803989410409 0.37388169765472418 -0.583143651485443 0.67428746819496166 -0.64675772190093983 -0.19078947603702542 0.78289476037025463 -0.98445278406143177 0.056667001917958267 0.25000000745058065 0.38725660741329199 -1.0000000180025095e-35 1.0000000180025095e-35 -54.646680831909173 0.56174489855766307 -0.52671724557876576 0.53179714083671581 1.2480748295783999 1.8037174940109255 1.1016658544540407 0.69152030348777782 0.99954625964164745 -0.85569772124290455 3.8529411554336552 0.56174489855766307 -0.33382290601730341
decision_type=2 2 2 2 2 2 2 2 2 2 2 2 2 2 2 2 2 2 2 2 2 2 2 2 2 2 2 2 2 2 2 2 2 2 2 2 2 2 2 2 2 2 2 2 2 2 2 2 2 2 2 2 2 2 2 2 2 2 2 2 2 2 2 2 2 2 2 2 2 2 2 2 2 2 2 2 2 2 2 2 2 2 2 2 2 2 2 2 2 2 2 2 2 2 2 2 2 2 2 2 2 2 2 2 2 2 2 2 2 2 2 2 2 2 2 2 2 2 2 2 2 2 2 2 2 2
left_child=1 67 3 108 6 17 7 10 55 29 31 -6 28 -4 15 20 19 -5 27 100 -15 -22 58 24 119 62 47 -19 123 113 -12 98 94 53 35 36 -30 39 44 41 43 -36 112 -41 -38 -46 105 48 -9 50 -50 70 74 54 122 77 -27 118 81 80 61 -57 -26 -59 99 -39 72 -1 -69 -54 78 -72 -67 -33 -53 -21 -64 -7 79 95 -60 84 93 96 89 86 88 -88 -86 120 91 -91 -92 -83 -18 -49 97 -84 -3 -65 -17 -44 104 -104 -29 -43 107 -62 -2 -110 -75 -112 -42 -10 -11 -115 117 -117 -25 -24 -14 -122 -28 -8 -125 -55
right_child=2 4 13 5 11 8 12 26 9 114 30 -13 22 14 -16 16 32 18 -20 75 21 -23 23 57 25 56 33 102 34 -31 -32 73 -34 -35 37 -37 38 65 -40 40 42 46 101 -45 45 -47 -48 51 49 -51 -52 52 69 125 -56 60 -58 63 59 -61 106 -63 76 64 -66 66 -68 68 -70 -71 71 -73 -74 110 -76 -77 -78 -79 -80 -81 -82 82 83 -85 85 -87 87 -89 -90 90 92 -93 -94 -95 -96 -97 -98 -99 -100 -101 -102 -103 103 -105 -106 -107 -108 -109 109 -111 111 -113 -114 115 -116 116 -118 -119 -120 -121 121 -123 -124 124 -126 -127
leaf_value=0.062713143788510672 0.065097596270157557 -0.013711088245536929 0.064685865656823674 0.057841718480297621 -0.018557937402050428 -0.011972127500294272 -0.017258485644492363 -0.019420083979101662 -0.024676714742116475 -0.006697656842364859 -0.007541486090882594 0.059736801520057121 -0.013205761725193291 0.062799887554602293 0.065139520004595525 -0.0028297719106679365 -0.018430075739131812 0.066279122384278105 0.065614008038153024 0.057772961816601846 -0.013153127940704643 0.057523816894321025 0.065597220360406799 0.077041853693969514 -0.023331224757754846 -0.021426395885038758 0.035936764703391272 0.0068006429644745575 -0.022933190899433367 -0.023610319222904165 0.054435989366699689 0.016941512500155569 0.030347280917295504 0.10517835012152346 -0.022037050264823541 -0.017801267331011054 0.071450333395359403 -0.023018506262955256 -0.01248485798900098 -0.023235352750680102 0.062462426327385571 -0.0037489827250423552 0.060079189697322732 0.055774464341228479 0.010368387757216093 0.057348329315672172 -0.024078430413151514 -0.02326172190810159 -0.011427667448398567 -0.0067640600966657818 0.086605286568230661 -0.0077642365011246677 0.050110224134202817 -0.0021618970682784821 -0.017044875814392842 -0.023557376885442415 0.073787494552883623 -0.023392021839457083 0.071931095173383211 0.076554907117233367 0.071258711337991693 0.063031469837700999 0.070108254453346674 0.0013428570571116889 -0.023610739435349335 -0.023147873066012525 -0.020875253116594123 0.01072750148484963 0.064766861848078908 -0.023377192084021364 -0.020410288214646334 0.089141068548703017 0.055712189836905762 0.069687670177986258 0.075290297722033717 0.041981229436119011 -0.00083572951022359645 0.068114650527830611 -0.0096505563040733249 -0.010242371665737158 -0.018050622284136023 0.05345879665772213 -0.023262398187301261 0.091258217013817589 0.010985021806830142 -0.020678171256584613 0.091584913798283707 -0.023216075658312022 -0.016987316803953892 0.0010279378584147358 0.078955832680016741 0.034498932682564071 -0.014985115357139573 -0.01558896464247884 0.061385994107673363 0.070199682010935599 -0.023380034844561966 0.12259865658087715 0.057360227699866914 0.072473885628251647 0.046842010109253998 -0.023458017967954239 -0.002601391005702692 0.038902106160262045 0.060505595931890553 0.085777703419042381 -0.023303712165228242 -0.012130202739235848 0.013675610042584715 0.065142034119307898 0.058005556557181447 -0.013601494556347394 -0.0068095418322163381 0.059614400986883274 0.043266726241078371 -0.0080198534241807864 0.066791063699948597 0.046919351612242963 0.019996145074718134 -0.020837490541888964 0.026622716866663027 -0.023192141407748074 0.099109709442033372 -0.022925011216320509 0.061927882037439208 -0.019898538260135563
leaf_weight=838.27494663000107 1341.1983747333288 22.658920846879482 8429.7827787399292 234.0066305026412 23.853680603206158 387.7451743260026 2230.5089445561171 29.105252996087074 5.7740206643939009 99.832679696381092 71.137550301849842 136.9749024733901 606.76633371412754 989.14285682141781 2172.8766155987978 47.055773168802261 65.703188575804234 28.718991994857788 91.552207589149475 267.16282577067614 29.825837850570679 43.866467051208019 3.6087186336517325 41.282209984958172 8.287851043045519 60.503193758428097 9.4697659388184565 25.501434698700905 148.53051526844501 15.561884388327597 23.949336498975754 21.836314536631107 72.947648569941521 4.4091378003358832 87.433856397867203 1214.7734624668956 21.194479376077652 175.05981462448835 96.492250621318817 56.329249113798141 82.75563233345747 5.5679410025477436 6.769345477223399 11.369560115039347 218.6765845566988 35.592732697725296 11.675033822655676 5.1764998883008984 9.3461624234914762 20.633749209344387 42.128300502896309 7.1235807165503493 10.720133006572722 101.12447176873684 72.425404377281666 8.8701184317469579 6.9385725334286681 16.606550686061382 5.9294413849711445 15.329119384288786 16.116098403930664 29.679471030831337 45.157682567834854 9.1757786870002729 10.674416139721869 8.8594006001949293 49.644937053322792 36.209750458598137 31.81806755065918 31.057069294154644 158.75972436368465 4.9912162050604811 29.703920096158981 141.07732447236776 32.024706266820431 406.20782423764467 9.6647718995809537 6.0469579920172682 49.838439702987671 17.49351654946804 21.397491112351418 10.205154739320276 4.820979095995428 14.812919624149798 155.57368740439415 672.03858304768801 28.602789387106895 17.889205701649189 289.52376848459244 520.12758152186871 5.5060346499085417 88.013339519500732 202.35698810219765 58.533904999494553 6.4539087116718283 24.180036723613739 15.268089756369589 5.4340524673461914 10.577233888208864 27.908745370805264 20.193568676710129 18.329693220555782 123.13366382569075 26.501081429421902 26.488505773246288 16.448602013289928 33.695798389613628 28.960612587630749 28.579188078641891 35.061840295791626 35.605513758957386 11.695402197539805 6.8392497748136512 104.51383246481419 13.466680660843847 28.986047446727753 30.142319746315479 15.718662582337855 10.377516679465769 185.79830697178841 43.057614862918854 28.286517679691315 19.418625950813293 19.450385190546513 12.920380458235739 369.32050230354071
leaf_count=836 1116 171 7061 346 196 3021 19406 236 39 717 539 187 4771 942 1807 290 517 25 81 382 191 68 3 43 68 496 48 150 1333 124 68 119 282 11 718 10445 49 1544 796 472 226 35 29 44 1298 89 84 43 70 157 132 50 46 734 583 70 20 135 22 15 18 92 112 65 83 76 422 227 38 254 1305 13 103 237 106 1134 61 15 384 138 172 37 40 44 1063 5600 96 150 2331 3676 16 482 1572 460 12 96 124 9 15 67 60 149 842 96 76 34 278 204 126 30 56 92 51 184 61 209 41 53 61 1532 258 239 51 175 28 3037
internal_value=0 -0.000127761 0.0590262 0.0428998 -0.00603824 0.0213821 -0.00698841 0.00753179 0.00678253 0.025965 0.038905 0.0481243 -0.00951172 0.0626056 0.0583508 0.0507805 0.0391766 0.0430519 0.0323003 0.0449632 0.0604507 0.0289184 -0.0048459 0.00763262 -0.00454668 0.0166991 -0.00289376 0.0190595 -0.0128289 0.0410515 0.00806865 0.050949 0.0096415 -0.010541 -0.00887127 -0.0117634 0.00232838 -1.66878e-05 0.0124159 0.011883 0.0242585 -0.0067521 0.0444598 -0.00996618 0.0211384 0.0169447 0.0329142 0.0070618 0.0280292 0.0471813 0.0688055 0.000845034 0.0267777 -0.0114334 0.0101704 -0.00500199 -0.0116306 0.0412191 -0.00678236 0.0284553 0.0142655 0.0431077 0.046973 0.0216651 0.0373322 -0.0137357 0.00468713 0.0607082 0.0360029 -0.00452014 -0.00721295 -0.0170711 0.0375952 0.0575961 0.0601774 0.0482467 0.0576014 -0.0107423 0.00948275 0.0298365 0.00147375 -0.00732562 0.0108362 0.0383997 -0.00807099 -0.0128061 -0.00204436 0.0474117 -0.00721022 -0.00438327 0.00119291 0.00587204 -0.0124967 -0.00533798 -0.0112911 0.0537194 0.00772208 0.0540281 0.00890699 0.054874 0.0120856 -0.000927585 0.0123336 0.00474909 0.0341629 0.0631366 0.000150777 0.0176835 0.0640526 0.0420301 0.0623086 0.0403003 0.0571745 0.0464868 -0.000758926 0.0487777 0.0336457 0.0112974 0.0655824 -0.0191907 -0.0110934 0.00687212 0.0784013 -0.0168551 0.0109429 -0.016086
internal_weight=0 10234.8 15337.1 2785.85 9328.5 1381.01 9167.67 1357.28 825.11 313.996 338.538 160.829 7810.38 12551.2 4121.44 1948.56 885.725 555.903 321.896 740.62 1062.84 73.6923 3245.46 435.984 319.959 130.552 1018.75 230.344 4564.93 200.697 95.0869 243.451 145.105 576.168 2302.05 1735.26 520.487 566.786 371.956 303.518 182.393 121.125 114.694 67.6988 275.464 254.269 33.6916 442.578 101.213 72.1082 51.4745 341.365 80.9255 571.759 101.314 511.114 67.4418 116.025 2809.47 42.6561 117.322 38.5496 63.1103 64.3655 47.7589 263.268 88.2083 906.303 68.0278 41.7772 260.439 163.751 38.5633 210.215 39.1483 673.371 54.8225 393.792 96.6885 46.8501 27.3269 2766.82 109.075 40.336 2657.74 1163.63 491.589 46.492 445.097 1494.11 816.004 608.141 207.863 68.7391 72.1571 29.3565 25.5231 10.255 33.2362 37.0845 67.2493 25.099 201.625 149.635 51.9899 22.0165 78.7725 45.0767 1404.84 63.641 188.378 47.3009 89.5949 185.135 113.299 179.361 74.847 44.7047 51.6597 189.407 678.11 71.3441 28.8884 2262.88 32.3708 470.445
internal_count=92564 71804 20760 8014 70703 6742 70320 8791 5126 1428 1297 383 61529 12746 5685 3878 2677 1616 1270 1866 1201 259 23923 2746 2292 757 7494 1189 37606 650 607 690 811 4464 17997 14010 3565 3987 2232 1842 971 871 455 516 1436 1387 153 3030 595 359 202 2435 456 4453 682 3698 516 454 21177 209 662 162 241 350 215 2145 601 1101 265 300 1979 1318 179 504 156 1516 173 3036 661 277 194 20968 714 217 20254 9240 3640 246 3394 11014 5746 4158 1588 497 529 139 173 49 186 132 350 178 1164 938 226 69 500 222 1272 156 385 148 277 526 778 487 303 262 104 1535 5268 497 99 19609 203 3771
is_linear=0
shrinkage=0.02


Tree=11
num_leaves=127
num_cat=0
split_feature=14 15 14 15 15 1 15 1 13 13 0 13 14 1 12 9 1 13 10 6 10 9 0 14 13 6 10 8 10 0 0 11 8 9 9 15 9 5 1 9 9 9 4 8 9 2 0 1 9 0 9 11 8 8 8 5 0 13 1 0 10 0 6 5 13 2 13 2 12 11 10 9 0 2 8 8 8 8 10 8 1 8 10 12 8 8 15 5 9 8 11 1 1 0 13 1 6 2 0 0 10 15 10 1 13 8 0 6 8 8 0 10 15 8 0 8 10 2 14 12 12 2 6 11 1 12
split_gain=49673 8652.65 1998.18 2902.21 1137.25 1016.36 811.758 1044.03 474.194 466.327 442.065 312.504 296.193 294.738 288.009 202.399 190.574 307.548 186.969 175.787 386.676 217.676 235.693 160.386 159.019 155.146 422.094 369.021 287.626 238.74 188.802 153.688 147.337 208.935 135.985 135.431 135.043 212.525 187.428 168.888 192.098 160.142 134.869 139.582 429.996 131.274 132.113 237.496 140.501 124.337 119.522 114.881 113.425 110.618 116.911 104.013 135.07 102.584 620.459 315.086 176.419 102.437 113.514 101.874 101.07 100.936 114.232 100.785 100.207 97.5161 126.797 234.147 163.798 152.297 259.026 348.927 140.034 106.582 136.916 131.53 150.926 98.7749 93.8095 92.7056 90.3152 189.501 89.432 88.6229 88.5072 97.0927 91.4834 87.9827 87.0683 84.7249 84.0406 90.9575 80.9179 85.4628 78.9171 78.3176 118.691 82.1061 80.3267 78.2836 166.872 77.6695 73.1923 95.836 71.5537 89.1122 71.2355 140.114 62.7729 85.537 62.673 62.3009 103.758 62.0236 61.66 61.6568 82.5713 68.1485 64.4439 60.9569 73.9249 60.4488
threshold=0.7761511802673341 -1.2063425183296201 1.6007834672927859 -1.293992757797241 1.1461044549942019 0.40131579339504247 -0.59574958682060231 0.098684210330247893 0.12941011786460879 0.18026809394359591 0.37736880779266363 0.032364165410399444 -0.094450104981660829 1.5197368264198305 2.9990732669830327 0.010774772614240648 2.3355262279510502 5.6274898052215585 -1.0000000180025095e-35 2.7500000000000004 0.56174489855766307 0.084459207952022566 1.6012866497039797 0.29806686937808996 0.49161103367805487 2.7500000000000004 -0.38873952627182001 -0.17293875664472577 -0.38873952627182001 1.6448457241058352 -0.030076130293309685 -0.22252093255519872 0.69706812500953685 0.36997047066688543 0.58751308917999279 0.96496084332466137 -0.58580270409584034 0.99954625964164745 0.78289476037025463 0.65925562381744396 0.68850955367088329 -0.69347217679023732 1.0000000180025095e-35 -0.59348425269126881 -0.2855739146471023 1.3312757611274721 1.213112533092499 -0.25657895207405085 0.31344507634639746 2.4834250211715703 -0.60079088807106007 1.0000000180025095e-35 0.57960763573646557 -0.12457882612943648 -0.23509580641984937 0.99954625964164745 0.66582557559013378 1.9143015146255495 0.83552631735801708 0.49888893961906439 -0.38873952627182001 -0.027418032288551327 0.58333334326744091 0.99954625964164745 0.032364165410399444 -0.076131686568260179 1.471219062805176 -1.6646090149879453 -28.613929748535153 1.0000000180025095e-35 0.38873952627182012 0.70496305823326122 0.21026322245597842 0.49176955223083502 0.50218641757965099 0.57960763573646557 -0.59348425269126881 -0.19086904078721997 -0.38873952627182001 -0.39242093265056605 -0.11184210702776907 -0.53177404403686512 -0.38873952627182001 -67.967823028564439 -0.58836433291435231 -0.62642911076545704 0.18118525296449664 0.99954625964164745 -0.11797042191028594 0.69348850846290599 1.0000000180025095e-35 -0.24342105537652967 1.0328947305679324 -0.13743405789136884 1.2768641114234927 2.256578922271729 1.0833333134651186 0.072016462683677687 0.44280077517032629 -0.2695785760879516 0.38873952627182012 0.094949580729007735 -0.38873952627182001 0.78289476037025463 1.0196729302406313 0.60981127619743358 0.056667001917958267 0.25000000745058065 0.64028519392013561 -0.31204251945018763 4.2922978401184091 0.56174489855766307 0.37927399575710302 -0.67054775357246388 1.1016658544540407 0.38725660741329199 0.38873952627182012 -0.51646089553832997 5.5160694122314462 -0.33382290601730341 -0.64589416980743397 1.4876542687416079 1.7500000000000002 1.0000000180025095e-35 -0.12500000372529027 -5.6638419628143302
decision_type=2 2 2 2 2 2 2 2 2 2 2 2 2 2 2 2 2 2 2 2 2 2 2 2 2 2 2 2 2 2 2 2 2 2 2 2 2 2 2 2 2 2 2 2 2 2 2 2 2 2 2 2 2 2 2 2 2 2 2 2 2 2 2 2 2 2 2 2 2 2 2 2 2 2 2 2 2 2 2 2 2 2 2 2 2 2 2 2 2 2 2 2 2 2 2 2 2 2 2 2 2 2 2 2 2 2 2 2 2 2 2 2 2 2 2 2 2 2 2 2 2 2 2 2 2 2
left_child=1 61 3 106 6 9 7 14 50 99 34 -6 15 24 31 110 57 51 36 35 21 114 82 -16 92 26 27 -17 -27 45 32 67 33 -29 86 69 37 -9 41 55 87 -39 43 44 -20 46 48 -48 -30 64 -4 -18 -24 54 -36 88 -57 58 -10 60 118 -1 -63 -42 108 -62 -67 -3 -26 77 73 -72 -73 74 76 -76 -71 78 -14 81 -81 -80 -23 -33 85 -75 -7 -41 89 90 -38 -37 -12 -52 -15 117 -32 -98 -95 -5 101 123 -103 104 -55 -84 -2 -108 109 -22 -8 -112 113 -31 -21 -85 -117 -96 -60 120 121 -45 -121 -101 -125 -11
right_child=2 4 8 5 11 10 12 18 16 125 13 -13 19 94 23 25 17 -19 42 20 49 22 52 -25 68 28 -28 30 29 112 96 83 -34 -35 53 91 39 38 -40 40 63 -43 -44 119 -46 -47 47 -49 -50 -51 93 -53 -54 103 -56 56 -58 -59 59 -61 65 62 -64 -65 -66 66 -68 -69 -70 70 71 72 -74 84 75 -77 -78 -79 79 80 -82 -83 105 115 -86 -87 -88 -89 -90 -91 -92 -93 -94 98 95 -97 97 -99 -100 100 -102 102 -104 -105 -106 -107 107 -109 -110 -111 111 -113 -114 -115 -116 116 -118 -119 -120 122 -122 -123 -124 124 -126 -127
leaf_value=0.059991713684858644 0.062253013428117961 0.062158858427771628 -0.0017965887025425207 0.06884806284819131 -0.012423907650297468 -0.011834334783385697 -0.017162305258582759 -0.019301706011984894 0.060678417422734734 0.03569307313705123 0.031746163890424166 0.059247773982316718 -0.023154973043124909 -0.016120687369058698 -0.0074305458000784828 -0.022869276150276341 -0.020479074612884798 0.061327343283017303 0.072808013380237402 0.062703217286764645 -0.023467405602682644 -0.02329055632377508 -0.02105746144255502 0.051803375722297415 -0.01237524709952338 -0.022930650479868069 -0.017524018929675853 -0.023646823855463656 -0.023583714456416507 0.06283872119018992 -0.020110297149529159 -0.0027737441459325407 0.056613794050217478 0.024168751393425371 -0.023474958251280698 -0.0033892950327192362 -0.016960383473163015 -0.011290010440802132 -0.0066614623894006896 -0.0076502029767355519 0.047494473960867353 0.08005522282379747 0.095848870386138402 -0.0088371521942669489 -0.016912022782648958 0.079439713786478669 -0.020279779194740707 0.024140308126102725 0.062952033815854277 -0.0061305624830541349 0.005370349969314835 0.029765896409270711 0.071605179364488 -0.01198675896249406 0.059453590461740466 -0.020301982153259394 0.082570108802228967 0.061737480006393217 -0.021778522622844854 0.052937602378952855 0.05261807572059999 0.010435325021637961 0.061753918533325375 -0.023299595797819678 0.068683868769620043 -0.01728098077490841 0.042771141454767111 -0.013960299931231024 0.056994020887331763 0.018342308874045483 -0.016282482977686096 -0.023182547957304504 0.11111836250433153 -0.023357227060276195 0.070459585032276353 0.0064050334899979832 -0.0071708798035007449 -0.015171719855250182 -7.0210293573127105e-05 -0.019953985958045924 0.028161696301325981 -0.02324139525971157 0.066141923486025406 0.06436900867094307 -0.018824576688140485 0.066666801128322462 0.064258236220318177 0.070172029813537637 -0.0095238900718894078 0.11170886145947551 0.042734506925413529 0.070511047004395228 -0.014506196386976875 0.052299146342470432 -0.023869151142602445 -0.017099300864530417 0.045981033555252841 -0.023113759351400646 0.029668767669275394 -0.018908877007263587 -0.014289166660645366 -0.0028748911618610945 0.047563182613077438 -0.023227720233368714 0.067604228484372197 0.0011066794619646264 0.013302153324471057 0.062273982466027562 -0.023582295078548875 0.056939910203275039 -0.022849934910864244 0.058432321514637904 -0.02185556416518895 -0.015431287152638614 -0.020526614456369975 0.051728542635194073 -0.023259621019708732 0.051256836880277171 0.060827108531596591 -0.020640640392353596 0.086790606583552074 0.086796681705508333 0.063014230389977138 0.048214425795139911 -0.014655447168553597 0.057673545258812624
leaf_weight=858.56221948564053 1374.0864487886429 9.9099664688110334 30.813843846321106 10.468701541423796 29.723314665257931 384.44806139171124 2290.3664124011993 28.702142536640167 2200.7681053355336 59.371841534972191 45.822587758302689 134.21825303137302 124.98204132914543 63.036953449249268 70.759499035775661 155.97159205377102 30.757344722747803 114.03624722361565 30.466106332838535 3.698819398880004 6.9764552786946288 7.0073905065655699 52.275157205760479 24.655670486390591 8.9270324259996396 147.95176444202662 1288.1275504827499 44.192390635609627 9.2806126996874792 9.0782477110624331 77.722581334412098 10.602950327098368 41.305973887443542 211.48116572201252 8.7246967479586583 11.29630332440138 17.116580627858639 9.2716707810759527 20.53353077173233 7.0855544358491889 11.080536633729933 44.636674262583256 4.7379471808671942 93.880148828029633 71.543356895446777 13.939612023532389 70.73999859392643 150.73770272731781 39.225078709423542 19.670265763998032 26.11686996370554 44.591636061668396 5.8780941143631926 28.723437920212746 30.824128866195679 156.43790767341852 5.2775674834847441 9878.3470553010702 58.066968716681004 117.78653407841921 36.92445582151413 36.476372420787811 32.693807944655418 30.542461849749088 49.469732753932476 28.661427348852158 22.709962464869022 23.355409771203995 124.46131569892168 116.6103628501296 327.13594833016396 5.682889722287654 10.068203717470167 21.86925058811903 54.187909759581089 91.383507803082466 328.38629191368818 801.41512276977301 292.92403823882341 34.367475874722004 108.09283163398504 98.277921736240387 41.981015793979168 152.41422153264284 173.29468585550785 16.342388153076172 6.2792023420333853 33.655891574919224 49.494740806519985 5.0343249663710585 25.668886914849281 15.002520754933355 25.251218289136887 153.03284424543381 5.261878393590453 18.220172218978405 18.064848229289058 11.862688854336737 103.207135848701 25.055243983864784 48.059460997581482 16.206436529755592 57.232024602591991 33.135546073317528 16.641970112919807 8.9031287580728513 28.791730642318726 35.933896511793137 8.9670598357915861 26.28631828725338 19.954022087156773 14.756431117653845 92.640871562063694 14.514280728995798 167.59836211800575 44.195435650646687 8.8603790253400785 26.706374734640121 3.8543888926506034 360.33367432653904 4.0119425654411307 3.0782581865787497 3.7215295135974875 18.651184171438221 12.491530179977415 318.6326547935605
leaf_count=836 1116 8 207 9 222 3021 20168 236 2106 168 195 161 1065 503 539 1423 219 103 99 3 56 58 434 68 53 1331 11196 339 73 28 673 71 98 1077 70 83 136 70 157 50 46 132 11 721 583 16 558 815 67 145 139 162 14 204 92 1305 13 8176 460 202 74 227 38 254 69 174 59 178 207 723 2669 48 15 178 195 627 2435 6463 2130 281 663 820 100 267 1369 65 15 106 384 11 130 14 195 312 40 145 103 102 347 197 356 108 182 278 18 55 126 30 70 80 183 32 807 118 1395 92 74 90 6 3033 4 9 4 73 91 432
internal_value=0 -0.000131243 0.0565622 0.0413532 -0.00595514 0.0207718 -0.00689436 0.00735116 0.0599135 0.0414149 0.0066303 0.0462534 -0.00939555 0.0251411 0.0374262 -0.0125272 0.0605207 0.0406102 -0.00285092 -0.00451524 0.0078601 -0.00440182 0.0167476 0.00787574 0.0394766 -0.00844897 -0.0112196 0.00326646 0.000896158 0.00970576 0.0133409 0.0487344 0.0215662 0.015904 -0.00492809 -0.00639042 0.00687788 0.0269326 0.0447589 0.000818827 0.0257652 0.0643448 -0.0104148 -0.0113027 0.00988373 0.01959 0.0164999 0.00995253 0.0463951 0.0394967 0.0356049 0.00925597 -0.0116912 0.0138831 0.0411591 -0.00711343 -0.0169448 0.0608261 0.0571795 0.0284477 0.00924505 0.0581054 0.0346914 -0.00445337 0.0492841 0.0273957 0.00926651 0.00871608 0.0523515 -0.00684632 -0.00247661 -0.012656 0.0626635 0.00187507 0.00709056 0.0302489 -0.000485207 -0.010273 -0.00431239 0.000100489 0.0165542 -0.00589129 0.045315 0.0548954 -0.0126876 0.0151443 -0.0106115 0.0566376 0.00922411 0.0286288 0.0188532 0.0387682 0.0153135 0.0396866 -0.000745977 0.0185647 -0.00935043 0.0185932 0.0431842 0.0156883 0.0125565 0.0225088 0.0364325 0.000141443 0.0172106 0.0547628 0.061274 0.04049 0.0265584 0.0400755 -0.0167313 0.0117055 -0.0144384 0.0146865 -0.0187294 0.0578714 0.0392054 0.0388913 -0.0166366 -0.0159502 -0.00212193 -0.00580095 -0.0197855 0.00431369 0.0229969 0.0542211
internal_weight=0 10204.7 15681.1 2831.45 9276.95 1392.63 9113.01 1361.06 12849.7 566.169 826.465 163.942 7751.95 317.688 344.754 4721.91 12536.5 189.385 1016.31 3030.03 398.712 287.342 116.045 95.4152 204.462 2396.84 1848.73 560.601 548.108 400.156 404.63 249.338 296.98 255.674 508.777 2631.32 444.538 103.144 74.4419 341.394 82.3644 53.9083 571.773 567.035 102.009 283.923 269.983 221.478 48.5057 111.37 313.171 75.349 58.1533 118.05 39.5488 259.03 161.715 12347.1 2468.77 268.004 150.217 927.732 69.1702 41.623 91.6996 88.2958 51.3714 33.2654 133.388 2605.02 1144.96 342.887 15.7511 802.074 590.568 145.571 444.997 1460.06 658.644 533.662 142.46 391.202 57.8915 216.073 211.506 38.2116 390.727 40.7414 97.3145 47.8198 42.7855 26.2988 71.0738 282.357 113.225 50.1884 107.65 29.9275 256.24 188.165 177.696 129.636 73.4385 78.501 45.3654 50.8841 1438.81 64.7256 42.2298 33.2628 2325.08 34.7105 116.233 23.5925 171.297 205.47 53.0558 31.9683 61.9214 465.026 100.97 96.9584 364.055 56.198 31.1427 378.004
internal_count=92564 71804 20760 8014 70703 6742 70320 8791 12746 1616 5126 383 61529 1428 1297 39207 11741 484 7494 22322 2479 2059 661 607 650 18824 15011 3815 3813 2482 2392 690 1514 1416 3698 19843 3030 595 359 2435 456 202 4464 4453 682 1529 1513 1373 140 420 1005 381 448 662 162 1979 1318 11257 3081 975 773 1101 265 300 275 307 233 186 260 19746 8324 2732 63 5592 3980 822 3158 11422 4959 3894 944 2950 213 504 1612 243 3036 156 661 277 266 97 390 798 778 275 878 205 659 1016 1007 651 290 500 222 155 1272 156 206 136 20383 215 953 146 1398 433 166 130 466 3771 734 730 3037 361 164 600
is_linear=0
shrinkage=0.02


Tree=12
num_leaves=127
num_cat=0
split_feature=14 15 14 15 15 16 15 2 0 14 13 0 13 16 10 5 15 15 16 10 8 0 2 8 10 8 0 15 0 15 13 15 14 10 8 2 3 3 0 0 12 10 0 8 8 11 10 6 0 15 16 8 10 15 8 8 13 12 14 0 15 10 8 8 8 0 2 12 0 2 2 10 8 8 10 10 13 15 2 8 10 0 6 15 2 15 8 10 5 2 8 0 13 8 8 10 10 13 0 0 2 2 8 2 15 16 0 8 2 12 2 14 13 6 15 0 8 13 13 12 15 11 16 0 11 8
split_gain=46118 8162.82 1816.79 2671.83 1096.62 696.529 707.14 613.651 526.234 480.292 439.453 410.714 289.01 288.961 271.167 260.099 197.775 189.82 155.326 259.209 339.976 255.972 167.141 162.04 240.797 152.239 147.411 138.124 284.391 142.12 124.849 120.187 347.225 286.942 171.295 118.362 116.408 174.777 115.936 112.817 102.581 102.613 110.343 101.767 499.712 339.917 165.561 240.068 175.064 102.059 98.4227 98.2063 111.806 113.902 98.1328 155.985 98.1241 95.0975 91.6559 88.0183 87.3539 79.8936 76.8975 76.3143 88.7052 73.3896 73.191 70.7991 91.6155 70.5054 70.3455 86.5499 161.079 102.619 92.5529 84.7587 69.8786 68.2579 67.6481 70.9629 67.5141 66.8036 88.568 64.6933 61.5681 61.1422 57.3576 95.5275 65.4992 57.0168 56.1105 57.224 54.086 47.9946 210.058 125.292 231.129 47.7297 67.9198 47.3768 55.7523 47.3443 44.0865 43.9769 41.7802 60.9538 40.2967 39.7195 39.5269 43.2231 38.8679 38.7352 38.1816 37.8652 37.8603 36.9414 36.5247 35.327 46.0273 34.651 34.2682 68.8689 70.6175 33.956 33.5259 57.565
threshold=0.7761511802673341 -1.0895446538925169 1.6007834672927859 -1.293992757797241 1.1461044549942019 0.95587372779846203 0.60074931383132946 -6.6604938507080069 -0.27722449600696558 -0.12468271329998969 0.12941011786460879 -0.027418032288551327 0.032364165410399444 1.1286340951919558 -0.56174489855766285 0.99954625964164745 -1.3535210490226743 -1.005866467952728 0.80128589272499096 -0.38873952627182001 -0.17293875664472577 -0.024598641321063038 1.3312757611274721 -1.0000000180025095e-35 -0.56174489855766285 0.40265952050685888 1.4613524675369265 -0.85688525438308705 -0.040509711951017373 0.92774829268455516 0.16974896937608722 -1.4755534529685972 2.2709668874740605 -0.38873952627182001 -0.27831585705280298 0.034979423508048064 0.97058823704719555 0.44117647409439092 0.42054454982280737 -0.086222432553768144 -15.998439311981199 -0.38873952627182001 -0.14551069587469098 -0.59348425269126881 -0.6389540135860442 0.6784479320049287 -1.0000000180025095e-35 2.7500000000000004 -0.010816319845616816 0.5213490128517152 1.0992876887321474 0.59516832232475292 1.0000000180025095e-35 0.41245009005069738 -0.12457882612943648 -0.23509580641984937 1.5676572918891909 1.6644907593727114 -0.13633995503187177 2.2544118165969853 0.63922914862632763 -1.0000000180025095e-35 0.3794549703598023 0.39499190449714666 0.18490620702505114 -0.091635070741176591 0.42592592537403112 19.493468284606937 0.52570635080337536 0.75514405965805065 -2.4917695522308345 -1.0000000180025095e-35 0.020095882005989555 -0.63488757610321034 -0.38873952627182001 0.56174489855766307 0.93164139986038219 0.53987497091293346 0.47530864179134374 0.066382437944412245 -0.38873952627182001 0.056667001917958267 0.25000000745058065 0.34884305298328405 -0.59053498506546009 0.60680204629898082 -0.66431683301925648 0.38873952627182012 0.99954625964164745 0.55349797010421764 -0.52559715509414662 1.6448457241058352 -0.31729605793952936 -0.53177404403686512 -0.59850239753723133 1.0000000180025095e-35 0.38873952627182012 0.27103322744369512 1.3989435434341433 1.4448422789573672 -0.12962962687015531 0.3765432089567185 -0.15488994121551511 -0.1954732537269592 0.21733982861042025 0.88640671968460094 0.19687808305025103 -0.63488757610321034 -0.0061728393193334332 -0.33382290601730341 0.73045265674591076 -0.15844944864511487 0.084742605686187758 1.5833333134651186 0.20448227971792224 -0.09703079983592032 -0.18191947788000104 0.55731219053268444 0.73942324519157421 -0.6812496781349181 -0.80180495977401722 0.6784479320049287 0.042439769953489311 2.4834250211715703 0.6784479320049287 0.7019714117050172
decision_type=2 2 2 2 2 2 2 2 2 2 2 2 2 2 2 2 2 2 2 2 2 2 2 2 2 2 2 2 2 2 2 2 2 2 2 2 2 2 2 2 2 2 2 2 2 2 2 2 2 2 2 2 2 2 2 2 2 2 2 2 2 2 2 2 2 2 2 2 2 2 2 2 2 2 2 2 2 2 2 2 2 2 2 2 2 2 2 2 2 2 2 2 2 2 2 2 2 2 2 2 2 2 2 2 2 2 2 2 2 2 2 2 2 2 2 2 2 2 2 2 2 2 2 2 2 2
left_child=1 11 3 81 7 6 14 -3 -9 18 40 57 -6 27 -5 17 -13 -16 19 20 -10 23 50 24 -22 36 97 28 63 43 -25 -12 33 34 114 70 37 62 39 -36 -4 -42 -43 44 49 -46 48 -48 -45 -29 83 52 -52 -54 55 56 92 -1 -59 -15 67 78 -19 64 69 80 -57 68 101 -11 -17 72 74 75 -72 -73 85 103 79 -30 -31 -2 107 86 -74 89 87 -20 -88 -34 91 -70 -37 94 -21 -96 -97 98 -7 100 -85 -44 -41 -53 105 120 -63 -83 109 -65 -58 -14 115 -18 -33 -8 -108 -23 -119 -75 -35 122 -122 -92 -95 -126
right_child=2 4 10 5 12 26 112 8 9 13 31 16 111 59 15 35 113 25 22 93 21 117 -24 30 -26 -27 -28 29 61 65 -32 32 76 104 38 54 -38 -39 -40 102 41 42 60 46 45 -47 47 -49 -50 -51 51 77 53 -55 -56 66 110 58 -60 -61 -62 106 -64 108 -66 -67 -68 -69 90 -71 71 73 84 119 -76 -77 -78 -79 -80 -81 -82 82 -84 99 -86 -87 88 -89 -90 -91 123 -93 -94 124 95 96 -98 -99 -100 -101 -102 -103 -104 -105 -106 -107 116 -109 -110 -111 -112 -113 -114 -115 -116 -117 -118 118 -120 -121 121 -123 -124 -125 125 -127
leaf_value=0.059118732713722498 0.05970049302999824 0.059801839151354085 0.053721955641269484 -0.018132830462757783 -0.012280237010703916 0.0012701514929272608 -0.007083431565769115 0.060411650176328865 -0.021843469671818227 0.0021848661454817288 0.059406246217080322 0.05245285608278686 -4.5222168146306667e-05 0.054125126464751087 0.056648493254123793 0.063889344201898554 -0.0040505162182776803 0.013818825600755098 -0.022930283264678258 -0.020158380414342453 -0.02367212529173807 -0.020165421025455852 0.057662744643212964 0.0020937061892315027 0.064123143408678931 -0.015883525989965137 -0.0086511432117516839 -0.011509959492899359 0.0006473941036230017 0.045145960148547458 0.038697920043663563 -0.021261402167482509 0.044017213481924215 0.047508343940370693 0.061042211622465738 0.041357489167154614 -0.024057993912410983 0.054885831482487525 0.050633943553144177 0.04500594034957741 -0.0064310983286877512 -0.017225396054189927 0.043783402806932506 0.0050128704631114476 0.01231037211080185 0.069751374795970725 -0.013367666994003364 0.010279163606598737 -0.010088040668155778 0.020419862632943535 -0.022929976146581689 0.0087965750836412095 0.068150437843162298 -0.0061532603652789224 -0.015881204039506266 -0.010273745324836388 0.040763110209467539 0.0061012921868062167 0.048997653201174149 -0.005516701426884694 0.062823091801214023 -0.015064737850550399 0.095930866693211506 0.070282785017551419 0.078505493825420811 0.055022360346470525 0.055821653215302532 0.052109276547153187 0.061649267278128778 0.062386691066498197 -0.023370502971856687 0.0079017067414003644 0.0062376423233892813 0.0089102110227865135 0.02998656840032524 0.07875377595654412 0.058286286410290988 -0.023287547575536954 -0.018556343587996699 0.038934370166312356 -0.023065822192760824 0.047303766504051617 0.059701001863348369 -0.012526088150792957 0.057847812643924405 0.061113990476693011 0.011902421122957228 0.064613711126900758 -0.016073957512914329 0.0075804885328075809 -0.024750753245973377 -0.024243949343157975 -0.016598511288095759 -0.020708599011248434 -0.016168338703429441 0.056924725525776702 -0.0095600899926703425 0.060893125720168237 0.071976301054731656 -0.018458818146291169 -0.00038083611239359704 -0.0028336976183334721 -0.012326479396500381 0.067579368472544227 0.060610631442720761 0.060678400611405725 0.062337630000185947 -0.0030025337104458432 -0.023572149060570355 -0.0052633056295139881 -0.023675070721966136 0.058731747084359666 0.061684371424490285 0.061051160314671844 0.034727276848274174 0.048772103381316989 -0.023548659781583992 0.033575178951311874 -0.023045995297310277 -0.015657395066615318 0.029033702765786575 0.052911303504184659 -0.025607756921630514 0.042592596797017317 -0.016280288868685863 0.013541175512704614
leaf_weight=822.18749339133501 1403.8658501952887 54.321568489074707 81.020648881793022 132.92417562007904 29.472178630530834 13.366084791719915 6.4161348268389728 45.242287874221802 349.29289183020592 17.011488951742653 8664.5179076194763 42.571622207760811 4.641808792948722 45.591343589127064 66.386568926274776 10.969024181365965 75.654093235731125 136.99489445239305 7.7760827317833909 378.9869926944375 17.125214926898479 166.18157030642033 16.19871661067009 354.53981356322765 46.226677946746349 42.410616554319859 14.445350259542463 491.35527358204126 37.673458851873875 9.8984114080667513 41.650661878287792 40.096167370676994 123.41402500867844 119.56402425467968 13.8143373131752 6.8945367932319632 17.624693758785725 71.62487369030714 60.019921347498894 6.2330661043524733 30.744168661534786 16.294165551662445 54.634747959673405 736.60721354931593 158.5413675904274 55.681762687861919 1565.5594582632184 192.88978886604309 526.61627990752459 43.59503348916769 42.637360446155071 6.7694743946194675 14.48879613727331 19.171574883162975 147.21307031810284 8.5741806849837285 22.442620001733307 25.039159871637821 97.53303162753582 12.642179891467093 41.098563760519028 125.57917734235525 4.7191869169473639 5.9834846705198288 28.429528705775738 23.286000661551952 30.684246957302094 41.478224217891693 9.0041132718324643 14.341823399066923 29.976072587072849 17.743461020290852 11.47596091032028 33.744840413331985 22.96663324534893 10.904050685465338 3351.5773444920778 5.6645796075463286 23.270951464772224 39.842122822999954 14.032075107097624 9.1911533325910586 36.72459115087986 419.54827406257391 47.577451683580875 76.223214745521545 67.992216117680073 13.894699826836586 65.936986960470676 19.956247977912426 25.855032712221149 4.7336404025554648 97.897101610898972 1584.7217999771237 49.541263438761234 42.1887296885252 41.47955496609211 180.66507270932198 9.15743390470743 244.87503937631845 236.35716887563467 10.368128977715967 38.519903793931007 20.528976179659367 105.62865370512009 81.605306327342987 5.2718098014593124 19.807094395160675 8.8449777439236623 6.135892368853094 4.4940121769905081 132.66180083155632 113.1120297908783 3.7508636713027945 5.4928926378488532 18.090521261096001 3.1725233644247037 11.913050673902037 11.087477408349512 71.880373522639275 46.801423922181129 36.729510933160782 11.857821881771086 3.3872997537255278 342.30803307145834 28.010375782847404
leaf_count=698 1116 43 146 1100 222 83 40 36 3216 99 6922 94 28 88 88 9 552 729 70 3431 136 1487 38 2358 169 312 100 3858 265 49 203 303 266 224 13 29 131 140 99 15 184 114 137 5027 1038 189 12592 1170 4154 254 386 39 34 136 1149 64 89 128 150 95 46 1017 9 18 56 41 91 81 16 44 247 109 79 196 115 23 2997 47 184 205 122 23 30 3527 145 61 497 36 572 83 174 33 769 14374 423 192 331 154 10 2109 1758 60 279 38 92 67 21 103 70 44 35 133 91 3 18 48 25 67 97 558 156 73 73 14 3012 209
internal_value=0 -0.000134099 0.0543354 0.0399302 -0.00626646 0.0201932 0.0141568 -0.00721454 -0.00762431 -0.00797255 0.0574897 0.0522096 0.0445468 -0.00306381 0.00856023 0.0124371 0.0176719 0.0263128 -0.0124004 -0.0145358 -0.00593529 0.00263015 -0.00613935 0.0106909 0.0403904 0.0189461 0.0530817 -0.00368707 0.00902982 -0.0047381 0.00594183 0.0580671 0.0552629 0.0407142 0.018433 0.00424441 0.0253417 0.0294227 0.0310996 0.0110807 0.0342884 0.0276616 0.0327287 -0.00516988 0.00142865 0.0272407 -0.00680588 -0.0107738 -0.00128244 -0.00890788 -0.00702599 0.0110446 -0.00141844 0.0258301 -0.00391117 0.00639457 -0.00403384 0.0566687 0.0402347 0.0411772 0.0370001 -0.00210425 0.0165532 0.0414073 0.0529212 0.0297452 0.0413862 0.0298994 0.0213681 0.0297228 0.0143327 0.0121255 0.0251077 0.00129701 -0.000224117 0.03487 0.0575702 0.0398922 0.0113487 0.0203265 0.00514874 0.0587779 0.0390701 -0.00889503 0.0478183 0.0466404 0.00301339 0.0332005 -0.00187111 0.0389454 -0.00128717 0.0320529 -0.0127854 -0.0180148 -0.012565 0.00903864 0.0239641 0.0574705 0.0300173 -0.0109521 -0.00814952 0.0363479 -0.00434138 0.0530024 0.0498096 0.0459625 -0.0122209 0.0129423 0.00857387 0.0320347 0.0300125 0.0567447 0.0567809 -0.000975299 -0.0145155 0.0341485 0.0300703 -0.0169501 0.00628076 -0.00780861 0.0403757 0.0314353 0.0179881 -0.01695 -0.0194425 -0.0140246
internal_weight=0 10172 15993.6 2872.96 9105.29 1403.38 1185.74 8938.51 8884.19 8838.95 13120.7 1066.74 166.776 4191.85 1048.12 915.198 121.977 339.761 4647.09 3465.25 998.017 648.724 1181.84 459.542 63.3519 273.374 217.634 4133.62 315.557 3818.06 396.19 12802.1 4137.53 566.363 164.176 575.438 230.964 213.339 118.587 58.5673 318.619 237.598 206.854 3770.85 749.173 214.223 3021.67 1758.45 1263.22 534.95 1165.64 109.261 76.2977 33.6604 318.2 170.987 131.728 944.76 122.572 58.2335 190.56 234.81 141.714 80.7472 59.7828 47.2165 39.2584 149.461 107.983 31.3533 257.238 246.269 111.996 134.273 52.9427 28.6475 3571.17 32.963 100.787 77.5156 23.9305 1469.59 65.7228 1056.38 59.0534 219.593 155.6 21.6708 133.929 143.37 42.9801 13.7378 104.792 2467.24 512.197 133.21 83.6683 203.189 22.5235 900.78 655.905 65.0029 44.753 27.2985 402.187 296.558 134.024 28.9982 20.9644 12.1194 26.9366 137.304 137.619 79.405 45.5891 24.5067 8.44433 189.182 23.0005 105.625 214.953 95.3888 58.6592 29.2423 1955.04 370.318
internal_count=92564 71804 20760 8014 70179 6742 6395 69796 69753 69717 12746 1625 383 30725 6216 5116 649 1409 38992 29705 7733 4517 9287 2866 305 1321 347 30542 2048 28494 2561 11741 4819 1412 727 3707 1009 878 406 307 1005 859 675 28282 5339 1227 22943 13762 9181 4112 9249 680 556 170 2226 1077 922 976 278 183 561 1717 738 331 199 212 155 515 434 143 1481 1472 586 886 362 132 3407 124 654 470 171 1272 156 8569 224 410 1175 106 1069 349 237 49 798 21972 4377 946 523 247 93 7394 5285 197 294 77 685 593 1063 126 132 62 124 161 179 555 321 88 46 1651 164 754 526 302 229 188 17595 3221
is_linear=0
shrinkage=0.02


Tree=13
num_leaves=127
num_cat=0
split_feature=14 15 14 15 15 1 2 14 13 13 1 16 13 16 15 9 16 10 8 15 7 15 1 13 15 10 8 9 8 6 8 10 8 15 1 15 9 8 10 8 8 14 9 8 2 9 7 1 8 9 9 10 10 6 10 9 8 8 10 15 13 1 15 10 10 9 15 10 2 7 7 14 10 15 15 16 10 8 15 8 1 9 9 10 8 8 2 13 2 12 8 8 10 10 10 1 1 6 7 2 14 1 15 16 9 15 2 15 10 2 2 10 2 8 8 14 10 16 9 2 7 12 13 2 8 12
split_gain=42967 7722.57 1661.67 2471.54 1043.05 899.305 581.363 493.857 408.258 402.671 354.797 348.401 268.481 267.783 216.288 191.893 227.161 323.111 389.5 187.947 277.992 181.694 169.672 275.617 160.583 152.032 209.489 226.52 179.139 173.247 159.591 162.666 138.439 137.162 180.387 133.383 125.403 158.513 124.531 121.867 120.137 116.218 114.087 127.291 107.15 105.495 103.599 100.82 94.2635 549.559 305.612 251.165 175.476 230.572 383.588 259.467 172.622 125.799 116.253 94.3568 88.5623 539.001 196.718 147.256 83.4919 83.4842 81.0162 78.5315 78.2391 122.541 74.4637 73.9089 72.2757 71.6261 71.4169 64.8488 102.383 109.333 65.6338 64.0568 63.2044 72.5617 85.9289 83.6481 63.0709 137.011 68.6794 64.5385 62.8496 59.3963 59.0492 243.154 114.761 139.637 57.2178 57.2142 56.869 146.728 55.8355 54.6022 54.5245 72.5807 89.341 86.0858 120.64 59.3008 58.3078 54.2968 62.6346 53.3886 53.0817 52.8595 57.0274 125.41 87.6011 50.5416 50.1376 50.3975 55.7471 56.8645 50.0309 46.9057 46.6461 46.1602 45.9413 45.4623
threshold=0.7761511802673341 -1.0895446538925169 1.6007834672927859 -1.293992757797241 1.1461044549942019 0.40131579339504247 -6.6604938507080069 -0.12468271329998969 0.12941011786460879 0.15994352102279666 0.86184212565422069 0.82225069403648388 0.032364165410399444 1.1286340951919558 0.74862319231033336 0.010774772614240648 0.80128589272499096 -0.38873952627182001 -0.17293875664472577 -0.85688525438308705 -0.73659014701843251 -1.293992757797241 2.3355262279510502 5.6274898052215585 0.18118525296449664 1.0000000180025095e-35 0.59008219838142406 0.31344507634639746 0.48892587423324591 2.7500000000000004 0.42524318397045141 0.38873952627182012 0.70776253938674938 -0.022120082750916478 0.80921050906181347 0.92774829268455516 0.16620822995901111 -0.64675772190093983 1.0000000180025095e-35 -0.10015640780329703 0.69706812500953685 -0.2150558605790138 0.6524484157562257 -0.12457882612943648 0.29423868656158453 -0.60079088807106007 0.16769631952047351 -0.24342105537652967 -0.59348425269126881 -0.31068393588066096 0.066093422472476973 -1.0000000180025095e-35 -1.0000000180025095e-35 2.7500000000000004 0.56174489855766307 0.70434543490409862 -0.38466337323188776 0.59516832232475292 -0.56174489855766285 -0.62798810005187977 1.9143015146255495 0.83552631735801708 -0.44576695561408991 -0.38873952627182001 -1.0000000180025095e-35 -0.36734551191329951 -2.1109474897384639 -0.56174489855766285 -0.092592593282461153 -1.4540902972221372 -1.9775282144546507 -0.43795379996299738 -0.38873952627182001 0.87182176113128673 -1.2063425183296201 1.0992876887321474 0.56174489855766307 0.69533789157867443 0.4046787321567536 -0.53177404403686512 -0.019736842252314087 0.029238574206829075 0.45939992368221289 0.56174489855766307 0.53986790776252758 0.066382437944412245 0.49176955223083502 2.2133353948593144 0.22839505970478061 -10.652134895324705 -0.54975369572639454 -0.59348425269126881 1.0000000180025095e-35 0.38873952627182012 -0.38873952627182001 1.4013158082962038 0.019736842252314094 0.75000000000000011 -1.8978128433227537 1.3641975522041323 -0.26945888996124262 -0.20394737273454663 -0.59574958682060231 0.7684934437274934 -0.60079088807106007 0.92774829268455516 0.22016461193561557 -0.92198339104652394 0.38873952627182012 -0.39711934328079218 0.47530864179134374 1.0000000180025095e-35 -0.335390955209732 0.5214291810989381 -0.61293834447860707 3.3800854682922368 -0.56174489855766285 -0.029419386759400364 0.67428746819496166 0.43415638804435736 0.56147155165672313 1.328506648540497 1.0456759929656985 -1.0349794030189512 -0.6389540135860442 -1.0000000180025095e-35
decision_type=2 2 2 2 2 2 2 2 2 2 2 2 2 2 2 2 2 2 2 2 2 2 2 2 2 2 2 2 2 2 2 2 2 2 2 2 2 2 2 2 2 2 2 2 2 2 2 2 2 2 2 2 2 2 2 2 2 2 2 2 2 2 2 2 2 2 2 2 2 2 2 2 2 2 2 2 2 2 2 2 2 2 2 2 2 2 2 2 2 2 2 2 2 2 2 2 2 2 2 2 2 2 2 2 2 2 2 2 2 2 2 2 2 2 2 2 2 2 2 2 2 2 2 2 2 2
left_child=1 10 3 95 6 9 -3 15 45 73 41 14 -6 19 36 75 17 18 -17 20 64 -12 60 67 39 26 -18 32 29 -27 31 -31 -28 -13 -35 48 74 38 -38 -20 71 66 111 88 -41 -4 -15 65 49 58 124 -52 56 55 -55 -54 -50 -58 -21 -60 61 -10 63 -63 84 94 -1 -24 -65 -70 -45 -26 89 107 79 100 77 -77 -78 -7 81 83 -83 -74 85 87 -87 -9 -44 -47 91 -19 -93 -94 -37 -2 -11 -98 -97 -66 -8 102 106 105 -105 -104 -102 -5 116 -72 -64 112 113 -39 -114 -69 -109 118 119 -118 123 -43 -112 -82 -51 -84
right_child=2 4 8 5 12 11 7 13 22 96 21 33 -14 46 -16 16 25 90 24 35 -22 -23 23 -25 40 28 27 -29 -30 30 -32 -33 -34 34 -36 47 37 42 -40 44 -42 121 43 70 -46 72 -48 -49 52 50 51 -53 53 54 -56 -57 57 -59 59 -61 -62 62 110 68 99 -67 -68 115 69 -71 109 -73 80 -75 -76 76 78 -79 -80 -81 120 82 125 -85 -86 86 -88 -89 -90 -91 -92 92 93 -95 -96 98 97 -99 -100 -101 101 -103 103 104 -106 -107 -108 108 -110 -111 122 -113 114 -115 -116 -117 117 -119 -120 -121 -122 -123 -124 -125 -126 -127
leaf_value=0.058502770673693388 0.057081076608303923 0.057492887943627363 -0.0019888351820570621 0.05840584660731122 -0.012137491574045617 0.060369807927910253 -0.018630407190513079 -0.0057372865551032345 0.055982352867727729 0.053888776144413592 0.055128100043548532 0.05386493208733379 0.054506973077416213 0.054442093535409297 0.06189455179289461 -0.022156943421983349 -0.020085077200422737 -0.019064644589941494 0.063978017525825756 -0.023127849890634909 0.048199488351427996 -0.014137093749241715 -0.024071342492091977 0.056515083302725443 -0.023415385024006259 -0.023062097684695134 -0.023112545811043678 0.054647878283807787 -0.023271025854077618 -0.023739262295731395 0.087882077307011766 0.037739669295324317 0.054319468791406832 0.047735272789212246 -0.02328080660784234 0.089637092849256514 -0.0074529235643886948 0.0033722874073524919 0.064486549007891747 0.036212666843869583 0.043340295460925375 0.056603272945716869 -0.024036778455479559 0.070791709089373087 0.0058461880738595361 0.044712194064803555 -0.0076295582532924693 0.066256269098455736 -0.019787122746391165 -0.022019503630218519 -0.017166434950009742 0.020045749988078416 -0.014792917619963226 -0.017567019926460245 0.038663842275052124 0.026603539710524676 0.0061303416851512761 -0.0091499531809656892 0.076766807613955282 0.035070238843740671 0.056958271519269979 -0.014401238070757839 0.04806117409514455 0.048809005444211871 -0.01005351531855442 -0.023300805661232191 0.0037829717796666299 0.0023910363899438381 0.039830939906290171 -0.025192097936120025 0.035914617960759752 0.0038194224600711221 -0.0060751170382486322 0.052215571483347434 -0.012022408636365191 -0.022794916733760485 0.079622313513345214 0.067163771506312295 0.0025935041071904574 -0.0061405451726052589 -0.02528690072272486 0.056680058502069496 0.035149309247258384 0.047096957174781295 -0.017551814547959784 0.060326014884333409 -0.007906074970040769 0.07121905043125526 0.057915226723958622 -0.0096890556647654166 -0.018480975724904647 -0.015400604607782583 0.085266562578495811 0.0018435576722399788 0.005866566792111145 0.04736209655717559 0.0037063453695628805 0.058643547838613516 -0.01192067442752121 0.051481489443928483 -0.02296053809326204 -0.017864045290264818 -0.017339116191181388 0.045994010159626564 -0.010335914975427763 0.025772967326754059 0.058209479919846922 -0.016489591252542308 -0.011671752907735349 -0.012782177437003925 -0.02540461170696115 -0.023452659724837701 0.045528205040962638 0.12033028355242273 -0.014016505065041946 0.040616499839920224 0.033116439284961698 0.0030645643969972598 0.069274848214343598 -0.023618650065523911 0.0647607120443386 0.043979986307416542 0.049116160448960243 0.043443989320203928 0.021494224174843875 -0.025496223195144108
leaf_weight=16.601536631584167 1467.5241164714098 55.362152099609375 30.992012478411198 8.9385038614273054 29.224919125437737 10.642460413277151 1631.098419174552 50.710962608456612 2290.9150671437383 316.87420013546944 21.857573002576828 74.887851595878601 140.05173344910145 45.132109120488167 22.313570618629456 194.83473226428032 152.60213856399059 151.09688877314329 26.634304106235504 10.731143176555632 65.38597396761179 49.352371044456959 21.892196729779243 118.79614672064781 66.470727846026421 23.592071779072285 46.259275324642658 39.160463519394398 34.462655931711197 20.986308582127094 19.96355777233839 95.794874243438244 11.5397931933403 29.034984961152077 28.205599889159203 5.9875798150897026 13.900952838361261 16.334848269820217 31.290884882211685 78.909151673316956 21.326922856271267 829.23768363147974 4.2311253920197478 5.7925505191087714 113.09714372456074 12.51348055899143 14.120557919144629 17.929248258471489 166.10836872458458 292.96117168664932 109.98171018064022 213.18174143135548 1489.8620425984263 98.961049355566502 95.215815059840679 63.130491852760315 812.77425291389227 293.27702937275171 29.160431317985058 84.950439982116222 10279.913346543908 58.38035649061203 119.74775590002537 36.806499570608139 145.21413966268301 16.771490581333637 31.093076273798943 28.940976336598396 25.107184037566185 21.538790225982666 10.934333443641661 99.549319565296173 34.229347765445709 18.179511792957783 329.67416074126959 43.473988123238087 9.6417765766382235 6.1712644696235648 8.1772797256708127 12.709456354379652 4.1266054660081855 52.405779644846916 11.020983971655371 18.088339686393738 19.923204630613327 34.852928198873997 7.1034194305539122 4.768968239426612 32.460155442357063 22.395447731018066 1094.9517443403602 14.00824949890375 20.560785681009293 13.164556257426737 7.1632718369364756 20.620049603283409 34.194342769682407 45.088047459721565 9.1860407590866071 6.0065967738628379 4.7050165161490467 320.49864570051432 164.8238689750433 26.182861380279064 36.282341949641705 13.83320116996765 14.295571394264696 16.422893546521664 46.91683579236269 51.051136434078217 7.8405635282397252 58.62693278491497 11.242252700030802 4.7287785932421675 81.73261296749115 26.508847311139107 37.645087420940399 37.22639025747776 13.041372925043104 8.6993644982576352 54.64930360019207 137.2298526391387 5.8792324140667915 73.99372311681509 10.037888951599596 8.9675536751747114
leaf_count=13 1179 43 207 7 222 33 14876 361 2106 401 43 96 161 78 18 1837 1321 1376 62 92 197 394 162 103 544 206 399 99 289 160 24 374 42 80 236 15 100 103 71 361 67 731 31 7 666 26 105 16 1378 2478 884 1306 12235 805 365 359 5550 2261 76 446 8176 438 210 68 1126 141 169 158 61 139 40 684 177 28 2594 405 14 17 45 90 26 84 33 34 163 124 49 16 84 135 9919 107 34 82 40 31 164 46 62 25 42 2895 1487 147 314 85 24 129 345 382 48 480 43 8 630 61 182 225 21 68 51 275 11 177 58 55
internal_value=0 -0.000135505 0.0523143 0.0386196 -0.00617869 0.0196471 -0.00711567 -0.00752077 0.0552963 0.0386787 0.0502768 0.00627058 0.0430011 -0.00256761 0.000630852 -0.0120377 -0.00801325 -0.0110318 0.00108828 -0.00317007 0.0112175 0.00712355 0.0558467 0.0373854 0.0122437 0.00485668 -0.0054789 0.0175094 0.0180978 0.0269896 0.0356248 0.0266915 -0.00765296 0.0360496 0.0127417 -0.00442851 -0.00139329 0.00762603 0.0423581 0.0238872 -0.00134457 0.0533069 0.00196235 0.0184596 0.018326 0.0330979 0.0396497 0.0287528 -0.00484964 0.00149119 -0.0061481 0.00738139 -0.00642681 -0.010541 0.0100061 -0.0131101 -0.000776391 0.00207867 0.0398071 0.0457256 0.0561286 0.0528049 0.0263638 0.00996366 0.00221425 0.00628105 0.0228298 0.00800239 0.0270085 0.00980654 0.00221639 -0.00708479 0.036817 0.0144953 -0.00962829 -0.0161676 0.00314845 -0.0116124 0.0442733 0.024171 0.0404783 0.0302542 0.0432231 0.0123086 0.0148721 0.021502 0.048774 0.00087776 0.0484648 0.00981166 -0.0166602 -0.00663342 0.0327166 0.0527027 0.0440073 0.0565239 0.0500984 0.0349492 0.0290915 -0.0076093 -0.0167568 -0.0114936 -0.00364453 -0.0069348 0.0132753 -0.014001 0.0381098 0.010435 0.00775431 -0.00419199 0.0437919 -0.00801911 -8.47514e-05 0.0296293 -0.00681653 0.0206654 0.0158174 0.0213092 0.0327459 0.0224666 0.0500819 0.0548109 0.00652917 0.0398134 -0.020578 0.00794161
internal_weight=0 10139.6 16276 2910.35 9054.19 1413.02 8884.92 8829.55 13365.6 583.227 1085.37 829.795 169.277 4211.4 697.666 4618.15 2338.97 1894.6 600.822 4152.15 333.966 71.2099 13042.3 196.138 405.988 444.361 249.562 96.9595 194.799 160.337 136.745 116.781 57.7991 132.128 57.2406 3818.19 675.353 322.327 45.1918 218.641 187.347 1014.16 277.135 104.469 192.006 323.383 59.2527 47.8516 3770.33 751.005 626.163 323.163 3019.33 1747.17 194.177 1552.99 1272.16 1106.05 124.842 114.111 12846.1 2566.22 275.3 141.833 268.58 29.9223 47.6946 77.342 83.4525 46.646 67.778 166.02 292.391 187.07 353.026 2279.18 67.4643 49.6453 17.8191 23.3519 257.482 124.712 72.3943 52.3177 117.359 97.4363 41.9563 55.4799 36.6913 34.9089 1293.78 198.83 47.7336 33.7253 13.1509 1497.33 396.157 79.2824 29.8061 151.221 2211.72 580.622 260.123 241.122 62.4652 178.657 19.0006 168.89 159.952 61.9855 133.468 172.665 114.038 21.0636 92.9749 55.4498 113.035 96.6122 59.3858 46.3445 132.77 966.468 13.7198 78.1203 302.999 19.9885
internal_count=92564 71804 20760 8014 70179 6742 69796 69753 12746 1616 1625 5126 383 30749 4714 39004 18653 15739 4221 30566 2061 437 11741 484 2384 2914 1861 540 1053 764 558 534 441 412 316 28505 4696 1979 171 1089 1295 1188 1808 544 1027 1005 183 212 28293 5340 4726 2190 22953 13764 1170 12594 9189 7811 614 522 11257 3081 975 706 1864 196 182 381 268 200 429 1228 798 1005 2717 20351 481 422 59 123 637 383 172 211 713 550 173 377 115 161 11518 1599 223 116 55 1272 611 210 93 1151 19870 4994 2099 2033 461 1572 66 977 970 422 269 1264 784 111 673 219 625 496 271 250 254 1006 59 203 2536 88
is_linear=0
shrinkage=0.02


Tree=14
num_leaves=127
num_cat=0
split_feature=14 15 15 14 15 1 16 1 14 13 15 13 16 13 7 10 9 16 10 3 15 1 12 1 11 9 9 10 4 3 3 1 10 10 6 9 14 15 9 15 13 14 9 9 12 14 10 16 7 1 10 16 7 9 15 14 13 7 9 1 11 9 9 14 16 9 10 10 14 1 15 11 9 5 10 9 9 9 3 3 14 11 3 9 1 9 15 12 9 15 1 13 3 9 12 12 3 5 9 7 1 14 15 9 12 3 14 1 15 16 9 9 15 9 9 3 1 14 9 1 15 16 10 13 12 16
split_gain=40154.4 7326.64 1530.46 2668.9 1006.27 953.157 640.483 503.429 490.266 425.547 422.226 299.876 290.876 250.036 201.88 186.701 183.722 220.96 311.806 277.544 169.625 600.734 167.377 159.407 165.304 158.657 177.037 187.215 162.047 152.723 151.708 206.165 146.391 145.2 177.676 141.234 138.907 134.942 132.825 127.356 125.831 125.803 125.135 120.577 110.099 109.326 106.91 101.008 98.4575 93.1807 91.5679 89.1018 114.377 87.6559 87.3947 110.073 88.8803 86.4824 143.849 169.809 94.6795 98.0639 85.265 147.207 188.463 179.538 140.035 151.303 195.155 103.874 83.5515 81.5153 78.7871 75.4348 74.998 73.8422 131.665 67.8732 67.3153 76.0156 66.1892 93.2072 87.7095 77.2778 65.5716 64.0045 63.8628 72.7324 62.8149 62.7243 62.6444 211.449 112.909 62.6379 62.0773 77.5348 60.3822 60.3456 87.1626 69.0286 60.2505 59.7275 57.4751 56.9735 56.7561 55.6059 55.2115 71.4248 89.9672 89.2238 111.219 106.881 60.3492 54.8698 83.3474 54.8614 56.5032 68.6905 54.7545 52.5142 51.0267 50.6109 50.1035 48.9338 47.481 46.6632
threshold=0.7761511802673341 -1.005866467952728 -1.3535210490226743 1.887318015098572 1.1461044549942019 0.019736842252314094 0.88005742430686962 0.86184212565422069 -0.12468271329998969 0.084742605686187758 0.60074931383132946 0.82925808429718029 1.1286340951919558 0.032364165410399444 -1.8978128433227537 -0.56174489855766285 0.010774772614240648 0.80128589272499096 -0.38873952627182001 1.0000000180025095e-35 -0.59574958682060231 0.098684210330247893 1.6644907593727114 2.3881578445434575 1.0000000180025095e-35 -0.29399476945400232 -0.38298861682415003 -1.0000000180025095e-35 1.0000000180025095e-35 1.9117646813392641 0.20588235557079318 1.6118420958518984 -0.56174489855766285 -0.38873952627182001 2.7500000000000004 0.65925562381744396 -0.13633995503187177 0.92774829268455516 0.68643194437026989 0.62752261757850658 -0.436264619231224 0.12488418444991113 -0.52945876121520985 0.58751308917999279 -76.662979125976548 0.27773471176624304 1.0000000180025095e-35 0.12784276157617572 0.16769631952047351 -0.24342105537652967 -1.0000000180025095e-35 1.0992876887321474 0.37663231790065771 0.69614508748054515 0.26750132441520696 -0.43795379996299738 -0.39276073873043055 0.56899631023406994 0.51286014914512645 0.53289476037025463 0.6784479320049287 0.13915912061929706 -0.46405564248561854 0.14188896119594577 0.92915815114974987 -0.18112743645906446 -1.0000000180025095e-35 -0.56174489855766285 0.24860059469938281 -0.098684210330247865 0.36422635614871984 -0.22252093255519872 -0.36734551191329951 0.99954625964164745 1.0000000180025095e-35 0.12100457772612573 0.3460983037948609 0.67428746819496166 1.2058823704719546 1.7352941036224367 -0.021646233275532719 1.0000000180025095e-35 1.382352948188782 -0.4428317248821258 -0.19078947603702542 -0.65476739406585682 -0.55174565315246571 12.016444206237795 -0.50432521104812611 -1.2063425183296201 1.4013158082962038 2.0551866292953496 0.73529413342475902 0.70120623707771312 -5.0080535411834708 7.3343291282653817 1.1470588445663454 0.99954625964164745 0.70395612716674816 -1.2634940743446348 0.88815787434577953 3.3800854682922368 -0.90078088641166676 0.70301672816276561 -1.6667295694351194 0.61764708161354076 -0.26945888996124262 -0.20394737273454663 -0.51783549785614003 0.7684934437274934 -0.60079088807106007 -0.67337453365325917 0.92774829268455516 -0.19891607016324994 -0.2855739146471023 0.73529413342475902 0.69078949093818676 -0.29241792857646937 0.45235085487365728 -0.34868420660495753 -0.030722510069608685 0.84603753685951244 -0.38873952627182001 -0.22122996300458905 11.002419948577883 0.29687899351120001
decision_type=2 2 2 2 2 2 2 2 2 2 2 2 2 2 2 2 2 2 2 2 2 2 2 2 2 2 2 2 2 2 2 2 2 2 2 2 2 2 2 2 2 2 2 2 2 2 2 2 2 2 2 2 2 2 2 2 2 2 2 2 2 2 2 2 2 2 2 2 2 2 2 2 2 2 2 2 2 2 2 2 2 2 2 2 2 2 2 2 2 2 2 2 2 2 2 2 2 2 2 2 2 2 2 2 2 2 2 2 2 2 2 2 2 2 2 2 2 2 2 2 2 2 2 2 2 2
left_child=1 7 -2 5 8 9 10 22 16 77 15 39 20 -6 -9 -7 51 18 19 47 21 71 44 90 -25 26 27 32 -29 -8 43 70 -23 115 -35 105 -24 62 46 42 -36 -34 -5 89 -1 -28 100 54 -14 72 53 106 96 -45 75 -56 -57 60 59 -59 61 -42 66 80 97 -66 67 -22 -69 -70 85 93 122 -40 -60 84 -77 86 -33 125 83 119 -83 -64 -18 -32 -4 -88 -87 113 -13 92 104 -10 -44 102 -53 98 -65 -99 -37 -26 -96 -85 -92 -27 -3 108 -108 112 111 -111 -110 114 -17 116 -19 -118 -104 -82 -52 -112 -39 -114 -91 -80
right_child=2 4 3 11 13 6 29 14 12 -11 -12 23 48 -15 -16 30 17 33 -20 -21 37 25 36 24 101 35 45 28 -30 -31 31 78 41 34 40 38 -38 49 73 -41 57 -43 94 50 -46 -47 -48 -49 -50 -51 120 52 -54 -55 55 56 -58 58 74 -61 -62 -63 63 64 65 -67 -68 68 69 -71 -72 -73 -74 -75 -76 76 -78 -79 79 -81 81 82 -84 103 -86 88 87 -89 -90 124 91 -93 -94 -95 95 -97 -98 99 -100 -101 -102 -103 118 -105 -106 -107 107 -109 109 110 121 -113 123 -115 -116 -117 117 -119 -120 -121 -122 -123 -124 -125 -126 -127
leaf_value=0.011227627492265973 0.055015600515409234 -0.018570276304329069 0.053740335366126213 0.0018335466751938393 -0.011995666089884184 -0.019340888955404058 0.050015750650087204 0.049707621138306769 -0.0058425916614083155 0.05220897919055062 0.059474630995702972 0.054769208049979791 0.052221085687928694 0.052441887885796713 -0.015215313333516386 0.0047896593134232578 0.060612400168758115 -0.023120082453005373 -0.016521767058362308 -0.019122368346101971 -0.023076077473667699 -0.023229331141476628 -0.001302931112410112 -0.019471558652346014 0.0094790387304347062 -0.017394110006381122 0.065218541676559341 -0.020238078709303622 0.10225545592397549 -0.016403376056835589 -0.009642617740705562 -0.019967676503801962 -0.017010103669886006 -0.022936569275731161 -0.015090179679100828 0.036388244332342036 0.041496610751848267 0.082847300529392418 0.034923295701586705 0.053258338086496958 -0.023534775637189531 0.042088105208341366 0.04695139883280551 0.04438438219821042 0.054568578943899361 0.0051411290496092043 -0.014587059871502269 -0.015292604299836195 -0.0075170328380971246 0.063290358615728889 -0.0049527760088477072 0.073323530792805874 -0.010131773173925376 -0.023390852858875971 -0.023387733295080808 0.029546905793477893 -0.018376482666802682 -0.019966314522926239 -0.023260445789994044 0.052499196383704406 -0.0099923163934875752 0.046182098475994374 0.047389725908303405 -0.0081693226301331485 0.0471657874509957 -0.0050042879851226177 -0.019743660924487851 -0.0095866493118082624 0.049178785231527591 0.0088489479747359077 -0.023573555530797274 0.045280206596990932 -0.02322549740765132 -0.017685262836931427 0.052278352029030251 -0.023329803584528866 0.023060410500172959 0.045300544101893464 -0.0045808145648953899 -0.016688553201775203 -0.017925140581083125 0.017570725745918156 -0.019246227117796989 -0.0072654384945616685 1.9545778586383571e-05 0.060333247512657284 0.0007281193632228814 0.049828508488666289 0.028631617183090367 -0.012118753764326962 0.031463379100288763 0.053362517445688359 0.047749159690870492 0.051267413522386028 0.057055559640560499 0.043485979740758983 0.0033535459030156925 0.019738632243774448 0.032256997606533763 -0.017198266449698088 0.095168545814632244 0.053992384903900591 0.021056225938739247 0.024741008947092222 -0.020061554559050045 0.038766446081873733 0.03285427506340749 -0.017730820953081153 -0.018414809456446257 -0.022982148615126367 0.034430823263792369 0.067346870144611576 0.053822029913492372 -0.016069775102140683 0.080117035100827072 -0.022858086761999345 0.090049130073468847 -0.023080596136995927 -0.014593282385841374 0.0020451406996031124 0.074046703949502857 -0.022827634959799118 0.0057298026890990729 -0.023079130652835133 0.040924398290903101 0.063386720121656928
leaf_weight=24.071186602115631 10613.243118062615 1603.1508557870984 12.082238055765627 50.52785287797451 28.981502950191498 145.00802875310183 175.25825621187687 26.307557947933674 25.244933933019638 446.59776059538126 53.129519999027252 3157.5219168066978 51.494891069829464 142.62841897457838 70.498587712645531 15.187444828450682 30.061617910861969 7.8872685208916691 1273.7806595489383 188.14740647375584 97.952052488923073 25.458440028131008 38.434514537453651 23.009180635213852 16.034861475229263 359.700050778687 31.708191230893135 119.57185424119234 4.4818270206451407 15.035762690007685 14.651476413011549 63.175624772906303 17.787767954170704 52.339814454317093 41.625759102404118 26.140217788517475 143.8863867148757 6.3448750525712967 13.256535574793814 143.10954988002777 8.762417256832121 75.829802475869656 122.466183565557 48.227222844958305 900.89714194834232 19.608692593872547 13.181821949779986 53.902685448527336 14.046052649617193 18.389205530285835 62.967803910374641 12.507919400930406 50.552105382084846 9.0683415532112104 47.575439654290676 52.905733026564121 21.882805466651917 63.73404673486948 6.1951697990298262 16.228279694914818 17.014074258506298 102.18281621485949 11.226195916533468 495.36199542880058 44.380054384469986 65.07792841643095 400.25639212876558 132.08945816755295 46.730378843843937 56.348925031721592 12.091348826885222 135.79150808602571 16.492161057889462 61.390614598989487 34.731212414801121 28.725896745920181 165.27492953836918 25.187911197543144 5.8870790749788311 16.595885634422302 62.968677364289761 256.74390793591738 28.78459607809782 454.04127760231495 9.3707226365804654 29.86858843266964 118.99857775866985 13.42936961352825 153.41647152602673 298.59911968559027 11.848048515617846 290.37950134277344 25.106623321771622 11.042051315307615 14.21171450614929 88.750407308340073 8.1465691328048688 21.007042303681374 22.293597161769867 552.83008724451065 9.5138702318072301 48.608802050352097 92.129418604075909 23.392441794276237 30.733635753393173 7.1931150183081618 24.575686857104301 315.22370757907629 157.00971461087465 7.1068947091698673 7.9347706958651534 19.943075448274612 8.7699877917766553 13.598044939339159 9.5827746391296369 84.501009598374367 6.000618577003479 3.3428341746330243 21.198891453444958 322.06225851923227 3.449630841612815 27.839445404708385 7.1873199865221995 5.3161215633153907 6.9063934162259093 12.881199240684508
leaf_count=113 8236 14840 12 282 222 1220 268 61 178 547 43 2535 82 161 574 87 68 68 11486 1753 852 214 234 158 74 3040 108 1022 7 116 92 497 140 471 337 118 321 15 61 164 70 368 228 151 803 127 107 405 105 16 407 23 408 75 394 271 171 500 52 61 132 306 59 3816 129 451 3410 1012 219 383 96 414 141 502 90 239 846 66 40 129 508 1605 239 3541 60 60 774 37 602 2307 43 258 39 12 11 178 53 131 119 4589 21 53 322 134 240 34 101 2886 1449 63 55 84 39 99 11 777 20 29 123 2336 9 257 40 46 29 42
internal_value=0 -0.000137236 0.0504718 0.042321 -0.00640131 0.0218511 0.0112071 0.0461647 -0.00734425 0.0419645 0.00465223 0.0511358 -0.00238198 0.0415597 0.00242782 0.00149027 -0.0118718 -0.00791864 -0.0109292 0.000986342 -0.00305037 0.00432206 0.0499884 0.0532059 0.0265647 -0.00309813 0.0085066 0.00138183 -0.0158126 0.0447678 0.00538213 0.0162668 0.0192951 0.00475651 0.0109832 -0.0100662 0.0324742 -0.00529568 0.00843506 0.0371251 0.0170951 0.0308592 0.0311941 -0.00180085 0.0534407 0.0422624 0.0340801 0.0102209 0.0394186 0.0278364 0.0151317 -0.0159447 0.00607054 0.0336574 0.0140862 0.00039546 0.0155247 0.0224788 0.0103486 -0.00525951 0.0339388 0.0406759 -0.0058142 -0.00396331 -0.00887061 0.0161482 -0.0117707 -0.00219101 0.00650799 0.0271322 0.0274645 0.0381644 0.00612167 -0.00834255 0.0408438 0.0212627 0.0161914 0.0150039 -0.0076 0.014494 0.00112064 0.00520032 0.0138591 -0.00447765 0.0462131 0.0305823 0.00972329 0.00570733 0.0337978 -0.00789255 0.0538702 0.0459422 0.0141093 0.0115359 0.0355735 0.0291312 0.0457259 -0.0113796 -0.0064283 -0.0158461 0.0520731 0.0429508 0.0191422 -0.00569724 -0.00572511 -0.0162931 -0.0166649 -0.0113405 -0.00354782 -0.00737223 0.0130119 0.0436145 -0.014857 0.0162105 0.0339313 -0.0162259 0.0162989 0.0495744 0.0143877 -0.00122084 -0.000849651 -0.0101276 0.0418881 0.0247994 -0.0109196 0.0420672
internal_weight=0 10104.4 16529.8 5916.52 8900.26 1780.88 1164.59 1204.1 8728.65 616.296 974.292 4135.64 4164.4 171.61 96.8061 921.162 4564.25 2316.17 1871.63 597.847 4098.86 956.901 1107.29 3603.24 87.6528 784.823 294.447 243.13 124.054 190.294 776.154 308.568 119.076 444.545 342.814 490.376 182.321 3141.96 123.483 532.394 290.474 93.6176 389.284 467.587 924.968 51.3169 48.8359 409.7 65.5409 48.4136 123.713 2248.08 71.2066 57.2956 355.797 122.364 74.7885 248.848 120.889 79.9623 127.959 110.945 3093.55 2360.17 1200.95 109.458 733.377 333.121 235.169 103.079 210.028 172.078 30.0244 74.6472 40.9264 233.433 194.001 169.698 98.5398 35.3642 1159.22 670.559 285.529 488.66 39.4323 197.937 144.51 132.428 183.285 343.874 3515.59 358.068 67.6883 36.287 338.757 216.29 20.6545 1091.49 517.656 573.837 35.6541 64.6437 127.54 477.434 42.5817 366.893 2176.87 573.719 258.496 233.92 62.8242 27.05 171.096 38.3683 24.7702 101.732 17.2307 9.34345 113.328 385.031 66.4174 35.7742 13.5322 14.0861 305.506 18.7683
internal_count=92564 71804 20760 12524 69698 7816 6380 2106 69315 1436 5996 4708 30405 383 635 5953 38910 18606 15693 4207 30218 6473 1471 3400 285 5869 1986 1751 1029 384 4733 1558 722 2913 2019 3883 555 23745 809 1308 1548 508 1144 3175 916 235 246 2454 187 212 642 20304 484 226 2049 836 442 1211 703 561 508 376 23533 17657 9235 580 5876 2466 1614 602 850 604 196 563 142 1213 1085 889 708 211 8422 4688 1844 3734 128 754 823 811 662 2533 3115 580 322 190 862 634 76 8655 3935 4720 139 127 456 3675 283 3074 19820 4980 2094 1993 459 147 1534 197 98 894 117 49 445 2844 416 312 55 85 2336 82
is_linear=0
shrinkage=0.02


Tree=15
num_leaves=127
num_cat=0
split_feature=14 2 13 3 14 1 13 1 16 13 14 3 13 13 13 7 7 10 13 3 8 1 16 10 8 9 3 10 3 8 9 7 3 2 1 8 8 2 2 9 8 9 9 8 2 2 1 9 1 14 16 13 16 7 8 16 2 9 8 9 16 1 5 1 14 8 8 9 5 7 9 2 10 8 16 9 10 2 9 9 16 8 7 8 8 10 14 3 1 9 13 7 10 12 12 13 1 1 9 14 2 9 7 2 8 8 10 8 9 10 13 14 10 8 8 9 16 3 10 14 9 10 8 9 5 14
split_gain=38232.6 2635.78 2186.61 2495.09 1472.51 1382.82 862.393 658.774 541.411 536.293 512.593 443.237 724.63 368.595 320.563 203.15 159.064 144.317 167.204 179.91 160.035 143.412 139.978 211.863 273.687 200.932 178.125 165.587 173.994 144.904 135.31 127.943 179.438 126.836 126.602 126.397 125.122 126.823 126.332 119.71 119.646 117.309 148.987 117.449 136.418 114.482 112.157 107.228 105.039 447.105 193.382 101.51 100.059 99.8558 179.472 109.177 98.5887 122.551 117.922 97.1566 94.2932 113.799 91.2123 90.5327 88.5199 85.4569 78.9753 100.056 77.9173 77.4988 75.834 89.2898 75.1555 176.839 77.0081 115.805 118.748 75.0457 73.5671 73.5308 72.5398 66.5876 86.0497 66.5809 135.58 102.823 96.0708 64.7845 93.6894 92.7835 73.0559 69.6514 64.0695 77.6693 63.1285 65.4452 63.1007 62.9347 67.6737 66.5042 62.8689 183.411 111.964 65.9113 65.2133 136.002 235.212 61.8562 142.578 61.8391 80.7979 60.9719 59.9394 59.4941 59.1037 119.426 57.7808 56.9255 56.4602 59.9933 60.6055 54.9946 54.9515 202.32 146.323 54.3681
threshold=0.7761511802673341 -6.6604938507080069 0.49161103367805487 -1.0000000180025095e-35 1.6007834672927859 0.085526313632726683 1.0196729302406313 0.87500000000000011 1.0067077875137331 0.084742605686187758 -0.12468271329998969 -0.17584410309791562 0.068343315273523345 0.12941011786460879 1.9143015146255495 0.73391112685203563 1.0030285716056826 -0.38873952627182001 -0.14408725500106809 -0.26470588892698282 -0.19978590309619901 3.4144737720489506 0.80940195918083202 -0.38873952627182001 -0.17293875664472577 0.14820139855146411 -0.058485463261604302 1.0000000180025095e-35 1.0294117927551272 0.48216935992240911 0.66861790418624889 -1.35277384519577 0.088235294446349158 -6.6604938507080069 0.059210527688264854 0.59008219838142406 -0.28682269155979151 -0.29423868656158442 -0.335390955209732 -0.60079088807106007 0.70742541551589977 -0.70395612716674794 0.020008387975394729 -0.11238473653793334 0.32716050744056707 -0.22839505970478055 1.7828947305679324 -0.20776001363992688 1.4934210777282717 2.5256417989730839 0.03416551090776921 6.6893529891967782 0.16133715212345126 0.52255958318710338 -0.58836433291435231 -0.099044162780046449 -0.21193415671586988 0.66861790418624889 0.50218641757965099 0.68423670530319225 0.8659237027168275 0.80921050906181347 0.99954625964164745 -0.019736842252314087 -0.44891551136970514 0.21162152290344241 -0.16392838954925534 0.61635693907737743 0.99954625964164745 0.34136559069156652 0.65590819716453563 0.088477365672588362 -0.56174489855766285 0.094030573964118971 -0.16100249439477918 0.70468106865882885 0.38873952627182012 -1.8415637612342832 0.3298847377300263 0.12100457772612573 1.051368296146393 -0.15488994121551511 -0.66427066922187794 -0.64291095733642567 -0.60823029279708851 -1.0000000180025095e-35 0.3485687673091889 0.55882355570793163 2.2302632331848149 -0.70154139399528492 1.7169966697692873 -1.2151630520820615 -0.38873952627182001 -10.652134895324705 2.9990732669830327 0.73942324519157421 -0.26973684132099146 -0.15775460004806516 0.038463750854134567 5.1377723217010507 -1.4465020298957822 -0.61026969552040089 0.57542309165000927 -1.8415637612342832 0.16693504154682162 0.26403255760669714 -1.0000000180025095e-35 0.6981552541255952 -0.096671678125858293 -1.0000000180025095e-35 2.0551866292953496 0.50615713000297557 0.56174489855766307 -0.69083788990974415 -0.56127089262008656 -0.29399476945400232 0.8659237027168275 1.0000000180025095e-35 0.56174489855766307 0.083712968975305571 0.63348504900932323 0.56174489855766307 -0.53177404403686512 -0.30236525833606714 0.99954625964164745 1.2068750262260439
decision_type=2 2 2 2 2 2 2 2 2 2 2 2 2 2 2 2 2 2 2 2 2 2 2 2 2 2 2 2 2 2 2 2 2 2 2 2 2 2 2 2 2 2 2 2 2 2 2 2 2 2 2 2 2 2 2 2 2 2 2 2 2 2 2 2 2 2 2 2 2 2 2 2 2 2 2 2 2 2 2 2 2 2 2 2 2 2 2 2 2 2 2 2 2 2 2 2 2 2 2 2 2 2 2 2 2 2 2 2 2 2 2 2 2 2 2 2 2 2 2 2 2 2 2 2 2 2
left_child=1 -1 10 34 5 9 33 -8 16 77 22 12 15 39 87 17 31 20 122 -20 -12 48 23 24 -3 64 41 28 35 30 36 32 -5 -7 94 -27 37 69 -38 -6 63 45 52 -44 -45 -26 -16 -35 -15 50 -50 -23 -43 80 55 96 58 -58 65 -59 125 -62 -14 -21 -24 -22 67 -34 -54 -29 71 83 73 -72 75 117 -77 -2 -37 -57 -13 82 -76 -33 85 -85 -86 89 -89 91 -91 -9 93 -41 -4 -96 -55 98 99 -94 101 102 103 -66 -102 106 -106 121 -109 110 -52 -82 -64 -81 115 -73 -116 -74 -56 -120 -121 -107 123 124 -19 -49
right_child=4 2 3 8 13 6 7 14 -10 -11 11 53 62 21 46 -17 -18 18 19 40 56 51 25 -25 26 27 -28 29 -30 -31 -32 70 66 47 -36 78 38 -39 -40 92 -42 42 43 44 -46 -47 -48 60 49 -51 109 -53 68 54 118 79 57 59 -60 -61 61 -63 112 -65 100 -67 -68 -69 -70 -71 72 114 74 -75 81 76 -78 -79 -80 113 111 -83 -84 84 86 -87 -88 88 -90 90 -92 -93 97 -95 95 -97 -98 -99 -100 -101 104 -103 -104 -105 105 107 -108 108 -110 -111 -112 -113 -114 -115 116 -117 -118 -119 119 120 -122 -123 -124 -125 -126 -127
leaf_value=0.053961436256339951 0.053839707701552747 -0.02134225537232802 0.052866809974687207 0.048172225188785237 -0.0064291073827175962 0.055550086856767163 0.05042295411979697 -0.023546311030232716 0.046540982722325326 0.05196923473311231 -0.016074406356425004 -0.0099861600661338909 0.051382277360261956 0.052593893551666132 0.045903014932996491 0.05602345647504172 0.05487169668066004 0.0015631232889500755 0.053221647577941095 -0.0034219280010784683 0.042734468716378843 -0.024353302075023602 -0.02111457465260547 -0.017846108723095732 0.11733068904627328 -0.011479999096421356 -0.018668911428158425 0.065627428142607663 -0.021923512874850497 -0.023240059379251835 -0.023776276688991276 -0.018709582699604443 0.0065310327572113899 -0.01560288858763963 0.015902591724954604 -0.0093962405135603593 -0.023634239478881592 -0.008071212100850645 0.07242641200507681 0.04632683012461776 0.089257391326696092 -0.014983310616199419 0.057690481735588439 0.02917661401128616 -0.00030795449236582897 -0.02278602420398982 -0.0032083951214879275 -0.0069782743375630656 -0.0084745426039010991 0.051388830242007848 -0.023594106096965432 0.054911256422603416 0.054327654521224844 0.032095490779552295 -0.01336960018097991 -0.023342996801627866 0.0031312368409588676 0.088848577925779909 0.081525041882502411 0.019255286634322636 0.049639616928252701 -0.016080989379022779 -0.023512718979625338 0.094744922387709971 0.030449813067140057 -0.023725634222152341 -0.0083834715604858053 0.055444875025389515 -0.022841200378546662 0.0073698685342421886 -0.023198350037504846 0.027542507399347525 0.020934940664900571 0.071250667263292641 -0.014695740293332135 -0.0065399850398489071 0.10161289001708111 0.0097688021766408166 0.060829145482219439 0.073642125337554876 0.00096965201628245736 -0.021530985127908683 0.067205190296514783 -0.023233733064935241 -0.0094024423138571542 0.065129856460073285 0.0097605675177511765 0.041394997532567195 -0.023063171622136433 -0.014144748737454754 0.01507930917069918 0.066174331095529129 -0.015831456093145312 -0.01439211579421232 0.0079421057890590226 0.04728354473113492 0.083508919939809023 0.04598258187002803 0.03955880817315624 0.035340880515516808 -0.019965758646868483 -0.013651120233630718 -0.0010824608703197166 0.1126888792673633 0.10009421630286477 -0.019528039424046011 -0.02274953490108686 0.099849279628676554 -0.0020914771996068432 0.050079581765143051 0.040758614905430368 0.052757364150434312 0.072904519941861076 0.0061673135907293385 -0.018915173811047341 -0.013933562059382627 0.037826326270128378 -0.019009537151095143 -0.011693644638763578 0.015754676318971504 0.092412582851320715 0.0063630621861067629 -0.015839136580530284 -0.023196388503544073 0.07824881759033861 0.012086107608801409
leaf_weight=340.22360169887543 17.218170642852783 327.81011982262135 520.6891410574317 41.545009978115559 32.128859780728817 15.657747149467466 424.85276499390602 4.8054137304425266 99.605680622160435 1479.85502576828 62.232039853930473 1628.8577995076776 151.88296727836132 12329.33347851783 122.53069715946913 26.661050155758858 19.710625290870667 22.548827961087227 31.955281019210815 171.2801568955183 23.790002658963203 16.779273159801964 273.37248687446117 2262.9689125865698 7.2867408618330956 28.809922389686108 138.92020192742348 24.809461437165737 113.3464302495122 25.472774431109428 17.33714122325182 78.305800303816795 104.18491072207689 160.34114751964808 45.774907037615776 7.6686412394046775 6.2620159313082686 35.273148015141487 43.641087844967842 13.76314729452133 6.0415227711200705 151.77644367516041 22.994440361857414 99.623817302286625 169.6691025197506 3.4306281134486181 21.929249607026577 170.15218413621187 74.576403200626373 922.31461855769157 13.176728092133997 10.510990381240843 16.025322653353218 24.642735294997692 136.82398296892643 18.89484541118145 124.43552477657795 13.040491051971911 20.404565423727036 20.859416410326958 34.771479122340679 15.122336484491823 11.121520385146139 3.8421134129166594 6.0917937308549908 11.470366440713404 119.72401134669781 19.927460983395576 7.7719599306583396 14.455764770507811 13.15250815451145 38.58359319716692 30.083771072328091 19.967618815600872 12.434739112854006 6.5014424473047265 10.817130468785763 150.96788866072893 26.890764936804771 8.0738766267895716 31.346242487430573 67.782775789499283 8.7366276159882528 6.97515541315079 255.2525772228837 21.515685930848122 177.35816098749638 31.801951892673969 12.590778462588785 148.92737506330013 44.422581806778908 12.371180064976214 23.797557294368744 21.733612470328808 26.520523369312286 46.691513136029243 15.589173398911951 151.03339499235153 57.180781878530979 17.725300043821335 159.5154617279768 47.501046486198902 10.097782224416731 10.825582645833494 12.890467308461668 142.10005289316177 12.07482263445854 6.4338195249438277 37.332405097782612 49.562182269990444 19.140429079532623 12.80974670499563 3.3577182143926612 14.823850423097609 347.98414158076048 99.074168004095554 7.3298477530479422 27.150426149368286 18.766816683113575 14.14602690190077 5.8236330300569525 42.669154413044453 344.91929772496223 56.594060875475407 17.816844500601292 92.290130883455276
leaf_count=257 13 3126 465 49 220 12 489 38 218 1357 488 12960 221 10072 197 34 15 154 24 1298 105 121 2558 20975 24 231 1284 52 1022 216 135 670 680 1298 223 56 50 232 72 28 20 1323 48 460 1030 32 151 1260 489 858 107 8 21 72 1103 156 786 30 55 108 63 117 89 12 28 87 905 77 72 88 112 183 168 43 91 45 19 854 41 21 211 572 34 59 2053 67 1153 102 110 1221 222 29 140 136 130 61 36 285 134 39 1470 410 76 32 45 1330 114 19 282 69 32 32 4 88 2970 821 36 226 135 81 11 343 2901 478 62 528
internal_value=0 -0.000749157 -0.00267978 0.0144671 0.0487195 0.0359247 0.0206087 0.033087 0.00135627 0.048123 -0.00797041 -0.0017022 0.00828093 0.0514738 0.0146454 0.00158941 -0.00157748 3.09689e-05 -0.00508205 0.0094683 0.0121549 0.0519771 -0.01241 -0.0145243 -0.00657238 -0.00627031 0.00126847 0.0064151 -0.00708485 0.020679 0.0285697 -0.0023122 0.00975159 -0.000452712 0.0479516 0.0194565 0.0358626 0.0194534 0.0603724 0.03017 0.0017507 0.00705583 0.00555716 0.0143044 0.0105997 0.0724794 0.0384478 -0.00230784 0.0520703 0.0460858 0.014824 0.00617586 -0.00900486 -0.00751571 0.00407634 0.0285 0.0203641 0.0123151 0.0432587 0.0460262 0.00451731 0.0297203 0.0468098 -0.00126819 -0.0120048 0.0211147 0.00320546 0.0143846 0.0291251 0.0441795 -0.00511347 -0.00728161 0.00627022 0.0337435 0.000705197 0.0156979 0.061012 0.0142806 0.0452463 0.00586081 -0.00930048 -0.0118603 0.0191017 -0.00165866 0.00123698 0.0434966 -0.00154615 0.00115678 0.0231132 -0.00347307 -0.00743046 0.0410736 0.0342926 0.00915042 0.0504218 0.0330324 0.0520173 0.0378662 0.0254467 0.00601302 -0.00689664 0.0100118 0.0516187 0.0830753 -0.00994726 -0.00364311 0.0406791 -0.00848488 0.0128942 0.0360445 0.01452 0.0159934 -0.00115368 0.0299593 -0.0134342 -0.00230839 -0.0177446 0.00198631 -0.00733475 0.0139814 0.03811 -0.013549 -0.0120997 0.00120272 0.0354111 -0.000274118
internal_weight=0 9981.61 9641.38 2273.38 16713.4 2960.61 1312.57 824.232 1633.7 1648.04 7368 3054.85 1124.25 13752.8 399.379 957.892 1534.1 931.231 654.998 213.119 276.232 13435.4 4313.15 3208.28 945.309 1104.87 617.499 343.967 176.716 167.251 141.779 1514.39 285.381 488.335 639.676 63.3693 124.441 74.5384 49.9031 317.363 181.164 478.578 467.861 292.287 269.293 10.7174 144.46 472.677 13408.1 1078.77 156.456 27.2903 175.574 1930.6 257.585 82.0245 214 158.335 55.6649 33.8999 312.336 49.8938 166.362 175.122 760.905 35.2604 243.836 124.112 23.7973 39.2652 1229.01 1032.38 196.627 33.1201 163.507 74.5528 17.3186 168.186 34.5594 41.7926 1673.01 88.9541 21.1714 539.407 461.102 28.4908 432.611 254.919 44.3927 210.527 193.35 17.1766 285.234 35.4968 593.901 73.212 40.2319 249.737 98.7036 41.5229 487.532 74.5162 27.0152 16.9174 413.016 253.501 24.9653 228.535 43.7662 81.8793 32.3172 44.156 14.4792 22.8977 492.972 137.658 355.314 57.2342 175.56 38.7365 19.9697 184.769 441.879 96.9597 40.3657 262.442
internal_count=92360 71561 71304 12145 20799 8061 5837 2559 11266 2224 59159 21862 6956 12738 2070 6642 11048 6608 4949 1354 1659 11756 37297 28395 7420 8902 4294 2195 1350 845 629 11033 1711 3278 879 328 494 372 122 982 1330 3010 2954 1538 1490 56 348 3266 11627 1555 697 129 1416 14906 1703 373 1171 924 247 138 1968 180 314 1310 6707 192 1662 757 93 140 9322 8012 1310 155 1155 458 64 867 97 265 13203 697 125 4002 3332 126 3206 1722 212 1510 1443 67 762 164 656 191 108 598 313 179 4149 546 136 60 3603 2133 159 1974 301 208 139 243 93 109 4010 1004 3006 394 1330 227 92 1673 3595 694 216 1788
is_linear=0
shrinkage=0.02


Tree=16
num_leaves=127
num_cat=0
split_feature=14 15 15 14 15 1 0 15 1 13 0 1 13 14 14 13 12 6 6 10 9 1 9 6 10 8 10 3 1 13 14 15 9 0 8 1 13 7 8 8 10 8 10 1 9 1 0 0 0 7 8 8 6 8 10 8 8 14 11 7 0 9 8 11 9 10 10 14 1 9 0 8 13 9 0 9 8 14 4 8 10 13 0 8 8 0 7 12 12 9 0 0 10 9 8 11 4 7 0 8 8 10 15 14 13 8 9 8 0 8 1 6 9 11 0 15 6 6 9 8 8 1 15 8 8 7
split_gain=35922.4 6719.7 1372.86 2327.32 996.909 847.449 521.983 494.694 699.038 429.415 371.361 304.15 287.085 243.439 215.686 200.729 160.787 155.98 146.78 319.505 176.855 188.739 130.908 142.104 332.164 278.026 233.072 194.389 129.269 273.681 132.941 125.127 124.923 121.802 118.701 113.942 142.041 113.456 136.393 296.591 161.064 151.29 143.824 132.416 127.293 154.63 310.284 126.642 117.811 111.38 114.957 163.482 106.147 104.895 247.583 104.187 108.203 95.7245 91.8458 91.2023 86.1319 107.942 85.6543 217.337 93.4381 117.125 84.1563 82.5773 82.0446 80.3394 89.7926 81.6676 79.6948 78.9768 78.6382 78.5187 311.426 96.6287 89.0966 84.4049 76.3117 76.1281 76.0526 75.9132 98.9969 74.8787 78.299 74.1757 206.191 114.49 71.9338 71.5859 120.837 69.8832 69.1186 67.2977 82.8394 67.2171 66.1311 65.965 65.8972 63.1855 72.0963 62.8739 62.8187 70.3113 112.487 62.1267 94.4138 71.3167 61.7382 60.3673 57.3512 114.178 167.52 56.7272 70.4406 56.1383 161.902 54.5579 53.4696 53.3093 53.209 53.0952 186.001 107.155
threshold=0.7761511802673341 -1.0594110488891599 -1.3535210490226743 1.9741035699844363 1.1461044549942019 0.085526313632726683 0.37736880779266363 -0.59574958682060231 0.085526313632726683 0.084742605686187758 -0.027418032288551327 1.6513158082962038 0.93164139986038219 -0.094450104981660829 -0.15844944864511487 0.23336022347211841 2.9990732669830327 1.0833333134651186 2.7500000000000004 0.56174489855766307 0.084459207952022566 0.62105265259742748 0.010774772614240648 2.7500000000000004 -0.38873952627182001 -0.17293875664472577 -0.38873952627182001 1.4411764740943911 0.80921050906181347 1.0196729302406313 1.6007834672927859 0.26750132441520696 -0.60558217763900746 -0.046189986169338219 0.25540180504322058 2.3881578445434575 6.1827387809753427 -0.063696786761283861 -0.58836433291435231 -0.63488757610321034 -0.38873952627182001 -0.19978590309619901 -1.0000000180025095e-35 -0.33552631735801691 0.066093422472476973 0.3092105239629746 0.16713064908981326 -0.077976319938898073 -0.12937241047620771 0.3376764059066773 -0.26976132392883295 0.62786883115768444 1.0833333134651186 0.13976763933897021 -0.38873952627182001 -0.11238473653793334 0.69706812500953685 0.2882229089736939 -0.22252093255519872 0.70779410004615795 -0.2695785760879516 0.67428746819496166 0.70493233203887951 0.6784479320049287 0.70395612716674816 0.56174489855766307 0.38873952627182012 -0.29648716747760767 -0.26973684132099146 -0.70154139399528492 0.062101207673549659 -0.70836952328681935 -0.0061904615722596637 0.70120623707771312 -0.15902843326330182 -0.29399476945400232 -0.59348425269126881 0.41783465445041662 1.0000000180025095e-35 -0.24382634460926053 -0.38873952627182001 0.43974213302135473 1.6012866497039797 -0.32859081029891962 0.63625517487525951 0.16713064908981326 -0.66427066922187794 -0.33382290601730341 -0.6656709313392638 0.70519137382507335 -0.03773903846740722 4.2922978401184091 0.56174489855766307 0.11189543083310129 -0.19086904078721997 0.6784479320049287 1.0000000180025095e-35 -3.7888574600219722 -0.25867402553558344 -0.583143651485443 0.46140880882740026 0.56174489855766307 -0.9310893416404723 0.083712968975305571 1.7169966697692873 -0.64291095733642567 -0.26002354919910425 0.38725660741329199 -0.24250671267509458 0.17593570053577426 0.3092105239629746 0.011494252830743791 0.70434543490409862 1.0000000180025095e-35 0.13480538874864581 0.35375368595123297 1.0833333134651186 1.5833333134651186 -0.0046179061755537978 0.61448436975479137 -0.58836433291435231 2.2039473056793217 0.70978054404258739 -0.54975369572639454 -0.59348425269126881 0.39236985146999365
decision_type=2 2 2 2 2 2 2 2 2 2 2 2 2 2 2 2 2 2 2 2 2 2 2 2 2 2 2 2 2 2 2 2 2 2 2 2 2 2 2 2 2 2 2 2 2 2 2 2 2 2 2 2 2 2 2 2 2 2 2 2 2 2 2 2 2 2 2 2 2 2 2 2 2 2 2 2 2 2 2 2 2 2 2 2 2 2 2 2 2 2 2 2 2 2 2 2 2 2 2 2 2 2 2 2 2 2 2 2 2 2 2 2 2 2 2 2 2 2 2 2 2 2 2 2 2 2
left_child=1 10 -2 5 7 9 28 8 16 60 67 15 32 22 -6 -8 58 -12 37 20 -20 80 91 24 25 -24 -25 49 29 30 93 -21 -5 55 52 -14 111 87 39 44 41 -40 -41 -44 -39 122 -47 48 -43 66 110 -52 53 75 -55 -27 -57 -18 73 82 -4 99 64 -64 94 -66 100 98 -45 70 -30 -71 -49 -3 -65 76 77 -10 81 -77 -22 -78 -34 -33 103 86 -81 88 89 97 -56 -9 -93 -7 -42 101 -97 -15 -1 -62 -28 102 -13 -85 -73 106 -106 109 -109 -60 -51 -37 123 -114 -115 116 -35 118 -17 -82 -84 -103 -46 124 -26 -126
right_child=2 4 3 12 14 6 11 13 34 -11 17 95 35 18 -16 117 57 -19 19 31 21 -23 23 26 112 33 27 -29 69 -31 -32 83 59 115 -36 36 -38 38 40 42 62 47 43 68 45 46 -48 72 -50 50 51 -53 -54 54 90 56 -58 -59 107 -61 61 -63 63 74 65 -67 -68 -69 -70 71 -72 104 -74 -75 -76 79 78 -79 -80 85 119 -83 120 84 -86 -87 -88 -89 -90 -91 -92 92 -94 -95 -96 96 -98 -99 -100 -101 -102 121 -104 -105 105 -107 -108 108 -110 -111 -112 -113 113 114 -116 -117 -118 -119 -120 -121 -122 -123 -124 -125 125 -127
leaf_value=0.053563225517298696 0.051407998966029989 -0.017555271994669903 0.057748965751569077 0.0014869195922842526 -0.018147015781181674 -0.018183581079806103 0.0043517928598964173 -0.016475498341471283 0.063121558746048523 0.047825249330970578 0.0021262334981373278 0.042319036471967122 0.050503586249838125 0.085415565692661344 0.048593666246277298 -0.010524017777574281 -0.0069667466061508563 0.054521192550038018 -0.017919109436930272 0.057937135250103466 -0.023195360603204075 -0.017973385555728808 -0.022613429276348546 -0.022674569765060642 -0.020111962731585342 0.057446939446625794 -0.023482423408262464 -0.015604079453819433 0.05510618529558535 0.046807888797408909 0.028950115360935814 -0.023362581611771561 0.035030169944910046 -0.0091993124497766095 -0.013644696133906727 -0.016377550100901053 0.053922687096515619 -0.019772070526189293 -0.023198316299687244 -0.0039051936613551086 -0.0054964282729763258 0.013877476579290298 -0.023465997194866674 0.11091977425912353 -0.014734861393210766 0.11411540900676981 -0.023151684905345641 -0.021035570448212956 0.05563763629634224 -0.0214183642609534 0.035597439810777003 -0.010834840440555649 0.062044737362929946 0.058255664150769201 0.040906172817530777 0.0076997152254667106 0.043919371271094625 0.043450150241176939 0.042471126425327688 0.05067242639003311 0.022338983105884426 0.043172537600012217 -0.022979937059192084 0.11197196124616826 -0.015676093576236966 0.065446743421431794 0.057066423510402288 0.050009138162089711 0.05220129396228141 0.054787958459132542 -0.023318915958920106 -0.017875093059910557 0.040907844010861449 0.047054089878869096 0.023726057157879406 -0.019617317501253232 0.045034614518825455 -0.010790245536250923 0.085037195307670219 -0.015676295066414572 0.049583085163538501 -0.011964999076905687 -0.025153769834072578 0.0082810552035416807 -0.016120757333496633 0.055725511060627828 0.023511918519747658 -0.01417277064991535 0.13417889817390247 0.058708775332709406 -0.023106722405763291 -0.022617986854632944 0.054122677419308984 0.0042204100215440087 -0.018894659943402 -0.01098757889671443 0.072172742586183364 -0.0080435925616351885 -0.0065691547166219603 -0.0079622047708344749 0.035644651550182087 0.060079943907323595 -0.019113167431737625 0.068756637636167531 0.078847959067169612 -0.0090145174511586292 -0.02361978811462322 0.054803089929648482 -0.0036605243391052539 0.073269272271061101 0.016034254595291186 0.031488045131461154 -0.019968134883822868 -0.022827621246327246 0.087057322291158354 -0.02283240602372498 0.037821656808035856 0.048281921989705587 0.044435378924875292 -0.0091120808255489242 0.023365427620491035 -0.023674926007773732 0.062171771018482896 -0.020665343948350207 -0.0056537055782481986 0.059532905218377924
leaf_weight=11.951596498489382 10880.240925356746 18.282662920653824 15.264676153659819 42.48088700324297 22.130213610827923 110.95735615491867 69.896502457559109 2149.6656313315034 40.040314607322216 518.59261586517096 104.55974560976028 8.421383395791052 3513.4786081463099 3.1086268275976172 155.22005343437195 28.597887314856052 55.180890060961246 29.039575934410095 170.01695001125336 51.24570918828249 7.95755960792303 44.01606810092926 145.95021501928568 136.54129604995251 132.17225780338049 22.957312077283859 12.020396418869494 105.73232168704271 15.428866475820543 60.228259868919849 50.677897535264492 15.137094795703886 324.47035476565361 40.606167957186699 337.59942973405123 27.033167354762554 41.045129656791687 101.51536484062672 56.997220382094383 23.290886931121349 238.44014455378056 152.60751868784428 7.8945574536919585 11.809678219258783 40.108358792960644 14.836238935589792 11.846673876047133 53.686473354697227 32.836789757013321 56.515893213450909 91.391392417252064 45.397977091372013 11.252025447785853 38.234974458813667 8.6861694455146772 224.54897086322308 38.674474686384201 20.719954892992973 85.567267395555973 143.81640630960464 40.483744457364082 29.10448332875967 22.061780877411366 9.1842914149165171 15.014299765229225 13.538257442414761 39.835377894341946 979.77042321115732 49.05766250193119 7.1761424764990798 9.3960077017545682 251.96390033513308 9.8291320726275426 12.912800677120684 7.2104871049523345 166.00936013460159 9.9123781621456128 8.593723848462103 4.1338632106780997 58.907132357358932 53.718684479594231 172.12597777694464 14.387992724776266 10.364528603851797 13.76016293466091 9.9426961839199048 31.193592630326748 906.91747288405895 4.3175839781761161 10.928948178887365 36.650246784090996 17.575712814927101 15.398025855422018 111.80842170119286 434.97223512083292 8.9947716444730776 10.253207668662069 314.43275805562735 18.859470844268799 99.048605799674988 20.226855754852295 9.2450904548168165 82.519179202616215 20.433582440018654 10.766280472278597 43.690528154373169 7.1189349070191374 22.349063992500305 21.852625988423824 46.374090172350407 25.571456857025623 17.273910164833069 37.897459238767624 10.191292263567449 12.184023909270762 53.697185918688774 18.572665065526962 198.17270646244287 85.661152720451355 7.1813297420740119 24.651580192148685 4.5288857892155638 3.9531336948275557 964.22561354935169 19.039368666708469 21.451797865331173
leaf_count=9 8234 142 12 241 188 924 418 20072 119 636 702 35 2976 8 189 155 432 23 1429 90 68 370 1431 1320 1256 44 97 917 40 125 161 124 750 329 2844 174 31 860 482 170 1882 880 63 25 322 31 101 456 137 461 319 359 16 123 38 1296 99 57 193 141 183 76 196 15 121 30 107 883 199 29 78 2111 31 15 43 1435 49 58 8 469 160 1395 92 57 96 38 181 7423 6 39 318 172 32 717 3764 66 11 2476 119 692 80 23 687 46 13 296 56 17 142 71 152 50 341 94 27 497 108 270 181 47 80 35 15 9217 138 61
internal_value=0 -0.000741097 0.0471641 0.0395151 -0.0066718 0.0211069 0.0107922 -0.00763764 0.00418183 0.0385136 0.0448525 0.0261635 0.0478925 -0.0095801 0.0402656 0.0349902 0.0317019 0.013515 -0.00511707 0.00624681 -0.00503427 0.0143736 -0.0125276 -0.00917099 -0.0119361 0.00100692 -0.000136781 0.00762073 -0.000665659 0.00821335 -0.000287422 0.0350126 0.0344321 0.00964578 -0.00417018 0.0499489 0.0271164 -0.00687188 -0.00276938 0.0100675 -0.00601195 0.00619463 0.0390492 0.0535987 -0.0054198 0.0151751 0.0531716 0.0129239 0.021272 0.0160604 0.0089592 0.0201874 0.00119944 2.7989e-05 0.0207709 0.0165851 0.0130213 0.00679642 0.0408192 0.0371908 0.0122552 0.00813722 -0.011056 0.0180068 -0.0126481 0.0227885 0.0376231 0.0489953 0.063594 -0.00923969 0.0254229 -0.0119227 -0.0114497 0.00918861 0.0731611 -0.0034331 0.00499614 0.0500612 -0.00677628 -0.0108724 0.0350509 -0.00886125 0.031857 0.015333 0.0284784 0.00363879 -0.00210902 -0.0112093 -0.0031332 -0.0049381 -0.0108423 -0.0160269 0.0132183 -0.00693879 -0.0141506 -0.00106019 0.0333111 -0.00712866 0.0167562 0.000829345 0.0136046 -0.0073781 -0.0134244 0.0484047 -0.0134496 0.00465934 0.0380622 0.046421 0.0258996 0.0532959 -0.0097513 0.00228371 -0.0178284 0.00118335 0.037008 -0.00794798 0.00555773 0.0418446 0.0306796 0.0426618 0.00548373 0.0325413 -0.00783491 -0.0188364 -0.00862255 0.0288815
internal_weight=0 9940.32 16916.9 6036.64 8796.14 1888 1185.5 8618.79 1216.52 702.494 1144.18 506.291 4148.64 7402.27 177.35 382.328 283.239 133.599 2944.23 393.832 282.891 112.874 4458.04 2275.4 1742.17 545.007 533.233 396.692 679.213 333.672 273.444 110.941 549.807 399.057 933.282 3598.83 85.3522 2550.4 1310.69 264.313 1046.38 305.957 92.0528 68.7619 172.26 70.7444 26.6829 248.96 185.444 290.959 218.877 136.789 595.682 584.43 83.5714 286.181 263.223 75.9008 207.339 507.326 183.902 168.637 740.421 38.4566 701.965 28.5526 72.0826 1010.58 60.8673 345.541 24.8249 320.716 63.5156 31.1955 16.3948 500.859 234.806 48.634 186.172 266.053 68.8576 182.038 363.51 59.6954 44.5583 100.043 90.1007 1239.71 332.788 328.47 45.3364 2182.64 32.9737 222.766 673.412 123.963 19.248 317.541 30.8111 139.532 32.2473 104.715 90.9406 30.7981 313.54 61.5757 17.8852 176.143 44.2017 131.941 82.0874 44.3071 1197.16 60.2728 22.3753 112.876 59.1788 312.432 114.259 60.9 39.0396 13.774 44.0615 1136.89 172.663 40.4912
internal_count=92360 71561 20799 12565 69825 8030 6431 69448 8160 1599 1736 1881 4535 61288 377 1024 1069 725 22262 2487 2074 645 39026 18750 14938 3804 3812 2492 4550 1927 1802 413 1304 2373 7091 3231 255 19775 9823 1786 8037 1986 457 287 1329 469 132 1504 1017 1575 1291 678 4247 4231 479 1439 1395 489 580 1063 963 951 6051 254 5797 151 284 1011 224 2623 118 2505 487 157 58 3752 1629 177 1452 2123 275 1444 922 323 199 688 650 9952 2529 2523 356 20276 204 1641 5646 857 77 2484 128 875 177 780 722 103 2476 365 69 423 159 264 613 224 11134 462 121 934 437 606 336 207 172 58 337 10672 1455 199
is_linear=0
shrinkage=0.02


Tree=17
num_leaves=127
num_cat=0
split_feature=14 15 15 14 15 1 2 16 14 13 0 15 13 0 14 16 13 10 0 16 10 8 0 13 13 8 8 10 3 3 10 8 10 5 15 1 15 15 1 0 13 2 14 13 1 10 11 8 16 8 1 14 0 10 2 14 8 12 2 13 10 2 0 0 4 1 13 8 8 13 10 8 15 10 1 11 0 1 15 0 8 3 0 8 14 8 11 13 3 10 2 8 8 2 8 12 0 15 14 13 1 2 1 3 2 12 15 10 1 10 2 8 10 12 11 15 16 0 0 14 14 1 8 13 1 2
split_gain=33833.4 6400.95 1288.54 2180.09 952.378 798.309 594.589 543.777 393.756 371.687 348.319 294.627 273.655 208.797 202.514 187.405 187.002 186.983 167.957 173.258 191.129 253.199 169.869 162.221 138.881 135.919 115.481 185.675 114.258 124.297 303.935 126.185 148.204 178.111 143.764 307.807 127.224 108.884 108.571 285.898 106.21 103.74 98.4055 89.7148 166.008 87.6754 101.736 173.216 110.572 81.5688 81.1762 76.941 76.4718 82.5751 75.7903 72.1204 93.3604 84.0554 65.2516 64.7396 63.6524 64.6515 62.8008 62.5043 62.1935 150.802 61.6637 56.5567 248.513 106.884 80.6618 54.842 54.2337 87.9325 52.8434 52.7671 52.6776 52.5406 76.9687 50.7737 49.7636 49.7325 49.0334 49.8553 48.9171 54.0454 57.142 46.3971 46.0812 44.0967 47.3817 43.8835 41.8352 41.2473 39.4684 39.2079 38.7143 38.6287 38.312 37.2481 37.2185 81.7422 53.8311 35.2574 49.5326 34.6265 40.2461 40.9971 34.6862 50.7655 34.0134 33.1584 55.2638 30.6343 30.1221 29.3541 28.8211 28.6298 27.7534 27.6559 27.4534 27.0022 26.845 26.6933 26.5731 33.6893
threshold=0.7761511802673341 -1.0594110488891599 -1.3535210490226743 1.9741035699844363 1.1461044549942019 0.019736842252314094 -6.6604938507080069 0.82225069403648388 -0.12468271329998969 0.084742605686187758 -0.027418032288551327 0.63922914862632763 0.93164139986038219 -0.27722449600696558 -0.15844944864511487 1.0357957482337954 0.29604057967662817 -0.56174489855766285 -0.27722449600696558 0.80940195918083202 -0.38873952627182001 -0.17293875664472577 -0.013565709814429281 0.16974896937608722 1.9143015146255495 0.54583051800727855 -0.0077300684060901395 -0.56174489855766285 1.4411764740943911 1.1470588445663454 0.38873952627182012 0.33132727444171911 1.0000000180025095e-35 0.99954625964164745 -0.59574958682060231 0.098684210330247893 0.96496084332466137 0.69901075959205639 1.4013158082962038 0.49888893961906439 -0.30612529814243311 1.3312757611274721 1.6007834672927859 0.93164139986038219 0.80921050906181347 -0.56174489855766285 0.6784479320049287 0.70776253938674938 1.0992876887321474 0.59516832232475292 3.4144737720489506 -0.29648716747760767 -0.2695785760879516 0.38873952627182012 -0.072016462683677659 1.2068750262260439 0.5214291810989381 -0.6812496781349181 0.95267492532730114 0.19097340852022174 -0.38873952627182001 0.096707820892333998 0.61209514737129223 -0.25867402553558344 1.0000000180025095e-35 1.4934210777282717 6.6893529891967782 -0.53177404403686512 -0.59850239753723133 -0.45187266170978541 1.0000000180025095e-35 0.13976763933897021 0.094949580729007735 -1.0000000180025095e-35 0.79605263471603405 -0.22252093255519872 2.2544118165969853 1.559210538864136 -0.17846065759658811 1.1725872159004214 -0.56127089262008656 1.2764706015586855 1.6928257346153261 -0.58836433291435231 5.5160694122314462 -0.51933029294013966 -1.0000000180025095e-35 0.24498091638088229 1.4411764740943911 -0.56174489855766285 0.11316872388124467 -0.26976132392883295 -0.69083788990974415 0.74279832839965831 -0.16392838954925534 9.0097012519836444 -0.17517330497503278 0.4046787321567536 3.3800854682922368 -0.47055263817310328 0.71710523962974559 -0.29423868656158442 1.559210538864136 1.6764705777168276 -1.3559671044349668 1.6644907593727114 -1.2494890093803404 -1.0000000180025095e-35 -0.59868422150611866 -0.38873952627182001 0.76748973131179821 0.59008219838142406 0.56174489855766307 -13.986121654510496 0.6784479320049287 0.094949580729007735 0.10733758285641672 -0.16169957071542737 1.3180609941482546 1.0205118060112002 3.6343729496002202 -0.40131579339504236 0.58489501476287853 -0.018447264097630974 0.40131579339504247 0.35814464092254644
decision_type=2 2 2 2 2 2 2 2 2 2 2 2 2 2 2 2 2 2 2 2 2 2 2 2 2 2 2 2 2 2 2 2 2 2 2 2 2 2 2 2 2 2 2 2 2 2 2 2 2 2 2 2 2 2 2 2 2 2 2 2 2 2 2 2 2 2 2 2 2 2 2 2 2 2 2 2 2 2 2 2 2 2 2 2 2 2 2 2 2 2 2 2 2 2 2 2 2 2 2 2 2 2 2 2 2 2 2 2 2 2 2 2 2 2 2 2 2 2 2 2 2 2 2 2 2 2
left_child=1 10 -2 5 6 9 -3 11 18 52 51 17 37 -10 -6 28 74 -7 -8 20 21 -20 26 75 100 42 27 -23 29 31 -31 34 33 -33 35 -15 -36 58 -14 60 91 45 43 55 94 -21 48 -48 54 -50 89 63 -4 72 -47 56 -19 -57 82 -28 -40 -62 -46 -1 65 93 -52 68 -22 80 -71 -42 96 119 92 76 79 -18 -79 -17 -70 -11 84 -84 85 115 98 114 -83 90 -41 -32 -9 -44 -45 -55 110 122 -87 -86 101 -12 -102 -25 -105 -53 108 -108 109 -107 -54 -77 -113 -100 -27 124 -111 -39 -34 -74 -99 -65 -88 -94 -5 -126
right_child=2 4 3 12 14 7 8 16 13 81 24 -13 38 15 -16 23 77 25 19 41 67 22 -24 103 -26 87 59 -29 -30 30 40 32 118 -35 36 -37 -38 117 39 50 71 -43 64 44 62 46 47 -49 49 -51 66 105 53 95 -56 57 -58 -59 -60 -61 61 -63 -64 121 -66 -67 -68 -69 69 70 -72 -73 73 -75 -76 111 -78 78 -80 -81 -82 88 83 -85 99 86 97 -89 -90 -91 -92 -93 123 -95 -96 -97 -98 120 113 -101 102 -103 -104 104 -106 106 107 -109 -110 116 -112 112 -114 -115 -116 -117 -118 -119 -120 -121 -122 -123 -124 -125 125 -127
leaf_value=0.051813393294099966 0.049821580940232674 0.050934718119039601 0.055722863527639228 0.0408474272753988 -0.018021709850537655 -0.019235325635323996 0.052385590779642166 0.058470004883591775 0.053982007186078693 0.048313184888229881 0.064820849771556527 0.055362225761401894 0.049731749293533037 0.040536904260212836 0.046967480060011974 -0.023136855401077665 0.049092276158213134 -0.013356632886026606 -0.021520899401676497 -0.020455682840212156 -0.020368750194976269 -0.02370180073909102 -0.016784319774212634 0.050449610932118374 0.036701687916445264 -0.0086313694260830107 -0.00015448595313441506 0.052197261736534301 -0.017514809583871738 -0.013199430063968589 0.038992135093430011 0.0044517738265797795 -0.019745602865625309 -0.016373411964468901 -0.0056477089926269741 0.00045818424084683107 0.04273173104093031 0.0081248513163924788 -0.02058271625572964 -0.015046470418155362 0.07209278412912698 0.046117096259743577 0.034444984179579134 0.018200476171272354 -0.0013809754109853274 -0.0078646376770995369 -0.022716059167519318 0.071079286647998313 0.0053766694090967007 0.047002472842908691 -0.024246196875814863 0.049845340045016465 -0.0041490613638812211 -0.020677385551175102 0.006488958913184152 0.032810434627612919 0.053157606087072207 -0.0052390151762298151 -0.016614553743167119 0.027539158122525796 0.043339532011370752 -0.016867530298454645 0.024740091596240743 -0.023929997526076243 0.053348700861161218 -0.023852686344171817 0.052199256976182877 -0.019457052471517872 0.072190037203744131 -0.019793445305618478 0.016794074285863783 0.034826213443111341 0.021936278013028519 0.04703967064967568 -0.023170212056025243 -0.020427501469451385 -0.022886632363480427 0.050096834715031485 -0.023582935434814836 0.053238583034752145 0.013064238135974338 0.043637870273610505 -0.025087875261310125 0.022753275247197044 -0.0074280705989026342 -0.01394360362065164 0.024910847981242226 -0.022202091962783346 -0.014928864810215917 0.04905763057446668 0.044207440741513525 -0.01644680288356707 -0.014446953808349572 -0.012230170909379645 0.052331844571010352 0.037266980476580613 -0.010084063298895898 -0.026373292210611986 0.051010088376153728 0.045003553086431572 -0.020706217328428502 -0.014831654979617305 0.037636132138964537 0.050858515770934039 -0.023512557891198185 0.048340727656920934 0.033805001901253469 -0.025999301205185132 0.050918155534781219 -0.028831438029049705 0.06436556632575649 -0.023356674930542574 0.055980160339306029 0.0034955008140719751 0.052745876806616535 0.050190877917388591 0.031190365424876198 0.050522273621053576 0.034384179816853447 -0.016685685305694687 0.025737363384884367 0.026462758286932623 0.049717609849120332 0.040643579926845537 0.026664769314902734 -0.026840372912932082
leaf_weight=12.10649359226227 11000.88934007287 68.995596408843994 15.500830590724943 30.386777430772781 21.841317012906075 142.50638855993748 16.062706828117371 7.8204681575298336 25.078798532485962 474.00588797032833 8.7825053036212939 43.056841194629669 3168.4803635925055 89.208873733878136 157.36008291691542 4.3626308441162172 180.95746330916882 177.67504017055035 326.60935593396425 151.43001326918602 355.02850542962551 17.791599817574024 172.07817555963993 49.032387167215347 57.448476135730743 7.2399522066116315 357.97537360340357 46.821747593581676 261.32848843932152 90.98566385358572 8.9803772047162074 389.5468223169446 434.36261665821075 284.07150811702013 1710.1914881169796 544.45715340226889 22.022318474948406 6.6877210140228263 31.527078911662102 9.0889154747128504 30.285081781446934 15.299569539725779 81.745247095823288 19.755982264876366 161.74527517706156 490.68694429844618 160.95799943804741 8.2808178514242154 49.236558184027672 30.49193012714386 11.392452225089075 867.18192183226347 5.4551824256777746 39.609216451644897 210.17425436526537 40.97082407027483 8.862004913389681 53.613197393715382 12.612087361514567 37.281737290322781 18.468715794384483 11.624563939869402 47.666390009224415 12.272092819213869 23.534800142049789 26.885893121361732 6.7047059535980216 1825.5667922347784 15.131088949739935 38.18352547287941 65.358783848583698 33.014790840446949 14.560661576688291 42.920419991016388 20.584948003292084 41.349580496549606 7.7765209153294554 12.605259194970133 10.309647433459757 17.242449648678303 9.1295580416917783 11.980317980051042 12.02892469614744 31.607682384550571 5.6918077617883673 27.714211292564869 44.332815557718277 82.731016352772713 9.7449228465557081 368.69907175004482 13.292905136942862 15.68895737081766 11.5311538502574 8.3465502932667714 43.154596701264381 5.2955049946904174 33.530568070709705 7.8315880745649364 8.5347206592559832 113.37930926680565 48.178013928234577 12.472266204655169 7.2821122258901587 7.3879606723785383 6.9537500664591789 16.974670439958576 12.925915628671648 7.1056121587753287 73.965678706765175 7.7245333790779096 6.1836021095514297 7.2403047829866392 6.8201257586479187 14.90923849493265 5.7295042276382446 44.424476265907288 5.4632778763771057 134.47764612734318 3.822152577340602 15.114289142191408 8.3614283353090268 6.5092627331614485 28.775618642568588 5.0627195239067051 18.2894531339407 6.3385447412729254
leaf_count=9 8234 51 12 52 188 1222 12 10 19 509 25 33 2418 302 189 38 190 1387 3236 1441 3453 145 1598 65 162 49 2425 156 2194 746 41 2713 3910 2376 13259 3909 50 31 237 48 73 36 210 73 1139 4143 1536 21 325 80 82 678 34 312 1481 175 41 368 73 193 29 64 218 94 38 209 5 17620 36 356 467 119 71 109 177 355 71 14 84 52 56 14 78 105 26 153 125 681 50 333 15 123 78 48 69 17 244 45 14 206 416 90 32 20 56 17 34 43 64 37 9 60 13 67 16 67 10 117 17 105 24 25 43 15 44 34
internal_value=0 -0.000733618 0.0457349 0.0383571 -0.006585 0.020571 -0.0075403 0.0109469 -0.00801547 0.0380524 0.0434859 0.00421293 0.046403 -0.00354915 0.0390465 -0.00390399 0.0373343 0.00185033 -0.0121687 -0.0124053 -0.0147298 -0.00722279 0.000166888 0.0181754 0.0131873 0.00565558 0.00650983 0.0312981 -0.00473897 -0.00382592 0.0124293 -0.00466238 -0.0102198 -0.00433041 -0.00205078 0.00610055 -0.00503264 0.0333397 0.0484002 0.0394385 0.0389369 -0.00560392 0.00873694 0.00494209 0.0131235 -0.00632247 -0.00406923 -0.0181267 -0.00102146 0.0212963 0.0454867 0.0474624 0.0132767 0.00923199 -0.00356028 -0.0029833 -0.0101967 0.0112428 0.0281809 0.00245765 -0.00072322 0.0200825 0.00456472 0.0163773 0.0236839 0.0177156 0.00407561 -0.0178471 -0.0117599 0.012155 0.00330161 0.052656 0.0180311 0.0287371 0.000432945 8.32786e-05 0.0217499 0.0454793 0.0169476 0.0378164 0.0499403 0.046957 0.0295842 0.00956532 0.0320177 0.0268163 0.018829 -0.0166884 0.0173676 0.047403 0.0201453 0.00373463 0.0203339 0.0301208 0.0416135 -0.0138441 0.000824736 0.0284842 0.00197498 0.0424972 -0.00442168 0.0180809 -0.0130457 0.0423817 0.0147988 0.048431 0.0385526 0.0125911 0.0435469 0.0254707 0.0322523 -0.0114056 0.0151263 0.0207931 0.0184832 0.0380984 -0.00396637 0.0485137 -0.0192734 0.00226502 0.000534574 -0.00646482 0.0346748 0.00236093 0.0283338 0.0128941
internal_weight=0 9895.38 17094.5 6093.66 8738.98 1897.99 8559.78 1224.09 8490.79 673.901 1156.39 975.22 4195.66 4091.21 179.201 4066.13 248.872 932.163 4399.58 4383.51 3266.96 958.558 631.949 148.166 134.163 789.656 459.87 64.6133 3917.97 3656.64 178.955 3477.68 1111.8 673.618 2365.88 633.666 1732.21 556.384 3639.28 470.798 87.9692 1116.56 693.956 553.443 272.322 1101.26 949.829 169.239 780.59 79.7285 409.178 1022.23 178.17 162.669 700.861 281.121 186.537 94.584 415.219 395.257 61.6204 30.0933 209.412 30.8878 140.512 116.978 18.0972 2308.4 482.831 127.803 103.542 63.2999 117.765 72.5954 44.9993 84.7916 29.3816 203.872 22.9149 21.6051 24.2606 495.731 402.607 43.6366 358.97 239.899 140.46 95.7005 21.7252 391.081 22.3818 24.6693 24.4143 90.0918 62.9106 44.9047 45.1694 89.3015 51.1582 119.071 76.7149 21.2548 55.4601 63.3741 14.3417 991.342 124.16 20.0315 104.128 30.1625 11.6388 55.41 14.0604 23.444 12.9695 99.4393 13.1878 141.165 438.185 29.675 16.193 18.7814 73.1084 16.5939 55.0148 24.628
internal_count=92360 71561 20799 12565 69825 8030 69448 6544 69397 1486 1736 5976 4535 30581 377 30562 568 5943 38816 38804 29741 7753 4517 730 725 4721 2919 301 29832 27638 1102 26536 9016 5089 17520 4211 13309 1304 3231 813 356 9063 3975 3470 1499 9027 7586 1557 6029 405 483 1011 913 901 5624 1971 1428 543 1156 2618 330 93 1357 128 505 467 87 21988 4368 915 823 192 572 285 280 589 161 288 98 90 92 573 1083 183 900 668 471 746 64 396 63 164 103 258 142 329 287 237 234 232 563 115 448 141 76 883 205 77 128 64 43 428 73 81 65 197 47 148 3927 176 69 119 168 93 130 78
is_linear=0
shrinkage=0.02


Tree=18
num_leaves=127
num_cat=0
split_feature=14 15 15 14 15 5 15 7 16 15 0 16 13 0 14 13 14 9 7 9 9 8 10 9 16 10 8 10 0 8 16 9 3 10 14 13 0 7 9 9 8 4 11 9 16 16 8 8 0 0 10 8 8 7 10 9 16 10 0 9 14 16 10 10 8 8 3 15 12 15 8 15 10 12 9 16 11 8 9 9 8 0 15 9 14 12 8 8 11 9 11 0 16 0 3 0 8 7 9 5 15 14 10 0 12 13 8 15 7 9 8 9 8 9 7 8 16 15 11 10 4 9 8 16 9 15
split_gain=31943 6105.45 1211.61 2048.79 910.554 595.101 466.48 421.529 339.002 401.688 328.296 265.591 261.787 231.82 231.12 194.73 190.557 139.704 134.414 131.177 143.047 359.787 129.214 128.987 153.05 253.668 303.261 156.077 147.661 139.615 125.984 153.941 129.641 122.056 139.731 143.679 119.656 119.547 114.456 108.947 124.909 108.153 94.2154 108.818 144.486 98.4298 90.6624 90.3141 89.1519 87.3916 86.3188 153.176 82.1782 81.7739 79.3685 77.6117 116.285 113.544 80.1851 72.7079 113.495 183.552 125.854 91.7227 189.974 188.345 73.9829 93.0463 72.247 84.355 71.2083 79.5973 83.9213 102.219 75.337 71.004 69.9281 120.528 141.844 137.634 71.7726 67.3298 67.0561 66.9927 62.3897 62.3316 61.5837 252.905 75.0386 69.7681 115.084 59.592 58.9308 58.6675 57.4267 75.9365 126.631 69.6844 55.5373 86.0146 54.394 54.3834 72.6338 99.0253 51.7446 51.6868 51.2481 91.8433 78.7531 50.288 49.5948 48.424 47.3388 74.7582 186.469 46.4607 46.1726 104.795 82.714 60.3437 130.76 85.5489 77.0811 56.2522 66.4568 50.5463
threshold=0.7761511802673341 -1.0594110488891599 -1.3535210490226743 1.9741035699844363 1.1461044549942019 0.99954625964164745 -0.59574958682060231 -0.28340750932693476 0.95587372779846203 0.60074931383132946 -0.027418032288551327 1.1129088997840884 0.93164139986038219 0.42054454982280737 -0.094450104981660829 0.061408136039972312 -0.15844944864511487 0.67428746819496166 -1.8978128433227537 0.65590819716453563 -0.29399476945400232 -0.59348425269126881 -0.56174489855766285 0.010774772614240648 0.80940195918083202 -0.38873952627182001 -0.17293875664472577 1.0000000180025095e-35 0.0067396073136478671 0.48216935992240911 0.75926500558853161 -0.37519921362400049 -0.17584410309791562 -1.0000000180025095e-35 0.12488418444991113 0.68650510907173168 -0.2695785760879516 0.37162557244300848 -0.60558217763900746 0.66861790418624889 -0.28682269155979151 1.0000000180025095e-35 -1.0000000180025095e-35 0.70351320505142223 -0.18884775042533872 1.0067077875137331 -0.10627461969852446 0.70776253938674938 1.8935310244560244 1.213112533092499 -1.0000000180025095e-35 -0.20866852253675458 0.59516832232475292 0.70779410004615795 0.38873952627182012 0.68423670530319225 -0.29811537265777582 1.0000000180025095e-35 -0.091635070741176591 -0.46405564248561854 0.13289308547973636 0.91700434684753429 0.56174489855766307 -1.0000000180025095e-35 -0.0077300684060901395 0.22925297915935519 1.4411764740943911 -0.39900003373622889 2.9990732669830327 -1.2494890093803404 0.54583051800727855 -0.87305051088333119 -1.0000000180025095e-35 -0.6812496781349181 -0.70154139399528492 0.63850855827331554 1.0000000180025095e-35 -0.6389540135860442 0.68423670530319225 0.13009299337863925 0.53381279110908519 1.6012866497039797 0.13420357555150988 -0.31068393588066096 -0.60307240486145008 -1.3327668905258176 -0.54975369572639454 -0.59348425269126881 1.0000000180025095e-35 0.70434543490409862 1.0000000180025095e-35 -0.086222432553768144 1.1491953134536745 0.024279085919260982 -1.0000000180025095e-35 -0.0080028348602354509 -0.67903119325637806 0.74694031476974498 0.33802047371864324 0.99954625964164745 -1.0895446538925169 2.3994171619415288 -0.38873952627182001 0.42054454982280737 12.016444206237795 0.73942324519157421 -0.020095882005989548 -1.0895446538925169 4.0229873657226571 -0.41347682476043696 -0.58836433291435231 0.55504703521728527 -0.61293834447860707 0.64519405364990245 -0.25262048840522761 -0.20866852253675458 0.82929763197898876 0.27471156418323522 1.0000000180025095e-35 0.56174489855766307 1.0000000180025095e-35 -0.59589663147926319 0.64028519392013561 0.91178071498870861 -0.55882722139358509 0.92774829268455516
decision_type=2 2 2 2 2 2 2 2 2 2 2 2 2 2 2 2 2 2 2 2 2 2 2 2 2 2 2 2 2 2 2 2 2 2 2 2 2 2 2 2 2 2 2 2 2 2 2 2 2 2 2 2 2 2 2 2 2 2 2 2 2 2 2 2 2 2 2 2 2 2 2 2 2 2 2 2 2 2 2 2 2 2 2 2 2 2 2 2 2 2 2 2 2 2 2 2 2 2 2 2 2 2 2 2 2 2 2 2 2 2 2 2 2 2 2 2 2 2 2 2 2 2 2 2 2 2
left_child=1 10 -2 5 6 15 7 13 9 22 68 14 38 19 23 17 -6 36 -12 20 21 -3 -7 116 25 26 -25 47 46 39 31 32 -17 34 -23 -36 -4 -13 92 40 -29 -35 45 59 54 94 -28 49 -10 84 51 -33 -39 81 -45 57 -57 58 -21 63 66 83 -63 64 -44 -66 67 -61 -1 -70 71 72 74 85 -24 -30 77 79 -79 -73 -78 -40 -47 -62 -26 -74 87 -27 -89 -88 -91 111 -5 -56 95 97 -97 115 -84 -100 -34 102 103 -14 -38 -75 -53 -108 -109 -76 -83 -22 -52 114 -114 -16 125 118 123 -119 122 -122 -121 -118 -125 -8
right_child=2 4 3 12 16 8 11 -9 48 -11 18 37 101 -15 42 30 -18 -19 -20 55 91 33 70 24 27 86 28 29 75 -31 -32 50 100 41 35 -37 104 52 53 -41 -42 -43 43 44 -46 82 -48 -49 -50 -51 112 106 -54 -55 93 56 -58 -59 -60 60 61 62 -64 -65 65 -67 -68 -69 69 -71 -72 76 73 105 109 -77 80 78 -80 -81 -82 110 98 -85 -86 -87 89 88 -90 90 -92 -93 -94 -95 -96 96 -98 -99 99 -101 -102 -103 -104 -105 -106 -107 107 108 -110 -111 -112 -113 113 -115 -116 -117 117 119 -120 120 121 -123 -124 124 -126 -127
leaf_value=0.047988735262570088 0.048359740128318521 0.04988509491798368 0.053873926834943853 -0.0072378036391782087 -0.017896973444250647 -0.017086910551353026 -0.018879596128938497 0.040158524432258716 0.044995786356390469 0.052144170517933346 0.035882937648007172 0.038518556683850409 -0.018351137573295512 0.038113861626477841 -0.00094378078185507945 0.048053417396866395 0.045462579839646383 0.056316724249362404 -0.0044744492815339282 0.10273320665329605 -0.0071756447128574546 -0.020567648331682013 0.07507340648073052 -0.022481581874894872 0.06099278419963871 -0.020253305573806859 0.050735477859026032 0.013750468130929313 -0.0226709795543454 -0.02312051183101704 0.049562891584198604 -0.014686886424472474 0.033254965480998544 -0.018312764861347159 0.042561733037518604 -0.0044475523890591421 -0.011347737061835573 -0.012848697107716951 0.032853007022961345 -0.023755371800271988 0.052557578572198005 0.085824714755580594 -0.023328299827319689 -0.0086961233539048794 -0.01410380715825453 0.057586967036046127 0.011880658478457578 0.04485809657774701 -0.014053862839019365 -0.021283110497230442 0.050001470023054662 0.055873303623784398 0.030939817595441298 0.047536310853075164 0.03544796479657096 0.031475548498055408 -0.011353827490106008 -0.016154091964980064 0.033988139472564884 -0.010500864193427438 0.0067405576534730893 -0.008426251279763125 0.045358279751067772 -0.017600571510104312 0.061204304775918365 -0.006626384677473415 -0.015553044927958328 0.012000857535988981 0.039842161720875617 -0.0020709312900580256 -0.011239509030373709 -0.0067692015100161741 0.01155387820435011 0.056365466658504788 -0.0059266884074962983 0.027325138546981941 -0.0083528406338854375 -0.012652378655644933 0.041944855020412092 0.058858193526647513 0.069595168992828929 -0.024958750969587502 -0.014654747687581616 -0.012583626364375971 -0.00041381363140725527 0.061190765463503223 -0.020431872431463365 0.046980832888840453 -0.0074334418392653038 -0.019707608934205641 0.038501668706342279 -0.015150898223650795 0.067612157783377203 0.09228465524152682 -0.015865280786037959 0.10722578711565825 -0.022997406601674972 0.069587543581201672 0.065778873037744892 -0.023036828344840134 -0.016107103663762168 0.047638481709100525 0.044239390002288062 0.036080854212199871 0.026558553971367433 -0.0087384993706137257 0.049648423586955294 -0.024045754247844778 0.050009957136049631 0.032305539520701351 0.021945060416596794 0.032269659733005884 -0.0081930251647561198 0.047467577100257619 0.046047305397103493 -0.013052554549510292 0.0060986598324768776 -0.017119331469448839 -0.022720839999092374 -0.018099050683852567 0.096722108684392794 0.0052326370138851283 0.03251591000854874 0.090970256260637608 0.0010658313969434726 0.0050434698628257103
leaf_weight=911.33673571050167 11105.660244196653 57.580608278512955 15.709962129592894 38.304662890732288 21.55654414743185 128.52483585476875 1445.8403380438685 116.7699132040143 117.92695677280426 67.332595512270927 57.878849521279335 62.393148735165596 19.298675611615181 60.901255138218403 203.85911782085896 22.394077628850937 159.29738485813141 22.746902465820312 76.831739023327827 8.0138377398252469 34.123485647141933 45.311080902814865 13.407775297760962 181.02833817899227 7.5680984184145919 145.6997233107686 26.241943508386612 88.495423123240471 70.924188047647476 32.447102665901184 203.02694468945265 34.101976744830608 10.724023453891276 168.65797359496355 57.901897020637989 47.212452657520771 89.50552074611187 52.719703316688538 332.61838565766811 18.14384038746357 53.07389559596777 4.0858150869607917 57.277728520333767 7.6141105070710173 24.296269610524178 12.128830097615717 283.87308645248413 11.385364808142183 11.198349751532076 147.56377567350864 136.67754105478525 31.180396676063538 25.404355607926846 147.33592903614044 14.540067985653879 38.444284223020077 74.488848559558392 16.146607846021652 44.328662790358067 89.339468896389008 82.68895285576582 29.195824556052685 43.082393571734428 267.45822902023792 32.035986557602882 33.493433564901352 59.584093369543552 414.78045533597469 96.82281756401062 23.96081417798996 95.878334283828735 19.986535795032978 23.808698482811451 5.1645483970642081 17.676964551210403 13.529961593449114 194.03467161953449 87.958947874605656 24.290397122502327 35.463422484695911 4.8430114686489096 14.047639496624468 25.469846025109291 542.96361251920462 52.731981530785561 17.60015931725502 960.13120077550411 36.234385021030903 14.074954330921171 36.143749549984932 21.768366597592831 421.75570555776358 4.7266325354576102 14.517565645277498 541.68306696414948 6.070993959903717 5.8797656223177892 4.6136080622673026 11.1424857378006 7.1672587096691123 53.360258534550667 3425.3413256332278 185.51578105986118 43.51029197871685 17.167504280805588 87.857016108930111 27.462773993611336 19.341502800583843 8.1703400611877424 62.128102257847786 25.182111859321594 19.598930977284908 44.146556176245213 95.707897156476974 59.55218531191349 335.09373273700476 11.824114441871645 453.49369638413191 12.694882020354269 74.159639075398445 8.301475942134859 8.0550410822033864 14.366618804633616 10.927370652556418 4.7047939971089354 36.212547190487385
leaf_count=736 8234 193 12 236 188 1097 14125 280 152 60 158 177 152 175 1532 20 189 33 567 13 247 393 18 1847 8 1427 54 470 684 283 187 247 24 1474 263 333 628 440 750 143 139 6 471 56 188 26 1526 41 84 1367 195 24 95 141 54 149 572 134 190 710 569 214 104 2310 129 241 492 2744 144 131 717 144 120 4 118 92 1376 633 68 64 16 92 205 4431 373 23 9470 129 102 335 114 3660 5 22 4668 14 52 4 26 64 384 2789 208 82 68 634 22 147 6 257 80 78 263 112 73 2731 99 4335 121 702 9 65 103 41 37 278
internal_value=0 -0.000724788 0.0444176 0.0372896 -0.0064962 0.0200698 -0.00744065 0.00403062 0.00959993 0.00518748 0.0422298 -0.00935353 0.0450382 0.000190421 -0.00988884 0.031998 0.0379106 0.0108017 0.0128652 -0.00203536 -0.00530865 0.00382657 0.00132524 -0.0128312 -0.00945623 -0.0119849 -0.00104938 0.0015434 0.00878372 0.0147017 0.0361224 0.0310954 0.00662894 -0.00437989 0.00879162 0.0214474 0.00234196 0.0178762 0.0323287 0.0223856 0.0282991 -0.0158497 -0.00549305 -0.00251777 0.023722 -0.00991264 0.0151686 -0.00998914 0.0398747 -0.0129933 0.0357319 0.0211905 0.00139044 0.0349266 0.0487828 0.013413 0.00322599 0.0302107 0.0445133 -0.00348622 -0.00115254 -0.00654356 0.0236327 -0.0110305 0.00327837 0.0265346 0.00552216 0.00801313 0.0460624 0.0315275 0.00475435 0.00733498 0.0166238 0.00651202 0.0312069 -0.0146614 0.00156665 0.0110793 -0.000837713 0.0352033 -0.00645467 0.0299303 0.0159732 -0.0100297 0.00729316 0.0326512 -0.0171695 -0.00690379 0.0317574 -0.019146 0.00217246 -0.0126239 0.000983847 0.0638443 -0.0112317 -0.00671344 0.0431561 -0.00780986 0.00444442 0.0310124 -0.00784673 0.0469833 0.0379456 0.0193561 -0.00524726 -0.00512393 0.0353915 0.0237746 -0.00205303 0.023837 0.00514944 0.00721473 0.0409351 0.0347207 0.0229561 -0.00847241 -0.0164017 -0.0117133 0.0194952 -0.0139574 -0.000285938 0.0516666 -0.00988492 0.0390144 0.0639118 -0.0182951
internal_weight=0 9851.14 17247.6 6141.94 8684.31 1906.06 8503.46 1215.32 1015.08 885.956 1166.83 7288.13 4235.88 1098.55 7147.62 890.976 180.854 145.13 134.711 1037.65 856.228 380.75 818.623 4281.64 2201.06 1789.65 575.598 411.409 394.569 192.16 745.846 542.82 86.4784 323.169 150.425 105.114 122.383 140.517 562.215 159.713 141.569 172.744 2865.98 1712.87 60.968 1153.11 310.115 219.249 129.125 207.864 456.341 120.257 78.1241 519.184 36.6717 181.422 112.933 68.4891 52.3425 1651.9 1261.63 697.931 72.2782 390.265 122.807 65.5294 563.704 504.12 1032.12 120.784 690.099 594.22 227.643 134.43 93.2128 84.4541 366.577 167.699 112.249 55.45 198.878 371.848 55.9084 625.653 60.3001 41.4089 1214.05 196.009 50.3093 1018.04 57.9121 475.478 43.0313 29.0576 1097.2 555.517 11.9508 543.566 43.7796 18.3097 64.0843 3673.67 248.325 62.809 106.673 93.0216 86.155 54.9746 27.5118 79.8051 39.2298 53.7224 336.084 199.407 103.699 538.953 2080.58 598.528 40.1512 558.376 104.883 16.3565 88.5263 27.4563 15.6322 1482.05
internal_count=92360 71561 20799 12565 69825 8030 69448 8160 5585 5349 1736 61288 4535 7880 60576 2445 377 741 725 7705 6647 2662 5289 38519 18604 15780 4203 2824 2356 1035 1704 1517 428 2469 989 596 708 712 1304 752 609 1480 22057 12735 320 9322 1580 1789 236 1748 1089 446 535 1063 132 1058 721 337 203 12415 9264 5318 318 3151 841 370 3946 3454 1011 275 4192 3475 1174 781 393 776 2301 909 701 208 1392 922 321 5000 381 143 11577 1658 231 9919 449 3985 241 76 9001 4333 66 4267 295 90 408 3231 442 234 696 638 199 175 153 375 172 325 643 448 336 4263 19915 5512 298 5214 879 74 805 177 78 14403
is_linear=0
shrinkage=0.02


Tree=19
num_leaves=127
num_cat=0
split_feature=14 15 15 14 15 5 2 15 16 14 15 13 13 14 16 7 16 13 9 2 9 3 6 15 9 8 15 3 5 7 16 9 3 8 15 9 9 9 11 15 8 8 8 15 13 2 11 8 11 8 7 9 8 8 8 9 7 12 2 8 8 11 8 2 2 15 8 11 15 8 2 9 11 9 8 8 8 11 9 14 9 9 8 9 8 11 8 7 8 3 16 13 15 9 14 5 12 2 2 5 3 8 3 3 3 8 11 16 13 7 8 7 9 8 9 7 3 15 7 2 9 16 12 15 3 14
split_gain=30214 5828.67 1146.27 1931.1 871.381 598.71 548.641 396.833 399.067 377.385 260.795 234.57 212.105 179.66 166.953 187.255 156.452 146.669 140.396 121.882 121.039 116.971 126.172 218.495 182.919 118.271 160.616 219.618 157.416 124.26 114.373 139.997 122.535 112.673 111.889 110.038 250.587 111.91 153.431 113.995 106.788 143.264 113.697 102.32 101.498 111.444 207.078 110.798 99.6551 96.2963 95.4093 91.6244 87.6602 302.507 87.0782 202.709 84.0745 81.6868 76.8272 75.4354 150.723 162.692 99.3912 97.4196 86.6207 73.9012 144.414 105.469 89.3256 71.9205 143.481 147.644 75.5592 131.605 71.7131 98.4448 69.4292 140.903 82.2797 71.5672 75.6991 89.716 71.0587 68.2441 87.7179 67.7981 67.1932 66.8875 61.7926 60.1778 59.6645 57.3942 59.5209 54.8799 54.8754 54.7749 53.2942 50.6159 50.0845 49.4436 49.3646 56.0276 49.0749 84.4518 47.2606 46.9612 177.149 46.7732 45.4051 56.8961 44.0343 46.4278 42.8054 42.7646 68.9625 41.8979 41.7197 41.0499 66.4529 40.59 40.4509 40.2839 40.0824 39.8062 61.571 39.5738
threshold=0.7761511802673341 -1.0594110488891599 -1.3535210490226743 2.1615140438079838 1.1461044549942019 0.99954625964164745 -6.6604938507080069 0.5778886377811433 0.95587372779846203 -0.12468271329998969 -1.2494890093803404 0.8515685796737672 0.061408136039972312 -0.15844944864511487 1.0357957482337954 0.14268493652343753 0.8659237027168275 1.0784741640090945 0.14820139855146411 0.034979423508048064 0.67428746819496166 1.4411764740943911 2.7500000000000004 0.31431671977043157 0.12100457772612573 0.33132727444171911 -0.59574958682060231 -1.0000000180025095e-35 0.99954625964164745 -0.049262166023254388 0.75926500558853161 -0.37519921362400049 -0.17584410309791562 0.17593570053577426 0.27471156418323522 0.3460983037948609 0.43074347078800207 0.64519405364990245 -0.22252093255519872 0.18118525296449664 0.010821889620274307 -0.51297438144683827 0.075611963868141188 -0.38705742359161371 -0.48026500642299647 0.29423868656158453 -1.0000000180025095e-35 -0.58836433291435231 -0.22252093255519872 -0.58836433291435231 -0.42980325222015375 -0.60558217763900746 0.5214291810989381 0.56873580813407909 -0.12457882612943648 0.66561099886894237 -1.35277384519577 2.3354831933975224 -0.51646089553832997 0.63211616873741161 0.42524318397045141 -0.22252093255519872 -0.67349112033843983 -0.27777779102325434 1.2489711642265322 0.32006599009037023 0.46140880882740026 -1.0000000180025095e-35 -1.0895446538925169 0.69706812500953685 0.80452674627304088 0.020008387975394729 0.6784479320049287 -0.072221003472805009 -0.68162697553634632 -0.65049368143081654 0.69533789157867443 1.0000000180025095e-35 -0.096671678125858293 -0.25533904135227198 -0.60558217763900746 -0.66762831807136525 0.70776253938674938 -0.55882722139358509 0.21162152290344241 -1.0000000180025095e-35 -0.67631912231445301 0.70779410004615795 -0.68646767735481251 -0.17584410309791562 0.12784276157617572 5.6274898052215585 -1.0895446538925169 0.67694920301437389 1.7375702857971194 7.5000000000000009 12.016444206237795 -0.54115223884582508 0.85390949249267589 37.500000000000007 1.5000000000000002 -0.40011125802993769 1.382352948188782 0.14705882593989375 -0.17584410309791562 0.70776253938674938 0.6784479320049287 1.1491953134536745 -0.32114376127719874 -1.5486180186271665 0.10321649536490442 -1.5024183988571165 0.47326071560382849 0.41778646409511572 0.38557057082653051 0.31892180442810064 1.1470588445663454 -0.29142154753208155 -0.2625607550144195 0.36831274628639227 0.4009064137935639 0.90537753701210033 1.6644907593727114 -0.9310893416404723 -1.0000000180025095e-35 4.7934451103210458
decision_type=2 2 2 2 2 2 2 2 2 2 2 2 2 2 2 2 2 2 2 2 2 2 2 2 2 2 2 2 2 2 2 2 2 2 2 2 2 2 2 2 2 2 2 2 2 2 2 2 2 2 2 2 2 2 2 2 2 2 2 2 2 2 2 2 2 2 2 2 2 2 2 2 2 2 2 2 2 2 2 2 2 2 2 2 2 2 2 2 2 2 2 2 2 2 2 2 2 2 2 2 2 2 2 2 2 2 2 2 2 2 2 2 2 2 2 2 2 2 2 2 2 2 2 2 2 2
left_child=1 10 -2 5 6 12 -3 8 19 16 122 51 20 -6 21 95 35 57 34 40 43 22 25 -24 -25 26 27 33 52 56 31 32 -14 -11 83 69 44 112 -39 90 41 48 -42 -4 -37 46 -46 -48 -7 -31 -10 107 104 -54 55 94 -28 -12 -29 60 62 116 63 -20 115 66 67 110 -68 -8 72 -72 -71 89 -50 -76 79 -78 -79 -36 81 -81 -80 84 -18 93 -52 98 -26 -74 -40 92 -34 -44 108 -16 -45 -41 100 -82 125 -102 103 -87 -27 -30 -107 -5 119 -110 111 -33 117 -17 -115 -64 -62 118 -38 -21 -90 -118 -1 124 -56 -53
right_child=2 4 3 11 13 7 9 -9 50 14 17 -13 30 -15 15 113 18 -19 59 54 -22 -23 23 24 88 28 29 58 105 49 -32 65 91 -35 76 36 37 38 39 97 42 -43 85 96 45 -47 47 -49 74 -51 86 87 53 -55 123 -57 -58 -59 -60 -61 61 -63 64 -65 -66 -67 68 -69 -70 70 71 -73 73 -75 75 -77 77 78 82 80 99 -83 -84 -85 -86 102 -88 -89 120 -91 -92 -93 -94 -95 -96 -97 -98 -99 -100 -101 101 -103 -104 -105 -106 106 -108 -109 109 -111 -112 -113 -114 114 -116 -117 121 -119 -120 -121 -122 -123 -124 -125 -126 -127
leaf_value=0.046858899944330769 0.04700850880728618 0.048351074145213384 0.043524884409190785 -0.0071458687765442877 -0.01777277089332099 0.041029228177815673 -0.018092981212981515 0.049348698821525101 0.046371791020534577 0.017599704683801853 0.043408471038507777 0.045986633176874576 0.046559877973631709 0.044065365816697809 0.043334012476293725 -0.020508307062849344 0.0016173826087489513 -0.0011068024338580806 0.054555646304638071 0.061047155246944963 0.052115579827606527 -0.017306288942903338 0.057265231429645222 -0.01465330416779714 0.082650512607170989 -0.0013111999281556392 0.028823265780014113 0.017621674591405959 -0.01933758668374504 0.010708748552995025 0.048131333966644443 0.023033299070980368 0.03163237245791601 0.057598274647428928 -0.017821430029514293 0.049810987957314014 -0.022770680172792632 -0.022545393071899417 0.015330082026133389 0.0099162056656097435 0.04579706135712059 -0.019098482012060582 -0.012950972395045371 -0.010715556722417837 -0.022818905050557895 -0.012670868966694386 -0.012128351855989289 0.06049907231935972 -0.023170057695336241 -0.0038358821025425141 0.044920636454920775 0.026338085214681645 0.039276814416932461 -0.0054873717795016494 0.045507738966589842 0.048288839361858342 -0.011225128277267762 0.0019567421843865672 -0.0026371252629095289 -0.022916139919428286 0.056115551627931221 -0.023378300528552307 0.0065591451668092727 -0.023919348749143518 0.043858809901148196 0.048599030771343713 0.042835150592966727 0.039637789815755629 -0.021133099630562358 -0.022633469448025047 -0.022690446584587503 0.043438980100382281 0.12730870000560024 -0.016638760374147663 0.038398546327981821 -0.010276538048996572 -0.022933940294367329 0.083546722156084038 -0.022917207987876709 -0.022690022971358231 -0.018270434867329342 0.046834757931863091 0.051558269232946319 -0.0080298902847424046 0.084710040475803119 0.029939697798528647 -0.023779700591886305 0.045698298024172884 0.00064819419740005577 0.025363562105710974 -0.013504609185613038 0.04983790481658832 -0.019802618456300575 0.066636139691756205 0.020658969482457563 -0.010669530240604262 0.025650030260289482 -0.014768543318245501 -0.0056548275472923862 0.051904267171164607 -0.025223929528139521 0.031304106194836388 0.053896460639461241 -0.01255576601453277 -0.023047977863519642 -0.022842146665650535 0.073740106201643799 0.069827891230032815 0.010078518309494805 -0.018833583316723145 0.051620881430695528 -0.023741383113650427 -0.02090797349878849 -0.0073685577105631062 0.062893618396213241 -0.018494232541540711 0.050850140084941015 -0.011738409184209158 0.065289538444061532 -0.023617048892238552 0.040837523477251503 -0.023735624010083237 0.035396398963724256 -0.022659474726529304 -0.010562279482054347 0.041534441074890349
leaf_weight=842.21206173300743 11195.44380877912 70.160314917564392 21.155135445296764 32.240417763590813 21.275875754654408 37.002149678766727 1834.4511657357216 95.263197205960751 111.16884630918503 93.672331176698208 87.7475316375494 3618.7147752270103 25.476339221000671 161.04314564913511 73.033085376024246 39.84672649204731 9.0788414254784602 79.406935483217239 22.635498635470871 6.5372840389609319 23.808055743575096 255.69578920304775 35.833984814584255 92.049637854099274 8.3766798824071866 65.539807803928852 21.504385568201542 90.742631621658802 477.48477160185575 258.93912743777037 223.02320198714733 14.915171369910238 10.907114110887049 40.285532183945179 424.90796116739511 25.791432894766331 6.199638731777668 171.35893051326275 172.21016416698694 40.822227403521538 50.461308255791664 94.0816680341959 48.596509762108326 93.050494574010372 26.483845174312592 64.942264422774315 10.525481708347796 41.650630675256252 30.122579269111156 613.43766122311354 9.2195722684264201 153.50824111700058 73.637205585837364 335.55466832220554 8.729715168476103 33.245859697461128 840.38969673961401 24.277709610760212 428.25116217136383 29.871315240859985 50.817752316594124 15.888115063309668 37.234648257493973 8.7828905060887319 12.414401255547999 129.14112642407417 12.11700628697872 298.89656350016594 31.255413308739662 126.18521233648062 20.672207474708557 38.950206451117992 4.5425198078155518 18.948411852121353 33.196830257773399 33.284528963267803 29.668033078312874 10.506303489208223 10.141962945461275 10.807941220700739 50.685631416738033 23.713624939322472 10.358267925679682 14.916558377444742 11.543062701821325 52.581613011658192 14.894617915153502 131.07065172493458 18.023345232009888 4.7256312519311923 34.445601925253868 6.9367881193757048 51.451992079615593 3.7318131625652304 28.086100712418556 8.3741478994488698 19.497423984110355 178.58256894350052 16.080281406641006 4.3617505952715865 12.958645664155485 15.287319794297217 15.260560087859629 29.035668969154358 102.7132254242897 27.598941192030907 10.481177046895025 3.5005554854869834 35.249934904277325 119.60614167898893 6.9373782724142066 19.698810897767544 520.46834315359592 20.655649505555633 7.6597227081656447 94.377345010638237 5.8726699277758581 70.216807223856449 7.6667452454566938 3.4659557864069939 22.552970044314861 5.7156309336423874 142.70252857357264 121.0930995196104 76.335342049598694 123.85107007622719
leaf_count=675 8234 51 37 201 188 128 17869 88 107 442 102 3032 23 189 157 345 68 561 69 16 36 2194 71 764 12 470 119 565 4288 1741 200 41 24 87 4106 98 59 1722 1062 295 128 751 353 646 251 549 94 176 264 4678 19 393 360 2621 10 86 6900 126 3135 272 76 131 250 67 25 95 15 610 223 1252 201 114 16 180 117 247 271 29 92 104 476 103 34 125 43 231 117 128 112 36 280 7 390 12 104 59 74 1598 76 14 82 40 35 216 904 255 38 4 190 984 9 159 5104 153 16 796 15 614 36 27 95 44 272 995 588 207
internal_value=0 -0.000716905 0.0431907 0.036281 -0.00641032 0.0205726 -0.00734407 0.010353 0.0066194 -0.00781056 0.0410465 0.0442305 0.0318468 0.0368491 -0.00343584 0.0173018 -0.0119299 0.0196864 -0.00448203 0.00159492 0.0105679 -0.00422856 -0.00331418 0.013166 0.0019588 -0.00415157 -0.0016568 0.00679785 -0.00960036 -0.00483997 0.0358813 0.0313859 0.00905354 0.0296286 -0.0098823 -0.0138776 -0.00949293 -0.0127024 -0.00656345 -0.000135617 0.00916932 -0.000192935 0.0198454 0.00316968 0.0132806 0.00671968 0.0227287 0.0458479 0.0131198 0.000481259 0.0385492 0.0312217 -0.00242854 0.00256829 -0.00589198 0.00267701 -0.0102259 0.0344252 0.000904992 0.00714622 0.0106853 0.0337597 0.000388071 0.0326183 -0.00664273 0.0355119 0.0311085 0.0354873 -0.00326221 -0.016813 -0.00584154 0.0205107 -0.0160175 0.0135694 0.0024297 0.0140289 -0.0120103 0.00822406 0.038037 -0.0143966 0.00185036 0.0250681 0.0147134 0.024557 0.0481283 0.0110686 0.00248648 0.0336553 0.0331957 0.0753291 0.0105239 -0.00473551 -0.0108062 -0.00727519 -0.00518223 0.0377788 -0.0044157 -0.0101757 0.0287484 -0.0127101 0.0305587 0.00537025 0.020977 0.0148218 -0.0145808 -0.017633 0.00374117 0.000393123 -0.00958465 -0.0122523 0.00563116 -0.00358616 -0.0187689 -0.00715417 0.0116384 -0.0114063 0.0483067 -0.0055284 0.025918 0.0317124 0.0229861 0.0140626 0.0451981 -0.0152937 -0.00480815 0.0331238
internal_weight=0 9805.3 17381.2 6185.73 8628.95 2078.52 8446.63 1090.25 994.988 8376.47 1176.35 4107.21 988.268 182.319 4062.33 149.569 4314.14 191.432 894.3 859.705 157.511 3912.76 3657.07 176.837 141.003 3480.23 2387.22 652.952 1093.01 1734.27 830.757 607.734 94.7722 133.958 610.69 3419.84 1371.36 1201.97 597.419 426.061 427.355 227.688 199.667 133.703 169.394 143.602 78.66 52.1761 133.606 872.377 135.283 488.497 577.445 409.192 432.349 226.191 861.894 112.025 518.994 283.61 253.739 78.2942 175.445 31.4184 144.026 512.961 383.82 340.448 43.3724 2048.48 214.024 59.6224 154.402 28.2166 96.6039 66.4814 575.151 60.6746 31.0065 514.477 89.5689 34.5216 20.5002 35.5385 20.6219 149.206 24.1142 452.756 48.953 9.26815 206.656 69.2959 62.3591 52.3283 192.945 81.4072 112.548 219.405 321.686 55.0474 305.605 28.246 96.8778 81.6173 168.253 515.565 38.0801 35.741 164.859 154.856 41.5514 34.614 604.552 68.1621 28.3154 131.612 62.4061 84.0832 13.8664 10.0032 40.5763 11.5883 984.915 206.158 85.0651 277.359
internal_count=92360 71561 20799 12565 69825 8402 69448 5813 5725 69397 1736 4163 2589 377 30581 730 38816 789 7210 5482 793 29851 27657 1054 983 26603 17667 4229 8936 13438 1796 1596 444 529 5465 31606 11938 10770 4957 3235 2482 1507 975 757 1168 1070 521 270 756 6419 243 1131 4355 2981 3000 1407 7019 228 3700 1745 1473 266 1207 136 1071 1152 1057 819 238 19668 1799 315 1484 232 628 364 5229 426 155 4803 697 207 126 236 111 847 136 926 219 52 1342 421 414 365 1321 216 720 1893 798 490 722 122 482 447 1374 4581 293 205 1217 1174 209 200 5813 514 169 1046 135 709 95 43 207 59 947 1593 598 600
is_linear=0
shrinkage=0.02


Tree=20
num_leaves=127
num_cat=0
split_feature=14 15 13 15 0 14 15 14 16 7 15 14 9 2 14 0 9 15 16 10 8 0 16 13 15 3 15 15 8 0 9 15 10 0 8 8 2 2 8 8 10 11 8 10 8 0 14 15 0 10 6 8 8 10 8 8 10 8 0 13 2 8 0 8 10 8 10 8 10 8 8 9 3 16 8 2 14 8 9 8 0 6 7 9 14 10 7 2 15 9 8 6 8 7 9 8 10 8 8 6 10 9 8 2 15 14 10 8 9 13 9 9 11 15 0 16 8 7 8 16 9 8 10 16 15 11
split_gain=28326.8 5584.17 1089.07 811.979 493.091 484.493 1072.02 453.078 447.532 437.642 434.063 333.104 278.849 269.827 182.827 172.739 182.011 163.089 158.209 164.655 318.307 172.273 154.129 272.144 133.695 122.034 212.188 145.676 147.261 134.532 121.457 116.347 132.706 131.25 112.34 205.105 115.126 107.011 273.919 188.22 99.8133 110.618 97.0221 175.043 131.333 122.188 95.8899 93.3204 92.3103 87.0602 104.406 110.096 110.1 242.659 85.5014 115.439 131.363 92.7381 83.9901 84.5192 83.9443 83.2467 129.357 82.3852 223.205 195.913 280.382 162.235 129.982 155.364 279.975 118.992 158.683 80.293 112.247 80.2572 80.2088 63.7704 63.2587 63.1188 62.4867 62.405 61.497 90.3842 60.9868 60.1081 59.8201 55.5916 54.2967 61.6891 56.1665 54.0824 53.946 55.7851 52.4099 55.4607 64.7773 53.4824 72.3864 49.9364 47.877 47.5002 59.2314 59.2164 45.3763 131.004 116.572 185.461 98.6234 47.1744 45.007 75.1374 72.4581 44.7714 109.723 44.6279 42.0482 42.81 41.4348 41.094 41.5877 40.1497 38.7715 38.5044 100.375 63.437
threshold=0.7761511802673341 -0.98727962374687184 0.52676329016685497 1.1461044549942019 -0.053965032100677483 1.7375702857971194 -1.3535210490226743 -0.094450104981660829 0.82225069403648388 -0.56025648117065419 -0.85678535699844349 1.3341500759124758 0.6524484157562257 -6.6604938507080069 -0.15844944864511487 -0.27722449600696558 0.020008387975394729 -1.3535210490226743 0.88005742430686962 -0.38873952627182001 -0.17293875664472577 -0.024598641321063038 0.9491097927093507 0.16974896937608722 0.59179481863975536 -0.17584410309791562 -0.59574958682060231 0.67755714058876049 -0.62203851342201222 -0.12937241047620771 -0.58580270409584034 0.29045645892620092 -0.38873952627182001 -0.1024150252342224 -0.54975369572639454 -0.59348425269126881 -0.90740740299224842 0.3765432089567185 0.563153237104416 0.69706812500953685 1.0000000180025095e-35 1.0000000180025095e-35 -0.617541342973709 -0.38873952627182001 -0.68871176242828358 -0.053965032100677483 -0.30988709628581995 0.92774829268455516 2.2544118165969853 -0.38873952627182001 2.7500000000000004 0.63625517487525951 0.42524318397045141 0.38873952627182012 0.22925297915935519 0.20275065302848819 -0.38873952627182001 -0.64291095733642567 -0.25867402553558344 -0.05351103097200393 0.85390949249267589 -0.12457882612943648 0.094581324607133879 -0.16392838954925534 -0.38873952627182001 -0.38466337323188776 -1.0000000180025095e-35 -0.58836433291435231 -0.38873952627182001 0.57960763573646557 0.5214291810989381 0.70434543490409862 0.20588235557079318 1.1129088997840884 0.64028519392013561 -0.7716049551963805 -0.39580217003822321 0.70776253938674938 0.70555400848388683 0.69533789157867443 -0.053965032100677483 1.5833333134651186 -1.0402734875679014 0.65590819716453563 -0.27390800416469568 -0.56174489855766285 1.0030285716056826 0.52880656719207775 0.92774829268455516 -0.66762831807136525 0.19384504109621051 1.5833333134651186 0.53381279110908519 -1.0402734875679014 0.67428746819496166 -0.583143651485443 -0.38873952627182001 0.020095882005989555 0.038631947711110122 2.7500000000000004 0.56174489855766307 -0.13613965362310407 -0.63488757610321034 -0.25308641791343683 -1.7392292022705076 2.8334692716598515 -0.38873952627182001 -0.28682269155979151 -0.66142448782920826 3.6011408567428593 -0.39071239531040186 -0.30236525833606714 -0.22252093255519872 -0.49725678563117975 -0.088914588093757616 0.8659237027168275 0.38725660741329199 -1.0000000180025095e-35 0.7019714117050172 -0.047654116526246064 0.69046917557716381 0.62351393699646007 0.38873952627182012 0.89963558316230785 0.27471156418323522 1.0000000180025095e-35
decision_type=2 2 2 2 2 2 2 2 2 2 2 2 2 2 2 2 2 2 2 2 2 2 2 2 2 2 2 2 2 2 2 2 2 2 2 2 2 2 2 2 2 2 2 2 2 2 2 2 2 2 2 2 2 2 2 2 2 2 2 2 2 2 2 2 2 2 2 2 2 2 2 2 2 2 2 2 2 2 2 2 2 2 2 2 2 2 2 2 2 2 2 2 2 2 2 2 2 2 2 2 2 2 2 2 2 2 2 2 2 2 2 2 2 2 2 2 2 2 2 2 2 2 2 2 2 2
left_child=1 4 10 7 76 6 -4 15 9 12 -2 47 42 -9 -5 -3 73 -6 19 20 -18 37 25 99 30 26 116 63 -29 54 -13 -31 -33 -34 35 36 46 38 -22 -39 -37 -42 43 -8 75 -44 -21 94 91 -20 -51 52 53 -52 55 57 -57 -28 122 -60 85 -14 80 64 -27 67 -67 -66 69 70 -65 79 -73 88 100 -45 -1 -53 113 -70 -63 82 101 -84 -80 -32 -30 92 123 90 -90 -25 93 -47 95 96 -12 -97 -99 -24 -75 102 -19 -104 -7 106 107 109 -109 -106 -101 -112 121 114 -36 -98 -15 -118 -87 -96 -121 -113 -56 -17 125 -125
right_child=2 3 5 14 17 104 8 13 -10 -11 11 24 61 22 -16 16 18 81 49 34 21 -23 23 48 -26 27 29 28 86 31 60 32 33 -35 78 40 -38 39 -40 -41 41 -43 45 44 -46 87 -48 -49 -50 50 51 77 -54 -55 58 56 -58 -59 59 -61 -62 62 -64 68 65 66 -68 -69 71 -71 -72 72 -74 74 -76 -77 -78 -79 84 -81 -82 -83 83 -85 -86 118 -88 -89 89 -91 -92 -93 -94 -95 119 97 115 98 -100 110 -102 -103 103 -105 105 -107 -108 108 -110 -111 111 112 -114 -115 -116 -117 117 -119 -120 120 -122 -123 -124 124 -126 -127
leaf_value=0.00023339575748894555 0.046328884336624666 0.050887110435124006 0.04565699232982641 -0.022852982942874606 0.039251184667061484 0.045908590886935337 -0.020630105224710916 0.046671921360341581 0.043608145494191612 0.047430128461077116 -0.02312825838934722 -0.0094852576133979873 0.046733034270141957 0.051239020009848729 0.043421749848332913 -0.018505967542030627 -0.022408463080157502 0.053555040322723041 -0.015861834445245512 -0.022741539763030501 0.011166987632637236 -0.013477466862647801 -0.019215357646414268 -0.0018371487793002838 0.042273882932107272 -0.018341699319128813 -0.023092973937217633 0.092529001955043738 -0.016244958573829689 0.1302408025425747 -0.005502524666966456 0.050842841227034252 -0.009551441121524477 0.053647622824169822 0.028084022097147547 -0.010228520274221012 -0.020113263672525555 -0.0036006499195501106 0.076759543942533259 0.046686793599702868 0.061743010784691334 -0.023740891556204825 0.038113798208904204 0.063879708269613408 0.038310930526176026 0.0072274744750599161 0.052908176856680068 0.043792139549797028 -0.0096051690407488195 -0.022855177627272766 -0.023270742277185019 -0.022913679266684903 0.04193213378717154 0.033723843234834246 0.035072589656309751 0.093072888654487609 -0.010376692748953489 0.0040649493075393586 -0.020907913099164718 0.0056104898227805101 -0.024658083348316394 0.046613522206030947 0.039809040112438271 -0.000988016675517737 0.0043347070517547118 0.055991344648895616 0.0048217606487973288 -0.015687720148870207 -0.017756451532912783 -0.020006815536551131 0.054061887521204215 -0.010956688558685116 0.058680306627461765 -0.019312049223035151 0.064537877148573702 -0.023478636769974776 0.044363022214342421 0.044822678002089104 -0.022926452662218148 -0.0017532149857925614 -0.017916067938627184 0.052261110138880323 -0.0063601859763483806 0.049686784837266344 0.077474328670558534 0.029511594206012872 0.056217566794498762 -0.023139830789696184 -0.0015093195786409584 -0.0096922899224010269 0.087938292654230671 0.047412364721022511 -0.021690469582991402 -0.013418770326142773 0.038202649259532456 -0.02326315103765161 0.0088707576190712612 0.077388183666509708 -0.004380893838588194 -0.018580190680227839 0.031473984055642196 -0.019760936060818784 0.02288397923239462 -0.02315169278464882 -0.02193180980212369 0.045064497018256704 0.040813424718762467 -0.025432547040055993 0.03695762644445031 0.028809364123004159 0.050208224063992189 0.043576489862290319 -0.019866552767921743 -0.018544954179445645 -0.020450568208134193 0.04424358944540125 -0.023568217375802142 0.051416363561177007 -0.013505242549910755 0.030179957723861485 -0.024246832767124988 -0.023535207824478124 -0.022760356970155767 0.048014187961738099 -0.014166891000985582 -0.022847150280735664
leaf_weight=16.736102245748043 270.7345135807991 17.571518063545227 1770.9937064647675 18.651214003562927 64.283348977565765 8698.6455647051334 43.932168789207935 44.468677997589111 258.37478697299957 129.21607059985399 19.906713545322418 46.58122368901968 70.572478674352169 40.236972942948341 155.14689034223557 1648.4008518457413 201.68289817124605 8.6294938176870328 66.207341499626637 10.840629078447821 88.148382395505905 109.43497115373611 63.216194175183773 9.9236528947949392 162.71950250864029 284.6639876589179 58.817086145281792 11.670873351395128 15.734230265021326 3.6868697404861441 22.220362909138203 31.83575052767992 67.025852240622044 16.350782543420792 29.010390609502792 17.157203927636147 140.88344267755747 152.49153941124678 35.813438542187214 36.994656354188919 35.007758989930153 7.3213459104299536 24.882968507707119 5.0151297599077251 89.456714324653149 158.0247758179903 17.556531734764576 20.650546349585056 15.843702949583529 34.318294152617455 51.191837787628174 39.332154497504234 66.554155752062798 71.776099696755409 20.896673776209358 11.584023490548136 8.5220208391547185 347.12380059063435 209.85873584449291 62.361039213836193 13.327415823936461 7.1896264553070059 50.371873289346695 243.11381218582392 424.31942310929298 58.296211622655392 161.4917109683156 261.7104087844491 802.06024567037821 116.53928949683905 43.578441634774208 36.49640391767025 20.408343084156513 30.569584272801876 11.218207687139509 26.094161443412304 1055.4298426434398 6.4746723473072043 4.2999066710472107 112.39836639910936 36.351938299834728 9.3684052228927595 25.708025231957436 20.838542938232422 5.535448990762232 347.17327999323606 6.414936125278472 74.226950265467167 5.2551368772983533 26.05572123080492 6.0301631093025208 88.090849034488201 54.470349222421646 78.278003744781017 23.684165455400944 70.071747191250324 60.291098184883595 4.4905421063303939 121.51239305734634 25.694287396967411 9.8070757910609228 65.88666620105505 19.447389394044876 26.28042197227478 36.773326337337494 3736.817195057869 626.74225779622793 10.781379200518129 168.94195844978094 9.153276711702345 16.088928163051605 16.342742227017883 29.130124360322952 989.44593211263418 52.079387806355953 18.689315415918827 6.9907442107796669 5.3965053558349592 9.1938948184251768 10.305228084325792 12.340218305587767 4.5607983693480483 5.9591227471828452 17.425673685967926 412.73140190541744 7.1174525469541541
leaf_count=91 202 13 1321 175 117 6276 380 32 286 109 174 325 117 73 174 16462 2108 27 620 103 436 991 582 58 219 2439 508 26 125 5 128 134 547 26 214 130 1413 941 85 84 81 56 52 10 236 948 71 25 114 318 434 357 171 243 102 22 68 2460 1825 432 91 8 119 1800 2988 250 1186 2229 7046 1038 176 282 67 291 20 219 961 22 40 912 281 7 180 53 15 927 5 658 42 232 10 129 453 634 61 596 336 16 866 229 36 555 113 226 267 2976 723 78 299 17 35 52 223 9826 507 40 55 4 54 45 90 36 56 88 3925 66
internal_value=0 -0.000507542 0.042066 -0.00647284 0.0378692 0.0434484 0.0360079 -0.00737186 0.0205636 0.0135429 0.0239548 0.0176657 0.00745165 -0.00230547 0.0363095 -0.0116969 -0.0119444 0.011984 -0.00798249 -0.0101832 -0.00173375 0.00812651 -0.00288403 0.0117072 0.0267916 -0.00400644 0.00235561 -0.00620142 0.0350362 -7.37755e-05 0.0210463 0.0196451 0.016106 0.00284237 -0.0142142 -0.00148229 -0.0127083 0.0156692 0.0301171 0.0062173 0.0304638 0.0469575 0.000666649 0.0135476 0.0260014 -0.00476804 0.0240289 0.00250682 0.0351857 0.00468804 0.00973371 0.0144862 0.0212115 0.00999686 -0.0033071 0.00244693 0.0492254 0.000130017 -0.011504 -0.014833 0.0246752 0.0303198 0.0179858 -0.00674513 -0.00289362 0.00196112 0.0183939 -0.00330356 -0.0100808 -0.000535295 0.0073798 -0.0140433 0.014018 -0.0160793 0.00857267 -0.0093956 0.0436742 -0.0133393 -0.0169102 -0.0157895 -0.00726088 0.00203375 -0.000787452 0.0187316 0.0335802 0.0264119 0.00474195 -0.0076914 -0.0166784 0.00722559 0.0462859 0.042426 -0.00374781 0.000388169 8.76925e-06 -0.00309737 0.00911446 -0.00925621 -0.00146678 -0.00553576 -0.00697664 -0.0083433 0.00549605 -0.00357337 0.0450597 0.0434506 0.0363755 0.0240492 0.0332149 -0.011819 0.00388269 0.0126114 0.000521746 -0.0173741 -0.00308701 0.0172411 0.0413196 0.00909882 0.0284018 0.0197843 0.000521082 0.0289339 0.0222398 -0.0171064 -0.0118302 0.0274646
internal_weight=0 9757.05 17399.2 8444.44 1312.61 16165.3 2877.45 8270.64 1106.46 848.083 1233.89 963.158 718.867 3808.9 173.798 4461.74 4444.17 240.442 2269.56 1933.7 624.566 422.883 3764.43 268.891 601.216 3495.54 896.646 2598.9 33.82 844.022 438.496 118.899 115.212 83.3766 1309.14 228.767 169.281 313.448 123.962 189.486 59.4863 42.3291 554.381 164.498 120.566 389.883 28.3972 361.942 113.858 335.855 269.647 235.329 189.522 122.968 725.123 426.047 20.106 405.941 299.076 272.22 391.915 164.486 93.9134 2565.08 1190.48 905.818 219.788 686.03 1374.59 403.232 286.692 971.363 56.9047 2174.61 51.5949 31.1093 1072.17 45.8068 1080.37 914.459 43.5416 176.159 166.791 46.5466 9.83536 378.588 22.1492 365 2123.02 37.341 11.2853 98.0145 290.773 236.303 341.291 294.962 98.8871 196.075 126.003 155.033 40.3767 120.244 54.3573 45.7278 13287.9 4589.21 852.392 225.65 179.723 45.9266 91.8169 66.1226 50.0337 1070.54 81.0898 78.9804 52.6242 12.3872 356.367 46.3296 22.6454 20.9035 26.8558 2085.68 437.275 24.5431
internal_count=92168 71506 20662 69176 2330 16467 5831 68827 4510 4224 4195 3993 4115 28376 349 40451 40438 1278 19266 17101 4645 2537 28344 1458 1744 26886 6317 20569 156 6185 1525 712 707 573 12456 1854 1587 1546 521 1025 267 137 3590 845 465 2745 174 2249 301 2165 1545 1227 848 677 5473 3058 90 2968 2415 2257 1200 525 408 20413 9092 6653 1436 5217 11321 3014 1976 8307 349 21172 347 229 1052 379 10602 7958 289 1161 1154 233 55 1109 130 2693 20825 284 52 187 2035 1582 2224 2028 550 1478 882 1157 327 921 366 339 10636 4360 1384 661 377 284 575 346 311 10547 721 376 132 59 981 196 135 88 158 20541 4079 154
is_linear=0
shrinkage=0.02


Tree=21
num_leaves=127
num_cat=0
split_feature=13 0 13 1 2 7 1 13 0 16 7 16 16 9 8 10 10 0 6 10 13 3 1 2 8 8 0 9 2 0 10 10 0 8 10 8 0 1 8 9 0 7 13 16 7 1 1 13 1 7 16 5 1 2 8 0 0 9 8 8 1 0 10 9 16 16 9 12 9 8 0 8 9 10 8 8 7 1 12 13 9 8 9 2 0 9 10 8 10 8 9 8 1 1 1 6 2 0 1 7 10 9 9 13 0 10 10 1 16 0 0 2 2 8 8 8 10 7 2 12 10 8 6 12 1 16
split_gain=24045.7 2450.15 2228.75 3542.81 925.864 605.231 480.453 1293.95 409.877 304.371 326 246.499 189.824 179.203 266.656 445.611 212.774 457.648 219.744 192.469 179.461 270.244 202.259 172.125 278.324 423.914 159.494 159.296 156.285 141.27 209.211 206.623 184.081 136.546 214.711 169.68 135.53 124.645 116.783 114.457 113.682 108.342 108.003 101.677 104.342 101.491 98.5422 190.53 90.2338 138.89 208.922 89.5308 137.675 89.3695 89.0255 113.439 88.6881 101.487 85.5378 256.152 221.56 108.115 94.1524 102.844 177.438 112.847 97.7334 85.433 83.9235 106.685 98.7645 95.8911 94.1525 82.7358 80.4051 77.8819 76.0191 93.6043 89.7141 75.6374 75.2651 72.3666 70.5019 79.8399 69.4915 69.4287 80.8039 203.828 138.599 98.7127 121.023 80.6717 91.6469 78.5817 66.9832 66.8397 65.3713 64.8094 63.5056 63.3677 61.8994 61.4018 122.152 61.0604 246.107 147.909 75.1602 121.184 93.1306 60.1391 58.4042 58.1916 57.4373 56.7407 56.0756 55.6998 54.7857 54.089 71.9938 56.4261 53.7573 53.7034 52.7905 50.9236 50.7371 46.8667
threshold=0.52676329016685497 -0.27722449600696558 1.227464556694031 0.085526313632726683 -6.6604938507080069 0.95917025208473217 1.3486841917037966 2.0551866292953496 -0.040509711951017373 0.88640671968460094 1.0030285716056826 0.3737796843051911 0.79287084937095653 0.056892752647399909 -0.54385331273078907 -0.38873952627182001 -0.38873952627182001 -0.03773903846740722 2.9166666269302373 -0.56174489855766285 -0.15572346001863477 -0.17584410309791562 -0.32236841320991511 0.38477367162704473 0.5214291810989381 0.62786883115768444 -0.17517330497503278 0.66561099886894237 0.096707820892333998 0.024279085919260982 1.0000000180025095e-35 0.38873952627182012 0.048548597842454917 -0.032455573789775365 -0.56174489855766285 0.69152030348777782 1.6686117649078371 -0.03289473615586757 -0.68410593271255482 0.70519137382507335 -0.099575113505125032 0.041766703128814704 1.0000000180025095e-35 0.087605372071266188 0.87095215916633617 -0.24342105537652967 2.6513158082962041 3.900977730751038 0.84868422150611889 -0.041869182139635079 0.88640671968460094 0.99954625964164745 0.87500000000000011 0.55349797010421764 -0.60823029279708851 -0.094324819743633256 1.6448457241058352 0.28838637471199041 -0.6389540135860442 -0.58836433291435231 -0.098684210330247865 -0.018900123424828049 -0.38873952627182001 -0.70395612716674794 -0.18124703317880628 1.0205816030502322 -0.6321234107017516 1.6644907593727114 0.6524484157562257 -0.17293875664472577 0.35712024569511419 -0.59850239753723133 0.14820139855146411 -1.0000000180025095e-35 -0.617541342973709 -0.66431683301925648 -0.32006499171257013 -0.46710526943206782 22.681198120117191 0.93164139986038219 0.66861790418624889 0.70845046639442455 0.020008387975394729 0.9403291940689088 4.2922978401184091 0.70468106865882885 -1.0000000180025095e-35 0.038631947711110122 -0.38873952627182001 -0.59348425269126881 -0.30236525833606714 0.19384504109621051 0.75657895207405101 0.65131577849388134 2.4144737720489506 3.7500000000000004 -0.82098764181137074 -0.033611157909035676 1.4013158082962038 0.67284944653511058 -0.56174489855766285 -0.4428317248821258 -0.32716019451618189 0.23336022347211841 -0.083522256463766084 1.0000000180025095e-35 0.38873952627182012 -0.24342105537652967 1.0139531493186953 0.18078970909118655 0.029669920913875106 0.31893002986907965 0.6975308656692506 0.22925297915935519 -0.60823029279708851 0.39499190449714666 -0.38873952627182001 0.72088187932968151 -0.75925928354263295 -0.33382290601730341 -1.0000000180025095e-35 -0.31204251945018763 1.7500000000000002 8.6675601005554217 1.0328947305679324 -0.4553100168704986
decision_type=2 2 2 2 2 2 2 2 2 2 2 2 2 2 2 2 2 2 2 2 2 2 2 2 2 2 2 2 2 2 2 2 2 2 2 2 2 2 2 2 2 2 2 2 2 2 2 2 2 2 2 2 2 2 2 2 2 2 2 2 2 2 2 2 2 2 2 2 2 2 2 2 2 2 2 2 2 2 2 2 2 2 2 2 2 2 2 2 2 2 2 2 2 2 2 2 2 2 2 2 2 2 2 2 2 2 2 2 2 2 2 2 2 2 2 2 2 2 2 2 2 2 2 2 2 2
left_child=1 -1 3 67 -3 13 -4 11 79 10 28 74 -7 19 15 -15 17 23 39 82 58 22 -22 24 27 -26 -24 42 85 30 -17 54 38 34 -25 40 51 -29 -31 103 -35 81 -16 44 101 -36 -9 -48 49 50 -45 52 -34 -53 55 -32 57 -20 -21 60 99 -62 63 64 -61 -65 -64 -2 70 73 -30 72 -72 -70 75 96 77 -33 -78 -5 121 -28 -6 -84 -68 86 87 88 -10 90 -88 93 -93 -89 -13 -38 -8 113 122 -60 -37 -23 -103 106 105 -105 108 -108 -18 -87 -76 -77 -56 -71 -90 -43 -51 118 -41 -120 -58 -59 -11 -97 -92 -99
right_child=2 4 6 8 5 12 7 46 9 98 -12 94 -14 14 16 29 18 -19 56 20 21 43 26 33 25 -27 41 37 68 32 31 76 36 35 45 100 95 -39 -40 117 -42 115 -44 48 -46 -47 47 -49 -50 116 -52 53 -54 -55 112 -57 120 80 59 62 61 -63 66 65 -66 -67 84 -69 69 97 71 -73 -74 -75 110 111 78 -79 -80 -81 -82 -83 83 -85 -86 109 89 91 114 -91 124 92 -94 -95 -96 123 -98 125 -100 -101 -102 102 -104 104 -106 -107 107 -109 -110 -111 -112 -113 -114 -115 -116 -117 -118 -119 119 -121 -122 -123 -124 -125 -126 -127
leaf_value=0.04547813297758637 0.04400073554023691 0.045569947978099955 0.043937718885797568 0.014801807674482186 -0.022240296830711929 0.039838507332959884 0.048931345057133056 0.042784583529532468 -0.018793605525105613 0.0019244814368978003 0.04717318598411889 0.037558107008203827 -0.0045654242603664075 -0.021020257532522804 -0.023678141165146896 -0.019995617928828799 -0.017914024461387609 -0.016166734337281524 -0.023469982607123869 -0.021877973261293232 -0.013068930701497308 -0.018108227861131192 0.053709352670508734 -0.019328238201783924 0.091286483689620862 -0.023874084072112063 0.00077528950483057239 0.016593503990480641 -0.018078595731058213 0.1122544626857086 -0.011593177041642857 0.045875149552003461 0.0021234941747779747 -0.020651582990434167 0.072541896583200399 0.043332763041813445 -0.017258290504616344 0.065225930330914908 0.016682813739176766 0.048167328168405431 0.018274788312884056 0.047574336052973447 0.01857491861430044 0.0044721317449343016 0.038816927887954891 0.012910031304034246 -0.020791244083213877 0.0376369328426443 -0.015192448525538209 0.019879433911394497 0.048956404000889818 0.037312534405169517 0.047395543331973322 -0.015709297708314841 0.025979698295047118 0.055389975306763005 0.032954946850791707 0.0029632971701241064 -0.015192854034691394 0.10328590011232751 0.068107070867925487 -0.0028348844719821432 -0.021262078864165354 -0.0077907945087431632 -0.022776806524766102 0.044143977296442406 -0.01054376967826862 0.030436370691637207 0.056198483286143928 -0.0091829348737444 -0.023129323280262872 -0.012984938112248332 0.055711177503319338 -0.012458287545203164 0.048455948297125816 0.007637704291844437 -0.021361329901494357 -0.023554496754552259 0.071038356681448853 0.038592252733286182 -0.024383076105300456 0.064063139719415935 -0.023189690223259844 0.049573728282109882 0.025537691712719583 -0.0056604129315509823 0.056773641283882736 -0.0095276644763292156 -0.015586706311289085 -0.012972400048133078 -0.019530997774959754 0.027634421101992986 -0.010902041535083245 0.059235483550399835 -0.023301950645385986 -0.023738893426255847 -0.023465436619829454 0.025653869512608327 -0.0072030452269007542 0.072883868271460012 -0.023573903758122045 0.011689139133665923 -0.014020658043818779 0.052003712289469969 -0.012727803418549802 -0.0076625307496480223 -0.01920475007643099 -0.0010705651046983486 0.014803683204244317 0.073623450031500726 -0.017629355924146828 0.055502063425581269 0.086689546425416833 0.065476689949333644 0.028972585054469931 0.0033871341478639377 -0.012767325164314211 0.059910702880560301 0.022116290356775769 -0.01961130775967335 -0.019846254907388377 0.04387444361076797 0.047634429947511901 0.052306145807891717 0.018095242973038602 -0.018008755645233999
leaf_weight=425.18786086142063 1905.7515846639872 149.44609570503235 12855.221969537437 88.803024366497993 453.09531837701797 157.39167654514313 5.8579909056425086 1392.5253670588136 119.91643170267344 11.797833494842051 51.187266707420349 68.678545206785202 50.984049290418625 178.01122459024191 53.176275685429573 99.168065473437309 916.11374087631702 319.6325818747282 15.873692169785498 252.56079421192408 81.490652792155743 352.44448559731245 53.840300649404526 26.541635438799858 48.802715167403221 17.324790380895138 123.26538578420877 68.486968092620373 459.52428962290287 14.151583559811117 19.363424777984619 22.529434368014336 117.07311056554317 145.45002494007349 31.818021237850189 34.156296536326408 54.48740079253912 30.454736992716789 8.0084007233381254 13.77752899378538 37.811263144016266 46.282154619693756 44.404030457139015 177.20220397412777 16.403901174664497 17.80499979108572 28.853871189057827 98.651362299919128 114.24922607839108 23.729541040956974 55.444574855268002 168.33091440796852 34.872693754732609 13.754714272916315 8.831589028239252 21.170326039195061 9.6798845306038839 15.583958163857458 43.776504397392273 9.8497793599963206 37.948847703635693 11.108171746134756 429.81798676401377 204.74637219309807 8.1711552143096906 18.225000321865082 875.40774807333946 205.78772262483835 22.149339713156223 7.736372426152232 8.3473675474524516 40.083326160907745 22.100180096924305 10.278988420963286 5.4960312843322745 26.160239741206169 59.962272495031357 11.853999167680739 4.5200390815734854 134.29456689208746 8.8939563855528814 7.6770963147282592 12.180080369114878 11.949685968458651 21.885019972920418 6.1665192544460323 19.298493385314941 8.0719399899244291 14.921043723821638 215.67886380851269 29.304836928844452 79.882190398871899 35.724627703428268 37.675510041415691 8.0853155478835088 5.1055785045027759 33.628937728703022 11.1154553219676 12.558978393673895 3.5309720486402503 6.5997704714536658 105.66726202517748 246.04017356038094 43.911469906568527 256.86831343919039 26.737935088574886 233.91110590845346 398.57108745723963 36.174773290753365 10.086566068232058 200.32049242407084 16.611649572849274 21.189939498901367 8.5959440469741804 46.509814143180847 15.144902870059012 153.99168811738491 8.8516737297177297 21.502511322498322 32.638549156486988 37.953206107020378 72.745946243405342 70.489916235208511 11.359260149300097 28.062833830714226 85.25775246322155
leaf_count=311 1627 107 10799 450 4391 241 14 1288 1020 64 37 169 389 1697 424 873 8576 2959 136 2438 671 3221 44 219 72 132 960 330 3984 23 164 19 752 1081 40 103 453 104 39 39 227 184 193 1284 34 94 204 152 1002 170 138 647 98 105 40 78 42 91 395 28 124 89 4261 1700 78 89 7779 517 63 55 74 306 64 79 4 134 530 97 4 212 63 26 109 31 101 45 53 60 125 1825 250 380 286 123 69 41 285 55 80 15 52 664 2144 87 2176 178 2193 3221 192 14 1629 42 29 14 197 96 1382 16 114 290 358 185 81 25 133 709
internal_value=0 -0.00133837 0.0390316 0.0253898 -0.00375678 -0.00466895 0.0425551 0.0331252 0.0038601 3.26596e-05 -0.00235316 -0.000698573 0.028974 -0.00555937 -0.00251848 0.00721639 -0.00532358 0.00294549 -0.00871794 -0.00855341 -0.00692438 -0.00191741 0.0142424 0.0137993 0.0256234 0.0611155 0.023282 0.0136807 -0.00426431 0.0144411 0.00307589 0.0165805 0.0215875 0.00345365 0.0265871 -0.0044116 0.0185163 0.0315628 0.0777158 -0.0105356 -0.0126201 0.014766 -0.00445084 -0.00617031 -0.0110469 0.0511457 0.0412437 0.0244149 0.000527587 0.00490415 0.0150737 0.0238486 0.0125138 0.0333073 0.0427258 0.0233914 0.013776 0.0234174 -0.0110325 -0.00938682 0.0222629 0.0520434 -0.0113318 0.000168543 0.0461258 -0.0035458 -0.0134202 0.0426788 -0.0110067 0.00246848 -0.0146963 0.00733974 0.0340966 0.034436 -0.00918475 0.00752876 -0.00207809 0.0219387 -0.0148844 0.0291226 0.0310727 0.00448583 -0.0204663 0.0128446 -0.00966374 0.0027254 0.00168074 0.00826995 -0.00627924 -0.00604346 0.0134492 0.0246219 0.0157259 0.0471025 0.0311479 -0.00658754 -0.0127252 -0.0067294 0.0346874 -0.00861892 0.0324983 -0.0122085 -0.00629639 -0.0114969 -0.0036355 0.0294225 -0.0131216 -0.00777714 -0.0166712 0.0435427 -0.0158646 0.0262272 0.0688302 0.0301115 0.0181495 0.0366799 -0.00840829 0.0134089 0.00734847 -0.00303889 -0.00911612 0.0366565 0.0410809 0.0287254 -0.00112518 -0.0129728
internal_weight=0 8656.13 18547.3 3807.16 8230.95 8081.5 14740.1 1884.87 1695.62 1472.52 1377.68 364.839 208.376 7873.12 3906 873.744 3032.25 882.464 2149.79 3967.13 3489.9 1572.87 327.7 562.832 262.65 66.1275 246.21 196.522 1326.49 695.733 268.589 169.421 427.144 300.182 76.1647 224.017 404.984 98.9417 22.16 1989.06 183.261 192.37 97.5803 1245.17 720.556 49.623 1520.03 127.505 524.617 410.368 232.647 334.031 151.946 182.086 70.5553 40.5338 160.731 113.098 1917.03 1664.47 96.3645 49.057 1568.1 240.992 18.0209 222.971 1327.11 2111.54 675.189 145.134 530.055 70.5309 30.4475 32.4283 288.075 82.2588 98.8657 34.3834 64.4823 223.098 97.2239 130.942 477.225 24.1298 897.293 651.3 635.047 342.702 181.347 292.345 76.6662 161.354 115.607 45.7475 76.7639 70.9522 39.4869 112.706 94.8467 47.3075 40.7561 704.152 351.707 1912.29 327.518 70.6494 1584.77 632.482 952.289 16.2531 205.817 42.7719 30.0215 16.3323 61.4309 61.4271 177.721 76.7703 67.9186 54.1411 47.6331 88.3299 82.2877 16.4648 57.3677 96.3732
internal_count=92168 64397 27771 12982 64086 63979 14789 3990 10838 10176 9951 2346 630 63349 29701 5714 23987 6030 17957 33648 29117 12020 1981 3071 1255 204 1310 1051 9914 4017 1834 961 2183 1816 353 1463 2121 434 62 17082 1308 1266 617 10039 6063 134 1644 356 3976 2974 1422 1602 850 752 311 242 875 475 17097 14659 623 213 14036 1895 106 1789 12141 2144 5403 975 4428 444 138 142 2108 475 650 116 534 662 339 986 4531 140 7880 4511 4452 2191 1342 2261 436 849 666 183 238 519 299 833 225 410 155 6029 2808 16623 2441 265 14182 5414 8768 59 1633 176 69 69 322 280 1552 459 443 404 400 276 145 66 383 764
is_linear=0
shrinkage=0.02


Tree=22
num_leaves=127
num_cat=0
split_feature=14 15 15 14 15 1 0 14 0 2 1 7 16 14 0 9 16 15 16 7 1 14 9 11 15 7 8 0 8 8 15 2 9 0 8 3 8 9 8 15 14 2 0 15 9 9 7 15 15 1 6 14 16 8 14 8 9 8 8 2 8 8 11 11 8 11 9 8 7 9 9 9 2 1 1 11 11 0 7 9 2 8 8 16 14 9 15 6 7 9 8 11 8 9 8 16 6 1 3 9 15 9 2 0 11 7 15 15 7 9 8 0 9 9 11 0 2 8 16 9 8 11 2 9 8 1
split_gain=25712.7 5110.01 975.186 1639.46 748.801 628.195 458.064 435.718 365.426 247.098 211.945 192.013 216.171 167.583 159.434 176.32 149.474 148.42 142.551 266.086 142.394 147.201 138.14 135.257 132.785 128.777 127.544 115.227 177.585 323.33 162.635 144.748 143.635 130.305 121.179 111.119 107.019 117.016 220.836 172.113 147.339 119.464 100.983 98.7985 121.83 98.0789 96.0991 206.597 167.849 95.6797 93.0414 87.1116 77.2384 100.919 76.6166 75.4207 119.44 74.3562 189.908 123.557 74.2226 150.386 122.836 84.365 84.8887 78.1693 73.7521 119.863 71.4981 67.9374 63.31 130.944 139.441 68.0901 63.1101 61.5037 70.7141 61.2997 65.8919 60.3334 101.222 59.5761 59.2413 81.001 86.0098 59.1179 57.6152 57.5291 57.1269 82.1607 56.9655 88.2201 170.374 87.4491 81.2335 96.6377 56.7747 55.0211 66.9554 54.7086 53.5498 58.4374 53.1886 68.6943 67.4501 52.9435 52.6693 52.4217 97.0879 51.8972 51.1593 64.8866 50.4657 62.7713 64.5853 50.0672 61.4342 49.6376 48.7088 48.6079 48.2909 48.1884 46.0873 45.419 53.2434 57.2156
threshold=0.7761511802673341 -0.98727962374687184 -1.3535210490226743 1.887318015098572 1.1461044549942019 0.40131579339504247 -0.053965032100677483 -0.094450104981660829 0.37736880779266363 -6.6604938507080069 1.6513158082962038 0.95917025208473217 0.85384848713874828 -0.15844944864511487 -0.27722449600696558 0.020008387975394729 0.88005742430686962 -1.3535210490226743 0.92915815114974987 -0.21341570466756818 1.4276315569877627 2.6773790121078496 -0.67865929007530201 -0.22252093255519872 0.29051074385643011 0.013141315896064045 0.58489501476287853 -0.033611157909035676 -0.64291095733642567 -0.59348425269126881 -0.59574958682060231 0.87860083580017101 -0.30236525833606714 -0.13743405789136884 0.53986790776252758 1.7941176295280459 0.18490620702505114 0.066093422472476973 -0.68871176242828358 -0.62798810005187977 0.083712968975305571 0.088477365672588362 -0.25867402553558344 0.18118525296449664 0.64887681603431713 0.5925770401954652 -0.50185924768447865 0.87182176113128673 -0.92198339104652394 1.0855263471603396 1.5833333134651186 0.4423926323652268 1.1129088997840884 0.64028519392013561 -0.29648716747760767 0.5214291810989381 0.3460983037948609 -0.54975369572639454 -0.59348425269126881 0.24485597014427188 0.63625517487525951 0.42524318397045141 -0.22252093255519872 -1.0000000180025095e-35 -0.23509580641984937 0.6784479320049287 0.67428746819496166 -0.583143651485443 -1.4540902972221372 -0.31894938647747034 0.43074347078800207 0.36997047066688543 0.36831274628639227 1.3223684430122378 0.82236841320991527 -1.0000000180025095e-35 -0.22252093255519872 -0.26138153672218317 0.24836037307977679 0.70186319947242748 -0.59053498506546009 -0.12457882612943648 0.5151028335094453 0.63850855827331554 0.04542397893965245 0.066093422472476973 -0.90078088641166676 1.5833333134651186 -1.0402734875679014 0.65590819716453563 0.69152030348777782 0.6784479320049287 0.70609092712402355 1.0000000180025095e-35 0.7019714117050172 -0.33881863951683039 2.7500000000000004 1.4539473652839663 0.20588235557079318 -0.035389345139265053 0.92774829268455516 -0.66762831807136525 -0.084362141788005815 -0.053965032100677483 -1.0000000180025095e-35 -0.98445278406143177 0.6615407168865205 -0.022120082750916478 0.43797212839126592 0.28838637471199041 -0.14582495391368863 -0.016185540705919262 -0.39836923778057093 -0.30236525833606714 -0.22252093255519872 -0.25867402553558344 -0.66460907459259022 0.19384504109621051 -0.047654116526246064 0.69614508748054515 0.70776253938674938 0.6784479320049287 0.30246913433074957 -0.13613965362310407 -0.63488757610321034 0.75657895207405101
decision_type=2 2 2 2 2 2 2 2 2 2 2 2 2 2 2 2 2 2 2 2 2 2 2 2 2 2 2 2 2 2 2 2 2 2 2 2 2 2 2 2 2 2 2 2 2 2 2 2 2 2 2 2 2 2 2 2 2 2 2 2 2 2 2 2 2 2 2 2 2 2 2 2 2 2 2 2 2 2 2 2 2 2 2 2 2 2 2 2 2 2 2 2 2 2 2 2 2 2 2 2 2 2 2 2 2 2 2 2 2 2 2 2 2 2 2 2 2 2 2 2 2 2 2 2 2 2
left_child=1 6 -2 5 7 46 54 14 25 -9 35 12 20 -6 -3 52 23 -8 26 49 22 -22 -5 57 -14 45 27 28 -11 31 33 32 -30 -31 -32 107 37 39 40 41 -39 -29 99 44 55 86 -4 48 -48 50 -20 -40 100 -54 115 -25 -57 58 -17 -60 61 63 -63 119 65 -65 67 69 -24 -50 71 73 -73 -45 105 76 -23 -46 -79 -72 -81 -76 -38 -84 -85 -71 97 88 123 -90 -44 94 -93 -94 95 -92 -21 98 -7 -28 -16 117 103 104 -88 -47 -41 -10 121 -26 -107 -112 -98 -114 -115 -1 -117 -102 -68 -18 -62 -109 -87 124 -19 -126
right_child=2 4 3 11 13 8 17 9 10 18 -12 -13 24 -15 15 16 60 87 19 96 21 75 68 43 109 -27 42 36 29 30 34 -33 -34 -35 -36 -37 82 38 51 106 -42 -43 90 70 77 74 47 -49 66 -51 -52 -53 53 -55 -56 56 -58 -59 59 -61 120 62 -64 64 -66 -67 118 -69 -70 85 79 72 -74 -75 81 -77 -78 78 -80 80 -82 -83 83 84 -86 122 102 -89 89 -91 91 92 93 -95 -96 -97 112 -99 -100 -101 101 -103 -104 -105 -106 110 -108 108 -110 -111 111 -113 113 114 -116 116 -118 -119 -120 -121 -122 -123 -124 -125 125 -127
leaf_value=0.045677891735775668 0.043533296254491233 0.048066140921867347 0.039294238674667532 -0.026670673255632736 -0.022802708541551277 0.00043386180830848776 0.036757252129759763 0.044353797358586251 0.038647156788202255 -0.019659889023578819 -0.0022406704881270919 0.044005300429703097 0.044112547467295898 0.041166455718527083 -0.01691685650294085 -0.022438850810821354 -0.022987984525332138 0.049218768150643792 -0.0085973449533452238 -0.019511543390650154 -0.0097884870178438829 0.030699925575478796 0.041819373598443205 -0.014780924821613646 -0.0035964971492391975 0.051989882440293365 0.048840300471013107 0.018445923118080541 0.038946489233328857 0.046568001672249747 -0.0045431665946512991 0.07975327438289613 -0.023309530414024324 0.0082266703018113001 0.024940027275812775 -0.014476998103594856 -0.020987052110835604 0.065057351602037614 0.0028261603506531492 -0.018004527855089106 0.0099347710070416713 -0.013288419244136445 -0.0191511251111019 -0.014399856883480397 -0.023881506395981092 0.046013464413181313 0.044989987988429563 0.044325385781639075 0.055377335993827999 -0.016066163680138811 0.045968404319498148 -0.014482664761056091 -0.0068810728688266558 0.059815301407237884 0.04244870952505253 -0.011200740881624951 0.021152208517566221 -0.021668060735508511 -0.023776116864675081 0.062083551109138678 -0.022743021368168269 0.04473447704971939 -0.016469276633929303 0.025234435617111545 -0.023469720077116656 -0.02282305304039671 0.047002635456330356 -0.0079972419030071261 0.029138912944313939 -0.024127420846803003 -0.018768358743181116 0.045549174769339597 -0.023247934145447038 0.026544355050885454 0.020881691549439318 0.034052285011897443 -0.02664073280964277 0.0091322532152849009 0.038814711872748819 0.058524811816338049 -0.010706403649400479 -0.022992655855908102 -0.012926339543587429 0.064920717964634875 -0.023035718313320568 0.039620319505627027 -0.023402586225083146 0.04932440271203456 -0.0065895143537214344 0.046157105592833897 0.039299541202798841 -0.02298442771249409 0.082860681095325475 -0.0053123196365012009 -0.022836184887737723 -0.0098136230343414937 -0.018915184023748997 -0.015221192770974296 0.038836382289876008 -0.023111495734459347 -0.0011228604327047614 -0.0094652437385432369 -0.022355510816829592 -0.010810500289557887 0.066924947181407207 0.038033630851491133 0.049945680847816705 -0.0041023476602104402 0.043207534722541012 0.042230747651938377 -0.023921383025595433 0.028103429729117727 0.043778575730800122 0.026819003223429633 -0.016681976018749382 0.044368996076284938 -0.02434451486003654 0.082423133160137316 -0.0035667520509322309 0.039202019274749214 0.028897229242701897 0.036024187870855942 -0.01253771245255075 -0.019719859784617596 0.027957979924245598 -0.019444272929844523
leaf_weight=12.570312976837156 11351.638965949416 17.891554594039917 339.19569158554077 15.267316728830336 18.284412018954754 110.36718437075615 65.790011271834373 44.957355618476868 197.64122535288334 130.76631977409124 113.80236232280731 2470.8016575872898 893.83175851404667 157.38298583030701 2039.3611741364002 63.423372805118561 64.622196882963181 9.0693619176745397 14.355936698615549 70.042405068874359 68.637848921120167 17.87466099858284 292.22386488318443 229.71516590565443 33.677838735282421 16.791797429323196 16.080187700688843 117.50709094852209 66.459796473383904 48.718842707574368 759.81639294326305 25.016573958098888 19.079317696392536 130.2390561029315 60.17827944457531 21.598897196352482 241.2952521443367 34.354683384299278 452.12320827692747 393.87138686329126 44.547380171716213 79.588646747171879 341.4571261703968 196.29154782742262 17.945194616913795 24.80410972237587 61.796265974640846 150.51478053629398 20.263581141829491 14.291549287736414 96.665187433362007 156.58641724288464 39.962979391217232 11.740645781159399 1047.749733954668 109.30423461645842 78.369737379252911 459.26448545604944 9.4641738608479482 22.989787183701992 52.216748259961605 63.150951191782951 16.555567689239979 84.155896879732609 25.336028970777988 16.134208954870701 28.147858083248138 131.94284059852362 454.48692708462477 13.30842115730047 403.00546316802502 37.163889802992344 17.256370939314365 17.712469264864922 19.880310170352459 100.8449894785881 16.584875844419003 158.17966476082802 36.892353273928165 10.893815293908117 37.619048327207565 32.812381722033024 56.198218628764153 12.77264889329672 6.8224164471030226 25.071007013320923 4.9923741221427926 9.5575972795486432 25.945622339844704 21.684780620038509 21.774051889777184 19.606464758515358 15.914110064506533 6.2727381065487853 115.45296398550272 60.700153589248657 28.352724455296993 69.59002473950386 21.73720521479845 5.7344077154994002 5.1759765818715078 25.695096112787724 154.79076933860779 73.659173168241978 9.7938036769628489 19.042630270123482 4.6163253262639037 49.217238523066044 47.776165887713432 13.99092675745487 22.66515176743269 16.62216480076313 19.036762788891792 23.672482490539551 32.2514893040061 7.4866512343287495 17.074396662414074 6.3153473138809204 10.446498721837996 5.4512705355882636 8.4101555794477445 15.818911500275133 9.2864099070429784 65.395481802523136 15.20423801243305 30.85561691224575
leaf_count=9 8209 13 412 99 175 771 117 32 318 1116 803 1766 666 174 20541 659 590 27 93 656 418 35 243 2196 162 34 42 693 300 100 5879 61 158 821 327 151 2201 126 3281 3508 320 650 3147 1809 144 31 46 124 31 110 151 1313 327 20 902 905 497 4804 73 44 497 132 134 379 214 150 45 911 999 97 3958 163 150 101 99 161 100 1071 148 37 342 293 476 48 60 65 42 7 180 53 127 174 44 46 1070 523 259 587 56 50 42 232 1388 617 22 54 22 319 69 22 173 69 48 98 246 15 126 10 56 33 36 40 59 555 75 264
internal_value=0 -0.000551257 0.0400472 0.0336763 -0.00634733 0.0177981 0.0358841 -0.00722526 0.00761144 -0.00225531 0.0213138 0.0403253 0.0355583 0.0345082 -0.011515 -0.011759 -0.00784435 0.0110944 -0.00281525 0.0104391 0.028911 0.014068 0.0328837 -0.0100132 0.042378 -0.00261239 -0.00396484 -0.00219143 0.00238415 0.00498225 0.0013905 0.0374363 0.0250604 0.0186646 -0.00237944 0.0293864 -0.00573765 -0.00316663 0.00245426 -0.00965605 0.0339356 0.00563137 -0.012319 -0.00659667 -0.000815432 -0.00419114 0.0312527 0.0252017 0.0156154 0.0326424 0.0389126 -0.00162642 -0.015882 0.00826406 0.0414482 -0.00709649 0.00230935 -0.0183237 -0.00230379 0.0370453 0.00445421 0.00886436 0.0320221 -0.000567544 0.00923984 0.0175032 0.0080033 0.00311578 0.0341014 0.0247012 -0.0116589 -0.00396683 0.023734 -0.011011 0.0106844 0.02617 0.0031027 0.0114918 0.0147459 -0.0162318 0.00483983 -0.0064394 -0.0161421 -0.00071757 0.0342969 0.0116602 -0.0087323 0.00159397 -0.00111893 0.0174245 -0.0139047 -0.00643164 0.0199718 0.0579321 -0.0120069 0.00315277 -0.00561086 -0.000828802 0.00675283 0.0299263 -0.0164832 0.00730128 -0.015286 -0.00291341 0.0364269 0.021538 -0.0172174 0.0324381 0.0215601 0.00985394 0.0111301 -0.00191008 0.00381324 0.0124099 0.00173188 0.013215 -0.0033994 0.044792 0.0333148 -0.01815 -0.0155795 0.00565773 0.0255226 -0.00844717 0.00492475 -0.00379691
internal_weight=0 9678.89 17563.2 6211.6 8350.51 1833.38 1328.38 8174.84 1043.4 3787.18 445.855 4378.22 1907.42 175.667 4387.67 4369.78 2241.52 243.503 3742.22 298.669 965.92 203.942 761.978 1905.49 941.501 597.549 3443.55 2840.56 1240.27 1109.51 998.953 110.556 85.5391 178.958 819.995 332.052 1600.28 1283.2 687.612 595.583 78.9021 197.096 602.992 1350.35 630.406 580.757 789.973 450.778 300.263 125.313 111.021 608.71 2128.25 51.7036 1084.88 417.389 187.674 555.142 95.8773 32.454 336.033 275.406 79.7065 195.7 125.626 100.29 238.467 199.872 746.711 67.9294 719.943 268.424 54.4203 214.004 135.827 135.305 34.4595 213.017 195.072 451.518 48.5129 52.6927 317.089 75.7933 19.5951 47.6658 444.931 177.713 168.155 47.6304 581.178 239.72 41.7933 22.1868 197.927 82.4742 173.356 201.694 132.104 21.8146 2076.55 37.1864 243.236 88.4454 14.7862 83.1341 398.488 310.454 112.812 47.6688 58.3299 39.2873 103.313 74.9607 55.924 37.1314 24.561 11.4913 38.5944 70.0735 60.6269 65.0362 34.3574 120.525 55.1292 46.0599
internal_count=92168 71506 20662 12453 69176 7782 2330 68827 5936 28376 1700 4671 2905 349 40451 40438 19266 1278 28344 1661 2055 714 1341 17101 850 4236 26683 21460 8762 7646 7127 519 458 921 6206 897 12698 9913 5040 4873 446 1343 5223 11521 4961 4202 1846 1434 1310 354 244 4594 21172 347 1052 3598 1402 5580 776 117 2165 1632 266 1366 743 529 1264 1163 1242 252 6560 2223 313 1910 719 296 135 1363 1219 4337 379 392 2785 584 108 221 3483 1161 1154 233 5131 1984 264 90 1720 650 1307 1414 827 92 20825 284 2069 681 64 327 3530 746 428 184 296 242 651 392 344 150 141 52 101 623 533 359 124 921 366 339
is_linear=0
shrinkage=0.02


Tree=23
num_leaves=127
num_cat=0
split_feature=14 15 15 14 15 1 0 14 0 13 2 13 1 15 14 0 9 16 10 0 10 6 6 16 13 1 7 3 15 15 0 13 1 0 3 2 15 10 0 0 9 14 14 9 16 1 9 3 16 1 1 14 10 1 9 2 2 9 9 16 1 14 7 9 2 9 10 1 10 1 6 0 15 2 9 9 2 15 7 9 15 9 1 3 14 2 0 15 9 15 13 9 7 7 7 14 6 0 2 3 9 9 10 7 14 7 2 9 0 9 10 9 9 9 10 14 7 10 4 10 2 15 15 9 1 16
split_gain=24485.2 4898.18 933.814 1559.65 718.763 597.196 435.934 425.385 348.69 261.447 236.595 219.454 201.14 174.621 159.233 153.021 173.674 145.179 208.658 232.632 152.448 147.985 140.675 137.117 272.632 124.38 121.521 118.18 182.643 136.685 124.979 114.784 110.889 109.52 103.885 101.323 97.1656 115.829 119.226 94.6181 94.5836 89.3951 87.7827 86.5346 139.63 85.4014 88.8252 85.2311 84.8174 84.7264 82.4699 128.492 80.408 78.9872 163.071 109.56 75.8993 95.0216 75.8607 75.5005 72.6282 72.2868 71.944 70.7418 69.6309 67.8748 65.049 62.511 61.3375 60.1233 58.3176 81.2241 57.881 66.9327 57.6278 128.341 91.2082 56.3677 55.7779 55.687 55.2384 54.5116 53.2307 63.1167 52.919 52.5694 65.208 52.4155 54.754 52.3098 61.4429 50.3805 77.0221 50.0596 49.8622 49.8466 48.9193 47.728 58.8999 47.4501 46.8838 46.0354 45.8805 45.6405 46.9599 45.2721 45.497 65.3811 64.772 45.0896 45.005 44.9614 60.4855 44.3181 43.3744 43.2053 42.5066 41.3712 45.1139 42.2083 40.4507 39.4477 70.5247 47.9886 39.3345 38.9866
threshold=0.7761511802673341 -0.98727962374687184 -1.3535210490226743 1.887318015098572 1.1461044549942019 0.40131579339504247 -0.053965032100677483 -0.094450104981660829 0.37736880779266363 0.13940174132585528 -6.6604938507080069 1.9143015146255495 1.6513158082962038 0.63922914862632763 -0.15844944864511487 -0.27722449600696558 0.020008387975394729 0.80128589272499096 -0.38873952627182001 -0.024598641321063038 1.0000000180025095e-35 2.7500000000000004 0.91666665673255932 0.92915815114974987 0.16974896937608722 1.4144736528396609 0.013141315896064045 -0.17584410309791562 -0.59574958682060231 0.67755714058876049 -0.12937241047620771 0.52676329016685497 -0.28289473056793207 1.213112533092499 0.67647060751914989 -1.2777777314186094 0.29045645892620092 -0.38873952627182001 -0.1024150252342224 2.2544118165969853 0.5925770401954652 -0.52236616611480702 0.4423926323652268 0.70395612716674816 -0.15239220112562177 -0.25657895207405085 0.51286014914512645 -0.08823529444634913 0.12810270488262179 -0.4407894760370254 2.5460526943206792 6.3308494091033944 -0.38873952627182001 -0.019736842252314087 0.56625962257385265 0.90329217910766613 0.31069958209991461 0.67428746819496166 0.13915912061929706 1.1129088997840884 -0.26973684132099146 -0.29648716747760767 -1.2634940743446348 -0.69663995504379261 0.95267492532730114 0.31344507634639746 0.38873952627182012 -0.04605263099074363 -0.56174489855766285 0.82236841320991527 2.7500000000000004 0.79515123367309581 0.13369484990835193 0.90329217910766613 0.11189543083310129 0.3460983037948609 0.80452674627304088 -0.90078088641166676 -0.79870587587356556 0.70555400848388683 -0.85678535699844349 -0.30236525833606714 1.4539473652839663 0.20588235557079318 -0.27390800416469568 -0.084362141788005815 -0.053965032100677483 0.92774829268455516 -0.66762831807136525 -0.85688525438308705 0.71028950810432445 0.65590819716453563 -1.0402734875679014 -0.60253909230232228 -0.98445278406143177 1.0561854839324953 2.7500000000000004 -0.25867402553558344 -0.66460907459259022 1.5588235259056094 0.066093422472476973 0.038463750854134567 0.38873952627182012 0.43797212839126592 1.2480748295783999 0.013141315896064045 -0.7716049551963805 0.12100457772612573 -0.11589905247092246 0.61635693907737743 -0.56174489855766285 -0.39071239531040186 -0.30236525833606714 0.28838637471199041 0.56174489855766307 -0.2150558605790138 0.69559305906295787 -1.0000000180025095e-35 1.0000000180025095e-35 0.56174489855766307 -0.82098764181137074 0.094772551208734526 -0.17848423868417737 -0.59589663147926319 0.80921050906181347 0.89963558316230785
decision_type=2 2 2 2 2 2 2 2 2 2 2 2 2 2 2 2 2 2 2 2 2 2 2 2 2 2 2 2 2 2 2 2 2 2 2 2 2 2 2 2 2 2 2 2 2 2 2 2 2 2 2 2 2 2 2 2 2 2 2 2 2 2 2 2 2 2 2 2 2 2 2 2 2 2 2 2 2 2 2 2 2 2 2 2 2 2 2 2 2 2 2 2 2 2 2 2 2 2 2 2 2 2 2 2 2 2 2 2 2 2 2 2 2 2 2 2 2 2 2 2 2 2 2 2 2 2
left_child=1 6 -2 5 7 9 61 15 26 47 -9 13 31 25 -6 -3 59 18 19 48 33 -22 35 27 96 63 40 28 49 42 53 99 -31 34 -19 -8 -32 67 -39 70 77 -23 43 60 66 46 -43 56 74 52 -13 102 -12 72 -55 -56 121 116 -47 87 93 97 109 -5 78 -36 -45 -38 -62 94 71 -26 73 -30 76 -76 -18 82 -65 105 -27 114 83 -7 -81 86 -79 125 115 90 -64 -37 -93 -29 -42 -96 -25 -1 -99 103 -49 -35 -52 104 124 106 107 -20 -108 -44 -82 -98 -113 -34 -61 -89 -58 -14 119 -119 -74 122 -4 -123 -10 -17
right_child=2 4 3 11 14 8 22 10 12 -11 23 50 117 -15 -16 16 17 20 79 -21 21 41 -24 24 39 80 -28 29 30 32 36 -33 113 101 65 91 37 38 -40 -41 69 45 62 44 -46 58 -48 100 -50 -51 51 -53 -54 54 55 -57 57 -59 -60 81 68 -63 89 64 -66 -67 -68 -69 -70 -71 -72 -73 120 -75 75 -77 -78 85 -80 84 110 -83 -84 -85 -86 -87 -88 88 -90 -91 -92 92 -94 -95 95 -97 111 98 -100 -101 -102 -103 -104 -105 -106 -107 108 -109 -110 -111 -112 112 -114 -115 -116 -117 -118 118 -120 -121 -122 123 -124 -125 -126 -127
leaf_value=0.044532323693311289 0.042518866397917458 0.046757065280603652 0.03072074272904687 -0.024470382106985412 -0.02274023194909337 0.00042506084312034492 0.040863959859690518 0.043298155685003455 0.021281078824519212 0.037623938221173082 0.0520802273096325 0.042350250808910278 -0.012655082344716859 0.042594269784935065 0.040079271565491868 -0.018240406003409464 -0.023069764268980556 -0.022728637794455806 0.088951456533267151 -0.017544641260589341 -0.02274630007906623 -0.023543167449850428 0.045304620577293724 -0.01941007620701439 0.038157519651193551 -0.023447238415371517 0.049908176743588883 0.011574107050698421 -0.0039450518713385974 -0.02343433672695169 0.11495432399543991 0.036063613795014056 0.082017571751285975 0.025417844358260805 -0.023103913028877085 -0.0064617349577955584 0.068322994461909689 -0.0092719195674354753 0.050406920258599622 -0.011094801938700169 0.044555592232620435 -0.023608562612346892 -0.0018175307798096131 0.010713794091713106 -0.02322276753281188 -0.023529466862453316 0.03079359764441908 -0.023574896483111805 -0.01827734493462959 0.058524943839920469 -0.024746198137222723 0.043006155551502105 -0.024699290653426225 -0.018108570988788937 0.07765032208016838 -0.023235606620029266 -0.023385253608674338 0.036610208475063188 0.040785825984079448 -0.01873074160983727 -0.014716654038676748 0.041413072888380906 0.048817911982202492 0.038867887616224922 -0.012377842254343002 0.037499764473871378 0.062429812392726491 0.011901325118405293 -0.0026556366562867175 -0.0063499973604961351 0.049991027440331709 -0.023445619408266664 0.021734990270865007 0.01801166847197375 -0.019158134630677563 0.015144993210669658 0.049870518528969995 0.035016550784696093 0.026039051785138084 -0.022840242982416263 -0.024478315209844205 0.039512426002998285 -0.015082648946575588 0.037469896243416075 0.070155111396266165 -0.022276403170376644 -0.010679358643622669 -0.00093161590138508138 -0.0093437579468090524 -0.017361777986282353 -0.0062556990797410254 -0.015723655788373474 0.045282480035772982 -0.022948306086288246 -0.013056991331279206 0.025099583847681885 -0.018866849849324831 0.042882729336641952 -0.024243853636415499 -0.023140782332942814 0.01323237429169419 -0.021119278806613854 0.033137517181035872 0.041936992367600276 0.02737934508604406 -0.017903631961695303 0.0066991622643493573 0.0026343865626251815 -0.016300806554269624 0.040445086193377389 0.019213972307788773 0.043067924695634342 0.00044126693990845082 0.028326260986962414 0.030227407457286311 0.076327506104933024 0.041600972019019224 -0.014244072411095147 0.049167588908877562 0.02907740416650972 -0.015433227160414396 -0.023583250918189511 -0.02349153231811171 0.048757948901762604 -0.023451386156874678 -0.011416778895208993
leaf_weight=12.635117053985594 11389.61398100853 18.023235201835632 41.036741122603416 9.7596451863646489 17.971101276576519 110.39900423586369 26.21365337818861 45.130532622337341 12.057240605354307 572.22871343791485 9.472399830818178 3260.2202894762158 64.906711332499981 367.43379782140255 158.4083586037159 1588.1493901610374 8.712833032011984 24.872391521930695 4.0498566552996662 207.72618089616299 35.001796528697014 15.524092987179754 39.698857493698597 69.010770991444588 29.096744373440742 21.950529500842094 17.138721734285355 19.261416099965572 386.28624588251114 9.7968201413750631 4.0720071196556082 237.87036053091288 12.748024620115759 9.0304270982742292 8.9379797354340536 143.49812147766352 20.773178212344646 65.870726175606251 16.806734457612038 17.505993634462357 25.100299909710884 23.309664234519005 36.766474112868309 16.703109115362167 20.630859270691872 7.8901270925998679 24.753921411931515 34.652668565511703 41.30053698271513 32.270228445529938 22.845111526548866 43.116961941123009 12.867177553474901 22.050685465335846 20.141008347272876 5.4765662476420394 35.881791517138481 20.687477201223373 104.41869009286165 26.395031124353409 190.57238059490919 1052.4228720292449 9.2205019667744619 219.3386491984129 15.237880691885946 42.741263546049595 23.298816025257111 12.630294956266878 1467.0167330130935 52.394483551383018 70.316081784665585 12.130520388483999 12.416998721659182 64.859017550945282 53.106734961271286 244.41069769859314 32.20119771361351 15.066597029566763 354.93978301435709 4.1736144199967384 11.08976226300001 15.474905230104921 68.832323350012302 22.075817674398422 5.9187396317720395 152.25909899920225 73.078312233090401 5.1173786446452141 25.510466434061527 508.76125637441874 66.856649823486805 13.937133975327013 20.387122809886932 131.55012309551239 21.846640460193157 36.701817490160465 28.391221582889557 7.5901299789547947 16.805091142654419 14.509154058992861 23.050369381904602 145.47231936454773 7.2048689872026435 20.503209985792637 26.75620674341917 856.79231838136911 61.732480727136135 26.336315117776394 237.0344760492444 13.921101629734038 63.006856068968773 17.612485058605671 54.572961501777172 11.880154833197592 9.973495200276373 6.6679217517375928 4.5348190590739241 24.235155314207077 10.183731034398077 14.306644275784491 206.37791385501623 3.9931555762886992 12.529151618480681 45.042872242629528 22.603753216564655 424.43111473321915
leaf_count=9 8209 13 134 73 175 771 47 32 56 753 10 2417 545 312 174 16462 82 238 16 2130 335 127 34 656 74 185 34 121 2951 82 5 397 27 45 79 1042 61 547 26 125 31 186 272 116 176 64 72 281 321 33 154 35 89 185 69 46 296 47 316 256 1672 902 33 239 78 126 63 73 11459 392 58 99 75 397 441 1288 61 64 886 40 83 55 587 56 15 1388 617 41 232 4527 533 106 49 1191 170 126 263 15 126 128 103 1422 16 41 90 8747 529 215 2371 59 193 43 343 44 36 11 6 185 19 54 1741 32 102 92 185 4079
internal_value=0 -0.000545788 0.0391131 0.0328894 -0.0062636 0.01741 0.0350373 -0.00713118 0.00746049 0.0304835 -0.00222014 0.0393559 0.0207883 0.0314419 0.0336787 -0.0113979 -0.0116401 -0.00774633 -0.0102892 -0.000528183 0.00251541 0.0148103 0.0108582 -0.00277088 0.0102273 0.0255486 -0.00257481 -0.00390214 0.00235861 -0.00610259 4.84977e-05 0.0286019 0.0334786 -0.0087069 0.010855 0.00415605 0.0189269 0.0155584 0.00285964 0.0321334 -0.00413169 0.0222837 -0.00664663 -0.00446326 0.019039 0.0267197 0.00440988 0.0120292 0.00878039 0.0377978 0.041879 0.0208799 0.00785667 -0.00311242 0.0217629 0.0560828 0.0193963 0.00174982 0.0362674 -0.0157632 -0.00525125 0.0404467 -0.0130677 0.0289351 0.0298192 0.0270183 0.0408354 0.0469892 -0.00404229 0.0104496 0.0389178 0.0200317 -0.00488237 -0.000788438 0.0120824 0.0090219 0.0343375 -0.00862261 0.0309389 -0.0150835 0.00441943 0.00807287 -0.000815018 0.00659827 0.0316976 -0.0151605 -0.00286856 -0.016366 0.00712721 -0.0150488 0.000419187 -0.00125524 0.0205113 -0.0185392 0.0209723 0.0108619 -0.00644236 0.0129822 -0.00335864 0.0101956 -0.00887166 -0.0183993 -0.0108678 0.0160999 0.0074746 -0.0154816 -0.00917712 0.0141387 -0.0115485 0.0097897 0.0126747 0.00245546 0.0108417 0.0561179 -0.00530474 0.0427803 -0.0160937 -0.00219918 0.011729 0.00183678 -0.0133239 0.0299056 0.0180404 0.042867 -0.00789066 -0.0168014
internal_weight=0 9629.88 17622.2 6232.61 8296.69 1836.46 1333.19 8120.31 1042.83 793.638 3775.12 4396.14 447.932 1062.76 176.379 4345.19 4327.17 2225.45 1783.5 587.458 441.953 210.898 243.735 3729.99 298.637 695.323 594.893 3431.36 892.371 2538.98 837.761 334.3 34.425 231.054 76.5516 204.036 120.153 116.081 82.6775 129.049 577.754 175.896 2504.56 1869.03 60.6328 160.372 48.0636 221.409 379.732 54.6098 3333.39 73.1669 22.3396 717.608 47.6683 25.6176 163.706 61.1041 112.309 2101.72 1808.4 1089.45 635.526 599.276 589.516 51.6792 40.0019 33.4035 1657.59 136.043 111.543 41.2273 669.94 451.145 338.431 297.517 40.914 441.711 574.278 1196.04 96.0471 51.8434 201.307 132.475 10.0924 240.404 88.1449 2049.88 37.2958 584.838 76.0772 177.822 34.3243 150.812 83.6488 58.5485 169.587 37.0303 24.3952 96.4296 57.703 154.503 30.05 81.9204 61.4172 1185.95 329.153 30.3862 298.767 50.6876 74.0966 100.577 72.1854 24.6282 36.3685 11.7853 40.4166 113.632 48.7255 38.5418 218.795 102.602 53.5659 49.036 34.661 2012.58
internal_count=92168 71506 20662 12453 69176 7782 2330 68827 5936 1846 28376 4671 1700 2049 349 40451 40438 19266 16256 4323 3010 1100 1278 28344 1661 1737 4236 26683 6308 20375 6176 897 153 1910 443 1244 712 707 573 356 4202 765 20222 14798 355 638 258 1093 2193 132 2622 205 99 5464 300 115 709 349 380 21172 14443 1052 5424 1276 1203 205 179 134 13131 719 231 173 5164 3348 1872 1729 143 3483 1125 11933 461 347 1414 827 55 2069 681 20825 284 5093 566 1197 155 1312 327 296 1305 150 141 500 384 1467 170 372 331 11878 3131 231 2900 331 276 649 386 71 292 52 302 803 258 239 1816 360 236 124 241 20541
is_linear=0
shrinkage=0.02


Tree=24
num_leaves=127
num_cat=0
split_feature=15 7 7 2 16 15 1 16 15 15 1 0 9 8 10 10 0 0 0 1 8 8 0 12 9 8 9 15 1 0 9 10 12 15 10 16 7 15 6 0 2 8 12 12 16 8 10 9 8 10 5 9 11 8 8 1 0 2 11 8 12 0 7 1 8 8 2 12 16 9 7 6 2 8 11 15 5 1 12 0 12 12 7 10 9 10 15 12 15 9 12 12 12 7 7 15 11 8 5 15 8 9 15 7 1 1 2 16 7 9 8 12 1 1 0 2 12 12 6 1 16 16 9 15 7 0
split_gain=16416.3 8698.8 4396.98 749.964 556.236 439.11 343.834 231.865 434.502 243.467 273.818 231.935 225.847 285.358 438.626 317.733 264.752 219.98 195.642 181.167 187.24 664.996 157.474 146.502 132.998 131.68 130.819 119.484 145.15 163.073 108.288 104.16 97.8509 86.3039 79.128 75.5267 84.7276 74.4867 74.012 98.7916 99.5393 73.8723 71.7862 86.8156 69.5843 64.1362 63.2204 58.8887 68.9287 56.3888 61.2864 52.5133 52.5045 51.5292 92.6091 50.7552 50.3738 43.7541 42.0748 41.6238 37.6412 37.5094 37.2465 39.5386 36.4517 35.5046 70.5476 35.2328 36.8186 32.837 31.677 30.3781 29.853 28.5662 128.314 26.8214 26.7166 26.6455 26.0329 24.6303 22.8145 22.6915 21.6091 22.6734 28.4449 21.0146 27.3026 20.8234 21.1927 20.4896 17.7982 21.1652 17.6498 17.5729 17.1176 16.2302 16.158 43.0823 16.0982 15.8481 15.8249 15.5401 16.5961 14.8216 14.6648 14.237 14.073 13.8083 26.9988 118.063 20.5239 13.7725 13.5415 21.9311 21.4063 13.1933 13.0726 12.9661 11.4537 11.4488 11.3568 11.3338 11.1239 11.0278 10.9859 10.914
threshold=-1.2063425183296201 1.0030285716056826 -1.35277384519577 -6.6604938507080069 0.8659237027168275 -0.9618692398071288 1.3486841917037966 1.0139531493186953 0.29051074385643011 0.92774829268455516 -0.26973684132099146 -0.27722449600696558 0.10276710987091066 -0.54385331273078907 -0.38873952627182001 -0.38873952627182001 0.84722238779068004 0.024279085919260982 -0.053965032100677483 -0.58552631735801686 -0.6389540135860442 -0.58836433291435231 0.66582557559013378 -0.33382290601730341 -0.66142448782920826 0.67444664239883434 -0.39071239531040186 -1.3535210490226743 1.3618420958518984 0.25648590922355657 -0.19003803282976148 -0.56174489855766285 0.99987411499023449 -0.077376812696456895 -1.0000000180025095e-35 0.068784367293119444 -1.9775282144546507 0.70978054404258739 2.5833333730697636 1.1916535496711733 -0.20370370149612424 -0.64675772190093983 -0.33382290601730341 -1.3327668905258176 -0.46401420235633845 -0.17293875664472577 -0.38873952627182001 -0.64011183381080616 -0.66431683301925648 0.38873952627182012 0.99954625964164745 0.37780287861824041 -0.22252093255519872 -0.3367812037467956 -0.36100059747695917 0.84868422150611889 1.3667322397232058 -0.41358023881912226 0.6784479320049287 0.55747419595718395 -1.0012316703796384 1.4747339487075808 -1.6439802050590513 2.3092105388641362 -0.67054775357246388 0.038631947711110122 0.85390949249267589 5.0009958744049081 0.78300815820693981 -0.23407224565744397 -2.0088061094284053 1.9166666865348818 -0.4670781791210174 0.7019714117050172 0.6784479320049287 -0.045400541275739663 35.500000000000007 1.4013158082962038 26.960092544555668 -0.09703079983592032 -5.9932813644409171 -0.6812496781349181 -1.6901387572288511 0.56174489855766307 -0.31894938647747034 -0.38873952627182001 -1.0895446538925169 -70.597522735595689 -0.16388268023729322 0.62513521313667308 5.0009958744049081 -30.321710586547848 -7.331183433532714 -0.54851552844047535 0.49651578068733221 -0.24704925715923307 0.6784479320049287 -0.62203851342201222 1.5000000000000002 -1.7392292022705076 0.61905220150947582 0.54929763078689586 -0.38676248490810389 -1.5973385572433469 1.3618420958518984 0.84868422150611889 -0.010288065765053032 0.068784367293119444 -2.5754982233047481 -0.4845640212297439 -0.67903119325637806 -258.73652648925776 0.49342104792594915 -0.098684210330247865 0.029669920913875106 -0.072016462683677659 18.964641571044925 -1.9990042448043821 1.9166666865348818 0.53289476037025463 -0.4553100168704986 1.0860415101051333 0.55504703521728527 -0.64492249488830555 -3.7888574600219722 -0.15358143299818036
decision_type=2 2 2 2 2 2 2 2 2 2 2 2 2 2 2 2 2 2 2 2 2 2 2 2 2 2 2 2 2 2 2 2 2 2 2 2 2 2 2 2 2 2 2 2 2 2 2 2 2 2 2 2 2 2 2 2 2 2 2 2 2 2 2 2 2 2 2 2 2 2 2 2 2 2 2 2 2 2 2 2 2 2 2 2 2 2 2 2 2 2 2 2 2 2 2 2 2 2 2 2 2 2 2 2 2 2 2 2 2 2 2 2 2 2 2 2 2 2 2 2 2 2 2 2 2 2
left_child=27 2 4 -4 6 18 24 9 55 11 30 -7 19 14 120 16 -15 -16 32 73 58 -22 62 -17 -2 35 53 99 67 41 46 -24 117 44 45 78 64 56 -28 40 51 69 43 100 61 92 47 -11 -49 52 -51 -40 -41 54 -10 71 -3 -32 -21 60 -47 -33 63 70 -37 66 -62 -29 112 -30 115 75 -34 93 -75 -9 -35 -57 -26 -74 -48 -43 -38 84 -84 123 -87 88 118 119 91 124 -20 -13 -42 -92 104 -98 -97 -1 -36 102 -66 -90 -64 -67 -45 108 109 -101 -111 -109 113 114 -69 -8 -106 125 121 -80 -14 -6 -81 -72 -46 -5
right_child=1 37 3 5 87 7 22 8 26 10 -12 12 13 15 17 23 -18 -19 34 20 21 -23 31 -25 25 -27 38 28 29 -31 57 33 72 76 42 36 82 -39 39 49 94 81 -44 106 90 59 80 48 -50 50 -52 -53 -54 -55 -56 77 -58 -59 -60 -61 65 -63 96 -65 101 105 -68 68 -70 -71 85 -73 79 74 -76 -77 -78 -79 89 122 -82 -83 83 -85 -86 86 -88 -89 103 -91 95 -93 -94 -95 -96 98 97 -99 -100 107 -102 -103 -104 -105 116 -107 -108 111 -110 110 -112 -113 -114 -115 -116 -117 -118 -119 -120 -121 -122 -123 -124 -125 -126 -127
leaf_value=0.041716158312396376 -0.021042238411427622 -0.022757976021791124 0.043437570340998245 0.041525912931798067 0.0066833947275289855 0.048563942506101666 0.046709340227700902 0.034567327527007453 -0.022582526803070567 0.072786457638345264 0.051045036430386687 0.0056456705695589228 -0.0093809687929467499 0.0087060742164333533 -0.00093186262320775633 -0.0012315958976578587 -0.019736742854345547 0.022407685511230888 0.021826623343572583 -0.019728799070251889 0.025366021564123854 -0.0081636939740460535 -0.024925319122996017 -0.012531981835559616 0.04230389009154311 -0.01976936066112242 -0.019830547506466428 0.040852441867526769 0.07139491816905065 0.037891325668097338 0.02907717762131342 -0.020117081149203093 0.035174215629698073 -0.024259680636651973 -0.024280475677764972 -0.012917978963702679 -0.018020811242478646 0.042109672616014955 -0.023002215878451429 0.0077136231533769866 0.073545556143203697 0.011996616303851321 -0.02006853129249862 0.023884444088953266 0.038015460178001254 -0.0099459766151903453 0.031534753000958107 0.047697175289590055 -0.011081224788026154 -0.016073119890953627 0.033750386832286282 0.041587622097278613 -0.020500961793428512 -0.02042271069991889 0.054394154994657946 -0.024358669214267593 0.028563856534924201 -0.020499359868517166 -0.004986502355355275 -0.011677501365709296 -0.023921359906329813 0.02366836086814491 0.011910544901906944 -0.024239735189494543 0.033436952652572051 0.039908009932000645 0.054632032373347558 -0.026960717474077925 0.042946091222138202 0.0064817593509691454 -0.023202397578713421 0.045523486095153103 -0.019327996111711473 -0.017294172791278005 0.063755265733290017 -0.010009223645062647 0.040862730063997023 0.02558949751829526 0.023552334768233416 0.002036159712719211 -0.013432839737740855 -0.023171595332446247 0.02518067880474896 0.03478939833496595 -0.01654990890954627 0.040422177047344132 -0.011454754055794016 0.042234123376275419 -0.011229599557418922 0.042972444486318893 0.032240753123260413 0.049815170941437906 -0.023592827661370226 -0.020522881414018781 0.04426467887704514 -0.025114589776102786 0.058827535597528062 -0.015709471001171021 0.031350571037570482 -0.027368902141015762 0.016841970835487208 0.042480005865448707 0.0067689131769995995 0.033794343886913152 -0.023076564331048429 0.066101229925173893 0.066862610094600428 -0.030691501596785933 0.039301450984729355 0.0053354785336799746 0.038309729003975911 0.041300798780032337 -0.012852908740425668 0.033398241183298608 0.026257343008434991 0.01426649949743798 0.025431213682466671 0.044910565464994376 0.04105785817739209 -0.0045355393962768012 -0.022711705129354144 0.039813320191188314 0.040415820770966081 0.022446584992324957 0.0088495368445506394 0.015112786827270271
leaf_weight=11216.356217652559 19.808197781443596 10.82758668810129 137.8978670835495 13.122821241617205 9.1038744226098078 31.390792846679688 10.130497239530088 18.417426034808162 14.615543760359289 11.505493074655531 62.802205830812454 10.446712508797644 30.81806181371212 826.5223084166646 245.53216626495123 635.05079508572817 155.53829697519541 472.15380930900574 4.3743341490626362 515.16503912210464 258.24046358466148 2823.7718874439597 20.4838712438941 1654.4099238738418 259.1013961955905 19.040790528059006 35.791738882660866 284.09656783938408 5.6982340812683105 56.731424547731876 7.9467271044850341 15.148289307951929 10.602131880819796 17.807691052556041 13.116311311721804 6.6440502405166617 15.076597407460211 2753.2622796073556 13.533797390758993 58.328009948134422 13.552750356495379 8.6806794181466085 66.948828294873238 4.4411640390753755 12.352903053164484 7.1293699741363517 5.6396046280860928 16.957428611814972 15.074824608862402 13.428146004676817 37.325920835137367 8.0179500058293325 48.169382326304913 147.72659154981375 10.92450776696205 7.3192110732197788 26.067075207829475 68.509002439677715 91.136851869523525 9.6269607692956907 8.8623099178075808 16.190386585891247 5.5007450878620139 16.987881056964397 43.055563129484653 19.282752476632595 9.4489424526691419 6.6179538145661372 23.964925169944763 6.8817316368222219 14.652098320424559 109.66563302278519 17.35065470635891 57.237886242568493 9.0484357178211194 7.6384556517004958 2.9352368116378775 10.261825934052466 19.51882037520409 7.5300908908247965 22.592896454036236 47.473350524902344 11.051120385527609 10.800772592425345 15.983337916433813 8.3289680257439631 7.9137446507811537 884.25535393506289 7.2038511782884598 17.206221498548985 29.579812623560429 47.805302239954472 15.724293410778044 588.95654382556677 19.443288765847683 4.4741847962141019 4.0066997334361103 13.734262086451052 3.6814654320478439 13.503100395202635 5.2380778789520255 58.259514957666397 11.918138332664965 4.9233988150954229 83.140441298484802 14.573907256126402 9.7119875177741015 1.0647593140602101 366.34916536509991 8.222588896751402 92.363156527280807 616.53121948242188 7.6026456207036963 15.140552654862402 5.566112793982029 9.9271886348724347 2.2833210825920096 106.74526438117027 46.162717342376709 8.2617173716425878 149.90212471783161 7.5606628060340872 5.0443207547068596 2.4743163287639609 8.8789671063423139 11.961248792707918
leaf_count=8007 131 106 98 12 37 23 19 34 149 21 50 58 251 5063 1825 4910 1558 2237 16 4860 1357 24304 156 14768 341 136 331 272 5 70 33 89 28 142 103 35 104 1970 126 347 20 41 562 21 15 45 23 19 96 102 126 16 457 1458 20 56 81 608 706 78 69 42 25 125 70 43 17 41 17 36 133 129 113 532 38 51 3 35 48 36 198 419 57 37 126 25 50 695 44 19 61 61 132 5902 30 33 10 115 11 53 28 72 49 9 752 22 21 5 341 20 84 475 45 25 11 33 12 85 37 35 1485 10 14 16 37 32
internal_value=0 0.0100063 0.00242284 -0.00287582 0.0308597 -0.00353413 0.0193198 -0.00437045 0.0079423 -0.00517688 0.0160452 -0.00570035 -0.00590019 -0.00257361 0.00741027 -0.00531533 0.00420131 0.0144228 0.0181145 -0.00908612 -0.00735293 -0.00535425 0.00427357 -0.00939748 0.0297766 0.0318064 -0.00255836 0.0411145 0.0312007 0.0127937 0.00121607 0.0175208 0.0335146 0.0229942 0.00403176 0.0338657 0.0233068 0.0417314 0.00676963 0.0112648 0.0344567 -0.00792132 -0.00822845 0.016156 0.0287072 0.0177289 0.0188598 0.0339755 0.0200352 0.0032199 0.0205684 0.0010273 -0.005048 -0.0158877 0.0103435 0.0367695 0.0135023 -0.0153464 -0.0175128 0.0268959 0.0331583 0.00250363 -0.00899279 0.00233807 0.0326113 0.039049 0.0166136 0.0379339 0.0238551 0.0358849 0.0107889 0.0409113 0.00633577 -0.018689 -0.00623049 0.0214994 -0.0150445 0.00479544 0.0398655 -0.00388138 -0.0044503 -0.017735 0.00222657 0.0102948 0.000508681 -0.00115073 0.0151468 0.0413762 0.0312548 0.0258217 0.0363982 0.0424352 -0.0137076 -0.0200668 0.0562915 0.0253534 -0.0163351 0.00112431 0.000373818 0.0414917 -0.0125447 0.0352828 0.0276554 0.00704914 -0.0197418 0.0511831 0.0533763 0.0391985 0.0366557 0.0281598 0.0356142 0.0411767 0.010756 0.0173248 -0.00264882 0.0306523 -0.02178 0.04187 0.0359271 0.0151992 -0.0204384 0.0217144 0.0174325 -0.0166073 0.0258185 0.0289309
internal_weight=0 14462.8 11672.6 9839.24 1833.35 9701.35 874.145 9340.51 574.16 8766.35 211.028 8555.32 8523.93 4169.93 898.406 3271.52 982.061 717.686 360.836 4354 3688.31 3082.01 358.418 2289.46 515.726 495.918 420.858 12782.8 468.454 125.465 148.226 179.338 172.357 158.854 188.479 476.877 172.789 2790.16 247.591 211.799 54.5478 68.734 99.4564 32.5075 138.111 89.0229 71.7702 43.5377 32.0323 157.251 50.7541 21.5517 106.497 173.267 25.5401 153.303 36.8947 76.4557 606.302 68.9242 59.2973 31.3387 179.08 70.4147 119.877 52.1679 18.3113 342.989 58.8922 12.58 53.4268 135.722 40.5272 665.69 66.2863 26.0559 20.7429 17.581 304.088 29.9251 28.2325 56.154 52.9118 37.8352 27.0345 33.3691 16.2427 959.21 74.9545 44.9868 106.773 69.0372 20.0986 599.403 32.996 37.7355 108.665 17.741 8.15565 12314.4 18.3544 113.233 54.9737 12.1272 90.9245 33.8567 14.1532 1098.03 480.438 114.089 100.586 617.596 34.9273 27.3246 12.1841 20.0577 85.4238 131.829 62.8273 27.7805 180.72 16.6645 12.5744 17.1264 21.2319 25.0841
internal_count=92168 82201 80044 75987 4057 75889 3225 74412 3487 70925 1048 69877 69854 32097 5798 26299 6621 4062 1477 37757 31227 25661 1965 19678 1260 1129 3182 9967 982 571 998 650 320 494 1157 993 550 2157 1555 1224 192 501 735 173 349 422 357 136 115 1032 228 142 804 1627 169 305 187 641 5566 274 196 131 1315 401 226 151 86 411 139 41 276 214 191 6530 570 85 145 91 443 163 221 460 324 220 183 224 75 832 137 102 218 113 148 5960 50 105 914 125 44 8985 131 191 119 53 789 65 42 978 498 157 104 480 122 77 52 52 764 129 84 83 1736 47 50 149 52 44
is_linear=0
shrinkage=0.02


Tree=25
num_leaves=127
num_cat=0
split_feature=14 0 2 14 14 0 7 1 13 1 0 13 13 16 13 0 13 9 1 13 14 13 8 8 16 14 6 13 8 11 1 3 16 11 8 8 2 9 8 2 0 0 16 9 7 0 7 0 0 11 0 8 0 0 2 13 0 7 7 14 7 12 6 14 7 11 9 9 8 8 9 9 2 8 8 16 13 7 6 13 7 1 2 9 2 12 12 0 1 9 2 0 8 0 9 11 2 11 2 14 3 13 2 1 12 16 9 9 12 8 11 16 8 16 11 6 8 3 1 14 2 8 7 3 0 12
split_gain=22500.2 2777.08 1250.07 875.008 856.225 847.434 471.367 438.551 360.626 399.958 258.643 335.017 242.824 206.818 205.178 181.554 157.518 148.958 119.587 441.55 164.4 117.325 108.961 177.549 98.7691 137.737 116.602 103.295 98.7509 269.106 120.04 105.82 97.8953 133.293 116.265 156.507 118.323 114.509 121.657 178.333 94.8341 94.5904 96.7411 163.36 91.0286 80.47 79.684 79.6358 78.2222 106.728 173.3 126.652 118.918 154.99 117.252 81.8948 74.2101 73.5162 76.3569 71.466 69.6737 66.9499 66.9461 66.2186 102.284 96.8773 82.7378 89.2003 65.5462 310.984 65.0038 92.6114 62.1991 64.9919 61.1911 60.9425 119.231 60.8853 59.4279 62.6897 61.0243 91.192 90.3804 70.483 68.249 57.5843 65.3744 56.4713 65.5062 55.0306 53.4465 51.8974 63.4646 51.5345 51.1262 68.2353 64.3095 50.358 50.1649 49.9302 49.8302 50.919 49.7279 49.2773 49.1085 48.5027 45.6105 237.389 44.3535 44.3042 138.222 43.2939 82.7851 43.1077 42.6573 42.5825 42.0864 41.4575 41.0976 112.188 54.8091 40.8041 39.4377 39.0056 41.9314 38.5271
threshold=0.7761511802673341 -0.2695785760879516 -6.6604938507080069 -0.061897344887256615 1.4823413491249087 -0.053965032100677483 0.92511859536170971 0.40131579339504247 0.8515685796737672 0.79605263471603405 -0.072725236415863023 0.25728426873683935 0.33845843374729162 0.82225069403648388 0.47871349751949316 -0.18590234220027921 0.061408136039972312 -1.0000000180025095e-35 1.4934210777282717 2.2133353948593144 2.6773790121078496 1.6682905554771426 -0.64291095733642567 -0.59348425269126881 0.88005742430686962 0.4423926323652268 2.7500000000000004 -0.041874825954437249 -0.59348425269126881 0.6784479320049287 0.5447368621826173 1.0000000180025095e-35 0.88005742430686962 -0.22252093255519872 -0.54975369572639454 -0.59348425269126881 0.24485597014427188 0.64519405364990245 0.69706812500953685 0.76748973131179821 -0.0059995211195200673 -0.053965032100677483 0.89963558316230785 0.65590819716453563 0.23664870858192447 -0.15902843326330182 0.013141315896064045 2.1322281360626225 -0.030076130293309685 -1.0000000180025095e-35 -0.11589905247092246 0.13066187500953677 -0.25331237912178034 -0.25867402553558344 0.21193415671586993 -0.20512303709983823 1.5802449584007265 0.72088187932968151 0.4614540040493012 0.15931565314531329 -2.0088061094284053 -4.9967927932739249 1.7500000000000002 -0.2150558605790138 0.59807050228118908 -1.0000000180025095e-35 -0.62370178103446949 -0.30236525833606714 -0.38466337323188776 -0.30368746817111963 0.14820139855146411 0.56070137023925792 0.29423868656158453 0.5214291810989381 0.65877640247344982 0.99167782068252575 0.29604057967662817 0.95917025208473217 1.9166666865348818 -0.41904304921627039 0.57542309165000927 0.53289476037025463 1.3312757611274721 0.14820139855146411 0.41769546270370489 -15.292791843414305 4.3402280807495126 1.3885927200317385 0.61184212565422069 0.54929763078689586 0.52057611942291271 1.2538793683052065 -0.70703440904617298 0.062101207673549659 0.70434543490409862 1.0000000180025095e-35 1.6728394627571108 0.6784479320049287 -1.0000000180025095e-35 -0.39958652853965754 0.91176471114158641 0.23336022347211841 0.010288065765053036 1.7697368264198305 16.01473426818848 1.0732121467590334 0.43074347078800207 0.36207465827465063 -1.3867608308792112 0.70279201865196239 0.6784479320049287 1.0992876887321474 0.69533789157867443 0.087605372071266188 -0.22252093255519872 1.2500000000000002 0.28964744508266455 0.32352942228317266 2.5986841917037968 5.9056155681610116 -0.92798352241516102 0.55747419595718395 1.7475492358207705 1.3235294222831728 1.7630385160446169 -12.990298748016356
decision_type=2 2 2 2 2 2 2 2 2 2 2 2 2 2 2 2 2 2 2 2 2 2 2 2 2 2 2 2 2 2 2 2 2 2 2 2 2 2 2 2 2 2 2 2 2 2 2 2 2 2 2 2 2 2 2 2 2 2 2 2 2 2 2 2 2 2 2 2 2 2 2 2 2 2 2 2 2 2 2 2 2 2 2 2 2 2 2 2 2 2 2 2 2 2 2 2 2 2 2 2 2 2 2 2 2 2 2 2 2 2 2 2 2 2 2 2 2 2 2 2 2 2 2 2 2 2
left_child=1 -1 -3 17 5 14 8 16 10 41 11 22 85 21 15 -2 105 63 -14 20 62 104 -5 45 25 28 -26 87 29 31 -31 -12 33 34 35 77 -37 38 46 61 -11 -10 43 -43 102 -24 72 -15 49 50 54 -52 53 -51 -39 -54 -29 58 -25 -47 103 -40 -20 111 75 -66 98 -68 -30 -70 108 -72 73 -35 -69 109 -77 -19 -34 -80 83 82 -82 -81 97 -6 91 -28 -89 -74 -46 -87 -93 -23 96 -96 -50 -85 -67 -83 -8 -102 125 -42 121 -7 107 -48 -13 -65 -111 -4 -113 -45 -73 -44 -95 -106 -21 120 -120 -9 -118 -18 -125 -17
right_child=4 2 3 6 12 7 100 13 9 40 24 70 18 47 -16 44 123 32 19 118 -22 93 23 57 26 -27 27 56 68 30 -32 -33 78 37 -36 36 -38 48 39 -41 60 42 115 113 90 59 106 -49 94 52 51 -53 55 -55 -56 -57 -58 -59 -60 -61 -62 -63 -64 64 65 66 67 74 69 -71 71 114 89 -75 -76 76 -78 -79 79 80 81 99 -84 84 -86 86 -88 88 -90 -91 -92 92 -94 116 95 -97 -98 -99 -100 -101 101 -103 -104 -105 117 -107 -108 -109 -110 110 -112 112 -114 -115 -116 -117 122 -119 119 -121 -122 -123 -124 124 -126 -127
leaf_value=0.040717469885665367 0.038284861531911664 0.04177373726798949 -0.017098644950709979 -0.022955552899916989 0.037720679980795473 -0.012530002039987732 0.040560091584319224 -0.0035106065698467677 0.038942071909944843 0.05182841863785468 0.010209381500527057 0.0024899199727710735 0.040277132442206112 0.031495105194185941 0.040734805297668625 0.062663122257543641 0.037351042543020269 -0.020818727337106682 -0.021171175833836826 0.039989712942238416 0.028392656423532472 0.042129994638002315 -0.014170231187888412 0.00049318595638941009 -0.011051241003620616 -0.018146907709110986 -0.017349335980987302 0.048347888478651228 -0.019527939098919471 -0.0034495664608317433 0.059424737697585411 -0.015870446953610295 -0.022975617031789106 -0.0026312981500421551 -0.021234611343651802 -0.023695651070280134 0.056899419659670908 0.033131324361462079 0.045471108024819878 0.039349228781708927 0.031923101164014575 -0.0024007786904973946 0.0022934163672795808 0.057375070119406082 0.038933466148729619 0.061992556887925793 -0.020773842262468586 -0.022972688356376378 -0.014690164016766006 -0.0031161284619293378 -0.0097410589326751822 0.083661024480108676 -0.022855201252741646 0.078924793536598134 -0.020584306692026346 0.007130676009206173 -0.0063718492858268081 0.04043684900469878 -0.020072754279329121 0.016911591380619061 -0.009377525179387761 -0.0227348372702788 0.016367521355631742 -0.015311591760774224 -0.022558260310771093 0.013105394777327908 -0.023148315451980723 0.050666040532074436 0.033938039222057917 -0.0098503030776656304 -0.017970990221751457 -0.013213496200579718 -0.022887534127348019 0.026026861927901896 -0.022872201205713809 -0.022950936900785389 0.075345479134405785 0.038925363076926456 -0.013709789791055554 -0.017114906716900202 -0.014021763853915317 -0.023229448494712503 0.050497608725496843 0.033461647208786416 -0.023976835936960962 0.020124039416718063 0.033539058341956481 0.029186242206373513 -0.013499735793886129 0.012728039220170857 -0.014229639889512797 0.044146513633262947 -0.014289178469515615 0.016755935546241166 -0.022631561263867374 0.03877451822362149 0.041590973737544674 -0.022740695091894057 0.082063602031384089 0.055432519892215364 -0.022935544529584125 0.046921682642593963 -0.017785983631286102 -0.0148548133983989 0.05430589252740551 0.040503410666617369 -0.021106591377200702 0.017978045342700363 0.038390755600145571 -0.022436947573988696 0.099435384391823964 -0.01042647372341551 0.054380529556718321 0.01642655100847407 0.033842153498344969 0.043212472022120661 -0.024185392521441008 0.0060891760984580169 0.031221629690060333 0.040816879457465288 -0.020693635554189068 -0.022783906576324724 0.043010249514279855 0.033127169941310243 -0.025969123053310287 0.0040123258948629057
leaf_weight=607.5067772269249 135.1007777005434 237.729900598526 1588.918904080987 76.602542370557785 115.44887217134237 38.728496938943863 135.35225654393435 405.63649047166109 157.20141775906086 12.011968463659285 110.32841063290834 15.374970674514769 13398.102418579161 136.08616410940886 1200.4724241346121 5.1351193115115157 343.72601433098316 69.719551995396614 78.046733118593693 920.25807174295187 65.980718456208706 25.765486106276512 12.131606400012968 788.23706821352243 111.5481012314558 436.93818057328463 34.785251431167126 46.286579951643944 171.44811264425516 16.712843157351017 44.451751500368118 142.75687636435032 33.027305699884892 116.24347276240587 481.90448617935181 9.9899518117308599 26.923535987734795 33.183617688715458 6.5859127491712561 47.623662754893303 30.383016839623451 116.34184060245752 11.978133738040922 28.530097417533398 38.377560712397099 32.577495947480202 236.69791595637798 11.656872972846029 157.16701236367226 21.700930647552013 7.4756686612963668 26.017631515860558 74.249950170516968 16.003660835325718 31.861946478486061 71.528741955757141 12.615733079612253 17.139908269047737 79.495065100491047 24.754334844648838 259.99609512090683 45.714884474873543 25.119378700852394 397.04252004623413 24.463812209665775 6.3149214386940029 19.224279306828976 19.776809297502044 71.3422606959939 715.71043442934752 26.96865076571703 9.0891764238476735 77.731348611414433 43.498304858803749 5.8693094700574866 10.825498446822168 9.0728137046098691 7.5632944330573073 57.130106166005135 18.666886441409588 94.463884137570858 4.0797210335731533 9.5639657750725728 96.379592292010784 10.414492540061472 201.77000901848078 122.16013880074024 41.401464015245438 22.033609315752983 22.340956054627895 9.4209794178605062 9.2055514529347402 38.635245092213154 101.29639394581318 11.458610050380232 19.653988100588322 8.5634796991944295 6.8288830742239943 12.718606658279894 15.45520757883787 10.564331099390985 6.8994232416152945 54.767877995967865 12.804089613258837 9.4520248249173147 8.3929601088166219 316.29305201768875 86.280867323279381 131.46007197350264 11.268895700573923 5.5586171001195899 44.099359042942524 9.6009092256426793 16.078989841043949 50.638866670429707 67.49447438120842 20.131308786571029 29.07188057154417 12.625176846981047 76.259312927722931 22.868207238614559 49.276859253644943 4.2273733615875235 11.499089032411577 8.2470147758722288 35.116685971617699
leaf_count=494 161 168 16657 691 187 277 115 2987 139 17 725 84 10337 294 901 14 405 728 637 728 124 20 92 5840 951 4009 277 66 1559 116 146 1241 312 1007 5159 78 51 132 39 135 106 817 62 72 109 94 2390 108 1534 163 44 45 718 28 227 475 89 24 717 132 2112 457 108 3893 246 50 180 46 428 6099 182 57 739 288 55 103 23 10 487 161 769 36 8 327 82 615 265 186 179 183 61 18 231 417 114 97 43 65 29 50 99 5 418 97 22 26 3255 534 233 117 21 398 15 70 115 88 162 177 31 59 144 477 3 16 48 211
internal_value=0 -0.000659456 -0.00347403 -0.0047114 0.0374206 0.027007 0.00199151 0.0145442 0.000660001 0.0135402 -0.00217125 0.00489382 0.0392716 0.00585362 0.0371499 0.0216646 0.0313204 -0.010718 0.0397352 0.0336897 0.0037374 0.000963511 -5.83691e-06 0.00183629 -0.00668689 -0.00845838 0.00458603 0.0156876 -0.00513229 0.00459714 0.0422447 -0.00450137 -0.00730841 -0.00895145 -0.0169349 0.00120973 0.0350879 -0.00573132 -0.00958568 0.0113496 -0.00328635 0.0268785 0.0189907 0.0100759 0.00594249 0.0326257 -0.0119124 0.0271976 0.00230966 0.00906282 0.0258517 0.0628138 4.63992e-05 0.031706 0.00681924 -0.00814213 0.036628 -0.000580709 -0.00139091 0.0425278 -0.00546997 -0.0141461 -0.0120311 -0.0145296 -0.0083253 0.0112868 0.0242435 0.00942178 -0.00832214 -0.00588112 0.0265236 0.0127914 -0.00257288 0.00517243 0.0338363 -0.0123207 0.0218682 -0.0149719 0.0025399 0.00523241 0.00946207 -0.000644542 -0.00809007 0.018902 0.0248191 0.0253822 0.0215506 0.00312974 0.0143596 -0.0149364 0.0284551 0.0156834 -0.00304495 0.0163634 -0.00736576 0.016159 -0.0117821 0.029743 0.0591847 0.0390046 0.0364578 0.00466302 -0.00538224 0.0180544 -0.00376223 -0.00308404 -0.0157082 -0.0104216 0.0346316 -0.0139645 0.017821 -0.0165017 0.00116018 0.0426155 0.0266814 0.0370451 0.01108 0.0179194 0.0385989 0.0271458 -0.00222711 -0.00559832 -0.0125238 0.0357807 0.00844544 0.0114947
internal_weight=0 9538.44 8930.94 8693.21 17768.1 2681.59 4108.47 1203.19 3955.65 712.82 3242.83 1264.47 15086.5 792.601 1478.39 277.919 410.594 4584.74 14599.3 1201.16 169.147 644.858 1030.94 954.335 1978.36 1709.69 268.671 157.123 1272.75 314.25 61.1646 253.085 2419.99 2073.98 596.101 114.196 36.9135 1477.88 999.01 99.9245 315.195 397.625 240.424 160.951 142.818 69.4634 899.086 147.743 478.865 282.022 98.5389 33.4933 183.483 37.7046 65.0456 145.779 58.9023 884.872 867.732 57.3318 303.183 52.3008 103.166 2164.76 522.136 88.3677 63.9039 44.8704 958.501 787.053 233.532 86.6967 259.814 159.742 25.6461 433.768 19.8983 77.2828 346.01 312.983 255.853 123.563 104.028 132.29 113.623 487.22 371.771 98.2203 63.4351 100.072 47.7985 249.611 47.8408 151.421 196.843 31.1126 165.73 103.208 19.0335 19.5349 152.816 17.4638 95.0197 43.1871 493.437 47.1215 639.272 322.979 146.835 413.87 16.8275 1642.62 53.7003 44.6091 59.728 79.4726 125.655 38.5239 1032.01 111.753 35.4934 454.913 24.3587 363.472 19.7461 40.2518
internal_count=92394 71596 71102 70934 20798 7314 28131 5439 27912 3580 24332 8261 13484 4667 1875 974 772 42803 12168 1831 869 4265 7590 6899 16071 14323 1748 797 10314 2228 262 1966 20970 18673 6026 867 129 12647 9027 631 2332 1248 1109 959 813 318 8396 402 3620 1832 448 89 1384 191 359 1193 155 6581 6557 226 2315 496 745 21833 4763 606 360 281 8086 6527 671 354 2217 1295 101 4157 126 738 2297 1985 1498 863 777 635 474 1316 1129 642 365 922 170 864 249 602 1788 211 1577 392 79 86 219 104 643 203 3663 303 6179 2924 317 4031 138 17070 413 142 172 150 582 199 962 234 175 3464 165 469 64 225
is_linear=0
shrinkage=0.02


Tree=26
num_leaves=127
num_cat=0
split_feature=14 0 14 13 13 1 1 13 14 1 13 0 14 0 0 13 9 13 14 9 9 9 1 0 7 1 9 0 8 9 9 6 7 10 8 8 8 9 9 10 8 6 0 3 10 8 8 9 7 0 9 8 10 9 8 10 1 14 7 11 1 13 9 9 9 0 7 7 7 8 10 0 1 14 7 8 11 7 3 11 13 7 9 10 0 8 10 10 0 8 7 3 1 8 0 14 6 0 8 0 7 1 0 0 1 8 8 11 12 12 13 8 3 8 3 0 1 1 0 6 0 8 12 13 7 9
split_gain=21501.1 2665.65 1115.71 826.841 504.939 491.033 439.54 760.263 397.234 872.603 317.997 265.866 237.201 144.892 210.12 206.009 143.684 142.922 142.082 158.903 218.908 118.015 112.78 111.471 107.017 103.23 143.869 109.627 100.9 261.359 100.357 144.881 97.6856 105.156 233.501 181.163 129.104 110.687 96.6779 93.256 392.173 319.848 200.931 164.15 107.122 210.624 180.268 141.121 91.121 88.3764 89.755 87.0664 86.5963 85.3017 244.166 272.797 84.3386 80.32 89.325 92.6972 78.7788 170.288 75.0207 74.677 85.3131 71.9458 73.4745 71.3783 71.2382 70.7216 73.8039 88.0435 87.4471 121.117 177.134 84.2658 194.405 92.5512 69.9509 74.5683 80.0882 69.7302 68.579 112.707 157.875 111.657 106.214 104.648 65.6117 65.4383 79.0926 64.6554 64.2 84.107 80.9864 64.0757 63.4064 62.3429 62.111 64.6307 58.8591 58.2826 57.9904 57.1534 57.0953 56.7233 55.4142 53.0623 52.9586 62.5457 52.1288 51.4271 50.9898 50.2919 54.1597 49.2632 48.353 73.6012 48.1898 47.5057 69.1798 46.8953 95.511 45.4316 43.3986 43.3954
threshold=0.7761511802673341 -0.2695785760879516 -0.061897344887256615 0.52676329016685497 0.8515685796737672 0.90131577849388134 1.0000000180025095e-35 0.18026809394359591 1.7375702857971194 0.84868422150611889 1.6682905554771426 -0.17517330497503278 1.4280212521553042 -0.053965032100677483 -0.013469078578054903 0.98850342631340038 -1.0000000180025095e-35 -0.28868649899959559 0.15012229233980182 -0.39071239531040186 -0.31894938647747034 -0.58580270409584034 1.4013158082962038 -0.053965032100677483 -2.0088061094284053 -0.33552631735801691 0.67949494719505321 -0.18590234220027921 -0.69083788990974415 0.066093422472476973 0.65590819716453563 1.2500000000000002 0.60793757438659679 -0.38873952627182001 -0.094030573964118944 -0.19086904078721997 -0.64291095733642567 -0.67337453365325917 -0.30236525833606714 -0.38873952627182001 -0.17293875664472577 2.7500000000000004 0.0067396073136478671 1.4411764740943911 0.38873952627182012 -0.21751539409160611 0.42524318397045141 0.31344507634639746 0.32170462608337408 0.37736880779266363 -0.69663995504379261 0.70776253938674938 -1.0000000180025095e-35 0.5925770401954652 -0.31204251945018763 0.56174489855766307 1.7171052694320681 -0.2150558605790138 0.59807050228118908 -1.0000000180025095e-35 2.3881578445434575 6.1827387809753427 -0.59589663147926319 -0.62370178103446949 -0.30236525833606714 -0.26408690214157099 0.54747614264488231 0.62816947698593151 -0.45228962600231165 0.220456138253212 -1.0000000180025095e-35 0.63885232806205761 0.51973685622215282 -0.2400386035442352 -0.11891725659370421 0.16693504154682162 0.6784479320049287 0.39236985146999365 -0.17584410309791562 -0.22252093255519872 0.32429328560829168 1.0030285716056826 -0.35145065188407892 -1.0000000180025095e-35 0.0029145946027711038 0.12153371796011926 -0.38873952627182001 -0.56174489855766285 0.089157693088054671 -0.10015640780329703 0.53939509391784679 1.7352941036224367 1.0000000180025095e-35 0.41778646409511572 -0.13743405789136884 5.5160694122314462 1.7500000000000002 -0.0084123723208904249 -0.23509580641984937 -0.013565709814429281 0.56147155165672313 1.7697368264198305 1.145862936973572 0.062101207673549659 -0.25657895207405085 0.70742541551589977 0.69706812500953685 1.0000000180025095e-35 -7.331183433532714 15.012058258056642 -0.50173768401145924 -0.69473463296890248 2.2647058963775639 -0.50653058290481556 1.4411764740943911 -0.0059995211195200673 -0.05921052768826484 -0.072368420660495744 1.4207689166069033 2.7500000000000004 1.722504258155823 0.70857188105583202 -4.9967927932739249 0.5390821397304536 0.87095215916633617 0.21070016175508502
decision_type=2 2 2 2 2 2 2 2 2 2 2 2 2 2 2 2 2 2 2 2 2 2 2 2 2 2 2 2 2 2 2 2 2 2 2 2 2 2 2 2 2 2 2 2 2 2 2 2 2 2 2 2 2 2 2 2 2 2 2 2 2 2 2 2 2 2 2 2 2 2 2 2 2 2 2 2 2 2 2 2 2 2 2 2 2 2 2 2 2 2 2 2 2 2 2 2 2 2 2 2 2 2 2 2 2 2 2 2 2 2 2 2 2 2 2 2 2 2 2 2 2 2 2 2 2 2
left_child=1 -1 16 11 6 23 7 25 9 13 49 17 62 -5 15 -15 57 -2 19 -8 97 95 -12 -6 101 26 124 -27 29 -22 31 81 33 34 -29 36 -35 -36 82 40 -18 69 65 44 46 104 -43 51 -28 50 103 -48 -31 67 55 -55 -51 -3 -59 -60 -10 107 -13 -61 -65 -42 89 110 -56 70 -41 72 75 -74 -75 77 -77 -72 -9 -80 116 98 83 84 85 86 -20 -87 -34 -67 106 -16 93 94 -64 -14 123 -21 -25 -100 108 -7 -97 -11 -46 -37 -91 -62 -23 113 -30 -90 -33 114 -110 -66 117 -81 -99 -94 -121 -71 -123 -84 -4 -109
right_child=3 2 4 8 5 24 18 78 60 10 22 12 21 14 91 -17 39 -19 38 20 28 100 -24 30 -26 27 48 32 53 52 -32 112 88 35 37 105 -38 -39 -40 41 42 43 -44 -45 45 -47 47 -49 -50 56 -52 -53 -54 54 68 -57 -58 58 59 63 61 -63 92 64 115 66 -68 -69 -70 121 71 -73 73 74 -76 76 -78 -79 79 80 -82 -83 96 -85 -86 87 -88 -89 111 90 -92 -93 119 -95 -96 102 -98 118 99 -101 -102 -103 -104 -105 -106 -107 -108 125 109 -111 -112 -113 -114 -115 -116 -117 -118 -119 -120 120 -122 122 -124 -125 -126 -127
leaf_value=0.039849713191044224 -0.013648446148754463 -0.016276950482317663 -0.015469279094741011 0.039988981551792271 0.038957279538203188 0.035427393172252318 -0.016383006421148018 0.038261392833338029 0.039425518043884153 0.039178840575051645 0.036974818395384808 -0.017382951982322294 -0.023642444002150362 -0.010662184145779139 0.035660288305027724 0.038966873644075715 -0.021868226131869312 0.04064906608855634 -0.023379465865914887 0.0639585101286851 -0.022744529114896436 0.034425494799981839 0.011570652771852891 -0.017379957558389468 -0.011304118252893883 0.059061435639511911 0.042834996833424434 -0.021284841318810838 0.059541630127555145 -0.0061303174059360492 0.039467732872258694 0.039376235482938886 0.040934683273297336 -0.017024231216373819 0.069257441497203379 -0.017028457521776865 0.01783501225845957 0.019107287407473656 -0.0148559677230136 -0.022364246090388475 -0.024217981267041184 -0.021334289137841453 -0.013359252135306803 -0.01540285239244994 0.0099896450078527099 -0.023513996844970974 -0.022642282327287815 0.041123176601048715 -0.016480890990015505 0.027725016850734377 -0.01746940169245698 0.046239877259910148 0.073703856170027254 -0.023090095691505871 0.019377631265642896 0.12723166261300009 -0.010066038214360315 -0.010990933006210559 -0.022501384370477058 0.055932855833701084 -0.020809059628708541 0.040554359735454758 -0.012653926677405692 -0.023080017740764461 -0.023048541536905755 0.048647093197379469 -0.018334900393469331 0.037261692534429847 -0.013177408662342301 -0.02065149468641542 -0.016624643700259813 -0.021520520323329639 -0.02239833784944753 0.01337418879647871 0.10543423555502607 -0.022422367722313954 0.078433003124968773 0.0053632218788588412 0.0021653996333031978 0.0060059445525927607 0.03576684708155075 0.040932805658138768 -0.017070996293066645 -0.017231316851589438 -0.016893717840773589 -0.022900546234253572 0.02711939146908663 0.061397046703919246 0.051920715389569265 0.012369794335460716 0.089927147071297717 -0.0064940548282006409 -0.005054737039667038 -0.0078467679236200443 0.033772435661294939 0.046232999610497302 0.052934763474338446 -0.0118294286262622 0.032703760350967885 -0.001604985404262039 0.036991311128094916 -0.014709536074622156 -0.024116896941932271 -0.022890992918438279 0.049371492770198443 0.023909972988327574 0.035272309199626629 -0.0091666855306818604 0.028337898921720808 0.034357479639294315 -0.012766823556362047 -0.0079854965874545901 -0.0050230319406873013 0.00074010489624204412 -0.024008020393458729 0.04640607729796125 -0.02330307092450978 0.072684416750523784 0.057291017808128356 0.040828400205409461 -0.022938438009286584 0.10867667245945389 -0.022347216201610686 0.030609236754907884 0.010193454724249552 0.032160301987788395
leaf_weight=608.31190876662731 20.784500524401665 1623.9219666793942 320.49264350533485 1585.9523825570941 222.75744006037712 34.580463394522667 155.80605366080999 203.95550199598074 13454.425284482539 20.005356237292293 143.72840539366007 57.176354475319386 29.915041886270046 91.111468143761158 562.11183027923107 52.869694478809834 245.43809475749731 289.20448802411556 29.791445590555668 31.369547761976719 26.238915234804153 100.86003708839417 136.08429107069969 54.766490109264851 211.912493057549 13.983097314834593 32.197175055742264 57.846482999622822 4.0616405159234992 6.6004062369465819 89.147823341190815 88.934754744172096 41.718275614082813 57.016851648688316 20.602346651256084 274.63942011445761 166.88684881478548 120.96246897429228 746.66757595539093 159.29648853093386 16.957294628024101 68.525478504598141 122.53832615911961 103.64808233082294 18.195144668221474 24.845084398984909 32.497581645846367 57.642669230699539 15.273787125945089 53.294675968587399 179.70175211876631 9.4815506935119611 30.774481922388077 7.503076747059823 43.987830065190792 13.54935385286808 42.425637558102608 439.509467035532 24.039398699998856 19.727904349565506 26.626927472651005 123.74592159688473 17.969966001808643 18.898813851177692 5.0805392414331463 29.444965556263924 21.075340025126934 12.711557269096373 69.158080518245697 541.6915717497468 224.8938821926713 127.85851638764143 19.03327739238739 30.80711005628109 11.473967559635637 16.096152484416962 14.5602393001318 116.10505917668343 55.915430963039398 34.540250159800053 151.94383228570223 18.437756896018982 18.256003275513649 175.32783409953117 76.294823445379734 7.1332257688045493 37.797532387077808 33.814461395144463 7.1685486882925025 259.87993004918098 5.9141261875629416 14.940769568085669 154.03407666087151 39.526122950017452 91.846665896475315 13.647188618779184 15.534662008285521 9.9622810482978839 31.766234830021858 71.167277663946152 162.80020736902952 12.673258885741232 7.138583041727542 8.43624050170183 77.220384500920773 14.240110024809836 50.464544713497162 17.18712692707777 70.664175368845463 61.582076705992222 220.08468157798052 28.603988826274872 11.708621442317961 91.504169464111328 8.9022750183939916 20.844176828861237 14.662073634564875 8.1923225373029691 6.7807338163256636 22.584723688662052 9.7403492182493192 3.4248291552066803 6.3545567095279676 14.219926930963991 28.721222095191479 24.869531825184822
leaf_count=494 138 17072 2748 1159 185 96 1392 191 10313 52 177 490 241 712 785 48 2680 221 247 72 249 195 654 428 1784 11 83 484 16 52 234 150 89 495 62 2508 1052 680 6654 1720 121 622 1178 967 89 205 318 124 115 157 1627 31 75 65 257 21 341 4164 246 79 184 89 123 180 46 54 160 55 585 5748 2255 1357 201 231 41 170 76 881 333 214 318 13 151 1585 699 65 205 98 17 1342 8 65 1097 271 237 29 42 82 92 518 217 97 53 78 187 83 137 84 176 125 1875 215 78 400 68 55 127 26 19 54 90 8 68 62 132 48
internal_value=0 -0.000652403 -0.0034275 0.0366317 0.00387036 0.0177039 0.000483455 0.00786835 0.0378172 0.0310822 0.00923602 0.0209467 0.0156493 0.0366094 0.0291758 0.00756154 -0.0103154 0.0370085 -0.0063914 0.00117881 0.00684645 0.0241642 0.0246197 0.0278028 -0.00523527 -0.000569651 -0.00891786 0.00355096 0.00236586 0.0256382 0.0210125 0.0150683 0.00256803 0.000247732 0.0125714 -0.0045447 0.00895814 0.0264058 -0.0105775 -0.00696707 -0.00112076 -0.0096087 0.00893746 0.00618452 0.0139426 0.0283554 0.00363439 0.0208093 0.0237501 -0.00493008 -0.0122445 -0.00708432 0.0596051 -0.00162395 0.0111158 0.0736571 0.0109751 -0.0140735 -0.00729802 0.0110229 0.0392438 0.0265376 0.00379384 0.0235076 0.0092365 0.0160575 0.0179195 -0.00884198 -0.000520959 -0.014478 -0.0103505 -0.00693817 -0.00263191 0.0194972 0.0383569 -0.00628269 0.0254788 -0.0091381 0.0294548 0.0226834 0.0281639 0.00413042 -0.00275083 -0.00574396 0.00515274 0.0206501 0.00486082 0.0467121 0.0238932 0.0201297 0.0174746 0.0345688 0.00740065 0.0171709 0.0261754 -0.0049008 0.0197027 0.047326 -0.000172393 0.00898301 0.0271333 0.0219809 0.0220723 0.0207679 0.0418616 -0.0150104 0.0160939 0.00128388 0.0223213 0.0170738 -0.0114566 0.00401926 0.0342109 0.0108521 0.0224812 0.0327949 0.00803611 0.018789 0.0161636 -0.000428914 0.0216139 -0.0198679 0.0235385 0.00380629 -0.0133586 0.0152714
internal_weight=0 9486.54 8878.23 17787.4 4310.84 847.853 3462.99 1669.56 16537.5 2890.66 583.676 1249.88 939.892 2306.99 721.034 143.981 4567.39 309.989 1793.43 638.589 482.783 547.014 279.813 588.686 259.166 1200.35 396.685 803.668 434.67 63.6138 365.929 276.781 789.685 712.195 199.411 512.783 223.904 141.565 1154.84 2415.36 751.713 1663.65 506.275 392.056 288.408 120.261 168.147 99.6218 47.471 303.864 208.143 41.9791 37.3749 371.056 134.198 21.0524 95.7203 2152.02 528.1 88.5908 13646.9 192.43 392.878 64.5514 44.8235 383.736 366.779 236.858 113.146 1271.6 720.125 560.828 432.97 61.3144 42.2811 371.655 30.6564 340.999 469.209 265.254 209.338 176.138 408.17 360.159 184.831 108.537 67.589 40.9477 77.4908 345.704 316.259 577.053 335.702 149.343 109.817 50.7008 48.0106 48.1126 157.7 102.934 496.313 47.2537 20.7858 28.4416 95.4155 288.88 310.344 68.6836 333.513 232.653 224.146 35.7725 100.643 171.071 79.5665 25.9247 57.3946 42.7326 16.743 186.359 32.3251 551.471 9.77939 32.4759 349.214 42.0567
internal_count=92394 71596 71102 20798 28281 3675 24606 9983 16573 5855 3086 4225 3866 2769 1610 760 42821 359 14623 4815 3423 1504 831 1698 1977 8774 3078 5696 3250 376 1513 1279 5685 5364 1226 4138 1547 742 9808 20979 5680 15299 3000 2543 1576 481 1095 473 198 2255 1757 349 127 2874 928 86 498 21842 4770 606 10718 405 2362 360 281 1822 1701 1946 842 12756 6932 5212 3855 473 272 3382 246 3136 1209 1018 685 1051 3154 2899 1314 615 452 163 321 1541 1487 850 1872 631 360 323 255 173 1038 610 1181 193 82 130 276 2591 1479 316 964 769 1891 232 228 644 244 101 367 240 101 1241 144 5824 76 213 2880 132
is_linear=0
shrinkage=0.02


Tree=27
num_leaves=127
num_cat=0
split_feature=14 15 15 14 15 1 14 13 6 15 2 15 13 16 7 1 9 13 15 15 3 15 9 1 10 2 10 13 3 9 16 10 3 10 6 1 3 9 9 2 9 9 7 15 14 1 13 9 9 14 13 9 9 16 10 3 3 9 11 14 10 15 9 9 15 1 3 1 2 1 15 9 10 2 9 9 1 16 3 15 9 9 9 3 2 9 9 9 3 10 2 9 5 7 1 10 14 15 16 15 11 10 1 6 14 14 9 2 11 15 2 1 11 3 3 9 2 10 14 10 9 5 3 15 6 1
split_gain=20574.9 4144.03 822.347 1394.94 622.81 517.847 374.692 303.377 264.039 242.688 241.369 191.611 171.123 168.436 164.826 154.483 144.293 142.08 129.478 125.886 119.396 172.265 116.845 107.118 102.236 101.429 123.236 107.261 99.7986 98.8857 97.8963 238.195 225.2 126.527 134.034 95.1884 88.616 88.3308 136.383 88.7942 320.494 228.939 86.5978 84.9546 84.1309 151.753 79.8942 79.4529 78.2769 75.6576 93.1689 104.325 92.0395 133.78 80.9918 89.7261 74.5747 73.4497 70.7519 67.8712 66.8605 66.6392 65.6921 65.6197 65.3872 65.3092 86.3729 64.5462 62.6972 63.7364 62.6411 61.8022 90.4598 83.1957 88.6666 80.2596 63.805 61.1106 60.2 60.1617 81.1133 74.506 59.0362 58.4715 63.4826 61.2312 61.1996 77.0638 57.605 57.5792 56.1672 65.6248 55.9987 55.3402 54.5603 82.9694 52.797 55.228 57.2676 64.2428 62.3516 74.3445 61.3646 96.3153 51.7275 50.9913 50.9847 49.6425 48.0518 66.437 47.9873 47.9853 47.9796 52.3103 73.9086 47.979 57.163 48.2788 47.7646 47.4489 52.582 71.4854 71.8175 49.9483 47.2184 46.0008
threshold=0.7761511802673341 -1.005866467952728 -1.3535210490226743 2.1615140438079838 1.1461044549942019 0.61184212565422069 -0.061897344887256615 0.54868587851524364 1.2500000000000002 -1.2494890093803404 -6.6604938507080069 -0.16388268023729322 0.93164139986038219 0.99886935949325573 0.15109504014253619 0.78289476037025463 -1.0000000180025095e-35 0.032364165410399444 -0.92198339104652394 -0.17846065759658811 -0.17584410309791562 -0.55174565315246571 -0.59589663147926319 0.82236841320991527 -0.38873952627182001 -0.0061728393193334332 -0.56174489855766285 -0.39515002071857447 0.61764708161354076 0.12100457772612573 0.80128589272499096 -0.38873952627182001 1.0000000180025095e-35 1.0000000180025095e-35 2.7500000000000004 -0.019736842252314087 -0.20588235557079312 0.64140072464942943 0.48007008433341986 0.35814464092254644 0.33802047371864324 0.13009299337863925 0.3376764059066773 0.6615407168865205 0.16819845885038379 -0.019736842252314087 -0.42707978188991541 0.51286014914512645 -0.69663995504379261 0.4423926323652268 0.8515685796737672 0.66249006986618053 0.70395612716674816 -0.15239220112562177 0.38873952627182012 -0.08823529444634913 1.5588235259056094 -0.59090030193328846 1.0000000180025095e-35 -0.23514548689126966 -0.56174489855766285 0.67755714058876049 0.66561099886894237 0.67428746819496166 0.58374956250190746 2.3881578445434575 1.2764706015586855 0.88815787434577953 1.3024691939353945 -0.03289473615586757 -0.87305051088333119 -0.26002354919910425 -1.0000000180025095e-35 -0.47942388057708735 0.58751308917999279 -0.29399476945400232 1.4407894611358645 1.1129088997840884 0.088235294446349158 -0.59574958682060231 0.066093422472476973 -0.29399476945400232 0.27993273735046392 1.0294117927551272 0.063786007463932051 0.038463750854134567 0.3298847377300263 0.3932721763849259 1.2058823704719546 -1.0000000180025095e-35 0.65226340293884288 -0.52945876121520985 13.500000000000002 0.37663231790065771 -0.4407894760370254 -0.56174489855766285 -0.39580217003822321 0.92774829268455516 0.75926500558853161 0.28416901826858526 -1.0000000180025095e-35 -1.0000000180025095e-35 0.63815787434577953 1.7500000000000002 4.4634184837341317 0.37081556022167211 -0.37519921362400049 -0.24485597014427182 1.0000000180025095e-35 -0.66989830136299122 0.34362140297889715 -0.28289473056793207 -1.0000000180025095e-35 1.2058823704719546 1.7941176295280459 -0.58580270409584034 -0.36831274628639216 1.0000000180025095e-35 0.20369505137205127 -1.0000000180025095e-35 0.70468106865882885 0.99954625964164745 1.0000000180025095e-35 0.92774829268455516 4.5833332538604745 -0.21710526198148725
decision_type=2 2 2 2 2 2 2 2 2 2 2 2 2 2 2 2 2 2 2 2 2 2 2 2 2 2 2 2 2 2 2 2 2 2 2 2 2 2 2 2 2 2 2 2 2 2 2 2 2 2 2 2 2 2 2 2 2 2 2 2 2 2 2 2 2 2 2 2 2 2 2 2 2 2 2 2 2 2 2 2 2 2 2 2 2 2 2 2 2 2 2 2 2 2 2 2 2 2 2 2 2 2 2 2 2 2 2 2 2 2 2 2 2 2 2 2 2 2 2 2 2 2 2 2 2 2
left_child=1 9 -2 5 6 7 16 18 19 -1 -8 -10 64 20 92 59 77 -6 -4 60 21 94 -20 -13 25 26 35 29 -21 -27 31 32 37 83 -35 -23 -26 38 39 40 -18 -41 110 63 45 -38 -39 58 -29 52 -51 -52 61 54 55 -54 -9 -46 -44 -11 -7 79 88 115 90 -14 -67 -53 69 -48 71 75 73 -73 -75 76 78 96 -62 81 -81 -22 -60 84 86 89 -32 -88 -49 -85 91 104 -15 -79 95 -12 -3 98 -98 102 -101 -102 103 -100 -5 -28 -99 -61 109 -72 -36 -63 -25 -114 -115 -24 117 -117 -109 -33 -121 123 -123 -122 -16 -65
right_child=2 4 3 12 17 8 10 56 11 15 13 23 65 14 124 -17 30 -19 22 28 49 24 43 112 36 27 105 48 -30 -31 33 119 -34 34 42 -37 44 46 -40 41 -42 -43 47 -45 57 -47 68 62 -50 50 51 67 53 -55 -56 -57 -58 -59 82 107 70 111 -64 125 -66 66 -68 -69 -70 -71 108 72 -74 74 -76 -77 -78 93 -80 80 -82 -83 -84 85 -86 -87 87 -89 -90 -91 -92 -93 -94 -95 -96 -97 97 106 99 100 101 -103 -104 -105 -106 -107 -108 118 -110 -111 -112 -113 113 114 -116 116 -118 -119 -120 120 121 122 -124 -125 -126 -127
leaf_value=0.037189022072567017 0.039077705957191337 -0.018865317091839213 0.039470434718915919 -0.020694454845077967 -0.0098288911390523766 -0.01943751615757585 0.040085124776246255 0.036224885049321233 0.038321070286918633 -0.0077631908186174964 0.048477116224789965 0.034715273885732374 0.038657787225953082 0.034670064731054724 -0.013505551330149116 -0.010411586423042185 -0.022809285684053222 0.037815863158701925 -0.018803012518497374 0.035753446157531135 0.010600620566569822 -0.015824312390042842 0.066056620744058409 -0.023170338607660268 -0.019182071656083304 -0.011574291172831859 0.029818185628302865 0.062873722073286079 -0.0063562534897091908 0.046538737986044749 -0.022761859464927276 -0.021824571272952877 -0.018408463729282416 -0.022624130721859419 0.043639344814286385 0.087929022112683733 0.0029769675391085834 -0.011954869693884098 -0.023329274487093283 0.030431820739442037 0.062271062346298429 -0.023315884138509997 -0.020882313785232687 0.036728034958994141 0.013368693401494824 0.057135453774526418 0.019366653312044874 0.054493010176944905 -0.017097781900550828 -0.015465214888913397 -0.0065532425739878285 0.055376460240075559 0.085697134297714306 -0.023054230027921976 0.065453097959466106 -0.02317640626400945 -0.0027053527229885829 -0.014575848137885332 0.043554346622318038 0.039433290277013165 -0.0086922427849665026 -0.011904556062384821 -0.02377256565172841 0.046689219513458696 0.036774126746052217 -0.018921593306155077 0.031119048753067473 -0.0037870101274749841 -0.024382759870956647 0.048465815648938593 -0.023468657787834309 0.063002237179774351 -0.018221493151706455 -0.02327165199096606 0.024229315120940363 0.054007305462216389 -0.015688734840982856 0.035071445824734253 0.031606691332468177 -0.012441982632207594 -0.002253258849575866 -0.005609682321509009 -0.023889924049324163 -0.023102824686637914 -0.022737638180521581 -0.019604147010691325 0.04893748008352123 -0.008042190658480981 -0.0020283924229780657 0.05957570687103303 -0.0050053840628232864 0.027288206866299715 -0.013403686358414758 -0.0079797996034942937 0.049296082863342576 -0.024332823323655078 -0.015812611680902623 0.033381943443349091 -0.0028549089650747837 -0.021270603988240246 0.022979998383609816 -0.0091716239008478827 -0.015996727017850723 0.064584474351289695 0.021277237972588271 0.067440527551945642 -0.022607067569249788 -0.0047250245279274756 -0.015645059808911232 0.015565941665611984 -0.0099290308544246995 0.044734098792821093 -0.011867066560841542 0.039631418677760773 -0.023082861331882497 0.030933244247517661 -0.0033310299815589319 -0.0024501761784498123 0.027222670630119065 -0.013222100741102187 -0.022573232717541334 -0.022621098404218193 0.067537517771066813 0.079671655047686696 0.029225813685572161 0.011694111563970069
leaf_weight=1015.1715956628323 11479.83126488328 843.48725528270006 67.675275176763535 21.860371299088001 29.79447665810585 94.372607596218586 53.870108842849731 625.76346705108881 146.20788519084454 23.106220118701458 12.308120608329775 38.462418496608734 3603.5673446133733 107.51946778595448 67.163114339113235 67.081857055425644 30.281838193535805 156.7551404684782 50.735520228743553 62.234787054359913 193.09830866754055 29.643283307552338 4.9949828162789336 35.57120369374752 126.51529102027416 19.057370908558369 37.614725947380066 5.1944390907883635 35.270924061536789 30.389268025755882 11.831760056316851 263.88140070438385 175.83293177187443 36.570706643164158 58.690399155020714 4.0162616968154898 162.11747416853905 28.043073371052742 68.613238006830215 54.863490104675293 42.658755272626877 75.083118863403797 42.248245880007744 54.061196811497211 48.275488793849945 23.723345413804054 100.33429560810328 28.012387305498123 85.153593562543392 526.70984365046024 107.85124945640564 20.844040796160698 4.1568559557199469 18.528422921895981 23.625493533909321 11.148141823709009 20.321557193994522 170.50617124885321 16.35213436931372 88.009801834821701 21.25470182299614 8.8408695235848445 7.8140866234898558 28.271817058324814 157.92606457322836 17.324894718825817 67.760333262383938 11.415705896914004 9.7229143306612951 43.016796849668026 25.24663183093071 11.155586890876291 77.156013980507851 27.554504953324795 36.593881122767925 18.925141677260399 29.349782779812813 18.105945430696011 49.034902952611446 622.60063584148884 627.59836650639772 274.83913240581751 7.6062756627798072 5.8548944965004921 22.41818492859602 146.53798993676901 26.859728939831257 14.685572594404219 9.7137491777539235 7.9365178793668729 29.669985771179199 287.99852162599564 10.65243538469076 35.09068863093853 38.864142224192619 12.740635745227335 825.45750372856855 19.588265210390094 17.233094543218613 111.75050546228886 37.156331911683083 127.42023421823978 17.301840364933014 16.660067498683929 25.384124986827374 23.358581520617008 9.7408574074506742 25.665333390235901 146.66762986034155 56.410896860063076 7.5495782867074004 18.511542767286301 36.50154273211956 26.543229043483734 10.486099585890768 44.87298459559679 158.7687791660428 28.229323886334896 69.165392830967903 948.12185274064541 20.511498093605045 4.9954126402735737 12.080829322338102 2.1075312867760649 12.226776815950869 32.066330723464489
leaf_count=962 8239 9256 52 137 227 867 38 773 163 152 13 75 2764 239 573 545 306 153 427 149 1233 230 14 321 1182 144 176 16 241 123 114 2926 1916 364 141 6 1198 196 590 185 115 635 343 86 326 99 437 33 655 4761 866 52 14 164 52 95 77 1471 53 131 156 66 60 27 186 111 110 84 71 143 225 18 629 250 136 27 237 62 165 5453 4947 2195 58 54 217 1471 45 116 56 18 132 609 77 299 68 94 8636 104 158 1213 289 1260 171 69 95 63 97 138 1162 279 45 50 264 80 94 160 967 162 157 9650 208 50 25 3 50 132
internal_value=0 -0.000645808 0.0358893 0.0300908 -0.00591636 0.0167787 -0.00676288 0.0261086 0.00621032 0.0326871 -0.00192726 0.022094 0.0367311 -0.00257448 0.0153632 0.0159482 -0.0106564 0.0302064 0.013877 -0.000540258 -0.00364861 0.00291651 0.0095685 0.00601613 0.000283037 0.0112842 0.0272736 0.000460381 0.020521 0.0241412 -0.00723965 -0.00924642 0.000800087 0.00113215 0.0122491 -0.00344445 -0.00457255 0.00826223 0.00104592 0.00928923 0.0269493 -0.00062359 0.0194145 0.0136664 -4.52097e-06 0.00989052 0.0190797 0.00867377 -0.0124999 -0.00585352 -0.0116094 0.0028853 -0.00372469 0.0211814 0.0422347 0.00639378 0.0350004 -0.00840972 -0.00531288 0.0245342 -0.00399911 -0.00454456 0.0290077 0.00947148 0.0260228 0.0382489 0.0209299 0.0344404 0.0247652 0.0280987 -0.00108139 0.00542036 -0.00300187 0.0125921 0.0038256 0.0162503 0.00907893 -0.014487 0.0194208 -0.00503762 -0.00732726 0.00107964 0.0221423 -0.00896941 0.00550554 -0.0158124 0.0173676 0.0287961 0.0399398 0.024476 0.0213699 0.0237042 0.0303365 0.00667307 0.0344609 0.0114435 -0.0150427 -0.0123155 -0.0130049 -0.00592873 -0.00974135 -0.00191278 0.0146501 0.0302947 0.00185663 0.0442311 0.0147867 0.0286157 -0.00879903 0.00349734 0.037534 0.0264273 -0.00410136 0.00512343 0.0218718 0.00472836 0.00340722 0.0180418 0.0185762 -0.0142905 -0.0122779 0.0102734 0.0411629 -0.0130466 -0.00692453 0.0280913
internal_weight=0 9435.25 17792.1 6312.25 8147.05 2100.76 7960.5 1115.76 985 1288.2 3550.68 293.772 4211.49 3496.81 197.562 273.029 4409.82 186.55 469.676 691.228 3299.25 829.478 402.001 147.564 765.565 234.428 94.6329 139.795 97.5057 49.4466 2330.83 1880.15 628.45 450.682 214.558 33.6595 531.138 452.618 271.5 202.887 72.9406 129.947 177.987 351.265 404.622 185.841 181.117 111.747 90.348 2469.77 666.821 140.111 1802.95 57.4589 38.9305 15.305 646.085 218.782 66.2067 205.947 593.722 1745.49 45.5402 297.204 522.839 3688.65 85.0852 32.2597 153.074 143.351 499.35 271.025 152.46 75.304 64.1484 118.565 99.6394 2078.99 70.2896 1718.14 1250.2 467.937 23.9584 236.125 75.7952 160.329 53.3771 41.5453 37.7261 13.7914 364.913 335.243 118.172 53.1966 63.9129 25.0488 2025.8 1182.31 1152.98 327.522 276.327 164.577 51.195 33.8932 47.2445 60.9733 29.3291 182.841 228.325 81.6575 66.24 27.3524 109.102 73.5309 37.0293 236.866 231.871 73.1023 94.8307 1251.7 987.817 39.6953 17.0762 22.619 79.3899 60.3381
internal_count=92394 71596 20798 12559 69511 8415 69131 2877 5538 2085 26873 997 4144 26835 939 1123 42258 380 2027 4541 25896 5864 1975 834 5689 1413 475 938 390 267 20644 17456 4594 3188 1153 236 4276 2678 1831 1241 421 820 789 1548 3094 1297 847 603 671 20032 5763 1002 14269 325 161 109 850 1797 454 578 4151 13944 149 1462 1159 2985 221 136 651 580 3284 1618 1033 404 386 585 558 21614 321 13828 10400 3428 111 2035 492 1543 275 161 89 72 973 841 316 361 175 107 21253 11997 11796 3160 2762 1549 398 227 232 239 201 426 1666 504 186 116 759 438 174 1303 1289 322 295 12862 9936 286 75 211 623 159
is_linear=0
shrinkage=0.02


Tree=28
num_leaves=127
num_cat=0
split_feature=14 15 15 14 15 1 14 0 13 0 2 1 13 16 13 13 15 6 13 3 15 15 10 8 16 3 8 8 15 0 0 15 6 15 14 5 2 8 8 8 10 10 3 5 3 0 0 14 13 8 3 8 11 15 10 0 1 15 1 0 3 16 8 2 2 11 1 3 15 15 8 8 1 10 14 13 13 10 1 8 6 8 10 8 5 1 2 13 1 10 8 2 11 5 10 2 11 13 11 5 1 3 10 1 1 8 5 0 11 13 2 10 5 1 14 8 10 11 14 1 15 6 8 1 0 15
split_gain=19714.7 3981.99 797.588 1339.35 599.367 493.756 365.652 320.896 289.849 288.66 231.987 188.571 169.367 161.709 151.058 135.746 124.445 119.87 118.615 115.178 163.737 113.564 112.396 372.222 182.211 172.745 116.387 153.483 102.567 100.881 96.5254 93.2729 93.5133 91.9547 86.4608 85.4776 79.1934 77.5601 75.4732 302.906 109.509 155.909 135.187 173.191 127.758 74.6997 75.8394 73.8576 91.0283 72.016 71.8483 84.5362 263.879 147.438 97.5108 119.758 73.6117 71.5003 136.471 81.6967 71.1873 68.7503 98.3951 68.689 63.2113 80.2393 63.1249 82.553 62.9597 62.5863 62.3449 68.3703 95.6993 62.3232 60.1073 59.6917 58.5833 58.0058 57.0028 61.0028 55.1216 53.4919 221.959 79.7648 114.062 99.5092 53.3135 52.0702 50.1396 79.3539 50.1048 63.1412 63.2193 49.3992 48.4847 48.0119 47.947 47.1529 46.5437 55.7451 45.5436 45.1397 45.0482 48.5093 45.0995 44.1574 43.445 43.2822 42.4346 42.2395 41.5645 62.6055 59.1427 40.5474 40.1127 38.6086 37.7712 37.6831 53.9309 37.4259 35.7003 35.2293 47.3933 34.6813 74.8099 57.5198
threshold=0.7761511802673341 -1.005866467952728 -1.3535210490226743 2.1615140438079838 1.1461044549942019 0.61184212565422069 -0.061897344887256615 -0.027418032288551327 0.54868587851524364 0.44280077517032629 -6.6604938507080069 1.7302631735801699 0.93164139986038219 0.99886935949325573 0.16974896937608722 0.032364165410399444 -0.92198339104652394 0.91666665673255932 0.8515685796737672 -0.17584410309791562 -0.55174565315246571 -0.1367329657077789 -0.38873952627182001 -0.17293875664472577 0.80940195918083202 1.1470588445663454 0.28964744508266455 0.5214291810989381 0.87182176113128673 -0.12665827572345731 1.342342257499695 0.29051074385643011 2.7500000000000004 0.51171711087226879 -0.29648716747760767 0.99954625964164745 1.3312757611274721 0.61905220150947582 -0.53177404403686512 -0.60341805219650257 1.0000000180025095e-35 0.38873952627182012 -1.0000000180025095e-35 0.99954625964164745 1.382352948188782 0.0067396073136478671 -0.25867402553558344 0.4423926323652268 0.8515685796737672 0.45432890951633459 1.4411764740943911 -0.59348425269126881 0.6784479320049287 0.5213490128517152 -1.0000000180025095e-35 0.18078970909118655 0.71710523962974559 -0.17848423868417737 -0.019736842252314087 -0.1562710031867027 1.5588235259056094 0.58577954769134533 0.094030573964118971 0.67283952236175548 0.15432098507881167 -1.0000000180025095e-35 2.3881578445434575 1.2764706015586855 0.58374956250190746 -0.87305051088333119 0.38725660741329199 0.25540180504322058 0.79605263471603405 -1.0000000180025095e-35 1.3799114227294924 -0.25179196894168848 0.29604057967662817 0.38873952627182012 0.79605263471603405 -0.34491391479969019 3.9166666269302373 -0.26116059720516199 0.38873952627182012 -0.36895185708999628 0.99954625964164745 -0.19078947603702542 0.65226340293884288 -0.42990349233150477 -0.4407894760370254 -0.56174489855766285 0.40265952050685888 -0.69753086566925038 -1.0000000180025095e-35 37.500000000000007 -0.56174489855766285 -0.56584364175796498 0.6784479320049287 -0.45187266170978541 0.6784479320049287 0.99954625964164745 -0.04605263099074363 2.2647058963775639 -0.56174489855766285 1.2697368264198305 1.4276315569877627 0.59008219838142406 7.5000000000000009 1.3047501444816592 -0.22252093255519872 0.81019023060798656 0.16255144029855731 0.38873952627182012 0.99954625964164745 0.48026315867900854 0.15931565314531329 -0.15488994121551511 0.38873952627182012 -1.0000000180025095e-35 -0.087863069027662263 -0.23026315867900846 -0.66989830136299122 1.5833333134651186 -0.45195159316062922 0.085526313632726683 0.0836683325469494 -1.0314508080482481
decision_type=2 2 2 2 2 2 2 2 2 2 2 2 2 2 2 2 2 2 2 2 2 2 2 2 2 2 2 2 2 2 2 2 2 2 2 2 2 2 2 2 2 2 2 2 2 2 2 2 2 2 2 2 2 2 2 2 2 2 2 2 2 2 2 2 2 2 2 2 2 2 2 2 2 2 2 2 2 2 2 2 2 2 2 2 2 2 2 2 2 2 2 2 2 2 2 2 2 2 2 2 2 2 2 2 2 2 2 2 2 2 2 2 2 2 2 2 2 2 2 2 2 2 2 2 2 2
left_child=1 7 -2 5 6 8 22 34 16 21 -8 18 68 19 80 100 -4 -9 74 20 88 69 23 -3 38 26 30 -28 94 57 45 32 64 35 -1 37 81 -29 39 -24 97 42 43 -42 -43 46 115 50 -49 75 51 52 53 -21 63 -56 -54 58 59 -22 123 -47 -63 -53 -26 -66 -14 -68 86 70 71 102 -73 -51 96 114 108 105 79 -50 -15 82 -33 84 -84 -85 101 -48 89 -12 -83 93 -93 -92 -18 -82 -11 119 -13 -100 -6 -5 -7 -104 -105 -59 -16 -34 -71 -72 111 120 -112 -81 -31 -25 -109 -40 -119 -41 -96 122 -20 -10 125 -125
right_child=2 4 3 12 15 9 10 17 60 11 13 98 66 14 106 -17 28 -19 121 47 29 -23 24 25 31 -27 27 33 -30 49 -32 36 107 -35 -36 -37 -38 -39 117 40 41 44 -44 -45 -46 61 87 48 78 73 -52 54 56 -55 55 -57 -58 77 -60 -61 -62 62 -64 -65 65 -67 67 -69 -70 76 109 72 -74 -75 -76 -77 -78 -79 -80 113 95 90 83 85 -86 -87 -88 -89 -90 -91 91 92 -94 -95 110 -97 -98 -99 99 -101 -102 -103 103 104 -106 -107 -108 116 -110 -111 112 -113 -114 -115 -116 -117 -118 118 -120 -121 -122 -123 -124 124 -126 -127
leaf_value=0.0049919412051506584 0.038334817783598617 -0.020850044850684642 0.038667238156821722 0.024617597376929683 -0.019481214169773043 -0.019680352699006917 0.039297669399642812 -0.0043387995756702293 0.038485349456002474 -0.012935356442395896 0.047100196359542296 -0.0095671439553111342 0.037905528485824375 -0.0096146449681526885 0.037114644506158631 0.036992516843229205 -0.017049240412865662 0.038823227397648923 0.034489207379078471 -0.0067762328182887311 -0.0013105326661238806 0.034986337420757574 -0.01900833806404267 0.057356994472418057 -0.019293348845044991 -0.022260882090922314 -0.021914379391078331 0.029971519678519867 0.038297533122016877 0.014252207011290537 0.088413599612701857 -0.021546419845348951 0.068731237460974676 -0.01844977138835539 0.036666216767786447 -0.023059024652196791 0.039845880275050816 0.006162095918948781 -0.02082985260793703 0.069923259071283661 0.049019364004717979 -0.016661796328013893 -0.022928865161531319 0.16402094455777122 0.057597024805170087 -0.022400398030449981 -0.0013755750195427274 -0.015333444193562971 -0.02317392138859618 0.072201588088134414 -0.016863726897952024 0.0046434555610766638 0.016967403358369007 0.040487828322789528 -0.015276304551710154 0.0021506768834351269 0.058116371878837232 0.0010756474902362807 0.10849501792445597 0.02925558924365813 -0.0026537148465688122 -0.022469915019762188 0.054021476160647425 -0.014410535275400796 0.070892848148092283 -0.022643483893596078 -0.018753879411881832 0.030365183746421793 0.03590046304347097 0.066001518781035343 0.061906138056818057 0.050613310114185843 -0.023267768531458472 0.0047921689547679993 0.02791053327369479 0.044626826456905438 -0.016214621097624914 -0.018953756977078677 -0.0062710971159292885 0.0027966797667590975 -0.023462980063580666 -0.019849490515967464 -0.022836224371794223 0.074527919510715551 0.024709327162072914 -0.022320321081420864 -0.0049164643725465957 0.027090185808658122 0.047458318724239348 -0.024232180600005405 -0.01918906601487657 0.011521941370689213 -0.010713630475726644 0.04947999170251223 -0.024020480840132068 0.049286437385363535 0.029140478483423618 -0.01725748015177685 0.048194685472719878 -0.023551592587125168 0.053158441136000427 -0.011630007253274411 -0.011264271792620599 0.029201068963376452 0.0025390077489694796 -0.017617548152014474 -0.0047519226754498805 -0.0034533120774215159 -0.0064511338845448961 -0.019792463788204491 0.011498310239749333 -0.0052949586908753636 -0.014946344526238688 0.047141224406497324 -0.023028585856015679 -0.024168823235393783 0.045491256778222244 -0.016005404207883944 0.0048762380122988518 -0.023376434744605139 0.023356573162181732 0.039807971004420295 -0.00088484667989896721 0.040184351990467666 0.035492706247562594 -0.0080123930980027028
leaf_weight=35.586964517831802 11468.353994771838 418.22100186347961 67.699075326323509 323.1003595739603 25.62077517062426 35.628235101699829 53.850703954696655 120.75201286375523 438.43310654163361 49.352107100188732 12.413471773266794 94.888589985668659 3601.5961976125836 80.479190148413181 88.270608261227608 157.03612195700407 33.55930070579052 32.709480442106724 44.40203095972538 274.25139588117599 193.84245594590902 28.954514235258102 345.65394824743271 2.6146210581064251 32.412248335778713 100.66333631426096 105.69325393438339 83.215851068496704 43.679499678313732 26.774754911661148 7.0439084917306891 100.00192642211914 12.643898360431193 52.182173132896423 1100.2243500947952 27.221612274646759 14.242871835827826 159.85600861907005 755.95073861628771 4.870294526219368 37.670495308935642 37.81758825480938 8.3224071860313398 6.0841747522354117 12.275442861020563 38.656225733458996 30.185537479817867 520.67245707660913 9.9922195225954038 16.348901927471164 151.05469544231892 455.1090469583869 30.306719571352005 29.212331585586071 494.16127926856279 231.68490038067102 40.800053231418133 253.78259536623955 5.1277574226260176 42.677975848317146 20.302839547395706 12.36611081659794 14.750804878771303 90.773428030312061 8.4792285040020925 6.4659220054745665 17.132177725434303 68.05072033405304 158.527597412467 6.0938739776611328 2.6346865072846404 26.098431780934334 9.5898976102471334 8.256915017962454 38.844523526728153 14.468641273677347 211.11851375550032 120.42172642052174 92.926825396716595 12.323552519083021 5.0278387367725399 178.41120969504118 28.585618704557419 18.031311050057415 68.660584345459938 5.5497919842600814 29.603147186338902 173.13879781216383 39.554509349167347 12.53969971090555 136.8867039680481 101.3413562849164 103.26119724661112 4.3227528706192961 6.6814022287726393 13.039685212075709 13.879931531846522 43.233150139451027 13.030817024409773 6.4888779968023291 3.9902608394622794 14.352769881486891 48.925025135278702 41.164821244776249 66.169064000248909 63.118858352303505 11.168836891651152 11.46574427187443 6.888756223022936 64.529172308743 76.654269620776176 48.426704205572605 60.550630331039429 24.938957557082176 20.294901505112648 20.872796513140202 14.017025142908095 970.23830365389585 52.131226137280464 2.6585515066981307 133.09828343242407 151.08609320223331 22.995937988162041 14.141497895121573 141.93172480165958 33.05990231782198
leaf_count=167 8239 4697 52 768 224 336 38 861 357 369 13 739 2764 664 137 153 264 32 82 2174 1433 78 3764 3 313 1110 981 437 48 169 17 991 13 500 1025 253 28 1025 8525 25 134 368 78 14 36 408 205 4761 86 41 1367 3345 172 108 4498 1712 124 1844 7 234 77 128 91 769 47 64 111 110 186 14 10 35 84 70 110 16 1777 1137 745 78 42 1893 281 42 284 60 132 817 68 94 1440 622 986 8 50 26 43 438 21 53 3 73 340 150 421 556 70 94 59 592 355 301 439 93 182 160 38 10410 407 23 518 133 92 22 176 218
internal_value=0 -0.000638661 0.0351921 0.0294831 -0.00583813 0.0164395 -0.00667422 0.0320062 0.0255289 0.00609725 -0.00189664 0.0182613 0.0359889 -0.00253303 0.0150212 0.0295861 0.0135784 0.00486095 0.0261284 -0.00359011 0.00285349 -0.00356145 -0.0105455 -0.00546899 -0.0125728 0.00229563 0.00569209 -0.000998441 0.00936012 0.000273575 0.0152528 -0.00464008 0.015166 0.00585688 0.0356738 0.0105495 -0.00686992 0.0143133 -0.015516 -0.00863921 0.0147969 0.0267261 0.050957 0.0650106 0.00153554 0.0134915 0.0189335 -0.00576477 -0.011482 0.020662 -0.00366267 -0.00245142 0.00589937 -0.00222645 -0.00491103 -0.00971374 0.0405781 -0.0023132 0.00641788 0.00420485 0.0342049 -0.00527449 0.0191392 0.00147502 -0.00360314 0.030425 0.0375031 0.0204862 0.0253674 -0.00571266 0.000344318 0.0053414 0.0307605 0.0495812 0.00832955 0.00909882 -0.0136788 -0.00713766 0.00282352 0.0207082 -0.0025274 -0.00776296 0.000493815 0.0187353 0.0107333 0.0517348 0.0208183 0.0228642 0.0334534 0.0112536 -0.0112411 -0.00679991 0.000299834 -0.0170869 0.00583902 0.0290417 -0.00369938 -0.0092135 -0.00378137 0.0243443 -0.00969259 0.0230759 0.000613796 0.00524102 0.0127645 -0.00264757 0.0324123 0.0384793 0.0275572 -0.0165876 0.00819946 0.0143024 -0.000172122 0.0324755 -0.00182206 -0.0150934 0.0234691 -0.0174441 -0.0149406 0.0369777 0.021092 0.034444 0.0224197 0.0353973 0.0282389 0.00642731
internal_weight=0 9383.96 17781.7 6313.35 8094.68 2100.98 7908.04 1289.27 1118.22 982.764 3539.67 434.969 4212.36 3485.82 197.986 186.647 470.349 153.461 320.561 3287.83 829.623 547.795 4368.37 1246.68 3121.69 828.461 727.798 428.169 402.65 765.115 299.629 844.779 85.4841 322.476 1135.81 270.293 759.295 243.072 2276.91 498.586 152.932 102.17 52.0771 43.7547 50.093 292.585 226.812 2458.21 660.854 86.1441 1797.35 1646.3 374.571 303.464 1271.73 725.846 71.1068 678.971 241.648 236.52 647.869 65.7731 27.1169 545.882 47.3574 14.9452 3686.78 85.1829 525.584 518.84 294.739 227.575 35.6883 24.6058 102.077 61.5383 224.101 437.323 140.182 47.2547 98.5467 745.052 220.829 120.827 97.2462 23.5811 367.056 203.324 64.5077 24.9532 524.223 345.812 204.603 141.209 358.971 18.0675 63.232 50.762 114.408 19.5197 29.611 337.453 191.887 156.259 107.334 316.901 99.4394 38.1267 12.9826 67.1639 325.411 188.206 137.205 37.2625 47.0697 23.4874 25.4828 1778.32 1022.37 7.52885 139.78 218.484 67.398 627.566 189.133 47.2014
internal_count=92394 71596 20798 12559 69511 8415 69131 2085 2877 5538 26873 1642 4144 26835 939 380 2027 893 829 25896 5864 3896 42258 10832 31426 6135 5025 3196 1975 5689 1829 7204 569 2215 1192 1715 6635 1462 24222 4880 1116 630 226 148 404 1812 1185 20032 5763 478 14269 12902 2578 2282 10324 6210 296 5211 1674 1667 850 627 219 4114 424 111 2985 221 1159 3818 1968 1366 119 111 522 367 1850 3537 1002 257 732 6607 1658 667 565 102 973 1022 175 107 4949 3056 1608 1448 1927 68 412 486 813 74 227 841 1247 911 571 2400 207 145 73 602 1663 869 794 171 351 163 132 19342 10817 48 568 307 174 773 416 240
is_linear=0
shrinkage=0.02


Tree=29
num_leaves=127
num_cat=0
split_feature=14 15 15 14 15 1 0 14 13 0 16 1 13 13 1 15 1 13 6 15 0 13 10 8 16 3 8 8 15 1 15 12 15 15 6 0 14 5 8 11 8 8 13 8 8 10 10 3 5 3 8 8 8 10 8 5 0 8 12 0 0 3 10 0 16 8 15 1 13 15 15 8 10 8 10 8 15 14 8 10 10 1 0 8 16 10 0 10 13 10 13 12 11 1 11 8 1 13 0 13 8 8 13 0 8 10 8 1 0 8 1 14 12 3 11 5 3 1 11 1 15 6 12 12 12 13
split_gain=18910.8 3829.51 774.619 1286.71 583.39 471.671 416.926 325.38 278.648 276.884 184.522 180.032 168.164 152.282 135.723 156.881 134.259 129.634 125.534 119.811 116.307 113.301 111.657 365.609 180.333 168.689 110.233 149.927 108.262 99.8567 98.1823 97.5903 90.66 89.2533 87.038 85.7749 84.3358 80.8077 77.6304 82.5453 328.97 113.425 90.5251 75.7451 293.855 102.852 142.226 122.398 131.988 119.875 75.1522 73.9443 73.2384 249.048 73.2838 108.999 77.8632 72.075 71.3018 70.4665 71.9498 68.2068 67.9773 66.894 66.3226 91.0091 64.5607 61.1268 80.6246 60.8688 60.8145 60.435 65.2389 59.2292 145.053 58.5526 57.575 60.979 100.292 160.467 157.152 173.227 103.158 82.6358 81.8854 118.923 92.7333 77.5895 56.456 55.1873 55.1708 54.0543 52.7537 53.2909 49.0175 120.467 54.0562 84.604 78.1277 48.8804 48.8381 53.394 48.753 48.1208 48.0498 47.4738 47.3605 86.7563 46.4792 46.4737 46.4643 45.0765 45.0009 46.8843 44.6552 52.6611 44.1919 43.6532 43.0416 42.4843 42.4766 41.0884 40.8589 63.2278 79.6152 41.8022
threshold=0.7761511802673341 -0.9618692398071288 -1.3535210490226743 2.1615140438079838 1.1461044549942019 0.61184212565422069 -0.027418032288551327 -0.061897344887256615 0.54868587851524364 0.44280077517032629 1.0067077875137331 1.7302631735801699 0.93164139986038219 0.16974896937608722 0.61184212565422069 -0.59574958682060231 0.019736842252314094 0.032364165410399444 0.91666665673255932 -0.92198339104652394 0.072790756821632399 0.8515685796737672 -0.38873952627182001 -0.17293875664472577 0.80940195918083202 1.1470588445663454 0.28964744508266455 0.5214291810989381 -0.1367329657077789 0.50657895207405101 0.96496084332466137 1.328506648540497 0.29051074385643011 0.51171711087226879 2.7500000000000004 1.342342257499695 -0.13633995503187177 0.99954625964164745 0.18490620702505114 0.6784479320049287 -0.59348425269126881 -0.39242093265056605 0.24498091638088229 -0.53177404403686512 -0.60341805219650257 1.0000000180025095e-35 0.38873952627182012 -1.0000000180025095e-35 0.99954625964164745 1.382352948188782 -0.62203851342201222 0.3794549703598023 -0.23509580641984937 0.38873952627182012 -0.36895185708999628 0.99954625964164745 2.3989624977111821 0.61905220150947582 1.328506648540497 0.0067396073136478671 -0.25867402553558344 1.5588235259056094 0.56174489855766307 -0.035787466913461678 0.58577954769134533 0.094030573964118971 0.20448227971792224 2.3881578445434575 6.1827387809753427 -0.87305051088333119 0.58374956250190746 0.38725660741329199 -0.56174489855766285 0.13066187500953677 -0.38873952627182001 0.57960763573646557 0.96496084332466137 0.16819845885038379 -0.31204251945018763 -0.38873952627182001 -0.38873952627182001 -0.34868420660495753 0.056667001917958267 0.70804578065872203 0.90537753701210033 -1.0000000180025095e-35 -0.088914588093757616 0.56174489855766307 0.29604057967662817 -0.56174489855766285 3.6011408567428593 -73.648517608642564 -0.22252093255519872 0.57236841320991527 1.0000000180025095e-35 0.70776253938674938 -0.34868420660495753 -0.36197908222675318 1.3047501444816592 -0.42990349233150477 0.56873580813407909 0.5214291810989381 -0.20000310242176053 -0.072725236415863023 -0.6389540135860442 -0.56174489855766285 0.25540180504322058 0.79605263471603405 -0.24250671267509458 -0.11238473653793334 1.2697368264198305 -0.60307240486145008 12.016444206237795 -1.0000000180025095e-35 0.6784479320049287 0.99954625964164745 2.2647058963775639 -0.04605263099074363 -1.0000000180025095e-35 1.4276315569877627 0.52632996439933788 0.011494252830743791 -33.372810363769524 0.33368697762489324 -1.0012316703796384 0.82925808429718029
decision_type=2 2 2 2 2 2 2 2 2 2 2 2 2 2 2 2 2 2 2 2 2 2 2 2 2 2 2 2 2 2 2 2 2 2 2 2 2 2 2 2 2 2 2 2 2 2 2 2 2 2 2 2 2 2 2 2 2 2 2 2 2 2 2 2 2 2 2 2 2 2 2 2 2 2 2 2 2 2 2 2 2 2 2 2 2 2 2 2 2 2 2 2 2 2 2 2 2 2 2 2 2 2 2 2 2 2 2 2 2 2 2 2 2 2 2 2 2 2 2 2 2 2 2 2 2 2
left_child=1 6 -2 5 7 8 31 22 19 28 14 21 70 75 15 16 51 117 -8 -4 92 58 23 -3 43 26 35 -28 69 -22 105 91 34 37 -26 59 -33 57 39 41 42 120 -41 44 -24 111 47 48 -47 -48 -44 104 53 -34 55 -55 -57 -29 118 60 -25 -10 -56 100 -61 -66 73 -14 121 71 116 72 -7 89 -75 -12 77 78 80 82 -17 -82 -80 -81 85 86 -79 -86 -71 -43 -42 -1 93 103 96 -96 97 98 -54 -62 101 -40 -78 -18 -9 -21 110 -108 -53 -95 -74 -46 -107 -114 -13 -116 122 -6 -11 -112 -16 -69 -5 124 -124 -126
right_child=2 4 3 12 17 9 18 10 61 11 13 114 67 -15 38 76 20 -19 -20 30 29 -23 24 25 32 -27 27 33 -30 -31 -32 36 52 -35 -36 -37 -38 -39 63 40 90 66 50 -45 45 46 49 -49 -50 -51 -52 108 94 54 62 56 -58 -59 -60 64 99 -63 -64 -65 65 -67 -68 68 -70 88 -72 -73 106 74 -76 -77 102 84 79 83 81 -83 -84 -85 87 -87 -88 -89 -90 -91 -92 -93 -94 109 95 -97 -98 -99 -100 -101 -102 -103 -104 -105 -106 112 107 -109 -110 -111 119 -113 113 -115 115 -117 -118 -119 -120 -121 -122 -123 123 -125 125 -127
leaf_value=-0.030263834941525958 0.037633473898002159 -0.020780660380455611 0.037909286561815296 0.035974124503116961 -0.019353222642037253 -0.019623259513460937 -0.0043791725972250929 -0.024102943062803389 0.034658786579380256 -0.014559552097588585 -0.013873023167166215 -0.0094382883563770437 0.037194509387857969 0.032677239676581135 -0.017259681590205748 -0.022936422012680868 0.027577266821114232 0.036212643355494033 0.037776020884878282 -0.016907639840559187 -0.0020897738537150714 0.03364921359405592 -0.018907506059703996 -0.014974227771605703 -0.0033929628777014465 -0.022211195463007281 -0.021830615507416631 0.028887478961176046 0.033897620175509048 0.081423056459887247 0.0391163434842276 -0.0054233953052655612 -0.021490491389579196 -0.018338306757943471 0.037131973778775362 0.081915560073767629 0.028243269449749198 -0.023003001747006108 0.01172605376643128 0.073136268845333335 -0.022725761341772885 -0.022766732671478031 -0.0050835262139232815 -0.017388885951033245 0.078389586880407661 0.046789947666356725 -0.016540961213008444 -0.022863495838551341 0.14182681543876541 0.054640351611388464 0.051569486179533816 0.040589994959527073 0.033300415230051478 -0.022773798686922558 -0.022357647638131799 0.033335947762588587 -0.023572546802897953 0.0060735432403462878 -0.013123142340601468 -0.02234643024238368 -0.0013493264972830479 -0.0026030234726967254 0.052921311360898365 -0.018714225518167534 -0.02241523419752425 0.050846753627362386 -0.020486164824966128 -0.016360637295492961 0.039544133782426272 0.026651846790316021 0.035071951888067103 -0.016460300676692952 -0.011117063761888576 0.064482912432630352 -0.02281861803178915 0.019698555021165669 -0.022547987225392533 0.0083254169171249025 0.018792479832282345 -0.014046245008577809 -0.018429729810616489 0.022780631493111263 -0.022838340065155914 0.037351506351936473 -0.0078629956689993119 -0.014597423336229948 -0.012649615986392991 0.044153500252700699 -0.016073634461443592 0.0044530789518982946 0.079787007898022205 0.037554703502504283 -0.013300783743670051 0.057831825610178238 -0.022315605813757685 0.055658503427576653 -0.013001791447380791 -0.012406103962904156 -0.01596164246726741 0.026212801526960976 -0.022490552450141695 0.093926324808337708 0.041136390920299103 -0.018870248591007839 0.038147940877076562 0.0057764907756854998 0.048935057451025388 -0.023224539568567133 -0.013940557212222475 0.00067353200572777537 0.028253281424556707 -0.013175769254458824 0.049770844204084376 -3.1092863306249486e-05 0.046466101677193249 -0.023470588851070999 -0.012779493363301484 0.051450129272532757 0.028867852601085722 0.0024842451741279958 0.06485472154494841 0.02327859219820996 0.024167616640010783 0.029163944575268736 -0.0097882065402164417 0.030690776162162581
leaf_weight=4.7235084623098365 11448.625430330634 411.05952568352222 67.671779587864876 65.585858017206192 25.277868375182155 35.623397164046764 159.34061669558287 5.2117795273661605 628.11160737276077 11.06566049903631 60.65362486988306 94.266675963997841 3597.0780336782336 107.20790917426348 324.20529866963625 50.779367186129093 13.138191118836401 157.20775412768126 34.347390286624432 33.167505234479904 10.500150039792063 219.16423050314188 339.74929740279913 23.208199664950371 46.864238075911999 98.888576090335846 103.76278749853373 84.688474543392658 29.283373206853867 12.59869936108589 39.463180750608444 37.526614882051945 101.03607571870089 51.456672765314579 38.710371024906635 7.4462879300117484 143.85597898811102 26.17991803586483 9.3423830345273036 24.164866521954536 71.295387156307697 34.779465310275555 18.571156561374664 1749.1777860671282 2.2513142153620711 38.665656194090843 37.336825661361217 8.1807014569640142 6.8863888084888449 12.676661588251589 18.895777143537998 8.5127313137054426 47.215394422411919 28.095618367195129 5.566978968679904 58.019778214395046 11.527724757790564 160.12079857289791 38.983956031501293 37.7808633223176 30.157560236752033 20.284442201256752 34.744418643414974 340.76091008633375 12.150517307221891 15.3520041257143 51.530899934470654 24.382631286978722 42.548678994178772 13.150106288492678 159.02185600996017 66.344833478331566 48.584863156080246 19.056267775595192 12.677152045071123 31.611325427889824 6.2651889026165035 226.87857251614332 137.17499274015427 347.64348129183054 49.778414025902748 226.2131981253624 28.808525405824184 12.979537956416605 22.023622013628483 489.85715067386627 134.17351309210062 23.937938466668129 208.73496051132679 207.84883636981249 2.1637036502361289 988.0573948174715 102.87610445171595 13.581204429268839 185.30727034807205 8.2796532139182073 191.35734524577856 65.063829146325588 17.70733804255724 175.61239474266768 7.9285805448889723 4.777146339416503 20.678411409258842 27.803281143307686 102.56717353314161 298.84083662927151 26.449946269392967 8.9095065072178823 23.545742444694042 9.7926737964153272 41.689396530389786 48.043486349284649 19.772417075932026 12.243294134736059 13.24304758757353 6.3821203038096419 15.496447153389452 4.039775848388671 52.159717969596386 66.274065405130386 2.5395682752132407 18.31836473941803 81.914360567927361 125.3129019588232 68.976415917277336 11.976560875773428
leaf_count=25 8239 4695 52 94 224 341 1145 38 773 81 539 739 2764 204 2968 463 69 153 34 264 76 307 3757 163 421 1110 979 436 78 24 36 221 1021 500 145 17 238 247 55 50 681 331 140 19304 14 134 368 78 14 36 49 6 192 281 60 188 96 1022 280 406 205 77 90 3274 128 91 494 149 30 73 186 602 340 58 120 145 63 1508 769 3118 441 1347 268 70 183 4413 1207 47 1777 1533 4 843 867 37 2028 18 1841 633 187 815 81 8 20 250 216 1590 35 79 186 90 150 471 25 60 21 53 79 3 161 421 9 42 197 260 326 17
internal_value=0 -0.000631815 0.0345324 0.0289062 -0.00594142 0.0161178 0.0302828 -0.00677969 0.0249876 0.00598816 -0.00220682 0.0178824 0.0352839 0.0164659 -0.00335012 -0.000333812 0.0123274 0.0290124 0.00309636 0.0132826 0.00139382 0.0255396 -0.0104391 -0.00536538 -0.0124766 0.00229857 0.00562826 -0.000920003 -0.00351041 0.0434602 0.00915229 0.0347675 -0.00456946 0.00580901 0.0149388 0.0148787 0.0212779 0.0103942 -0.00887477 -0.00534906 0.00888113 -0.0082946 0.0429546 -0.0154361 -0.00851874 0.0143945 0.0257732 0.0483653 0.0611573 0.001501 0.0234884 0.0272059 -0.00678377 0.00236622 0.0198386 0.0104724 0.0239032 0.0139657 0.00815029 0.0131823 0.0184082 0.0334931 0.0425253 -0.0165298 -0.00514717 0.0184799 5.40378e-05 0.0367978 0.0200594 -0.00563432 0.0247315 0.000335821 0.00523333 0.00391192 0.0296069 -0.00237091 -0.00268574 -0.00313238 0.000694674 -0.00470629 0.00939857 0.0153478 0.0115669 -0.0121963 -0.00677385 -0.00817835 0.000530714 0.0192285 -0.0135415 0.000551265 -0.0197063 0.037232 -0.00441799 0.00979054 -0.0110305 -0.0189807 -0.00624105 0.00371166 0.0198644 0.0221733 0.0172319 0.0395374 0.0263279 -0.00396516 0.0351377 0.00590394 0.0098474 0.030753 0.000539357 0.0338849 0.00512546 -0.00907709 0.00819074 0.0307258 -0.00372419 0.0237226 0.0202784 -0.00959699 0.0212672 0.0124348 -0.0166215 0.000644256 0.0217265 0.0184839 0.0102666 -0.00379956
internal_weight=0 9332.04 17759.1 6310.48 7964.18 2099.86 1367.85 7777.66 1119.56 980.31 3457.33 435.265 4210.61 199.473 3257.86 2107.32 330.128 186.525 193.688 471.159 190.29 321.374 4320.33 1237.86 3082.46 826.805 727.916 426.209 545.044 23.0988 403.487 1174.16 839.496 322.446 85.5746 301.708 181.383 270.989 1150.54 787.728 135.091 652.637 61.6318 2242.97 493.79 154.041 103.746 53.7327 45.552 50.0135 37.4669 139.837 753.921 238.991 137.955 97.6431 69.5475 244.809 102.209 294.262 228.978 648.396 40.3114 362.809 65.2834 27.5025 325.893 3682.33 85.2497 515.761 528.284 293.876 227.531 274.362 31.7334 92.265 1777.19 1750.25 853.378 526.607 326.771 275.992 165.984 360.623 896.871 850.909 361.052 45.9616 221.885 242.628 73.4591 992.781 167.191 64.3154 514.931 193.587 321.344 129.987 64.9227 205.77 22.0481 14.1195 26.9436 40.9415 107.779 364.024 191.908 35.3595 32.0585 23.3739 156.548 50.2948 330.857 32.0157 113.892 19.6252 369.263 29.3176 63.2254 107.963 326.745 42.701 353.766 288.18 162.867 80.953
internal_count=92394 71596 20798 12559 69090 8415 2506 68710 2877 5538 26519 1642 4144 888 25631 15776 1859 380 1179 2027 1413 829 42191 10814 31377 6119 5009 3184 3896 100 1975 1327 7201 2205 566 1825 459 1705 9855 6437 924 5513 239 24176 4872 1115 630 226 148 404 189 446 6635 1736 715 565 284 1458 522 1808 1183 850 150 3418 625 219 2536 2985 221 3818 1159 1968 1366 2042 178 684 13917 13834 6476 4225 2251 1788 1037 3188 7358 7128 2715 230 1850 1864 685 868 1313 446 4899 2046 2853 1012 379 1020 144 63 83 319 254 1939 1025 114 192 127 911 485 1675 85 813 74 973 227 242 571 2977 191 894 800 540 343
is_linear=0
shrinkage=0.02


Tree=30
num_leaves=127
num_cat=0
split_feature=14 15 15 14 15 10 0 15 16 14 5 2 9 15 7 2 16 10 8 0 9 9 0 9 15 8 9 7 16 9 8 16 8 3 16 7 14 8 10 5 8 8 11 8 8 0 9 9 8 8 10 10 0 5 7 0 2 0 16 7 15 2 8 8 12 7 2 0 10 14 7 14 10 9 10 11 6 9 8 5 11 8 8 11 15 3 6 0 2 10 2 15 0 8 9 8 3 9 7 10 9 2 14 8 10 9 9 10 9 9 3 8 16 3 8 9 9 10 0 8 9 7 9 0 0 0
split_gain=18505.6 3532.15 849.56 1347.43 553.779 393.016 355.945 301.787 369.412 291.608 243.175 162.477 139.142 204.957 128.653 122.654 118.562 137.579 220.193 124.413 159.497 132.793 117.274 117.22 116.588 110.004 158.563 106.433 120.105 107.571 97.5691 188.051 164.88 89.7911 155.473 153.023 110.955 107.859 186.648 144.943 143.682 99.1694 98.8848 113.387 240.601 107.548 137.536 94.6153 88.3301 204.8 117.755 170.246 104.642 130.479 85.6303 85.0853 97.9196 83.834 82.3431 81.3352 79.2438 78.799 163.596 116.626 78.1126 76.4937 75.7084 75.1953 73.2251 72.7278 71.6749 68.95 89.0628 129.556 67.5005 77.2352 73.4999 66.9761 67.9518 66.5436 68.9322 65.1193 64.5973 112.64 63.768 63.2543 62.5345 73.7856 61.6589 119.21 60.274 83.3406 60.1597 59.8428 59.1686 238.951 57.5977 57.5575 55.7392 54.646 54.6445 74.8842 73.7074 54.5289 131.462 111.293 100.513 93.5394 67.784 53.2356 52.4682 52.2392 51.2041 111.754 87.4086 49.0793 48.8278 48.2598 47.6531 44.0546 41.7238 41.0657 40.798 40.7006 40.6996 101.724
threshold=0.72043022513389599 -0.9618692398071288 -1.3535210490226743 2.1615140438079838 1.1461044549942019 -0.56174489855766285 -0.027418032288551327 0.63922914862632763 0.95587372779846203 -0.12468271329998969 0.99954625964164745 -6.6604938507080069 0.64887681603431713 -1.005866467952728 -1.8978128433227537 0.010288065765053036 0.88005742430686962 -0.38873952627182001 -0.17293875664472577 -0.024598641321063038 -0.70395612716674794 0.020008387975394729 -0.13743405789136884 0.14820139855146411 0.29051074385643011 -0.12457882612943648 0.66249006986618053 0.95917025208473217 0.85384848713874828 -0.69347217679023732 -0.60341805219650257 0.72195822000503551 -0.65763062238693226 2.20588231086731 0.88640671968460094 -0.24287052452564237 0.4423926323652268 0.22925297915935519 1.0000000180025095e-35 0.99954625964164745 0.70776253938674938 0.50218641757965099 -1.0000000180025095e-35 -0.64291095733642567 -0.58836433291435231 0.013618886005133392 -0.64394184947013844 0.066093422472476973 -0.53177404403686512 -0.60341805219650257 1.0000000180025095e-35 0.38873952627182012 -0.016185540705919262 0.99954625964164745 -1.5024183988571165 -0.15358143299818036 -0.22839505970478055 -0.27722449600696558 1.0357957482337954 -1.5486180186271665 0.92774829268455516 0.32716050744056707 0.5214291810989381 0.69706812500953685 1.328506648540497 0.19662411510944369 -0.92798352241516102 1.3989435434341433 -0.38873952627182001 -0.13633995503187177 6.4535715579986581 3.9089004993438725 -0.38873952627182001 -0.39836923778057093 -0.38873952627182001 0.6784479320049287 2.7500000000000004 -0.55314108729362477 0.18490620702505114 0.99954625964164745 1.0000000180025095e-35 -0.32859081029891962 0.69533789157867443 1.0000000180025095e-35 0.22816757857799533 -0.17584410309791562 2.7500000000000004 0.79515123367309581 -1.1049383282661436 0.56174489855766307 -0.62757200002670277 0.23573670536279681 -0.13468702882528302 0.63625517487525951 -0.65815234184265126 0.22925297915935519 1.382352948188782 -0.096671678125858293 -0.16384749859571454 -0.38873952627182001 0.70434543490409862 -0.69753086566925038 -0.18506065756082532 0.010821889620274307 -0.38873952627182001 0.70120623707771312 -0.41347682476043696 -0.38873952627182001 0.24565310031175616 0.66861790418624889 1.5588235259056094 0.057141536846756942 0.73261612653732311 1.1470588445663454 0.25540180504322058 0.28838637471199041 0.14820139855146411 0.56174489855766307 1.3885927200317385 0.64028519392013561 -0.45705892145633692 0.3867043405771256 0.26288300752639776 1.8471097946166994 0.062101207673549659 1.5802449584007265
decision_type=2 2 2 2 2 2 2 2 2 2 2 2 2 2 2 2 2 2 2 2 2 2 2 2 2 2 2 2 2 2 2 2 2 2 2 2 2 2 2 2 2 2 2 2 2 2 2 2 2 2 2 2 2 2 2 2 2 2 2 2 2 2 2 2 2 2 2 2 2 2 2 2 2 2 2 2 2 2 2 2 2 2 2 2 2 2 2 2 2 2 2 2 2 2 2 2 2 2 2 2 2 2 2 2 2 2 2 2 2 2 2 2 2 2 2 2 2 2 2 2 2 2 2 2 2 2
left_child=1 6 -2 5 9 58 64 8 10 16 12 -11 13 -7 -8 103 17 18 -3 20 90 57 -6 24 77 26 59 28 29 -5 32 85 -15 34 36 86 37 42 39 41 -41 -39 45 47 -45 46 -13 -44 49 66 -51 52 53 -52 -38 56 68 -22 70 122 -59 62 -23 -63 -1 -30 79 -37 -56 -66 -4 72 81 117 -25 76 -76 78 -18 -19 -81 -31 88 -84 -33 -32 87 -36 89 94 -20 -92 -61 109 95 -26 120 -85 -58 -69 -50 -102 -103 106 124 116 -12 -108 -109 123 -10 -91 -21 114 -114 -67 -106 121 -99 -101 -53 -74 -17 -78 -105 -126
right_child=2 4 3 27 22 7 14 -9 110 11 15 33 -14 30 -16 25 23 48 19 112 21 61 -24 74 82 -27 -28 -29 65 71 31 84 -34 -35 35 67 54 38 -40 40 -42 -43 43 44 -46 -47 -48 -49 100 50 51 96 -54 -55 55 -57 98 60 -60 92 -62 63 -64 -65 69 115 -68 99 -70 -71 -72 -73 73 -75 75 -77 93 -79 -80 80 -82 -83 83 97 -86 -87 -88 -89 -90 111 91 -93 -94 -95 -96 -97 -98 118 -100 119 101 102 -104 104 105 -107 107 108 -110 -111 -112 -113 113 -115 -116 -117 -118 -119 -120 -121 -122 -123 -124 -125 125 -127
leaf_value=0.036580193981747743 0.036991200364703263 -0.02055031240355738 -0.016642059363295467 -0.02927108161701784 -0.018563204433384786 0.035531215244492688 0.026103442729771751 0.037943206557241614 0.036874180657271459 0.03783434121843833 -0.019667865295243024 -0.022875966012929298 0.036258513984233867 -0.014769587811075222 -0.0085681393594556829 0.028443008389929903 -0.008689970706575758 -0.022366765597995445 0.13754733789262855 -0.019268999912697812 0.043522226658844865 0.0073726117969051021 0.034001380822695243 -0.015099970455424034 -0.022186824785494261 -0.014394184153960075 0.042837227325293388 0.037423889612836561 0.03739098764006403 -0.025995685340520942 0.0094004543107067372 0.040509598156965983 0.033623348576538356 -0.018511279249883751 0.030571480737324498 -0.0092733862186914016 0.026931109218020836 -0.0084354148282083652 -0.019355241121926384 -0.019456442676507344 0.035517525881001537 0.013556782603396799 -0.021667087673722215 0.031239314541580524 0.0028053832560027488 -0.015836362340437848 0.0062306862971932891 0.0065194425076248253 -0.018399737916405361 -0.015055509356672657 0.04369619828623255 0.056704100779561992 -0.022854056381779855 0.13229508494564673 0.068038034759398985 -0.016025720468275571 0.052209281283974118 -0.021352618388238636 0.028080950964594474 0.028342248916888017 0.043404726145049137 -0.0048573695854391271 0.057308496770305056 0.034671277907838263 -0.0025627442782047826 -0.0064319959484787845 -0.02014689104573655 -0.022686831746466848 -0.0021455207423482338 0.028663133867792467 0.038523585272732745 0.031601746904059799 -0.024768269985703618 0.03077593044639269 -0.022551454993315539 -0.02248590463828264 0.028620114710642137 -0.014613530512481748 0.061608118916602075 -0.022365018380437047 0.063395399547833214 0.013691515843157656 -0.022584815780985451 0.068255744100621712 -0.013455754469609334 -0.020010526215646522 0.044837661283790999 -0.023205548296293892 -0.019418645523259347 0.059783479234887194 -0.02266437767714596 0.1038845540908197 -0.01323736794957509 -0.022554189459091534 -0.022195506063971776 0.16108314281672584 0.036046138841703226 -0.022784215938793598 -0.015872194304351744 0.035443449906421697 0.044045965033968237 -0.022258994940665727 0.054261844450045754 0.059679076672749423 0.0085776497185747844 0.039462938911538778 -0.023486024145321107 0.035315552457080769 0.0028689127875812875 -0.024086322912948394 0.0015209471359271319 0.0063670236368716963 0.085352485233548325 -0.022104126547519285 8.1059723730018322e-05 0.042576376005551454 -0.021101410953144439 0.032274580526554825 0.041422123277058701 -0.012683793490163344 -0.022687866036667611 0.026877921412684729 -0.025867643081762513 -0.013259570361295537 -0.023447636748581881 0.053668680871934722
leaf_weight=891.11912967264652 11504.015495374799 301.48954925686121 189.28872111439705 13.985591992735861 18.998897165060043 136.69264449179173 67.410781122744083 268.58224529772997 295.82214914262295 38.164430260658264 50.53254771977663 79.884737573564053 159.4616637378931 39.428840540349483 117.29806002229452 41.280206777155399 7.7226020172238377 12.49013225734234 4.2321307659149161 143.98385285586119 9.8300125598907453 79.19782829284668 159.57678080350161 46.214386731386185 12.203160151839255 202.30888795852661 38.50800383836031 2376.7398118078709 852.79758711159229 24.484422631561756 38.668189108371735 44.618201293051243 98.555281713604927 155.64786121994257 32.406811408698559 118.26301012933254 22.07298368960619 120.63232841342688 351.70370351523161 193.87090889364481 21.085618272423744 256.21073120832443 106.95589330047369 145.45327237993479 655.45129603147507 245.14911418408155 347.0399409905076 85.890492238104343 1631.3774933740497 45.414689399302006 38.668651163578033 2.8779480829834929 7.226260468363761 8.0294360220432264 14.557901695370676 530.62831120938063 5.3544692993164054 116.38760161399841 20.627552583813667 15.551743775606154 8.0836958512663823 149.09663119912148 39.24742329120636 37.331543579697609 37.650297559797764 26.708978779613972 284.89437839388847 10.905209153890608 10.052313737571238 143.7385723143816 9.9142770767211896 491.2708700299263 31.616067714989185 258.43386802077293 18.118119142949581 23.728166133165359 141.52099934965372 12.538743726909159 19.111882768571377 5.3451820909976986 12.553680740296839 50.951451614499092 26.210244551301003 11.917463153600695 10.897808678448198 120.09716146439314 56.241728149354458 14.89694060385227 316.77184598892927 14.33732194453478 3.8974385783076269 4.4679115861654282 132.5680071786046 12.39354135841131 69.605507455766201 3.7110824882984152 10.949097149074076 8.5423941835761088 47.32224141061306 41.615137070417404 12.929819919168947 34.840198911726475 5.8857601881027213 31.158161491155624 55.12560473382473 32.949378855526447 22.376808576285839 60.645668089389801 44.763857387006283 9.0407579913735372 17.80234219878912 14.969469934701918 9.3771652504801768 25.705293081700802 9.8693120405077917 11.778098315000532 37.092946104705334 11.250959247350691 10.079537369310854 9.3100027814507467 33.115418970584869 7.648036614060401 6.3888610750436774 9.9338135942816717 10.432570502161981 19.880712494254112
leaf_count=778 8292 3569 1662 83 171 149 174 247 310 27 406 743 216 256 924 134 65 134 6 1539 7 374 201 481 138 1635 98 1692 648 162 219 52 214 1458 98 978 116 971 3489 1784 120 1684 1019 662 4829 2268 2470 582 18554 459 136 23 70 16 32 4921 4 1255 42 56 25 931 80 78 214 129 3281 107 79 232 7 672 151 382 185 245 441 110 50 58 30 156 268 26 83 901 61 130 3485 41 38 15 1053 125 788 10 42 84 409 147 40 385 37 70 325 46 193 195 233 67 91 117 35 299 84 12 306 14 35 68 333 16 43 69 89 26
internal_value=0 -0.00137331 0.0337401 0.0279051 -0.00640392 0.0154455 0.0297287 0.0181935 0.0151858 -0.00722253 0.0109288 -0.00321959 0.0200352 0.0147444 0.0040855 0.00356216 -0.0110596 -0.0128268 -0.00645564 0.000176701 0.00587612 0.00386346 0.028409 -0.00413846 -0.00956045 -0.00359067 0.00573787 0.0346539 0.0309572 0.0257586 0.00667828 -0.00176815 0.0197951 -0.00364552 -0.00298873 0.0112099 -0.00423198 -0.00241321 -0.00781622 -0.000958635 -0.0140639 0.0065168 0.000646991 0.00465427 0.0079693 -0.00527831 0.000784346 -0.00911329 -0.0156232 -0.00787152 0.0116869 0.0237276 0.0479705 0.0589302 -0.0117651 -0.0131701 0.00643535 -0.0127064 -0.00995758 -0.00155888 -0.017147 0.0111627 0.0239191 0.00305809 0.034145 0.0361463 -0.016946 7.10446e-05 0.0393708 0.0221817 -0.0138965 0.0266375 0.0202929 0.0250499 0.00682648 0.0115454 0.015773 0.0235465 0.0413773 0.0130619 0.0377846 0.000810135 -0.0122297 0.00783029 0.0299162 -0.0128473 0.0305835 0.013636 -0.0148673 -0.00231166 0.0760416 0.0449251 -0.00887174 0.0197892 -0.014241 0.0205504 -0.00412109 0.0339339 -0.00895187 0.0179442 -0.0177466 0.00211293 -0.0112001 0.0121192 0.0196757 0.00791268 0.00421015 0.0136526 0.0215366 0.023059 0.0348674 0.0324992 -0.0134514 0.00518269 0.0416265 0.00856591 -0.00336012 -0.00424412 0.0119689 0.026645 -0.0163399 -0.0147084 0.021164 0.0258733 0.0436275 0.0271285
internal_weight=0 9030.03 17913.7 6409.69 7772.81 2252.02 1257.22 2032.19 1763.61 7594.23 1449.98 3716.77 648.42 488.958 184.709 801.564 3877.47 3088.8 942.197 640.708 451.772 439.175 178.576 788.671 527.721 436.606 234.297 4157.67 1780.93 889.641 352.265 214.281 137.984 3678.6 3522.96 283.639 3239.32 2609.33 943.503 591.8 214.957 376.843 1665.82 993.751 800.905 672.074 426.925 192.846 2146.6 461.565 146.282 100.867 53.9243 46.6981 629.988 607.915 77.2869 134.301 219.831 195.789 124.471 304.873 118.445 186.428 1072.51 891.285 315.283 180.093 24.6102 181.389 199.203 875.656 384.385 308.949 260.95 214.735 191.007 39.3732 26.8345 30.389 17.8989 75.4359 488.348 56.7496 55.516 158.765 103.545 47.3038 431.598 114.827 12.5975 8.36535 148.12 172.889 85.5198 15.9142 46.9425 30.5394 52.6767 61.8303 1685.03 53.6558 40.726 364.958 186.639 125.168 178.319 127.786 105.41 160.496 313.624 29.3068 188.936 44.9518 19.2465 38.4871 92.2186 50.5151 18.6219 50.9251 35.9934 39.2641 47.6691 151.455 61.4714 30.3133
internal_count=92479 70713 21766 13474 68391 9357 2322 7646 7399 68019 6998 29256 2090 1874 1098 4908 38763 31933 8335 4766 2809 2750 372 6830 5217 3019 1384 4117 2425 1636 1725 1255 470 29229 27771 1589 26182 20621 8048 4559 1904 2655 12573 7092 5491 5481 3213 1601 23598 4582 1079 620 222 152 5561 5445 524 1287 1711 1286 1280 1463 454 1009 1224 789 3503 1300 111 446 1669 1553 881 563 1613 1132 887 225 115 222 88 318 4992 413 135 1120 289 228 4579 1094 59 53 1109 702 936 148 398 145 413 322 19016 462 422 1889 862 677 1027 621 428 577 401 158 1957 418 119 141 631 181 119 215 356 167 177 510 185 115
is_linear=0
shrinkage=0.02


Tree=31
num_leaves=127
num_cat=0
split_feature=14 15 15 14 15 1 0 0 14 1 7 3 16 10 8 0 9 9 9 15 0 7 7 1 15 6 7 10 8 8 8 8 8 1 1 8 8 10 8 15 15 1 7 16 8 11 9 9 9 9 8 8 11 8 8 10 10 0 5 12 3 16 1 14 0 7 15 15 15 12 10 11 9 0 0 9 9 8 14 8 9 8 9 0 10 11 6 0 8 11 9 10 1 8 10 16 0 8 8 8 8 3 9 9 11 0 15 10 15 1 9 9 1 9 9 0 16 3 8 8 1 8 8 10 8 8
split_gain=17783.4 3400.33 827.059 1297.99 533.46 528.83 417.556 342.084 285.558 220.699 122.875 117.477 116.112 135.535 215.935 120.358 143.732 127.782 113.509 112.248 112.222 105.414 120.081 105.291 212.327 144.654 194.94 144.233 223.548 192.628 187.94 175.65 182.446 136.974 134.262 119.338 189.694 119.004 108.873 103.219 136.202 109.175 116.211 99.4849 96.2398 134.629 111.07 94.6363 93.4368 91.5354 89.1555 88.1315 305.143 87.2902 198.921 111.8 156.895 95.4877 104.382 86.0635 85.3697 81.296 114.181 90.3369 80.9818 80.6546 132.434 102.271 76.2149 76.2122 75.7418 74.6588 77.336 73.8511 109.179 112.053 70.741 69.7228 69.4367 67.3707 72.6618 65.8013 65.5894 65.5731 64.9643 74.3173 70.3924 64.6463 62.9561 107.401 62.7289 62.2662 62.4918 62.2142 61.8587 73.2416 60.8403 78.1784 61.3631 59.4322 57.0758 54.9322 54.2092 53.7962 63.3992 110.37 61.9676 53.6551 102.143 119.469 52.4236 52.1572 71.6988 50.6998 50.6468 50.2484 50.1871 105.519 76.7967 49.9474 49.8971 49.4661 87.4387 64.7785 141.153 115.245
threshold=0.72043022513389599 -0.9618692398071288 -1.3535210490226743 2.1615140438079838 1.1461044549942019 0.019736842252314094 0.37736880779266363 -0.027418032288551327 -0.12468271329998969 1.7302631735801699 -1.8978128433227537 1.7941176295280459 0.88005742430686962 -0.38873952627182001 -0.17293875664472577 -0.024598641321063038 -0.70395612716674794 0.020008387975394729 0.14820139855146411 0.29051074385643011 -0.13743405789136884 0.95917025208473217 -1.1039103269577024 0.59868422150611889 -0.59574958682060231 2.7500000000000004 0.079273290932178511 -0.38873952627182001 -0.19978590309619901 -0.19086904078721997 0.59008219838142406 0.5214291810989381 0.22925297915935519 0.085526313632726683 -0.40131579339504236 -0.64291095733642567 -0.58836433291435231 -0.56174489855766285 0.39499190449714666 0.24937383830547336 -0.87305051088333119 0.79605263471603405 -0.98445278406143177 0.72195822000503551 0.69533789157867443 0.6784479320049287 0.70519137382507335 0.12100457772612573 0.010774772614240648 0.66861790418624889 -0.12457882612943648 -0.59348425269126881 0.6784479320049287 -0.53177404403686512 -0.60341805219650257 1.0000000180025095e-35 0.38873952627182012 -0.016185540705919262 0.99954625964164745 16.01473426818848 1.4411764740943911 0.49439254403114324 1.4276315569877627 5.9056155681610116 -0.27722449600696558 -0.50185924768447865 0.87182176113128673 -0.92198339104652394 0.92774829268455516 1.328506648540497 0.56174489855766307 -0.22252093255519872 -0.11797042191028594 0.83184224367141735 0.024279085919260982 -0.22533960640430448 0.70120623707771312 0.075611963868141188 -0.13633995503187177 -0.583143651485443 0.67694920301437389 0.69348850846290599 0.10276710987091066 -0.13743405789136884 -0.38873952627182001 0.6784479320049287 2.7500000000000004 0.024279085919260982 0.69533789157867443 1.0000000180025095e-35 -0.55314108729362477 -0.56174489855766285 1.2697368264198305 0.18490620702505114 -0.56174489855766285 1.0357957482337954 -0.094324819743633256 0.69706812500953685 0.64028519392013561 -0.25251509249210352 0.63625517487525951 1.382352948188782 -0.69663995504379261 0.70434543490409862 1.0000000180025095e-35 0.13480538874864581 0.76928344368934642 0.56174489855766307 0.43219631910324102 -0.34868420660495753 -0.70451995730400074 -0.096671678125858293 0.65131577849388134 -0.49123564362525934 0.66861790418624889 0.19687808305025103 0.73261612653732311 1.1470588445663454 0.25540180504322058 0.17593570053577426 1.3223684430122378 -0.39242093265056605 0.18490620702505114 0.56174489855766307 -0.20866852253675458 0.084828533232212081
decision_type=2 2 2 2 2 2 2 2 2 2 2 2 2 2 2 2 2 2 2 2 2 2 2 2 2 2 2 2 2 2 2 2 2 2 2 2 2 2 2 2 2 2 2 2 2 2 2 2 2 2 2 2 2 2 2 2 2 2 2 2 2 2 2 2 2 2 2 2 2 2 2 2 2 2 2 2 2 2 2 2 2 2 2 2 2 2 2 2 2 2 2 2 2 2 2 2 2 2 2 2 2 2 2 2 2 2 2 2 2 2 2 2 2 2 2 2 2 2 2 2 2 2 2 2 2 2
left_child=1 7 -2 5 8 60 39 69 12 11 -9 94 13 14 -3 16 -16 64 19 90 -6 22 61 24 33 27 43 28 -26 34 31 32 -30 38 -29 82 -37 -33 119 40 41 42 -7 -27 46 87 -31 70 -47 59 -51 52 -25 54 120 -56 57 58 -57 -42 65 62 113 -64 -18 -4 67 -67 -66 -1 -28 72 81 74 75 -54 -73 91 -71 83 110 99 -36 -69 -20 86 -86 -46 107 -90 93 -43 -93 -14 95 -8 97 -19 -98 -35 114 -58 -24 -55 106 -106 -105 -21 109 -109 -81 -91 -113 -5 -88 -48 -17 118 -118 -10 -15 -53 123 125 -125 -123
right_child=2 4 3 21 20 6 9 10 23 -11 -12 -13 18 53 15 116 17 96 84 88 -22 -23 102 51 25 26 47 29 30 44 -32 37 -34 71 35 36 -38 -39 -40 -41 49 77 -44 -45 45 48 115 -49 -50 50 -52 121 73 103 55 56 101 -59 -60 -61 -62 -63 63 -65 68 66 -68 79 -70 78 -72 76 -74 -75 -76 -77 -78 -79 -80 80 -82 -83 -84 -85 85 -87 100 -89 89 111 -92 92 -94 -95 -96 -97 98 -99 -100 -101 -102 -103 -104 104 105 -107 -108 108 -110 -111 -112 112 -114 -115 -116 -117 117 -119 -120 -121 -122 122 -124 124 -126 -127
leaf_value=0.035902223139148197 0.036362914374959962 -0.020483097087780466 0.036816839478478407 0.0028678377324576516 -0.018424589729598376 0.038787275112508013 -0.020254523313274833 0.02539696965287162 0.025227045353865274 -0.0047378081934129649 -0.0084468843145804138 -0.010517745790936903 -0.0085700813845530719 -0.018675237842247443 0.070528988016728855 -0.019175419261962444 0.042529887921654234 0.0027223295181552825 -0.014975887468430099 -0.018236253177466927 0.033282049398354621 0.036781949103563909 -0.023866468536493546 -0.0093982915854174762 -0.017352198272180121 -0.014602077377234807 -0.022650924189957157 -0.022774505409853232 0.027217393603131104 -0.020492637594395999 -0.010028003615909482 -0.023460257354678014 -0.011506109318379667 0.045651933721961462 -0.022707688436089137 0.031381963410324461 0.00031190120729671805 0.065353446965450951 -0.0055136578733887128 0.038820336719687501 -0.017776153874803982 -0.022511992829876645 0.00092657497862988253 0.043812119183488554 -0.020525907334967206 0.064411120483930051 0.0066859120251471392 0.017810333348665316 -0.023070145961535355 0.036072799044637185 -0.011228790070745197 -0.020628121545061072 0.055282167695091922 -0.01830441163738079 -0.014929719109141079 0.041868173385444962 -0.01621629194520113 -0.022790877163308864 0.11797630585010564 0.035948331049403794 -0.018946264055157643 0.036634414241148862 -0.0083937166735311968 0.031578915663491823 -0.021286951199646544 0.037563090963571376 0.037147745129872164 -0.023558546267153226 0.041619226487829515 -0.0025149740307620163 0.016106514363261108 -0.01536728948921319 -0.0054292779858721831 -0.023250544306190227 0.070490667653706165 -0.023008604051445745 0.044444376726872903 -0.017569938954365226 0.028003122949698631 0.054983889899299011 0.02769659869400842 0.10128738420823796 0.0050247698253838482 0.034036958049148101 -0.022494923202079155 -0.022430863686903925 0.025096064434105489 0.028570891241086666 -0.022527785594194771 0.06467172124371956 -0.014472182331775232 -0.019273790351533943 0.017358302078051339 0.058555837927126389 0.029759129120571898 0.037760097602475944 0.042182013411933512 0.033882937491861873 -0.02402701501673089 -0.012385872553468716 -0.022497440880738601 0.034638320790726422 0.023026997774975182 -0.022361899457634737 -0.022484097177866268 0.069700080365872052 0.094871669059280017 0.06248406689224844 -0.018028879674794017 -0.015044631376102329 -0.006829272262158727 -0.023023875362132275 0.055874396693781692 0.035392294139459692 -0.023990939147953166 0.073265321452567048 0.078829251255105134 -0.022058146118442114 7.9434287445493391e-05 0.050394279251988271 0.018387972144166348 -0.011067393332575368 -0.015136794610415826 0.053500997148770199 -0.007914187056087903 0.018954695091219238
leaf_weight=889.80039225518703 11469.070493161678 296.47967741638422 312.83151960372925 21.009168475866318 18.761391930282116 66.143117390573025 22.023550510406494 67.895241469144821 79.345094710588455 120.33525492995977 116.60922846198082 34.296362154185772 7.6745109260082272 295.48105843365192 13.297031283378599 141.81463509052992 9.8578858375549299 224.07335917651653 45.670838996767998 343.67400541901588 159.76318554580212 2369.9222273975611 10.060936160385607 229.46257951110601 142.51848094910383 13.788130849599836 81.088841363787651 90.910255141556263 132.81566382944584 582.19207279384136 108.51556842774153 6.9421334415674201 76.816042073071003 20.741869680583481 87.98850953578949 111.35904251784086 267.20131240785122 46.173372380435467 32.754908226430416 24.032638266682625 315.78150674700737 26.796174548566341 63.621080376207829 75.63744854927063 57.381726279854774 19.156144201755527 23.520095683634285 63.171753145754337 6.5547620728611937 29.319401904940605 34.925096370279789 167.04200440645218 15.10458479821682 1607.3182467743754 44.886715911328793 39.540730878710747 35.554935105144978 7.1026089042425147 8.8151464313268644 12.395263724029062 15.207655832171438 938.89251834154129 59.692153006792068 36.409283101558685 114.43136982619762 66.687293812632561 185.05809783190489 9.1309540346264821 8.2600417956709844 37.59865652769804 26.846544921398163 87.990580782294273 32.153875045478344 6.9569090679287902 32.855277568101883 14.174812823534012 8.6909442618489248 81.569986529648304 144.17924934625626 5.7369944453239432 36.590661250054836 5.4319674521684638 55.712088100612164 58.984289675951004 17.803538575768471 23.314814440906048 153.00317148119211 13.194098249077795 25.755631700158119 12.322075515985491 12.409292601048945 22.554646193981171 106.99004151672125 19.699754633009434 457.34424156695604 14.393155030906199 38.110946387052536 37.611777231097221 6.5636157318949691 10.697641856968401 12.178467661142347 11.163986280560492 495.49267629534006 30.593021214008331 9.2872012853622454 11.790692821145056 1.916501648724078 17.6671112626791 50.463193774223328 14.455572083592413 126.52140332013369 10.476234011352064 8.2238594293594343 219.12156791985035 8.8966170623898488 5.6170777678489676 9.94396720826626 25.24828814715147 9.8699097484350187 52.357023648917675 15.280844762921332 274.35358009487391 412.45629976689816 24.998856350779533 37.310507640242577 62.863948851823807
leaf_count=778 8292 3569 266 48 171 117 166 174 214 885 924 219 65 3415 59 1539 7 1224 481 3860 201 1692 78 1977 1283 124 804 866 650 5744 848 56 607 71 846 520 2129 105 225 35 2751 276 415 118 579 65 139 332 58 76 268 1620 29 18554 459 136 356 70 16 40 90 688 297 41 1255 49 149 73 25 214 142 772 271 59 68 127 16 761 232 23 91 11 397 149 185 245 510 90 268 26 110 176 513 50 883 12 112 77 50 95 125 42 1097 339 95 22 6 53 525 141 874 100 19 176 67 5 35 299 84 95 88 2363 3906 122 313 395
internal_value=0 -0.00135662 0.0331487 0.0273887 -0.00632233 0.0151534 0.00783085 0.0291606 -0.0071313 0.0197052 0.00400721 0.0252754 -0.0109541 -0.0127162 -0.00637605 0.00016841 0.00574794 0.00378536 -0.00408658 -0.00946316 0.0278481 0.0340192 0.0303421 -0.00316896 -0.000721188 -0.00307036 0.0108749 -0.00505078 0.00394052 -0.00854836 0.0121143 0.0212591 0.0130278 0.0141858 -0.000343306 0.00356131 0.00945161 0.0537456 0.0271167 -0.00198803 -0.0032783 0.00546814 0.0202248 0.0348055 -0.0156583 0.00292672 -0.0185855 -0.00163186 0.0421086 -0.0114732 0.0103583 -0.00781564 0.00169669 -0.0155158 -0.00778376 0.01138 0.0229379 0.0456847 0.0557425 -0.015747 0.0279966 0.0336124 0.0251737 0.00675044 -0.0126207 0.0288872 0.0238113 0.0156836 -0.0170519 0.0334915 -0.0130109 0.00135246 0.0172404 0.0385446 0.0454635 0.0173798 -0.00999067 -0.00258064 0.0216908 0.00952618 0.00275293 0.0370095 -0.0119559 0.0263162 0.00668896 0.0112869 0.0153838 -0.0113473 -0.0121227 0.00766095 0.0228279 0.00523994 0.0109804 0.0397368 0.0277616 0.00267488 0.0108836 0.00720102 0.0324545 0.0259039 0.0192577 -0.00406404 0.0220938 -0.0176472 0.00206581 0.0290825 -0.0154507 -0.0147579 -0.000282865 0.0275953 -0.00414799 0.0327246 0.0116737 0.0325467 0.0223987 0.0195211 -0.013333 0.00505366 0.0396015 0.0352321 -0.0168528 -0.0107164 -0.00867739 -0.00200895 0.0167259 -0.00547069
internal_weight=0 8975.43 17868.9 6399.87 7719.35 2249.27 1432.52 1256.08 7540.83 648.393 184.504 528.057 3837.98 3054.29 935.563 639.083 452.206 438.909 783.689 522.821 178.525 4150.6 1780.68 3702.84 2425.27 2095.1 260.533 1834.57 513.781 1320.79 371.263 262.747 209.632 330.164 613.171 522.261 378.56 53.1155 164.457 784.129 760.096 367.675 129.764 89.4256 707.616 96.2867 611.329 171.107 25.7109 392.421 64.2445 1277.58 298.554 2118.73 457.826 147.064 102.177 55.4585 48.3559 328.177 816.749 1275.12 336.232 96.1014 132.549 801.541 488.71 303.652 122.691 1071.58 107.935 165.707 69.0254 69.0916 62.1347 29.2794 96.6815 237.911 181.778 236.964 168.849 36.8715 143.701 68.1152 260.867 215.197 191.882 70.5758 483.038 56.7778 39.7836 156.341 129.545 27.3743 493.761 36.4167 306.36 261.685 44.6746 31.4395 174.078 46.7189 505.554 1660.91 53.5874 21.0779 32.5095 426.26 82.5859 32.1227 132.258 31.0222 18.7001 240.131 161.9 29.1372 186.877 45.0622 19.8139 131.702 310.762 979.025 811.983 399.527 62.3094 337.218
internal_count=92479 70713 21766 13474 68391 9357 7593 2322 68019 2165 1098 1280 38763 31933 8335 4766 2809 2750 6830 5217 372 4117 2425 29256 18277 16507 1520 14987 3549 11438 2266 1418 1257 1770 4758 3892 2649 161 534 5428 5393 2258 532 242 6680 792 5888 1278 123 3135 344 10979 2260 23598 4582 1079 620 222 152 2791 1764 1250 562 338 1287 1674 1408 1259 1280 1224 946 1236 448 283 224 156 788 1726 446 1210 988 177 1243 222 1613 1132 887 669 4992 413 225 965 689 115 1061 178 1463 1301 162 166 702 398 1175 19016 462 117 345 4579 719 194 897 145 119 224 577 144 1957 418 119 309 3503 8719 7099 3193 435 2758
is_linear=0
shrinkage=0.02


Tree=32
num_leaves=127
num_cat=0
split_feature=14 15 15 14 15 1 0 0 14 1 13 13 13 7 16 10 8 0 9 9 7 15 9 14 15 1 0 1 15 1 13 8 8 8 10 10 0 8 11 9 0 8 16 8 12 3 10 0 8 8 8 16 8 1 14 14 8 11 7 7 1 11 9 13 0 0 9 9 15 14 0 10 11 10 8 11 7 13 9 12 8 0 8 9 8 13 0 9 16 3 8 9 11 0 15 10 4 9 3 12 9 8 10 4 0 16 1 9 16 8 8 10 8 8 10 1 14 9 16 1 9 16 8 8 16 11
split_gain=17101.8 3274.96 806.666 1252.58 514.099 500.759 406.393 329.118 279.24 218.643 214.021 128.304 125.636 117.402 113.695 133.542 211.79 116.581 127.776 129.946 112.388 140.094 109.916 108.683 108.133 104.708 107.329 101.953 203.508 129.676 105.978 102.549 86.3409 193.165 106.299 145.056 87.565 85.6186 288.731 82.3026 78.997 78.0083 76.9063 74.4866 74.4723 74.4109 73.4643 209.138 185.017 178.614 156.048 149.899 139.25 124.869 114.752 95.8534 85.7305 201.637 79.5394 78.7411 73.1828 71.3957 72.0916 69.5562 68.7654 97.1487 105.233 67.8368 66.9169 66.3408 62.7036 62.5214 71.5196 62.0963 61.3459 102.589 60.7643 60.6142 58.8691 57.3507 57.1793 56.918 56.5451 55.3163 55.1485 54.5123 54.0161 58.3239 53.672 99.8575 68.0577 52.8813 60.585 101.944 63.61 52.7453 117.65 82.0078 52.4389 52.4173 53.5958 52.0109 51.5115 51.3447 51.2477 50.3889 49.0319 84.0886 59.8449 48.9907 85.604 61.7942 129.808 110.556 152.165 98.5839 73.1406 50.5557 71.194 48.6097 48.1457 48.1098 47.9299 52.5101 47.8893 139.65
threshold=0.72043022513389599 -0.9618692398071288 -1.3535210490226743 2.2709668874740605 1.1461044549942019 0.019736842252314094 0.37736880779266363 -0.027418032288551327 -0.12468271329998969 1.7302631735801699 0.092717286199331297 0.93164139986038219 0.87676462531089794 -1.8978128433227537 0.88005742430686962 -0.38873952627182001 -0.17293875664472577 -0.013565709814429281 -0.70395612716674794 0.020008387975394729 0.049159688875079162 -0.87305051088333119 0.14820139855146411 -0.15844944864511487 0.29051074385643011 0.79605263471603405 -0.0053564114496111861 0.59868422150611889 -0.59574958682060231 0.085526313632726683 0.55731219053268444 0.39499190449714666 -0.53177404403686512 -0.60341805219650257 1.0000000180025095e-35 0.38873952627182012 -0.016185540705919262 -0.59348425269126881 0.6784479320049287 0.66861790418624889 -0.27722449600696558 -0.12457882612943648 0.85916519165039074 0.075611963868141188 1.328506648540497 1.5588235259056094 -0.38873952627182001 -0.035787466913461678 -0.19978590309619901 0.59008219838142406 -0.19086904078721997 0.92915815114974987 0.53986790776252758 -0.33552631735801691 0.15931565314531329 -0.068869359791278825 0.70493233203887951 0.6784479320049287 0.72088187932968151 0.079273290932178511 1.3355263471603396 -0.22252093255519872 -0.11797042191028594 -0.25691190361976618 0.83184224367141735 0.024279085919260982 -0.22533960640430448 0.70120623707771312 0.92774829268455516 -0.13633995503187177 -0.053875114768743508 -0.38873952627182001 0.6784479320049287 -0.56174489855766285 0.69533789157867443 1.0000000180025095e-35 0.31617087125778204 -0.45187266170978541 -0.55314108729362477 17.352477073669437 0.18490620702505114 1.0621558427810671 0.69348850846290599 -0.69663995504379261 -0.25251509249210352 0.23336022347211841 -0.2695785760879516 0.67694920301437389 0.73261612653732311 1.1470588445663454 0.25540180504322058 0.70434543490409862 1.0000000180025095e-35 0.13480538874864581 0.87182176113128673 0.56174489855766307 1.0000000180025095e-35 -0.59589663147926319 1.382352948188782 12.016444206237795 -0.70451995730400074 -0.31204251945018763 -0.56174489855766285 1.0000000180025095e-35 1.8471097946166994 0.12810270488262179 0.65921053290367138 -0.32716019451618189 0.72195822000503551 -0.39242093265056605 0.18490620702505114 0.56174489855766307 -0.20866852253675458 0.084828533232212081 -0.38873952627182001 0.83552631735801708 0.10847498849034311 0.70395612716674816 -0.30456088483333582 1.3223684430122378 0.038463750854134567 0.80128589272499096 0.64028519392013561 0.65171426534652721 -0.40606014430522913 -0.22252093255519872
decision_type=2 2 2 2 2 2 2 2 2 2 2 2 2 2 2 2 2 2 2 2 2 2 2 2 2 2 2 2 2 2 2 2 2 2 2 2 2 2 2 2 2 2 2 2 2 2 2 2 2 2 2 2 2 2 2 2 2 2 2 2 2 2 2 2 2 2 2 2 2 2 2 2 2 2 2 2 2 2 2 2 2 2 2 2 2 2 2 2 2 2 2 2 2 2 2 2 2 2 2 2 2 2 2 2 2 2 2 2 2 2 2 2 2 2 2 2 2 2 2 2 2 2 2 2 2 2
left_child=1 7 -2 5 8 10 20 44 14 12 86 83 45 -9 15 16 -3 18 76 40 21 25 24 -6 78 26 70 28 29 31 46 -10 33 119 -35 36 63 38 106 79 -20 -41 -32 73 -1 60 47 48 -30 52 53 56 -50 85 55 -55 58 -58 -52 -53 102 62 82 -36 65 66 -40 -63 -42 -46 -7 -24 77 -27 95 -76 -18 -73 80 -23 -16 -79 84 -5 -31 -48 -4 99 -19 90 -90 -34 94 -94 -93 -26 122 -98 -37 100 -88 -56 -8 -75 -83 -21 107 -29 -109 -39 111 113 115 -111 116 -113 -115 -114 -119 -17 -77 -121 -97 -124 125 -108
right_child=2 4 3 11 23 6 9 13 27 -11 -12 -13 -14 -15 22 32 17 88 19 105 -22 39 71 -25 74 43 -28 37 30 61 42 -33 91 34 35 98 -38 109 64 41 68 -43 -44 -45 69 -47 50 -49 49 -51 51 59 -54 54 101 -57 57 -59 -60 -61 -62 67 -64 -65 -66 -67 -68 -69 -70 -71 -72 72 -74 103 75 120 -78 81 -80 -81 -82 104 -84 -85 -86 -87 87 -89 89 -91 -92 92 93 -95 -96 96 97 -99 -100 -101 -102 -103 -104 -105 -106 -107 124 108 -110 110 -112 112 117 114 -116 -117 -118 118 -120 121 -122 -123 123 -125 -126 -127
leaf_value=0.035257808681347216 0.035767307541608097 -0.020416408255925771 0.040647456001412632 -0.023819598495177827 -0.017174011248046132 0.029796064686349238 -0.023537194671202202 0.024720048383979232 0.034130284957789019 -0.0041624992134856728 0.033930233368907568 0.034979537487514083 0.0314607287957685 -0.0083267782722162946 -0.0084512504596530747 -0.018583402008717519 0.0027892160351635003 -0.020421121338837969 0.041600683387237158 0.013239018635465921 0.031441629462678262 -0.017098512099053883 -0.014851998456514715 0.032788875552388672 -0.018138206430140792 -0.022456423695549753 0.04121872406993296 0.057046661804677039 -0.015660630737041551 0.043582816578329554 -0.00018171113412527565 -0.0054211990332670512 -0.018209221925266427 -0.014804164141559724 0.03332710641479137 -0.016094520012592973 -0.022729246550830775 -0.020541447467602433 0.052807777570347193 0.033920637882811973 -0.021254143977157046 -0.010917954338143942 0.031140121254149097 -0.017619436505345289 -0.0024680350256035839 -0.02350293374747868 -0.021820778115484871 -0.019991559097112151 0.017821861770875389 -0.0072776337445378597 -0.018916768469445434 0.044527505635065218 0.056135963363524576 -0.011754120080278069 -0.0099209864917716925 0.018145537565698949 -0.022528779282438096 0.057749115856847971 0.017601418331771403 0.00077059169715918514 -0.0093921245215541922 -0.01523305704928468 -0.0053422440465407776 0.081379253293445988 -0.023176324415325963 0.066537989962498503 -0.022940576797845842 0.043078352633989916 0.034816796142070686 0.027369772781624016 -0.0083023344343550361 -0.017534284949505704 -0.02237716835462359 0.0069773409867023226 -0.022472143351222811 0.042965147772213927 0.09231831690472754 -0.022439731712224638 -0.01433138785636124 0.03410904999617928 0.055797602846920973 0.025454145172746433 0.092917798187257594 0.025314771557040996 -0.01225178012433048 0.020040532660359985 0.062944657556554262 0.030564424539880283 0.073259794167081629 -0.022013262558368777 7.7840618546492102e-05 -0.022311174399933607 -0.022428948154176426 0.065934594986786804 0.098395285021806056 -0.020330478716175753 0.075396456373871767 -0.0085700852344269343 0.033324152364866175 0.032967114559947414 -0.0023504677468517729 0.018487925248566756 0.027143651335734643 0.047680411190751899 -0.015766696683262006 -0.01351527554373412 0.062498368258642918 -0.02266978476255169 0.033042499015339281 -0.01093590946844117 -0.015006792343236161 0.00030381964377818412 -0.022744938377403316 -0.023278175123495403 -0.01339068925169324 0.080804541475620897 0.060963313624733464 0.079806633924293421 -0.022993367014641906 -0.022330373177250805 -0.022376263833343596 0.048867594122305 0.080205102379600754 -0.022290801100010537 -0.018992278258624304 -0.02264124185844019
leaf_weight=887.96002812683582 11427.268595710397 291.54872117936611 23.285647511482239 9.3283221721649152 19.559767134487629 26.176223546266556 8.6544563919305784 68.354622170329094 133.21612411737442 126.44761949032545 599.24674791842699 3527.3406420275569 378.96089349687099 115.93225672841072 7.6272508352994945 291.04708920419216 4.3970695436000815 128.36551690846682 9.8763095140457136 283.26564881205559 39.55132082849741 314.34887500107288 45.136168219149113 158.83379839360714 338.67150013148785 26.329916276037693 55.029905632138252 11.075766809284685 92.297412417829037 21.286365777254108 65.648258693516254 32.648356460034847 1583.6445929855108 44.367299623787403 29.586957268416882 35.111936293542385 6.9806554690003386 164.41828982532024 15.49201712012291 28.349248699843884 116.24889090657234 34.296001918613911 60.029069840908051 82.95541138201952 37.547979198396206 21.892308346927166 111.63730651885271 129.2820270806551 174.8017997443676 89.683785401284695 622.77365379035473 23.035163477063179 48.463216952979565 51.739410020411015 187.60553294420242 250.69266649335623 31.794530652463436 20.63957005739212 24.80780266225338 57.543868966400623 35.240268342196941 87.000626415014267 32.025467231869698 20.328476190567017 6.840771071612834 34.097720488905907 13.934919692575932 8.7862145453691465 9.1865233033895475 144.56132493913174 50.843081668019295 20.470815986394882 22.907436557114124 122.69926559925079 25.307517126202583 25.98857289552689 9.7701576203107816 12.384037919342516 12.281868040561674 8.9988781064748746 20.254270806908607 146.78803581744432 5.7988419085741034 524.13955467194319 10.59942355006933 14.0040031298995 5.1989231854677191 39.678063310682774 10.48019288480282 24.798291526734829 9.8704955354332906 30.247191451489925 9.1254608109593409 12.210324786603449 1.8533224016427983 54.699073784053326 11.900471746921541 7.6394257470965377 11.370020523667334 21.652270399034023 153.29762274771929 29.883949585258961 109.75039248168468 13.789783827960489 13.144592911005018 31.266499370336533 11.916688613593577 25.545880496501923 11.047608017921446 272.12173562496901 407.75624626129866 9.7538190335035342 26.315321117639542 4.8400336131453505 31.002777382731438 16.177968636155128 27.810199744999409 5.418272964656353 5.3610050454735738 6.7295817583799353 5.4579715058207503 8.7094332948327047 4.2517910450696927 3.7740622088313103 146.49618822336197 21.810046352446079
leaf_count=778 8292 3569 17 73 192 50 75 174 309 910 635 2852 509 924 65 3415 35 1452 7 1290 93 2738 481 180 3860 276 93 35 797 71 488 225 18554 459 99 356 70 1620 29 74 1297 266 150 781 214 191 1055 1275 941 678 6184 39 124 484 1550 1537 322 70 130 410 238 772 271 53 59 68 127 16 33 232 391 184 245 691 268 87 26 131 110 28 50 475 11 1032 95 69 18 86 35 299 84 341 95 22 4 590 11 65 42 55 989 204 296 17 97 208 59 249 40 2363 3906 78 254 42 259 44 94 11 48 73 58 15 12 41 1378 216
internal_value=0 -0.0013408 0.0325855 0.0268931 -0.00624368 0.0151925 0.00820275 0.028617 -0.00704329 0.0195696 0.0275091 0.033597 0.0249815 0.00393076 -0.0108486 -0.0126053 -0.00629588 0.000161616 0.00539157 0.00352905 -0.00143198 -0.00313421 -0.00403442 0.0273107 -0.00936723 0.00552324 0.0198872 -0.00312228 -0.000712574 0.0138474 -0.00302503 0.0263451 -0.0154083 -0.00769353 0.0110911 0.0222048 0.0436181 -0.00771244 0.00165998 -0.0116084 -0.0128597 0.00937314 0.014779 -0.00219423 0.0328684 0.0109937 -0.00416625 0.00215733 0.00922329 0.0165623 -0.00653634 -0.0125527 0.0261385 0.000738421 0.00506242 0.0130304 -0.0155262 0.00907091 -0.0175178 0.0132794 0.015909 0.00132205 0.0167205 0.0528967 0.0370732 0.0435613 0.0169377 -0.00988434 -0.0171477 0.0212177 0.00464601 0.00655334 0.0110326 0.00566483 -0.0120172 0.00750184 0.0645313 0.0150024 0.0221511 -0.0156734 0.0382217 0.0188677 0.03547 0.0244556 0.0250224 -0.0171549 0.0116817 0.00861348 -0.0138243 0.00493154 0.0377651 -0.0175489 0.00201953 0.0281409 -0.0153422 -0.014649 -0.000284289 0.0425684 -0.00400615 0.00377874 -0.00020869 -0.00601749 0.0234393 0.0110897 0.0220663 0.0105795 -0.00927444 0.00876365 -0.00585019 -0.0105914 -0.00856306 -0.00197464 0.0161968 -0.00538549 0.018343 0.0505255 0.0484755 -0.00780151 0.0286797 -0.0167489 0.0316243 0.0178337 -0.0136337 0.0320076 -0.0140455 0.00744119
internal_weight=0 8918.78 17814.8 6387.48 7664.42 2326.67 1484.31 1254.36 7486.03 680.946 842.359 4060.81 554.498 184.287 3799.07 3020.39 929.074 637.526 464.011 449.844 803.368 763.817 778.685 178.394 517.854 377.824 132.049 3686.96 2417.72 331.361 2086.36 165.864 2091.31 454.231 147.745 103.378 56.8961 1269.23 298.258 385.993 135.312 62.6453 125.677 245.774 1070.07 175.537 1960.69 534.528 405.246 312.949 1426.16 780.595 223.265 645.563 519.922 302.432 700.016 52.4341 647.581 80.579 153.645 165.497 69.7101 49.9154 70.3654 63.5247 29.4269 95.7868 125.435 182.109 77.0193 260.831 215.695 162.819 477.69 56.7541 14.1672 192.787 40.1634 323.348 27.8815 172.317 37.6846 533.468 31.8858 125.641 243.113 219.827 173.514 45.149 20.3507 1637.08 53.4363 21.3358 32.1005 420.936 82.2648 19.5399 46.482 180.149 158.497 217.489 118.405 136.489 159.933 314.532 227.892 47.6693 36.5935 970.976 806.557 398.801 63.0264 335.775 63.653 25.9318 32.6502 37.0946 10.7793 306.486 31.4465 15.439 62.7249 8.02585 180.223 33.7267
internal_count=92479 70713 21766 13474 68391 9517 7717 2322 68019 2219 1800 3957 1309 1098 38763 31933 8335 4766 2896 2835 5498 5405 6830 372 5217 2299 534 29256 18277 1770 16507 534 23598 4582 1079 620 222 10979 2260 3106 1337 340 638 1765 1224 800 15869 3815 2540 1743 12054 7155 1065 4899 3775 2021 6706 392 6314 449 609 1236 448 152 283 224 156 788 1330 446 441 1613 1132 984 4992 413 61 887 225 2766 115 703 177 1105 166 1124 1165 1148 1870 418 119 19016 462 117 345 4579 719 76 398 1062 1007 1754 371 708 572 1498 1977 324 289 8719 7099 3193 435 2758 395 122 136 313 59 3503 145 88 643 53 1653 275
is_linear=0
shrinkage=0.02


Tree=33
num_leaves=127
num_cat=0
split_feature=13 15 15 13 1 15 6 7 1 1 9 10 10 8 3 6 7 9 9 10 8 1 3 13 12 12 1 13 8 3 2 16 10 8 5 8 9 8 9 2 16 10 12 8 3 8 8 4 12 2 9 9 10 10 10 9 8 7 5 1 10 5 9 12 12 12 8 7 3 1 9 16 10 2 9 10 4 8 10 2 7 7 16 9 8 3 15 7 2 10 13 1 15 15 5 15 12 3 2 4 16 6 7 10 4 3 5 9 10 3 9 7 3 2 15 2 10 8 8 3 10 12 7 12 2 16
split_gain=14717.6 2421.59 1541.82 2042.09 997.859 491.27 420.549 245.07 219.803 200.929 149.456 155.085 252.118 238.562 140.919 188.587 207.556 156.288 154.826 192.494 153.809 163.121 138.318 129.318 126.334 189.279 125.143 129.323 109.07 103.877 134.388 99.8519 97.5584 294.508 194.651 169.402 279.692 151.265 273.772 118.227 114.528 106.617 96.0585 90.8696 112.981 88.2793 86.5175 88.8467 86.8445 108.876 85.8151 98.4649 85.371 85.1998 84.9413 82.6892 187.645 77.8828 90.066 90.959 77.6832 77.5386 77.022 75.42 250.915 73.7067 73.7015 72.4451 123.921 131.777 72.0176 71.6708 70.436 69.773 69.2827 66.2624 109.03 69.0755 66.1428 79.1503 61.5702 58.0211 117.69 127.948 75.4624 58.0203 55.8374 55.0564 100.658 54.5914 51.6184 73.3241 63.5721 49.7866 49.4566 48.8165 48.5531 47.6474 47.5687 46.1957 44.7607 44.3762 44.1185 43.3624 55.2225 43.1002 43.0218 41.742 41.1017 40.1294 37.9468 38.2795 37.3442 36.4617 37.0199 35.3356 80.326 84.7703 34.614 49.868 34.8469 33.0891 32.7526 32.2715 31.8007 36.7633
threshold=0.52676329016685497 -0.72607553005218495 -1.3535210490226743 1.8404935598373415 0.085526313632726683 0.92774829268455516 1.5833333134651186 1.0030285716056826 1.6513158082962038 -0.26973684132099146 -0.39836923778057093 -1.0000000180025095e-35 -0.56174489855766285 -0.044805379584431641 1.4411764740943911 2.7500000000000004 -0.0068074017763137809 -0.31894938647747034 0.12100457772612573 -0.38873952627182001 0.58489501476287853 -0.28289473056793207 1.0000000180025095e-35 0.032364165410399444 -0.33382290601730341 -0.6656709313392638 2.2828947305679326 5.6274898052215585 0.64801540970802318 1.1470588445663454 0.43415638804435736 -0.21377587318420407 -0.38873952627182001 -0.19978590309619901 1.0000000180025095e-35 0.60981127619743358 0.45939992368221289 -0.32859081029891962 0.056892752647399909 -6.6604938507080069 0.087605372071266188 -0.56174489855766285 3.3339674472808842 0.25540180504322058 -0.20588235557079312 0.67990940809249889 -0.50653058290481556 1.0000000180025095e-35 -1.0000000180025095e-35 0.088477365672588362 0.65590819716453563 0.68850955367088329 -1.0000000180025095e-35 -1.0000000180025095e-35 1.0000000180025095e-35 -0.26002354919910425 -0.59348425269126881 -0.14520993083715436 0.99954625964164745 0.1118421070277691 -0.56174489855766285 0.99954625964164745 -0.66762831807136525 -0.6812496781349181 -0.99900424480438221 -2.3294571638107295 0.19384504109621051 -0.29519236087799067 -1.0000000180025095e-35 0.53289476037025463 0.70395612716674816 1.0732121467590334 -1.0000000180025095e-35 0.043209876865148551 0.67151021957397472 -1.0000000180025095e-35 1.0000000180025095e-35 0.038631947711110122 0.56174489855766307 -1.4958847165107725 0.80252677202224743 1.7475492358207705 0.73261612653732311 -0.60558217763900746 0.67444664239883434 1.7941176295280459 -0.17846065759658811 0.24836037307977679 0.26954731345176702 0.38873952627182012 -0.39515002071857447 -0.15775460004806516 -0.43877680599689478 -0.62798810005187977 0.99954625964164745 -0.11668765172362326 -15.292791843414305 2.1470588445663457 0.12962962687015536 1.0000000180025095e-35 -0.40606014430522913 3.2500000000000004 0.38199040293693548 -0.38873952627182001 1.0000000180025095e-35 1.1470588445663454 0.99954625964164745 0.54929763078689586 0.38873952627182012 0.44117647409439092 -0.55882722139358509 -0.38436201214790339 0.38235294818878179 -0.61522632837295521 0.28416901826858526 0.95267492532730114 0.56174489855766307 -0.19086904078721997 -0.49999999999999994 0.97058823704719555 -0.56174489855766285 11.002419948577883 -1.0402734875679014 -57.311403274536126 -0.38888889551162714 1.0067077875137331
decision_type=2 2 2 2 2 2 2 2 2 2 2 2 2 2 2 2 2 2 2 2 2 2 2 2 2 2 2 2 2 2 2 2 2 2 2 2 2 2 2 2 2 2 2 2 2 2 2 2 2 2 2 2 2 2 2 2 2 2 2 2 2 2 2 2 2 2 2 2 2 2 2 2 2 2 2 2 2 2 2 2 2 2 2 2 2 2 2 2 2 2 2 2 2 2 2 2 2 2 2 2 2 2 2 2 2 2 2 2 2 2 2 2 2 2 2 2 2 2 2 2 2 2 2 2 2 2
left_child=1 42 -2 4 85 10 7 24 97 23 11 12 -3 67 15 17 -17 20 71 -20 21 -12 72 62 25 60 81 118 74 30 31 90 33 -19 35 36 -35 38 80 -39 53 -37 106 44 -33 70 48 115 49 -13 55 52 61 -40 -47 56 93 -51 59 -59 -6 -52 66 64 65 -62 -7 68 69 -14 -41 -18 94 -45 99 77 -77 -58 -49 -80 -34 82 83 -5 107 -4 98 -36 -89 -74 91 -15 -92 108 -23 -88 -42 -8 -57 -21 -53 -16 -73 104 -31 -104 -1 -85 -26 -100 -108 -112 -109 114 -103 -48 -117 -118 119 -28 -121 -22 -63 -87 125 -115
right_child=2 5 3 26 6 9 8 -9 -10 -11 14 46 13 29 101 16 18 32 19 28 121 22 -24 -25 50 -27 27 -29 -30 103 -32 43 37 34 87 41 -38 39 40 45 96 -43 -44 73 -46 54 47 78 -50 57 51 100 -54 -55 -56 86 75 58 -60 -61 63 122 -64 -65 -66 -67 -68 -69 -70 -71 -72 102 89 -75 -76 76 -78 -79 79 -81 -82 -83 -84 84 -86 123 95 88 -90 -91 92 -93 -94 -95 -96 -97 -98 -99 109 -101 -102 113 105 -105 -106 -107 110 112 -110 -111 111 -113 -114 124 -116 116 117 -119 -120 120 -122 -123 -124 -125 -126 -127
leaf_value=0.035655347722894491 0.035125541911083656 -0.021864571978814494 0.03124294118111981 -0.013363754369067567 -0.018357646843760751 -0.023100772367803116 0.033864897565034906 0.037063685809350058 -0.0046411641392244693 0.04045782208815818 -0.022419422082025815 -0.022513366408953954 -0.0095027100871114822 -0.0064292786938820717 -0.017845751692221579 0.040637215422488632 -0.011811887646335608 -0.019031457713871089 -0.022308438278860213 0.024632057134423402 -0.020910964655867566 0.03545803262956701 -0.014940221338373061 0.028899292407407226 0.039938446388165058 0.059246656774990178 -0.019814721867425431 0.034641533592154716 -0.022832324208159113 -0.0085301490862239333 -0.017178285405302508 -0.013476637471366338 -0.01832832226656066 0.049876162672461422 -0.019959866599401837 0.0084334140026286215 0.0093638823581242269 0.036869466577053339 -0.0075228756040678756 -0.016492713707719663 0.025186652167914762 -0.019325620372326404 0.0022307695993948112 0.0038113869872675415 0.051136606865808634 0.0073703427833048101 -0.019884596911265897 -0.013076254967057829 -0.016381311131789363 -0.023548450936234203 -0.024157018069179612 0.025732006326862629 -0.0026801438025096831 0.013136303655707874 -0.012472227945890464 -0.0077995700134945202 -0.010536977434629221 -0.02268450885685749 0.082851161462185352 0.063008937666466702 -0.00028614393680760782 0.0052266827788000529 -0.013526519697455679 -0.011357734953782915 0.067308001905217324 0.021022461278085647 0.062891071858109091 -0.016730692407393267 -0.018268192062270924 0.099544951561951672 0.00017386376105420315 0.048514900221270738 0.054757841701961053 0.048465508364110024 -0.023520754351249278 -0.019538466613191405 0.050014631901525892 0.013502054957874415 0.066509466118419791 0.0017476857826964204 0.095728202373597582 0.035609246168331311 0.034467651331932476 0.021090328635825332 -0.025356191813461337 0.028172580996042737 0.045493853489223648 0.044230091802039698 -0.023455978716464921 0.026036591969743263 0.032475624822946678 0.060539048864024614 -0.019928148290964127 -0.02359294004923514 -0.016782061802803738 -0.0038555798104551744 -0.015766431381332636 0.00080963394967754887 -0.021714798074126011 -0.023992673504214634 -0.012343744553462904 0.032020317331675208 -0.01569275362104889 -0.022874007107676415 0.042202498143390818 0.058385350518337882 0.042045027150335097 0.00025639937660661464 0.0028565990834676777 0.013716528843370566 -0.024038004119036525 0.04320452774606965 0.036256273643267771 -0.0090244718510487723 -0.0226889995273938 -0.022343264524874628 0.0867823038480902 -0.0087897698572088657 -0.024239073629776314 -0.024386942402567953 0.029961083120417897 0.020869726669282 0.049657078620837965 -0.025244568945198265 -0.0042842226304423362 0.048330007094172622
leaf_weight=674.1753182336688 11821.162364885211 238.50191448628902 736.17907633632421 37.240466505289078 56.496860042214394 6.1889008283615139 263.31243910640478 67.419086098670959 87.302280016243458 118.31939870864153 31.815452590584755 19.34324699640274 7.9192204922437694 13.091970264911653 368.32264503836632 64.073812745511532 250.7678294852376 265.1623517498374 57.194835461676121 266.71974196285009 60.519918218255043 13.550126716494562 26.31080761551857 66.434583880007267 55.431204594671726 25.833019077777863 19.680710770189762 66.996722117066383 24.59157545119524 28.745030000805855 37.897524259984493 12.276107363402842 300.2818141579628 88.133845165371895 129.6914314031601 132.21026223152876 300.86675057560205 19.692858219146729 97.534279435873032 1119.9138085842133 12.87348475307226 95.194355808198452 38.560974314808846 57.369725540280342 91.570006251335144 156.7499408647418 904.36496549844742 42.058122180402279 62.924948416650295 7.5917850956320754 7.768132157623767 14.292287923395632 39.239925280213356 440.38460864126682 191.98893297463655 224.66013433784246 100.19664231687784 10.255795404314997 15.67876463383436 9.585341237485407 238.97529239952564 7.7300181910395613 93.875759944319725 77.133447423577309 28.562416315078735 89.156347997486591 11.204502403736113 224.85379764437675 23.416021533310413 10.068329535424708 114.28987621515989 12.958491384983065 62.230466946959496 18.513436421751976 13.306642413139341 172.76915968954563 9.511444039642809 91.455804646015167 11.711209878325461 21.238604620099068 1.9051847010850895 2200.6703293323517 947.27194401621819 235.01012369245291 11.458023458719252 7.4644338116049793 11.094187796115873 16.515688098967075 18.783759459853172 46.067536227405071 12.135870672762392 13.067451365292071 39.072489008307457 7.1069578826427451 15.588336914777754 28.915724158287048 115.23850391805172 18.680329978466034 275.45085000991821 8.0512444972991926 90.86595892906189 5.7050691321492186 14.474552728235723 38.850022450089455 12.235278807580469 4.0125846639275542 9.7086782306432742 12.360264301300047 15.244501389563082 13.408806152641771 13.400561623275282 4.5315485000610343 170.7842618227005 6.722237445414069 37.250286228954792 25.463198617100716 7.0028483718633652 7.900357209146021 22.657429128885269 5.7176123708486548 27.021178178489208 8.6681620031595212 46.917404860258102 11.484035305678843 26.406060688197613 13.344532653689383
leaf_count=631 8738 2663 1142 181 494 58 440 48 650 90 348 200 60 115 3811 131 2446 2769 654 1031 630 95 230 97 182 21 140 61 248 268 358 122 3101 241 1100 739 1738 14 837 11626 58 888 245 471 416 1285 9801 410 596 71 59 56 278 2917 1916 1879 837 103 38 13 1526 47 847 633 25 420 14 2277 219 20 921 22 209 101 112 1623 21 525 13 159 8 1575 845 553 87 25 43 76 162 192 74 46 396 63 120 189 1038 114 2726 63 721 21 133 423 24 13 30 70 80 62 105 6 178 57 398 278 14 76 182 45 70 38 108 94 206 33
internal_value=0 -0.0015174 0.030786 0.0231031 0.0105574 -0.00497815 0.00365248 -0.000345067 0.0230899 0.0202644 -0.00603346 -0.0106252 -0.00430945 0.00222158 -0.00419472 -0.00314124 0.00628895 -0.00488085 0.00291386 0.0114266 0.00995239 0.0190196 0.0270711 0.00681919 -0.00180441 0.00648192 0.0328544 0.0144422 0.0175976 0.0125044 0.0179815 0.0231642 -0.00596647 -0.000818682 0.00536172 0.0105261 0.0185425 -0.00806206 -0.00182051 -0.0118328 0.00534304 -0.00318686 0.0329641 0.0313419 0.0434984 -0.0124387 -0.0154763 -0.017404 0.000201538 0.0169092 -0.00533316 0.00639949 0.0204353 0.00939043 -0.00355346 -0.00774698 -0.00139723 0.0345972 0.0470249 0.0187144 0.00370198 0.0349677 -0.00636401 0.00657478 0.0104526 0.0055036 0.0322936 -0.012254 0.0120576 0.0515355 -0.0149494 -0.00824281 0.0351137 0.0147058 0.0210488 -0.00727633 -0.0159092 0.000934356 0.00354712 0.0247657 -0.0176092 0.0335781 0.0304171 0.0221984 0.0252811 0.0303535 -0.0129288 -0.0139324 0.00821256 0.0425405 0.00416707 0.0270235 -0.00750898 0.026866 0.00751091 0.00982833 -0.0116512 0.0316752 -0.0147018 0.0232073 -0.00716879 -0.0147773 0.0202194 -0.0077351 0.00661683 0.000385705 0.0346527 0.0266686 0.03194 -0.0200701 0.0101973 -0.00704543 0.0338267 -0.00213966 -0.0154228 -0.0190674 -0.000759295 0.0361185 -0.00358318 0.00534497 0.0204696 -0.0156765 0.0433723 -0.00420177 0.0101381 0.0291166
internal_weight=0 8117.17 18498.1 6676.93 2920.06 7376.79 2164.93 1795.64 369.295 296.023 7080.77 2024.7 879.584 641.082 5056.06 4598.31 716.151 3882.16 652.077 369.864 264.751 195.563 163.747 177.704 1728.22 516.157 3756.87 142.074 312.669 374.825 294.995 257.097 3617.41 1046.56 781.396 616.405 389.001 2570.85 968.218 1602.64 666.031 227.405 740.377 179.729 103.846 1582.94 1145.12 1019.74 125.38 62.4549 1212.06 206.814 101.655 537.919 348.739 1005.25 451.716 43.1117 35.5199 19.8411 490.324 62.4156 111.269 433.828 356.694 328.132 17.3934 266.257 41.4036 17.9876 1234.2 282.213 137.436 75.8832 288.078 373.933 182.281 191.652 75.0079 32.9498 302.187 3614.8 1414.13 466.853 429.613 755.128 553.53 164.991 35.2994 108.298 77.3678 26.1594 51.2084 77.7827 29.1385 40.0099 128.112 281.993 513.52 274.771 105.158 457.751 31.4456 79.8303 40.9803 18.4871 701.816 418.155 70.6757 288.86 27.6408 17.9321 183.145 89.4282 42.9554 944.731 40.3664 14.9032 75.0769 52.4195 32.7388 69.1881 54.6474 18.9485 46.4728 20.0668
internal_count=92479 64623 27856 19118 15131 63606 13870 12666 1204 1106 62500 19825 8053 5390 42675 38149 4853 33296 4722 2108 1862 1194 846 1016 12618 3119 3987 498 1454 2814 2099 1741 31434 7713 4944 3606 1979 23721 7959 15762 4850 1627 1017 1110 538 15748 11772 10751 1021 425 9499 1269 492 3754 3201 8230 3331 225 154 116 3098 214 919 2604 1971 1946 72 2576 299 80 12547 2614 616 572 1206 3006 1644 1362 582 172 3109 3489 1914 1069 888 1261 4899 1338 238 401 631 161 470 325 215 232 1096 554 4667 1094 777 4526 168 715 292 146 772 801 262 2788 141 111 248 715 419 10169 368 90 437 255 115 668 155 119 296 90
is_linear=0
shrinkage=0.02


Tree=34
num_leaves=127
num_cat=0
split_feature=14 15 15 14 15 10 0 14 15 16 2 2 14 8 15 6 16 10 8 0 9 9 9 0 15 7 7 3 16 7 14 8 10 9 8 10 8 9 9 9 0 8 10 0 8 8 10 10 9 8 7 0 2 0 2 9 16 12 0 2 0 7 2 8 8 14 12 15 0 8 11 2 10 9 8 14 10 11 6 6 0 8 8 15 8 9 8 10 9 7 0 16 3 8 8 9 2 14 8 3 0 2 9 4 9 2 8 14 10 8 9 2 15 8 9 8 16 9 12 0 15 0 9 8 2 2
split_gain=15938.4 3041.13 757.885 1174.1 479.015 346.955 309.032 269.985 264.392 323.163 183.581 141.837 130.601 138.462 120.66 110.541 109.599 129.474 203.215 110.395 111.531 121.805 102.588 101.639 101.509 100.044 110.983 86.435 138.763 123.853 108.17 98.9525 177.007 189.59 118.218 152.139 110.709 92.5375 295.339 226.943 192.228 169.956 118.061 85.2219 84.1828 185.607 99.2148 131.739 80.984 79.5344 79.3018 75.6923 74.6406 74.3937 73.4666 73.2223 73.1718 72.813 72.4694 79.3425 68.7137 64.3195 63.3521 145.592 100.543 63.09 62.3398 62.306 59.8056 59.6121 97.3042 59.7201 102.482 58.6898 198.952 58.6572 57.6678 67.7549 62.7559 55.4664 68.6241 54.7808 54.7773 106.557 74.8871 54.3876 54.2806 54.2258 53.3987 53.021 52.8891 52.3521 91.4838 58.4384 51.5216 51.4983 63.3722 64.6691 51.3219 49.5778 48.4557 45.6155 45.469 44.975 44.3997 44.0392 42.3224 41.9568 41.4913 43.4076 40.6579 38.5373 60.842 36.6566 36.0656 71.6531 35.8379 109.803 34.8345 48.6546 63.4564 34.6564 34.6309 33.9139 49.6042 33.6177
threshold=0.72043022513389599 -0.9618692398071288 -1.3535210490226743 2.1615140438079838 1.1461044549942019 -0.56174489855766285 -0.027418032288551327 -0.12468271329998969 0.63922914862632763 0.96214589476585399 -6.6604938507080069 -6.6604938507080069 1.0205118060112002 0.46840965747833258 -1.0314508080482481 0.91666665673255932 0.88005742430686962 -0.38873952627182001 -0.17293875664472577 -0.013565709814429281 -0.70395612716674794 0.020008387975394729 0.14820139855146411 -0.13743405789136884 0.29051074385643011 0.95917025208473217 -2.065882563591003 2.20588231086731 0.88005742430686962 -0.24287052452564237 0.4423926323652268 0.22925297915935519 -0.38873952627182001 0.3298847377300263 0.69533789157867443 1.0000000180025095e-35 0.53381279110908519 -0.39071239531040186 -0.31068393588066096 0.066093422472476973 0.0029145946027711038 0.14884946495294574 -0.38873952627182001 -0.26138153672218317 -0.53177404403686512 -0.60341805219650257 1.0000000180025095e-35 0.38873952627182012 0.66561099886894237 -0.54385331273078907 -1.5024183988571165 -0.27722449600696558 -0.20370370149612424 -0.053875114768743508 -0.92798352241516102 -0.69663995504379261 1.0357957482337954 1.328506648540497 -0.15358143299818036 0.22016461193561557 1.3989435434341433 6.4535715579986581 0.32716050744056707 0.5214291810989381 0.69706812500953685 -0.13633995503187177 17.352477073669437 0.92774829268455516 -0.053875114768743508 0.69533789157867443 1.0000000180025095e-35 -1.1049383282661436 0.56174489855766307 -0.65815234184265126 0.22925297915935519 -0.30988709628581995 -0.38873952627182001 0.6784479320049287 2.7500000000000004 2.7500000000000004 0.79515123367309581 -0.63071238994598378 -0.68871176242828358 -1.2063425183296201 -0.60341805219650257 -0.55314108729362477 -0.70804578065872181 -0.38873952627182001 0.10276710987091066 0.079273290932178511 -0.150860421359539 0.73261612653732311 1.1470588445663454 0.25540180504322058 0.63625517487525951 0.70434543490409862 -0.69753086566925038 -0.18506065756082532 0.18490620702505114 1.382352948188782 1.4448422789573672 -0.41358023881912226 0.66861790418624889 1.0000000180025095e-35 0.038463750854134567 -2.4917695522308345 0.64028519392013561 1.0561854839324953 -0.38873952627182001 -0.66748946905136097 -0.45705892145633692 -0.62757200002670277 0.23573670536279681 0.64028519392013561 0.58234849572181713 0.18490620702505114 0.49439254403114324 -0.33531492948532099 -33.372810363769524 -0.12937241047620771 -0.66060432791709889 1.8471097946166994 -0.39836923778057093 -0.063303325325250612 0.18724279850721362 1.0637859702110293
decision_type=2 2 2 2 2 2 2 2 2 2 2 2 2 2 2 2 2 2 2 2 2 2 2 2 2 2 2 2 2 2 2 2 2 2 2 2 2 2 2 2 2 2 2 2 2 2 2 2 2 2 2 2 2 2 2 2 2 2 2 2 2 2 2 2 2 2 2 2 2 2 2 2 2 2 2 2 2 2 2 2 2 2 2 2 2 2 2 2 2 2 2 2 2 2 2 2 2 2 2 2 2 2 2 2 2 2 2 2 2 2 2 2 2 2 2 2 2 2 2 2 2 2 2 2 2 2
left_child=1 6 -2 5 7 56 57 16 9 10 -7 -9 14 48 53 105 17 18 -3 20 111 51 24 -6 85 26 116 28 30 79 31 37 33 43 -34 -36 -35 41 40 -40 -39 68 -43 -33 45 54 -47 49 82 101 -32 -22 86 -12 75 -28 61 -1 59 89 -31 114 63 -23 -64 -59 107 -53 -13 71 -71 72 73 74 -26 -19 -24 78 -78 80 -30 -55 83 -14 -84 98 -16 -62 -77 -52 -88 -21 93 -93 102 -46 -97 -98 -18 110 -11 -48 121 113 -72 -8 122 -15 109 -25 -49 -20 -113 -74 -4 -116 117 -5 -57 120 -120 -80 -89 -50 -125 -121
right_child=2 4 3 25 23 8 15 11 -10 100 12 27 13 66 52 -17 22 44 19 91 21 62 76 108 69 -27 55 -29 29 60 50 32 34 36 35 -37 -38 38 39 -41 -42 42 -44 -45 95 46 47 99 123 -51 58 67 -54 81 -56 118 -58 65 -60 -61 87 -63 64 -65 -66 -67 -68 -69 -70 70 104 -73 103 -75 -76 88 77 -79 94 -81 -82 -83 84 -85 -86 -87 90 106 -90 -91 -92 92 -94 -95 -96 96 97 -99 -100 -101 -102 -103 -104 -105 -106 -107 -108 -109 -110 -111 -112 112 -114 -115 115 -117 -118 -119 119 125 -122 -123 -124 124 -126 -127
leaf_value=0.034071586320102029 0.034665872928466096 -0.020300304504632161 -0.01979692852468333 -0.015345960162530101 -0.018328504085979115 0.037020423018154218 0.045316958881438565 0.035557675511114044 0.035471176595778052 0.034748658551667748 0.037357409268161258 -0.0032489527149467752 0.034422185116453528 0.021317462223843727 0.076333734300921954 0.035244513001192836 -0.0083965442680354139 -0.022186779563630871 0.10138277215728524 -0.020325316123109751 0.040464482518945924 0.0058139007675197035 -0.014618445519661306 0.031685449896806064 -0.022043825165503409 0.035088450536776526 -0.025391327557317638 -0.018282856357977037 0.028010011981629432 -0.0081250227420901974 0.025064641130238978 0.04587061717060445 -0.018457258548138428 0.0061016319158016868 0.022475543957392662 -0.022362921171393903 0.044662001394858833 0.041663856467798688 -0.019217627933843094 0.0048460173826131723 -0.023350480985589114 0.058728770343924611 0.003272430848605911 -0.010634801723823589 -0.01804973228053134 -0.01463510747233376 -0.023207025707392807 0.055356857445681487 0.03667188137626072 -0.022763556373832549 0.033022902180597703 -0.021164623491483413 -0.011020275487428668 0.040311750511408062 -0.019917359075277884 0.032699405708650521 0.026017384286751894 -0.0028040210627348567 -0.015702209838746036 -0.019273350409591189 -0.022513618420026811 0.036167613265307326 -0.0042958407445338126 0.051678531731654383 0.031781738905577187 0.02620451840575912 0.028264810011689054 0.032192399970241481 -0.017805146318081635 -0.022393081244543797 0.041079131080070809 -0.019118369670435759 -0.012621904260652768 -0.022035398716546244 0.13843741237197574 -0.022238837516973337 -0.022367740726176533 -0.022339898600015631 0.025586072324992184 0.040958056383281545 -0.023108128816850787 -0.0092243220360107431 0.024095799385246131 -0.024380009421100569 0.0086439578849074033 -0.014279141141632421 0.046894047955657298 0.00013029749274808228 0.05542083494295464 -0.022749235643146119 0.00094006803127078605 0.066404241314030263 -0.021937317544507333 -0.00017771848291840895 -0.022424914304580677 0.03901523404182429 -0.022132403871991165 0.047186303292013287 0.052302933106114051 0.031794469113829188 0.00070347609721542383 0.05446913061043502 -0.023880655770500466 0.054285047547343257 -0.022292926647683817 -0.006369636896614691 -0.012851752187461206 -0.016891725891341462 0.037104393473187468 -0.011838147771697068 -0.022557424281257371 -0.022832612279828735 0.078253124727736587 0.057604634825487694 -0.023246787850235852 0.047417350394025573 0.035004189989486338 0.030704683607421266 0.045089358626922947 0.023490511969804638 -0.025854806232220678 -0.013160140917785577 0.043144882583899695 0.030973625513297642 -0.00368404076808334 -0.011215591299718494
leaf_weight=882.48047384619713 11324.953037008643 282.93550929427147 159.44875987619162 23.085145480930805 18.288734257221222 95.159496903419495 6.9160737991332999 37.688919425010681 267.02163100242615 288.58290641009808 48.52808952331543 221.4315556883812 17.977992653846741 13.084808625280855 4.4730200096964827 35.676758542656898 7.5873766988515881 11.58753899484873 5.4006076678633681 125.60626889020205 9.8903033733367902 82.585387460887432 44.107629403471947 21.385618142783642 11.529597751796244 2341.6136745661497 12.353303380310534 150.4605473279953 33.40203807502985 123.87335574626923 22.731788441538811 11.322431512176989 473.48998157680035 62.476818233728409 71.455310627818108 52.515050135552883 56.91251403093338 115.56012822687626 195.08254680782557 798.17446068674326 21.589688487350941 24.29865400493145 41.721062608063221 187.16219905018806 1544.0633118078113 43.641657300293446 3.2249203473329535 2.926131770014762 91.80634231865406 6.8758792728185645 35.965131916105747 113.43849609792233 265.13893536478281 11.698170505464075 270.42110887169838 139.50983595848083 20.516361884772778 37.816968776285648 511.88608445227146 30.94294235855341 11.315551273524759 9.8142532110214216 155.10706157982349 41.645612135529518 38.584997028112411 144.88814233243465 17.684653207659721 9.486042268574236 230.35726740956306 24.661009378731251 26.548545598983768 299.99533111602068 11.481885708868505 65.448059417307377 4.2213628366589537 4.7844180464744595 17.056636802852154 22.562806844711304 146.96624880284071 57.316844664514065 15.324126131832598 37.735377371311188 206.61349584162235 39.215796567499638 319.41819298267365 12.193025410175322 11.076393850147722 9.5477751120924932 13.633970804512499 8.4132393822073919 104.83923421800137 11.212398618459703 24.018282651901245 9.9538334235548955 11.885026372969149 13.703933037817476 33.173682644963264 6.4262326881289473 20.973877906799316 11.599329531192778 17.750775039196014 48.564515143632889 8.6770374551415426 14.833606816828249 5.3061203062534323 141.56131551414728 9.4092045277357084 94.641292743384838 121.95896162837744 16.041240908205509 31.718766093254089 4.1816303059458715 5.5331008285284042 4.0119422972202292 13.523727357387545 9.9722717329859716 806.39738798141479 201.39630829542875 7.0314984321594265 554.11807834357023 17.834407158195972 9.8529438823461515 34.682288527488708 45.088138423860073 26.070119611918926 11.393464773893355
leaf_count=778 8292 3569 1517 103 171 68 5 27 247 295 37 1789 21 57 10 34 65 133 7 1452 7 387 481 32 138 1692 90 1458 101 1038 116 18 4808 395 463 560 218 384 1908 5714 185 74 281 1546 18554 459 29 23 131 66 152 1297 2105 34 3281 174 42 214 4908 283 117 7 950 82 79 232 49 33 2202 268 87 3485 117 788 10 54 185 245 441 64 138 279 611 323 1578 110 45 71 35 83 707 35 299 84 125 40 385 37 50 42 91 127 67 27 58 1059 71 740 95 74 333 39 15 14 121 24 589 220 6 1085 106 69 84 79 139 52
internal_value=0 -0.00135288 0.0315645 0.0260347 -0.00612401 0.0143722 0.0275564 -0.00690398 0.0169294 0.0141108 0.0101682 -0.00304059 0.00828251 0.0129069 -5.40129e-05 0.00363354 -0.0106854 -0.0124307 -0.00619711 7.05941e-05 0.0051133 0.00332125 -0.00396175 0.0263275 -0.00919174 0.0323747 0.0287909 -0.00344258 -0.00279879 0.0103249 -0.00401821 -0.00221711 -0.00748988 0.00456776 -0.0139051 0.00348153 0.0244832 0.000711126 0.0039185 0.000119751 0.0314295 -0.00629075 0.0236832 -0.00741149 -0.0152319 -0.00758048 0.0107067 0.0212487 0.0161749 0.0411471 -0.0115882 -0.0127644 -0.0050904 0.0197667 -0.0166229 0.0228941 -0.00989041 0.0316923 -0.0130071 0.00530931 0.000611427 -0.0137123 0.0100411 0.021189 0.0028911 0.0202002 -0.00653745 -0.0170471 -0.0106708 -0.0118278 0.00743274 -0.0144729 -0.0019772 -0.013694 0.0209662 0.013068 0.00622935 0.0104669 0.0142738 0.0276215 0.0119336 0.00249811 0.012692 -0.00589644 0.0147131 0.021082 0.00796932 0.0172724 0.0352477 0.0224496 0.00533123 -0.013684 0.00477786 0.0350928 0.0177972 -0.0173825 0.00194506 -0.0108834 0.0361779 -0.00399439 0.0327759 0.0496322 0.0206857 0.0293934 0.0305231 -0.00396208 0.0256656 -0.0122507 0.0314515 0.0130311 -0.0159767 0.058552 0.0347416 0.00556242 -0.0163881 0.00674479 0.0330367 0.0259689 0.0237113 0.0215873 -0.00579345 0.0231516 0.0338595 0.0286394 0.0182762 0.0227913
internal_weight=0 8819.35 17676.6 6351.61 7570.01 2236.88 1249.34 7392.33 2023.6 1756.58 1450.25 3656.51 1355.09 871.601 483.489 184.154 3735.82 2965.92 919.58 636.644 465.853 450.738 769.9 177.675 508.792 4114.73 1773.12 3618.82 3468.36 294.871 3173.49 2563.55 915.334 317.874 597.46 123.97 119.389 1648.22 1130.41 993.257 137.15 517.809 66.0197 198.485 2046.35 448.978 148.551 104.91 746.19 58.6653 609.939 132.815 385.528 97.9616 300.427 742.241 213.275 1065.19 587.207 75.3213 188.828 192.759 317.923 124.231 193.692 182.705 125.411 122.925 451.789 468.037 56.5157 411.522 111.526 81.199 15.751 30.0059 261.108 217.001 194.438 106.043 48.7262 49.4335 583.225 57.1938 526.032 40.7543 120.389 64.9548 18.4184 44.3784 115.916 170.791 45.1845 21.1662 177.381 1597.37 53.3038 39.5999 28.5613 46.2442 306.334 51.7894 165.496 30.3274 31.8547 148.477 53.6393 107.726 159.386 37.4269 34.6449 15.1153 9.71473 15.4938 182.945 23.496 1030.88 224.481 729.887 590.377 24.8659 156.819 44.2301 162.965 71.1583 565.512
internal_count=92479 70713 21766 13474 68391 9357 2322 68019 7646 7399 7013 29256 6945 3728 3217 1098 38763 31933 8335 4766 2896 2835 6830 372 5217 4117 2425 29229 27771 1684 26087 20545 8008 2177 5831 1023 613 12537 8191 7622 569 4346 355 1564 23598 4582 1079 620 2882 222 5542 1337 2867 350 3503 1513 1711 1224 5426 518 1381 1669 1498 469 1029 446 846 1330 3991 4992 413 4579 1094 936 148 222 1613 1132 887 303 239 313 2533 344 2189 225 762 343 89 235 752 1870 418 119 702 19016 462 422 115 398 386 156 577 158 145 1064 226 797 201 106 356 61 54 131 1662 145 912 323 1423 1249 112 510 155 349 218 1137
is_linear=0
shrinkage=0.02


Tree=35
num_leaves=127
num_cat=0
split_feature=14 0 2 13 14 7 14 1 0 7 0 13 14 16 9 0 7 16 10 8 0 3 13 7 0 13 1 0 10 8 11 3 10 10 10 8 8 0 9 0 9 8 11 8 1 10 8 8 3 1 8 14 8 8 9 2 16 8 2 1 8 7 8 16 6 0 1 0 9 11 0 1 7 2 16 7 8 11 1 0 9 9 14 2 9 7 9 8 14 7 10 9 1 1 11 7 2 9 1 9 14 0 16 0 1 7 9 10 9 8 3 14 1 13 14 6 8 11 10 8 9 10 8 14 2 11
split_gain=15078.9 2023.02 910.127 675.026 641.655 328.515 279.158 617.112 228.701 350.18 197.088 190.783 180.363 162.503 135.813 121.766 218.861 119.463 199.661 233.594 148.349 115.541 114.245 110.961 105.972 136.523 167.763 101.584 98.0315 99.5676 293.769 106.581 188.605 107.935 95.6937 134.048 104.518 94.4725 89.7155 89.3937 88.4819 92.9006 129.844 94.3369 85.813 82.1341 215.317 149.524 81.6292 78.3422 75.2908 75.0139 72.0201 141.556 70.2525 68.5975 66.3102 84.6072 93.164 66.2751 65.8928 65.5791 64.9511 64.6859 62.1499 62.1059 58.0581 56.8786 56.7785 65.1706 116.455 55.6466 63.8235 55.644 55.365 90.8167 94.5454 70.8345 70.4651 53.8085 67.754 55.3782 53.3272 53.0802 52.0756 50.0002 49.0908 100.398 48.6085 46.7193 51.2831 66.7747 46.6043 46.4315 46.0433 44.5645 44.4004 110.688 80.0055 86.7359 42.955 49.4155 42.7183 46.8401 42.5947 42.4505 57.2744 42.3745 42.0405 46.2281 41.5545 45.066 41.054 206.32 104.412 49.3288 38.9406 40.5365 58.1484 77.7619 38.9062 71.8243 38.8533 37.5973 44.5835 66.2925
threshold=0.7761511802673341 -0.2695785760879516 -6.6604938507080069 0.52676329016685497 -0.087863069027662263 1.0030285716056826 1.7375702857971194 0.84868422150611889 -0.17517330497503278 -0.02780054975301027 -0.17517330497503278 1.6682905554771426 1.4280212521553042 1.0357957482337954 0.020008387975394729 -0.033611157909035676 -0.52671724557876576 0.73261612653732311 -0.38873952627182001 -0.17293875664472577 -0.013565709814429281 2.1470588445663457 -0.27013063430786127 0.73391112685203563 -0.053965032100677483 0.95739597082138073 0.16447368264198306 0.37736880779266363 -0.56174489855766285 -0.59348425269126881 0.6784479320049287 0.088235294446349158 0.56174489855766307 -1.0000000180025095e-35 1.0000000180025095e-35 0.094030573964118971 0.53381279110908519 -0.043219527229666703 0.67949494719505321 1.213112533092499 0.67151021957397472 -0.28682269155979151 1.0000000180025095e-35 -0.64675772190093983 1.388157904148102 -0.38873952627182001 -0.17293875664472577 -0.094030573964118944 0.73529413342475902 2.1513158082962041 0.63211616873741161 0.075942754745483412 -0.54975369572639454 -0.59348425269126881 -0.70154139399528492 -0.17078189551830289 0.12810270488262179 -0.020095882005989548 0.36831274628639227 1.0000000180025095e-35 0.41778646409511572 0.82400304079055797 0.70776253938674938 0.96939319372177135 2.7500000000000004 -0.14009729027748105 3.4144737720489506 1.722504258155823 0.70434543490409862 1.0000000180025095e-35 0.13480538874864581 -0.45394736528396601 -0.47811383008956904 0.14609053730964663 0.89963558316230785 -0.063696786761283861 0.64028519392013561 -1.0000000180025095e-35 0.63815787434577953 -0.13743405789136884 -0.59589663147926319 -0.69804492592811573 6.3308494091033944 0.91563785076141369 -0.58580270409584034 0.39236985146999365 0.67949494719505321 0.12153371796011926 0.22077540308237079 -0.56025648117065419 -0.38873952627182001 0.46637026965618139 0.7302631437778474 -0.30040077865123743 1.0000000180025095e-35 0.15920536965131762 -1.3148148655891416 -0.60079088807106007 -0.36184209585189814 -0.66762831807136525 4.1899335384368905 1.145862936973572 0.40964156389236456 0.056667001917958267 -0.57236841320991505 0.92511859536170971 -0.27710412442684168 -0.56174489855766285 0.35411681234836584 -0.34491391479969019 1.382352948188782 -0.53843143582344044 1.4934210777282717 2.2133353948593144 2.6773790121078496 1.7500000000000002 0.21162152290344241 1.0000000180025095e-35 -1.0000000180025095e-35 0.59008219838142406 -0.27710412442684168 -1.0000000180025095e-35 0.038631947711110122 -0.20576497167348859 -0.22839505970478055 0.6784479320049287
decision_type=2 2 2 2 2 2 2 2 2 2 2 2 2 2 2 2 2 2 2 2 2 2 2 2 2 2 2 2 2 2 2 2 2 2 2 2 2 2 2 2 2 2 2 2 2 2 2 2 2 2 2 2 2 2 2 2 2 2 2 2 2 2 2 2 2 2 2 2 2 2 2 2 2 2 2 2 2 2 2 2 2 2 2 2 2 2 2 2 2 2 2 2 2 2 2 2 2 2 2 2 2 2 2 2 2 2 2 2 2 2 2 2 2 2 2 2 2 2 2 2 2 2 2 2 2 2
left_child=1 -1 -3 10 14 8 7 24 9 71 22 27 59 15 74 16 37 18 19 -16 56 95 -2 45 -5 26 -26 54 86 30 51 33 -33 -31 35 -19 40 93 116 50 41 42 -36 -44 -13 47 -47 -18 -32 108 73 -30 53 123 122 104 57 83 -59 60 79 65 -41 89 -61 -14 112 -66 -54 -70 -71 72 -6 -37 105 78 96 -78 -76 81 -81 -12 -68 -21 100 110 -17 -88 -74 90 91 -28 -93 -10 -40 -15 97 98 99 -77 -67 -102 103 -46 -43 -4 -107 -86 109 -29 111 -55 -8 114 115 -114 -11 -118 119 -119 -79 -122 -9 -20 125 -125
right_child=3 2 4 6 5 -7 66 11 13 38 12 44 61 21 17 28 23 34 52 20 -22 -23 -24 -25 25 -27 63 49 29 31 48 32 -34 -35 36 39 -38 -39 94 62 -42 55 43 -45 102 46 -48 -49 -50 -51 -52 -53 68 85 -56 -57 -58 58 -60 64 -62 -63 -64 -65 67 84 82 -69 69 70 -72 -73 88 -75 75 76 77 120 -80 80 -82 -83 -84 -85 107 -87 87 -89 -90 -91 -92 92 -94 -95 -96 -97 -98 -99 -100 -101 101 -103 -104 -105 -106 106 -108 -109 -110 -111 -112 -113 113 -115 -116 -117 117 118 -120 -121 121 -123 -124 124 -126 -127
leaf_value=0.034381864342709234 -0.010837710016403204 0.035545378144829581 -0.016104391462554962 0.034260429945867969 -0.02822529548852884 0.034843839044080012 0.033976403503850408 -0.023238938480606715 -0.014367411819735785 -0.022698314048997598 0.066351390477302111 0.031336542471682972 -0.019336117780130901 0.032811715316539737 -0.021942707039267685 -0.02151674641562433 -0.016681193453744463 -0.021325845120175296 -0.022012966532557004 0.051976578104089476 -0.017717309294774941 -0.016131773522465784 0.034792743356246297 0.037856194963442176 0.032345263030619839 0.030920465370607084 -0.022722781937826505 0.035871182193344009 0.0080517673069968043 -0.0016304664531214428 0.039766834302879618 -0.0073877230005811338 0.015060357933005392 -0.019656096455649617 -0.013814931682812922 0.039102423719796497 -0.02290996404321019 0.0018111732538483828 -0.0033661688389176395 -0.020401430984770159 -0.02288449120543912 0.039520945423468484 0.038936886089526418 -0.023366675824692741 0.035777151978352455 0.0054820169884068756 -0.015625370176395238 0.014051918937232028 -0.023388587052989292 -0.022725969035111936 -0.02263846863906151 -0.011256934261725304 -0.018012405079397529 0.048247705496090976 -0.015727055867190802 0.051516628018015556 -0.016452321431934338 0.024251390934897581 0.0010141090208590495 -0.010522331523573005 -0.012224412597505603 0.033498750158351943 0.039953981208997819 0.035456261904533125 0.03180046255927723 -0.023480926539466946 -0.024686720816912634 -0.022636848213513912 -0.015466015572618402 -0.02260321093898254 0.067701986231778311 0.036773912381008481 -0.015660033395476711 -0.013725091343738638 0.040434593329437885 -0.0221868376604616 -0.022184454947005085 0.065947839560354979 -0.022502619827603251 -0.023511284228485536 0.030295323008368919 -0.016323709613839648 0.032242715330417004 0.0025133854831434431 -0.0089322521379710494 0.040760646633582753 -0.022697768720327666 0.055040821979466123 0.034027030695350104 0.040911399961639831 -0.023037131135794565 -0.011209838254182147 0.045900396437442391 0.028426853259585771 0.051032703263183675 0.0066481171745977705 -0.018168855225555298 -0.022119920176508056 -0.02226535962563644 0.068541212022408024 0.040923673663423268 -0.024162243152385302 0.027721265276679348 -0.0038099788410756504 -0.023122676477369618 -0.023050687819935418 0.041389892416122322 0.021710357222791271 -0.010081921861504329 -0.0015509924588571259 0.063751452940001466 -0.023240105400340598 -0.022523804474333168 0.033045360606180033 0.023904048346813433 0.019361035191070811 -0.019351301423544021 0.054163916712517253 -0.01314558029654783 -0.023166513968562383 0.050258898260470135 -0.010167790960710814 0.040530390237870986 5.1841881127000465e-05 -0.018206219036644652 0.084455511779996134
leaf_weight=616.97522996366024 23.837023295462132 236.43105292320251 1450.0410029739141 1560.2831813246012 11.378852427005766 113.24456162750721 12205.253721602261 5.1617358773946789 10.746739581227301 72.99648604542017 3.7091808617115047 137.55285220593214 18.653723999857903 100.3691424280405 140.81482111662626 193.11587267369032 86.516228288412094 123.60471657663584 85.919223517179489 36.539489209651947 75.522007115185261 32.182540990412235 276.88640207797289 27.693700060248375 94.324398875236511 482.42629682272673 19.615263424813747 55.793165609240532 125.08886942267418 209.15255451947451 92.934132523834705 599.53720052540302 199.53897435963154 364.34070999920368 51.555265136063099 52.656899176537991 31.184520348906517 97.426822647452354 10.675478748977186 47.623870365321636 20.694474026560783 7.9877660349011448 56.567781999707222 11.738332718610762 13.973419189453123 349.89389070868492 431.99421290308237 236.19943601638079 8.9769901409745199 20.3675452247262 12.534724250435827 225.68699337542057 812.09284500032663 4.4675693064928117 172.32844468206167 49.689714007079601 27.881871350109577 125.38703068345785 153.50360190868378 174.43120835721493 36.995111048221588 112.02041114121675 8.3882465511560422 15.644579768180845 28.851265162229538 20.984844200313091 13.101197347044947 10.461193121969698 32.381385132670403 10.108222842216493 13.133902311325071 168.53128750622272 9.8011295422911626 9.3991112336516363 25.787628769874573 5.5345141738653174 15.716789700090883 8.4799933806061691 9.8274648040533048 10.420942284166811 92.036443814635277 25.662922188639641 13.226022198796271 11.381223574280737 18.97984790802002 30.778390727937222 17.567967616021637 10.68821658939123 40.088328965008259 7.3396830111742011 62.062528297305107 8.6800126358866709 16.735276445746422 180.07102546840906 14.924423739314078 35.164136633276939 261.75918701291084 42.075513899326324 9.395931124687193 17.675454959273342 12.895545102655889 7.3116597086191168 34.886029973626137 82.790444053709507 9.5118713676929456 10.214039400219919 11.997002452611921 369.05196575075388 14.672612823545931 17.297788292169571 3.7835179865360251 16.759951964020729 47.465998433530331 977.39765240252018 63.177059397101402 14.739949293434618 34.099564082920551 17.131358183920387 23.840795293450356 7.4693282395601264 14.607925467193125 17.053671672940261 14.72192373126745 12.695802927017214 20.821311540901661 5.2661859393119803
leaf_count=511 149 170 16955 1168 42 107 9261 46 39 713 9 160 119 162 1798 2018 727 1418 1055 58 843 303 216 25 95 579 196 116 785 1673 339 5131 1247 3781 367 143 314 725 67 496 202 15 130 104 10 2463 4188 1367 75 198 128 1927 9786 10 1661 100 187 450 847 1376 274 120 22 12 78 177 98 105 350 106 22 131 62 82 100 63 182 25 103 87 232 189 12 51 112 70 173 14 60 13 576 65 42 364 56 217 3101 504 106 47 28 54 74 559 88 106 34 877 88 106 8 149 379 828 103 42 335 53 236 64 48 158 36 99 225 23
internal_value=0 -0.000573938 -0.00313897 0.03128 -0.00425823 0.00124653 0.0323718 0.0266745 0.000306129 0.0144484 0.0170784 0.00806303 0.0125801 -0.0012927 -0.00996401 -0.00222277 0.00227603 -0.0064742 -0.00909896 0.000416188 0.00773453 0.0179345 0.0311758 -0.00168481 0.0313501 0.0249257 0.0120379 -0.00289585 -0.00534534 -0.00382096 0.00431287 -0.00650358 -0.00178217 -0.0130822 0.00214432 -0.00639707 0.0112319 0.0178352 -0.00634661 0.00773176 0.0163569 0.0206984 0.0101455 0.0282301 0.0202896 -0.00267615 -0.00617984 0.00581274 0.0342037 0.0126119 0.0220703 -0.00437133 -0.0142825 -0.00278793 -0.0116199 0.039524 0.0131538 0.0156796 0.0114614 0.00199564 0.0113622 0.0198123 -0.0113627 -0.00268784 -0.00540249 0.0163892 0.0335838 0.0173145 -0.0166735 0.00287472 0.0284274 0.0308398 0.014517 0.0311011 -0.0138436 -0.00751121 -0.0102874 0.013809 0.023068 0.0179813 0.0248227 -0.0058833 0.00391296 0.040229 0.0179418 0.0236926 -0.0179141 0.00670772 0.0242657 -0.00790268 -0.0112482 0.00499974 0.0263957 0.0260167 0.0283477 0.0260236 -0.014288 -0.000685673 0.0269736 0.0469067 -0.00343942 0.0173734 0.00874732 0.0019067 0.00547121 -0.0156841 0.011756 0.0202115 0.0208128 0.0270148 0.00268888 -0.0081947 0.0336425 0.0299469 0.00579387 -0.012599 -0.0120569 -0.00264606 0.00911331 0.0306846 0.0279017 0.0177117 0.0239761 -0.0146348 0.00171051 0.0247977
internal_weight=0 9025.02 8408.04 17414.2 8171.61 4159.07 16171 2836.66 4045.82 410.937 1243.19 569.546 942.466 3634.89 4012.54 3467.17 1420.54 2112.38 1619.24 571.03 430.215 167.716 300.723 1132.3 2267.11 706.828 224.402 300.343 2046.63 1825.26 452.687 1372.57 799.076 573.493 493.137 254.208 238.93 288.245 181.137 130.603 207.745 187.051 119.861 68.3061 269.203 1104.6 781.888 322.716 101.911 108.131 74.5907 350.776 1048.21 180.492 192.212 67.1894 354.693 326.811 278.891 382.568 168.825 559.898 56.0121 130.077 213.744 447.878 13334.4 39.3125 867.716 55.6235 23.2421 229.8 61.2683 62.056 1900.17 427.914 392.299 55.8584 35.6151 131.829 102.457 29.3721 26.3272 47.9207 429.224 55.7894 221.372 28.2562 49.8895 114.433 107.093 45.0306 25.4153 190.818 25.5999 135.533 336.441 74.6814 32.6059 23.21 41.192 20.2072 131.65 96.7639 17.4996 1472.25 22.211 388.032 87.7636 73.091 25.011 21.2275 13308 1102.78 125.383 62.2059 155.538 82.541 48.4415 24.6007 40.1416 31.6616 19.8837 124.703 38.7833 17.962
internal_count=92353 71628 71117 20725 70947 29669 16523 5800 29562 1819 4202 3054 3837 27743 41278 27061 9898 19746 16137 4234 2436 682 365 8770 2746 1578 999 2251 17163 14958 3126 11832 6378 5454 3609 2289 1320 1128 1524 871 1006 804 601 234 803 8745 6651 2094 414 508 353 2712 11903 1639 1743 203 1593 1406 1297 2350 791 1487 518 904 1559 1367 10723 183 10264 478 128 295 164 225 21532 4437 4234 413 203 517 319 198 110 109 1248 237 2205 187 122 892 879 303 107 403 123 379 3821 720 216 110 259 82 643 569 103 17095 140 989 310 222 167 159 10613 1352 524 421 1401 688 353 117 231 206 82 1402 347 122
is_linear=0
shrinkage=0.02


Tree=36
num_leaves=127
num_cat=0
split_feature=14 15 13 14 15 14 1 15 2 15 14 15 7 16 16 9 8 2 10 16 15 1 13 16 15 9 11 15 10 8 10 1 8 10 1 9 1 8 8 10 10 9 16 15 9 12 12 7 10 16 8 1 11 16 8 8 1 8 8 10 6 2 1 8 7 11 9 1 8 16 9 14 14 14 8 11 14 7 2 1 9 8 2 16 7 1 8 12 14 14 2 2 8 8 9 9 16 7 8 10 11 8 8 7 7 1 13 15 10 12 2 10 16 1 1 7 14 7 4 8 9 8 9 11 9 8
split_gain=14544.8 3081.11 661.327 480.09 389.477 271.782 596.448 255.888 239.494 202.405 168.841 153.946 220.133 127.037 115.785 114.223 127.218 233.345 162.516 127.471 113.62 132.086 148.162 106.696 132.666 106.51 167.725 118.793 161.654 98.7324 110.61 90.9901 87.9193 111.875 179.073 163.095 105.991 104.778 87.7432 200.922 119.1 112.623 86.1456 82.3913 80.7504 80.0508 77.6021 76.4188 74.8652 74.5335 103.564 74.3549 73.3028 91.2341 71.3496 70.2057 68.3458 65.4231 65.07 96.2241 63.3744 61.1306 60.7995 59.8044 56.8378 56.7016 109.097 55.7795 55.6134 55.439 52.9437 59.5216 52.8154 51.6393 51.2633 51.1714 50.8334 50.5261 49.737 91.5386 49.4668 53.9431 47.4294 45.6092 45.261 45.25 45.2466 45.1279 73.5481 44.5873 43.8558 43.1776 46.8217 42.9876 46.5378 45.3546 45.1879 42.8493 42.1974 42.1352 56.4461 72.1465 43.0675 66.3471 40.9384 40.1857 199.244 104.039 49.2416 39.0454 38.5406 89.7039 56.9406 62.617 49.9983 49.616 42.3724 49.4473 38.3388 37.7193 37.5304 47.8056 36.878 94.0635 54.5731 53.0184
threshold=0.7761511802673341 -1.2494890093803404 0.52676329016685497 -0.12468271329998969 0.96496084332466137 1.7375702857971194 0.84868422150611889 -0.85678535699844349 -6.6604938507080069 -1.3535210490226743 1.4280212521553042 -0.85688525438308705 -0.79870587587356556 1.0357957482337954 0.82225069403648388 0.3216924667358399 0.5214291810989381 0.31069958209991461 -0.38873952627182001 0.17974553257226947 -1.1192106008529661 0.12500000372529033 0.95739597082138073 0.89963558316230785 0.34884305298328405 0.64519405364990245 -0.22252093255519872 0.18118525296449664 0.38873952627182012 -0.54975369572639454 -1.0000000180025095e-35 -0.17763157933950421 0.220456138253212 -0.38873952627182001 -1.0000000180025095e-35 0.3298847377300263 1.388157904148102 0.53986790776252758 0.14884946495294574 -0.38873952627182001 -0.56174489855766285 -0.39071239531040186 0.82929763197898876 0.63922914862632763 0.70301672816276561 -33.372810363769524 17.352477073669437 0.15109504014253619 0.56174489855766307 0.88005742430686962 0.42524318397045141 -0.42763158679008478 1.0000000180025095e-35 0.73261612653732311 -0.21751539409160611 0.075611963868141188 1.0000000180025095e-35 -0.59348425269126881 0.69348850846290599 1.0000000180025095e-35 2.7500000000000004 -0.62757200002670277 -0.20394737273454663 -0.54385331273078907 -2.065882563591003 -1.0000000180025095e-35 -0.30236525833606714 3.4144737720489506 -0.69284561276435841 0.96939319372177135 0.60239943861961376 1.0925393104553225 -0.51724717020988453 6.3308494091033944 -0.17293875664472577 1.0000000180025095e-35 0.12488418444991113 -0.085978217422962175 -0.54115223884582508 -0.7697368562221526 0.69973218441009533 -1.0000000180025095e-35 0.70987653732299816 -0.19253527373075482 0.45021080970764166 -0.45394736528396601 0.70609092712402355 1.0009957551956179 0.04542397893965245 -0.26490327715873713 0.16255144029855731 0.043209876865148551 0.11238473653793336 0.40265952050685888 -0.59589663147926319 -0.70451995730400074 -0.17334371060132978 1.0030285716056826 0.41778646409511572 -0.56174489855766285 1.0000000180025095e-35 0.038631947711110122 -0.65411821007728566 -1.4045948982238767 0.51365873217582714 1.4934210777282717 2.2133353948593144 -0.63262346386909474 -0.56174489855766285 -3.3282873630523677 0.86625516414642345 -0.56174489855766285 0.3737796843051911 -0.23026315867900846 -0.25657895207405085 0.37663231790065771 -0.2150558605790138 0.92511859536170971 1.0000000180025095e-35 0.24672731757164004 0.20186791568994525 -0.7085718810558318 0.65590819716453563 -1.0000000180025095e-35 -0.2855739146471023 -0.6389540135860442
decision_type=2 2 2 2 2 2 2 2 2 2 2 2 2 2 2 2 2 2 2 2 2 2 2 2 2 2 2 2 2 2 2 2 2 2 2 2 2 2 2 2 2 2 2 2 2 2 2 2 2 2 2 2 2 2 2 2 2 2 2 2 2 2 2 2 2 2 2 2 2 2 2 2 2 2 2 2 2 2 2 2 2 2 2 2 2 2 2 2 2 2 2 2 2 2 2 2 2 2 2 2 2 2 2 2 2 2 2 2 2 2 2 2 2 2 2 2 2 2 2 2 2 2 2 2 2 2
left_child=1 -1 7 15 8 6 20 -2 -5 -8 56 12 64 32 55 23 25 18 -18 -20 -4 -22 69 110 51 29 -27 28 74 30 -17 104 36 34 35 83 38 -37 40 76 44 -42 58 45 -13 -12 63 -15 86 -31 -51 85 53 78 -55 99 93 -32 -35 -60 -58 -56 -41 -47 -10 -26 89 105 -68 70 97 -72 -70 -69 -28 -59 -40 -50 79 -29 82 -82 -76 -34 91 -25 -44 -36 -89 -67 -91 92 -65 94 95 -9 -96 -23 -49 -11 102 -102 120 118 -21 -7 107 -107 -109 -53 116 114 -113 -114 115 -112 -3 -118 -104 -80 121 -101 124 -124 125 -66
right_child=2 3 5 4 -6 67 9 10 11 14 43 13 -14 47 -16 16 17 -19 19 31 21 22 -24 24 65 26 27 52 -30 49 57 -33 33 42 87 37 -38 -39 39 62 41 -43 48 -45 -46 46 -48 98 77 50 -52 109 -54 54 61 -57 60 75 59 -61 -62 -63 -64 84 122 66 68 73 72 -71 71 -73 -74 -75 80 -77 -78 -79 119 -81 81 -83 -84 -85 -86 -87 -88 88 -90 90 -92 -93 -94 -95 96 -97 -98 -99 -100 100 101 -103 103 -105 -106 106 -108 108 -110 -111 111 112 113 -115 -116 -117 117 -119 -120 -121 -122 -123 123 -125 -126 -127
leaf_value=0.032115330370686875 0.034034170330821727 -0.017686797773273012 0.033588320941270865 0.035086637469926588 0.028788212834844777 0.033483094117251228 0.03116003467422368 0.045637922695244526 0.026471249208118209 -0.014068980790504093 0.033134050231741465 -0.021944721634187467 0.026954534621164608 0.026179994788903135 0.026994212306189563 -0.022149402807556364 0.059279357530204059 -0.018530834773784529 -0.01886213907880822 0.076068354076083228 0.032264238233447727 -0.017657922180093863 0.028106411330299449 0.030982019795700727 -0.018210509335069177 -0.021131359180661315 -0.022238305413925987 0.070565297342242386 -0.01990125623358787 -0.020573042412726533 -0.016562516915455971 -0.014972588349078044 0.014208044790411593 -0.018963500072868941 -0.018977387589604149 0.0093770094069446103 -0.016485884144894342 0.055039874311361973 0.020398245553428108 0.017334510003538205 -0.0078938562030326492 0.0034077397929403331 -0.015452603295803641 0.032502273474428238 0.016577738085847945 0.017961086403444595 0.026786510926678157 -0.017047377349360085 0.04226019805923438 -0.023082650952934523 0.03170727904623271 -0.023052821890249989 -0.017592285343995078 0.049991154385803621 0.053956304371656688 -0.017040227506041273 -0.011223378430516882 0.036720191518224671 0.012226016098608287 -0.020648911266533721 0.016913615503058185 -0.022776049383078947 -0.016688631872467271 -0.012433597753773075 0.048591700316136723 -0.018786263590229921 -0.022705591140693367 -0.024583309356549617 -0.022735539408138963 0.034875930240917154 -0.016277511508036219 0.032823121812846703 0.022074250809659274 0.031711651935219722 0.02372810942624113 -0.0070334316909441462 0.063362276592957859 -0.0011516302440517461 -0.02074054500900532 -0.02313854373669421 0.027050992408868359 -0.01832045903370403 0.050556181585839542 -0.011637883861499349 -0.026480838717641616 0.094648180251888384 0.036260601895229637 0.036791440286429784 -0.017828755858813741 -0.003262184861119032 0.05876937438439736 -0.0096934255455045013 0.020642480665686559 -0.0065848816964367311 0.03156384975156408 -0.023252748349633919 0.0060865385900678651 0.039296183591163492 0.01515178036681677 0.053665516446139545 -0.007653792348691236 0.038840000146385938 0.014569724405212406 -0.019221561544146743 0.031932299894166648 -0.020377550666664527 0.032539584552232721 -0.02597076864163363 0.023771841399499782 0.015971906545834521 0.03461606920081739 -0.020972206478655657 0.09181852725765681 -0.02210156531131803 -0.01282737289732482 -0.024528315847329247 -0.010595108699564282 0.040070190717745584 0.070699866166347061 0.030737794309786595 0.051282932208419896 -0.0087608151076532647 0.034628320003567366 -0.019828046773865488 -0.017724630546689192 -0.0020353867175832633
leaf_weight=1022.2469655647874 268.52282880246639 1293.1257433146238 1650.7775761187077 70.604657888412476 178.20251632481813 12138.044773742557 118.66067841649055 4.7896365746855762 26.084217727184296 49.986193053424358 77.644536927342415 163.26153514534235 169.00130990147591 89.67527113109827 62.707475662231445 47.345650315284729 39.154314443469048 78.008924476802349 35.801653780043125 11.597270429134367 320.70577415823936 81.126760110259056 141.15804520249367 13.698174782097341 172.74129542708397 140.89880708605051 9.4902517274022085 8.1873134672641772 43.938982479274273 441.80889099091291 18.299458473920822 13.874319970607756 43.957008875906467 533.26816643029451 148.03537923842669 35.763478994369507 183.51229775696993 45.894954636693001 17.203246489167213 35.033048063516617 506.96371442824602 1159.1181514635682 61.958880700170994 135.31302858889103 25.114091426134109 99.014999866485596 91.165081277489662 35.384120047092438 24.932368539273739 27.839927554130554 27.362777531147003 13.094498068094252 113.49378899484873 24.937909677624702 5.8433769196271923 96.894541725516319 170.35526715219021 46.31343436986208 73.27328784018755 69.291805610060692 39.431246131658554 14.35627770423889 52.483586966991425 23.35256090015173 9.0739463269710523 139.37713342905045 16.652433879673481 12.895252376794817 11.938870683312414 15.587371498346327 16.263281762599945 25.143212877213955 88.620827406644821 13.179030328989027 86.378495261073112 13.901301085948942 30.624383129179478 18.818350724875927 59.55578751116991 8.4990152567625028 23.613996140658855 18.847688920795918 37.935168363153934 72.115888513624668 24.832228861749172 6.6250997856259337 7.5976099818944922 16.845813229680061 23.783062756061554 26.735198006033897 5.4961184784770003 65.14203680306673 64.132797174155712 43.489698089659214 69.782308511435986 18.93325386941433 46.33809644728899 5.652007818222045 30.153667010366917 7.6790696680545834 119.39165126532316 15.030852906405924 31.923237301409245 24.37160612642765 30.551516897976398 41.063769593834877 972.78398471325636 8.9074308872222883 74.872271992266178 47.298954926431179 35.726787261664867 103.09704507887363 3.8928432986140251 3.827605888247489 20.470179438591003 6.7446166947484008 279.68616413325071 7.923432581126689 5.7431981414556494 6.2952515184879294 21.414193272590637 13.592016927897928 28.922416172921658 22.603438071906567 112.49782609939575 93.865718245506287
leaf_count=973 201 15588 1250 51 283 9261 108 16 86 501 122 1656 511 224 114 561 70 781 426 25 301 736 244 59 2013 1783 107 12 485 5348 183 128 265 5657 1399 195 1780 104 83 183 4420 8450 598 153 153 285 190 341 41 273 78 129 1239 42 31 940 1374 108 532 756 183 146 497 136 24 1685 174 98 127 12 139 60 480 12 392 110 77 124 647 85 111 143 106 564 152 11 45 95 234 251 27 354 182 304 162 164 224 4 167 9 877 38 134 209 57 318 828 65 141 294 89 1241 7 46 183 63 3096 28 8 43 18 98 83 171 1016 679
internal_value=0 -0.000567929 0.0308087 -0.0047727 -0.000147457 0.0318945 0.0262607 0.0167488 -0.00142483 0.00793055 0.011982 -0.00207481 0.00877628 -0.00350564 0.00178788 -0.00999798 -0.00556941 0.00885317 0.0251626 0.0106152 0.0308699 0.0234605 0.0135514 -0.0127632 -0.00500952 -0.00802965 -0.00203263 0.00379993 0.0144205 -0.0138283 0.00199509 0.0294527 -0.00432548 -0.00873171 8.56852e-05 0.0133852 -0.00194216 0.0350412 -0.00060085 0.0149452 -0.00173545 -3.11663e-05 -0.0130491 0.018835 -0.0168089 0.0146818 0.0107847 0.0141829 0.00308933 -0.0178353 0.00407552 0.018646 -0.00589738 0.00449854 0.0273604 -0.00230673 0.00186092 0.0165547 -0.0157548 -0.00375239 -0.00593478 -0.000578835 -0.00306911 0.00550826 -0.00170717 -0.00914633 -0.00372511 0.0330941 0.0111481 -0.000739018 -0.00506981 0.0135378 0.0167542 0.00387051 0.0229761 0.0266191 0.0479084 0.0235876 -0.00800403 0.0228382 0.025549 0.00691173 0.0319149 -0.00184999 -0.0014399 0.0517363 -0.009804 -0.013853 0.00481823 -0.0138839 0.0073155 0.00263422 0.0118134 0.0107815 0.0161822 -0.00934377 0.0213971 -0.0139484 -0.00223268 0.0026308 0.00612138 -0.00245495 0.0171299 0.00649111 0.0440764 0.0331517 0.029487 0.00570106 0.0184832 0.00751057 -0.0151597 -0.0062191 -0.0170491 0.0353398 0.0128486 0.0252237 -0.0161425 -0.00919932 0.0231282 -0.0158193 0.0325922 0.0137757 -0.0044604 0.0107393 -0.0080957 0.0024273
internal_weight=0 8968.07 17327.8 7945.82 4214.92 16085.6 2823.81 1242.24 4036.72 567.395 973.717 3966.11 462.049 3504.06 448.734 3730.9 1434.13 208.988 130.979 91.8248 2256.41 605.636 284.931 2296.77 542.279 1225.14 602.272 461.373 220.205 622.871 125.86 56.0231 3348.85 1175.54 386.396 197.731 2173.31 81.6584 1989.8 135.344 1854.46 1666.08 789.14 580.597 188.376 445.284 367.64 155.213 113.307 497.012 55.2027 80.7167 241.169 127.675 45.1376 386.027 393.12 78.5142 675.833 142.565 209.787 20.1997 87.5166 276.475 293.048 461.562 288.821 13261.7 117.212 143.773 128.185 41.4065 100.56 26.0743 176.266 60.2147 47.8276 43.7507 82.5374 16.6863 166.775 42.4617 124.314 116.073 177.46 20.3233 69.5565 188.664 40.6289 171.608 32.2313 152.627 87.4854 183.333 139.843 23.7229 116.12 86.7788 65.5378 289.132 239.146 134.423 104.723 62.038 42.1488 13235.7 1097.63 124.843 83.7797 60.3935 1754.49 173.759 110.817 7.72045 62.9416 42.4714 1580.74 287.61 37.6664 65.851 42.6853 21.2711 266.963 51.5259 215.437 102.94
internal_count=92353 71628 20725 70655 31544 16523 5800 4202 31261 3054 4001 31210 2570 28640 2946 39111 13520 1487 706 636 2746 1496 1195 25591 5250 12033 5372 3589 1344 6661 962 210 27908 10609 2856 1128 17299 299 15519 840 14679 12870 7753 1574 1809 1421 1299 732 808 5699 351 493 2245 1006 219 2832 2427 401 6945 1288 1557 177 680 1109 2059 4757 2744 10723 781 951 939 199 607 110 859 218 160 165 787 97 752 254 498 829 824 70 643 1728 329 1963 278 672 318 870 566 180 386 740 508 1892 1391 915 476 351 82 10613 1352 524 206 423 20341 1629 1294 53 335 152 18712 3124 142 690 125 107 1973 254 1719 703
is_linear=0
shrinkage=0.02


Tree=37
num_leaves=127
num_cat=0
split_feature=13 15 15 13 1 15 16 7 0 9 6 10 8 8 8 8 10 0 0 10 10 0 1 0 8 2 8 8 1 13 10 9 10 9 8 9 2 12 12 8 16 12 1 16 15 1 9 10 10 8 12 12 9 1 7 10 12 0 8 8 10 0 0 12 1 1 9 10 10 9 7 8 1 8 10 16 8 0 2 9 0 1 6 10 2 2 13 4 2 9 8 15 10 8 13 8 16 9 0 3 0 2 7 8 2 7 16 9 9 8 12 8 8 2 1 16 2 12 8 15 13 1 10 8 2 0
split_gain=12775.5 2132.04 1334.85 1787.14 884.693 399.925 275.826 268.184 129.187 157.804 242.936 228.493 152.475 150.507 281.051 141.405 342.159 212.054 133.401 146.414 162.186 132.481 121.776 121.224 116.078 130.644 135.087 132.883 105.49 112.629 99.8186 221.564 203.211 178.117 199.443 115.419 99.4291 98.0689 163.303 99.6975 94.0449 92.9808 92.1113 89.9551 87.7348 83.4107 82.5715 82.373 107.576 76.1848 74.8286 74.2428 72.6522 67.0343 79.8268 64.7871 63.8312 62.7707 59.4703 77.416 116.614 137.919 100.783 59.4223 59.367 57.8696 57.4157 56.7907 94.134 60.1983 56.5915 81.9402 85.0242 52.9349 53.7232 51.7601 51.0537 49.8686 49.0598 48.1981 50.9324 45.375 42.9903 41.9285 76.7997 52.8369 41.8189 40.3276 101.953 40.0088 100.05 39.5712 39.2151 38.1711 37.5326 42.1682 35.0501 34.544 33.5902 33.0574 32.6914 36.0984 32.2878 31.9615 31.7216 31.3506 72.7226 92.7903 54.066 38.116 32.2492 30.9123 38.9264 46.7836 32.1336 30.4629 30.3297 30.2499 29.0552 28.7269 38.2022 30.4173 28.2365 28.1149 27.8891 36.6133
threshold=0.52676329016685497 -0.72607553005218495 -1.3535210490226743 1.8404935598373415 0.48026315867900854 1.1461044549942019 0.8659237027168275 1.0030285716056826 1.6448457241058352 0.066093422472476973 2.7500000000000004 -0.38873952627182001 0.63211616873741161 -0.63488757610321034 -0.583143651485443 -0.54975369572639454 -0.38873952627182001 -0.043219527229666703 -0.0026782599743455644 1.0000000180025095e-35 0.38873952627182012 -0.27722449600696558 -0.42763158679008478 -0.0059995211195200673 -0.20866852253675458 0.47530864179134374 0.62786883115768444 -0.032455573789775365 1.5197368264198305 2.8397936820983891 -1.0000000180025095e-35 -0.49782308936119074 -0.56174489855766285 -0.55882722139358509 0.14884946495294574 0.029238574206829075 -1.9814814925193784 -0.33382290601730341 -0.6656709313392638 0.38725660741329199 0.72195822000503551 2.9990732669830327 0.046052630990743644 -0.020464071072638031 -0.28256034851074213 -0.55921050906181324 0.70536598563194286 -0.38873952627182001 0.38873952627182012 -0.60823029279708851 -33.372810363769524 17.352477073669437 0.67151021957397472 1.388157904148102 -1.2634940743446348 -1.0000000180025095e-35 -2.3294571638107295 -0.094324819743633256 -0.67054775357246388 -0.59348425269126881 -1.0000000180025095e-35 0.067778520286083235 0.12678451091051104 -35.29771423339843 -0.57236841320991505 0.28289473056793218 0.70468106865882885 -1.0000000180025095e-35 1.0000000180025095e-35 -0.32716019451618189 0.3000380694866181 -0.31204251945018763 0.51973685622215282 0.41778646409511572 0.56174489855766307 0.0063705460634082564 0.21162152290344241 -0.030076130293309685 0.36831274628639227 -0.53551799058914173 1.8471097946166994 0.79605263471603405 0.25000000745058065 0.38873952627182012 0.52057611942291271 0.32716050744056707 -0.21030502021312711 1.0000000180025095e-35 -1.1543210148811338 0.69614508748054515 0.094030573964118971 0.094949580729007735 -0.56174489855766285 -0.583143651485443 0.092717286199331297 -0.66103035211563099 0.88640671968460094 -0.36734551191329951 0.69177234172821056 1.7941176295280459 -0.25331237912178034 -0.94855967164039601 0.3376764059066773 -0.26116059720516199 0.95267492532730114 1.7475492358207705 0.83417975902557384 0.45235085487365728 -0.66142448782920826 0.67444664239883434 22.681198120117191 0.67154169082641613 0.61448436975479137 -1.4012345671653745 1.6513158082962038 1.0067077875137331 -0.4218106865882873 -102.0640411376953 -0.69815525412559498 -0.90078088641166676 1.3669269084930422 0.33552631735801702 0.56174489855766307 0.63625517487525951 -0.78806585073471058 0.31364615261554724
decision_type=2 2 2 2 2 2 2 2 2 2 2 2 2 2 2 2 2 2 2 2 2 2 2 2 2 2 2 2 2 2 2 2 2 2 2 2 2 2 2 2 2 2 2 2 2 2 2 2 2 2 2 2 2 2 2 2 2 2 2 2 2 2 2 2 2 2 2 2 2 2 2 2 2 2 2 2 2 2 2 2 2 2 2 2 2 2 2 2 2 2 2 2 2 2 2 2 2 2 2 2 2 2 2 2 2 2 2 2 2 2 2 2 2 2 2 2 2 2 2 2 2 2 2 2 2 2
left_child=1 41 -2 4 42 8 7 37 9 13 15 -12 52 -3 22 18 17 24 19 -11 49 -16 -15 55 -17 26 -26 -27 105 40 32 87 35 34 -34 -23 -18 38 53 58 -30 -1 99 47 119 -33 50 -20 65 57 123 -22 70 54 56 97 93 -21 124 67 61 -61 -62 -47 94 -49 77 69 -69 -60 -13 72 -72 -10 79 86 -52 -56 -35 80 -75 -25 117 85 -85 -57 -48 104 -89 -84 -91 -50 98 -6 95 -7 -83 -24 -31 -4 -43 -102 -99 -73 -32 106 107 108 -5 110 -110 112 114 -114 -76 -115 -112 -19 -45 121 -121 -44 -97 -38 125 -39
right_child=2 5 3 28 6 64 -8 -9 73 10 11 12 -14 14 21 16 36 82 43 20 51 30 23 81 25 27 -28 -29 29 92 31 45 33 78 -36 -37 46 39 -40 -41 -42 100 44 118 -46 63 75 48 91 -51 76 -53 -54 -55 66 83 -58 -59 59 60 62 -63 -64 -65 -66 -67 -68 68 -70 -71 71 103 -74 74 111 -77 -78 -79 -80 -81 -82 96 89 84 -86 -87 -88 88 -90 90 -92 -93 -94 -95 -96 122 -98 102 -100 -101 101 -103 -104 -105 -106 -107 -108 -109 109 -111 116 -113 113 115 -116 -117 -118 -119 -120 120 -122 -123 -124 -125 -126 -127
leaf_value=0.032966327603290914 0.033112738375644407 -0.018723329316525757 0.029689282504821685 -0.023337274822552469 0.03508515675908197 0.023966907325379511 0.028146301261027296 0.034837440635585512 -0.017967862520116739 -0.020960383981063334 -0.022186848092261267 0.038866900030570271 -0.018119690021019059 -0.022337151968066526 0.040531288447755012 -0.020160850072931821 0.035344673722052508 0.027690089576707981 -0.011398925182796784 -0.022914502307026702 -0.019814704955805583 -0.021619436256304039 -0.023689577964840385 -0.019428055122903774 0.027672351262332882 0.032708419386010504 -0.023536550099210959 -0.0040046450161025952 -0.0077285702453148497 0.040076539413832324 -0.020768211781625478 -0.017410966175200646 -0.0006980519165313405 -0.0042455058823827616 0.027284078900065515 0.026548644591050882 0.0024086294301510717 0.064234246690269114 0.063082419196016162 -0.015378022869849264 0.030180705257290951 0.040541935265067108 0.0032854607383022549 0.025367159847183084 0.029580301866802459 0.027343934280745583 -0.012146847622129952 0.014754719757910466 0.016788537031433112 0.049972948996845012 -0.0098325932948294843 0.050950453662458442 -0.023341378658616425 -0.0098083737327153385 0.018391317058758173 0.060349827834392952 0.04923072286035568 0.036008010908659752 0.022537583282414266 0.014317201969868337 -0.01859899366390488 -0.013052279167432306 0.0075177805154318959 -0.0010895421806110122 0.034435653861524161 0.044628138231714028 0.043931107585361867 0.044804687112543699 0.0051710409140246901 -0.020149328849990957 -0.0017852878197055565 0.065004276266539068 0.034912278052590132 0.058064532390487256 -0.022873702497554223 -0.023264777838333011 -0.017503375979281116 -0.0039224519788017553 -0.020549710457477041 -0.016365459055363997 -0.021958489657306315 -0.0041552213801366927 -0.0070744491515684314 -0.011573061188258002 0.042349078224450144 0.021898601396235614 0.035070718947854636 0.068116710880150505 -0.01546010528182311 -0.022870657866592807 0.09728437738144248 -0.018894900812833019 0.030079505458863873 -0.0040193786043477295 0.036080003632682496 -0.019273788265729334 0.068600788598870532 0.0059433235686933298 -0.019817904474390913 0.0058564235621149253 0.030596564759722861 -0.013505058834212672 0.06383316007543631 0.028959478998934772 -0.0016914620036410652 0.033582709237498044 0.03299397000368319 0.03264010381211379 0.023341788651556637 -0.018134679854228581 0.016408497076947155 -0.023791475130218766 0.073665071354006142 -0.011141210795979236 0.055231204452514837 0.045499225510968182 -0.017746056862363409 -0.019737133100098881 -0.014620284302043228 -0.0077443282456466532 0.021930337789477387 0.027424063579805022 0.033095613267245964 0.036690563215700994 -0.01866057954023383 -0.022888287538073135
leaf_weight=683.80159953981638 11592.416359379888 437.84704441577196 705.09755878895521 15.018261671066282 16.112304747104645 22.445762395858765 148.4435191527009 82.937646508216858 439.9290125221014 116.62921148538589 64.971689514815807 85.119226671755314 40.480180129408836 28.909462213516235 22.335509419441223 43.208627857267857 18.027288675308228 5.5866985470056525 26.132972858846188 14.239150971174242 58.827795282006264 270.7126694843173 10.820969998836519 32.37948314845562 250.96162700653076 49.350245378911495 22.448680892586708 196.28955385088921 78.799003563821316 5.4670781642198589 724.33335041254759 127.79776216298342 262.56448303163052 260.25406528264284 166.49278926849365 21.477120108902454 40.360737979412079 3.8710022047162047 19.0562384724617 285.3215758651495 39.196738101541996 8.3375433683395368 41.414526492357254 8.7649029046297056 110.35372596979141 31.367996715009212 9.9321594983339292 35.927806004881859 30.190226905047894 38.453752733767033 688.63317551463842 6.5951199606060973 12.980797529220579 115.714375205338 50.22963809967041 44.624293781816959 29.338075742125511 14.695781640708445 21.777238853275776 221.976667560637 228.51064817607403 110.21148125827312 79.722720846533775 468.64892689138651 105.16826368868351 93.288098126649857 12.862240597605703 41.59350173920393 56.57519006729126 33.608585052192211 88.236331045627594 10.982448719441889 35.379835985600948 7.5761335864663106 10.061777666211126 12.330394171178339 699.70600102096796 197.9326349645853 103.05368962138891 101.13343311846256 5.4845871776342392 5.9900712668895704 28.647027671337128 16.410131312906742 29.664094209671021 21.032097116112709 30.674829602241516 7.3819308131933203 27.919875182211399 5.5017921626567823 5.5868873819708824 21.132320113480091 262.91385941952467 26.255290180444717 17.998795986175537 28.066646710038185 4.7479048743844032 15.343097753822805 11.893345132470129 24.074529610574245 9.7666093707084638 30.951748192310333 5.1465290114283553 94.607065051794052 36.62952421605587 2158.6168782711029 804.45526038855314 188.24336744099855 133.41648045182228 12.18832992017269 27.900297500193119 7.1174773275852194 8.7338873744010943 8.0423883125185949 2.665077105164527 7.1972617730498305 16.580339729785919 144.93226571381092 42.56898857653141 72.263716548681259 22.837114326655865 42.116249918937683 4.826486147940158 12.542680278420447 99.23725201189518 3.8469401076436043
leaf_count=746 8766 4766 1065 84 40 48 291 60 4713 1228 787 193 387 333 16 451 13 20 245 146 556 3059 100 316 941 138 182 1242 471 7 8363 1420 2355 2344 1039 70 318 17 16 2826 51 6 194 46 229 127 91 201 142 67 6788 6 114 922 246 123 52 64 89 1229 2172 947 492 4121 100 264 40 94 322 319 573 17 104 13 104 117 7838 1519 1061 1089 68 55 258 115 79 96 122 29 289 53 10 180 338 154 13 210 9 109 76 125 17 254 20 248 347 1579 692 233 235 87 70 67 12 81 3 9 86 1555 346 540 71 115 7 32 950 38
internal_value=0 -0.00143341 0.0290136 0.0218764 0.0100928 -0.00475663 0.0019791 -0.000257537 -0.00551188 -0.00467989 -0.00154697 0.0123895 0.0184977 -0.0078335 -0.00609715 -0.00372258 -0.00586073 0.00515935 0.00581998 -0.00460908 0.0097499 -0.0079623 0.0158523 0.021783 0.0113352 0.0139571 0.0234678 0.00337119 0.0309881 0.0212562 -0.00839406 -0.0118756 -0.00382257 0.00143455 0.0101602 -0.0180789 -0.0113446 -0.00201759 0.00574055 -0.00507506 0.00486443 0.0310582 0.0251154 0.0159028 0.0155598 -0.00299128 -0.0119079 0.0217884 0.0265923 0.0315265 -0.012809 -0.012681 0.0230264 0.00330386 0.00786393 0.0306439 0.0265545 0.00701169 -0.00181216 7.38006e-05 -0.00298422 0.00523671 -0.011844 0.0006942 0.0248041 0.036322 0.00272948 0.0128277 0.0219636 -0.0033652 0.0249413 0.0197698 0.00871782 -0.0144015 -0.00447221 0.012624 -0.0136986 0.000593998 -0.00887026 -0.0116961 0.0244605 -0.00761294 -0.0130921 0.0377692 0.0231438 0.0480325 0.0235217 -0.0188805 0.00201657 0.00541139 0.0376679 0.0020957 0.0281571 0.010852 0.0109921 0.00283237 0.0280146 0.00521753 -0.000956175 0.0289024 0.00446103 -0.00292695 0.0204839 0.0327085 -0.0198499 0.0321429 0.029548 0.0225005 0.0131944 0.0160807 0.018425 0.014354 0.0217517 0.0367593 -0.00651808 0.0156085 0.00367725 -0.0179768 -0.00779271 0.00689831 -0.000618379 0.0154562 -0.0115895 0.0105364 -0.0158124 0.0208088
internal_weight=0 7898.11 18250.4 6657.98 2903.29 7165.26 1885.13 1736.69 6986.75 6388.81 3204.92 432.758 367.786 3183.88 2746.04 2772.17 2264.72 752.513 507.446 249.441 132.812 2530.97 215.068 186.159 562.259 519.05 273.41 245.64 3754.69 398.27 2508.63 1424.08 1084.55 792.365 429.057 292.19 1512.21 1653.75 467.501 1186.25 117.996 732.858 1018.16 258.005 288.985 627.815 1494.18 206.671 180.538 67.3887 1441.24 65.4229 327.306 448.445 332.73 143.041 71.7057 28.9349 900.931 793.976 640.422 332.188 308.233 500.017 178.506 129.216 261.025 153.555 98.1687 55.3858 314.325 229.206 123.616 597.941 158.012 52.9374 1388.34 248.162 363.308 114.194 13.0607 43.1175 190.255 111.731 46.0742 65.6564 40.607 796.265 35.3018 39.7357 11.0887 51.3225 280.274 42.3676 73.3377 55.3389 10.738 31.3106 17.3604 729.172 49.0559 40.7184 20.4896 105.59 760.963 3356.42 1197.8 393.347 205.104 190.085 177.897 43.8179 36.7004 23.9735 12.7269 15.2397 44.4806 150.519 51.3339 178.632 95.1008 83.5308 32.8931 52.9034 106.955 7.71794
internal_count=92353 64404 27949 19183 15174 63381 12835 12544 63003 56844 26083 2423 1636 30761 25995 23660 20169 4850 3491 2067 839 24640 1355 1022 2954 2503 1123 1380 4009 943 24624 14696 9928 6799 3394 3129 15319 12484 2989 9495 522 1023 2339 1424 1149 5668 15306 1032 787 277 14976 562 1249 2973 2051 642 246 210 6669 5664 4840 2176 2664 4248 378 465 1805 824 416 408 1135 942 677 6159 1446 330 14626 1765 3405 1170 81 380 1896 413 194 219 213 9028 318 321 63 322 421 194 278 265 64 229 83 1190 277 271 129 265 8710 3066 1487 795 562 478 391 276 209 102 107 90 156 1575 392 920 611 309 217 350 1005 55
is_linear=0
shrinkage=0.02


Tree=38
num_leaves=127
num_cat=0
split_feature=14 15 13 14 15 15 14 1 15 6 15 7 14 16 1 9 11 16 0 15 10 3 8 3 10 1 9 8 15 15 9 8 7 9 10 14 9 15 1 0 15 1 0 8 16 10 11 16 0 16 8 0 0 11 9 8 1 1 6 9 13 10 15 8 15 0 10 3 0 14 10 1 11 10 15 1 0 11 9 0 16 7 1 13 14 16 16 15 15 8 8 8 9 8 1 10 1 9 9 10 10 8 8 10 16 8 10 9 11 9 0 8 16 3 7 8 9 8 15 8 9 11 8 3 8 10
split_gain=13626.4 2872.97 620.931 459.261 362.481 260.881 596.922 435.489 238.243 219.504 196.08 243.25 160.015 142.242 124.192 109.129 161.674 140.111 120.515 111.177 151.018 101.302 93.6822 117.956 108.078 169.717 146.432 95.4082 98.9888 89.6675 99.0385 85.4166 85.1106 84.5714 80.222 80.0932 107.24 121.458 79.7459 79.4698 76.6325 71.8957 71.1521 69.9869 90.4879 86.939 69.9107 84.8077 69.1754 68.6492 68.0237 67.9524 75.2574 68.7992 64.9692 64.6292 64.3684 61.9659 59.7556 58.8082 55.6267 55.0335 54.7183 54.6693 57.7889 85.8483 55.1312 53.5059 52.4273 52.3739 51.9034 49.9688 75.7951 48.2188 58.9945 50.6901 47.6904 75.0362 47.3428 46.5574 62.0519 46.3272 44.8639 68.0944 44.8184 76.1193 89.6583 43.4967 70.8699 43.4624 42.3215 42.3202 42.2823 62.0347 61.63 42.1554 41.6328 41.6044 247.185 77.1452 113.785 142.906 104.281 79.5715 52.5648 40.9084 87.158 76.4956 58.1585 102.562 99.8851 40.3104 40.2862 49.1231 39.9695 39.9659 62.6518 42.0805 39.318 38.4417 56.8978 46.2022 37.4527 37.0524 37.3035 48.3648
threshold=0.7761511802673341 -1.2494890093803404 0.52676329016685497 -0.12468271329998969 0.96496084332466137 -1.4755534529685972 2.1615140438079838 0.62105265259742748 -0.85678535699844349 1.5833333134651186 -0.85688525438308705 -0.79870587587356556 1.4280212521553042 1.0357957482337954 2.1513158082962041 0.64519405364990245 -0.22252093255519872 0.89963558316230785 -0.27722449600696558 0.18118525296449664 0.38873952627182012 2.1470588445663457 0.220456138253212 1.4411764740943911 -0.38873952627182001 -1.0000000180025095e-35 0.3298847377300263 0.53986790776252758 -0.56259083747863758 0.34884305298328405 -0.13613965362310407 -0.70553851127624501 -0.56025648117065419 0.010774772614240648 -0.56174489855766285 0.4423926323652268 -0.68982908129692067 -0.59574958682060231 -1.0000000180025095e-35 -0.26138153672218317 0.63922914862632763 -0.42763158679008478 0.19687808305025103 0.59516832232475292 0.88640671968460094 1.0000000180025095e-35 1.0000000180025095e-35 0.73261612653732311 -0.23982895165681836 0.83417975902557384 0.19384504109621051 1.213112533092499 1.1725872159004214 1.0000000180025095e-35 0.27993273735046392 -0.21751539409160611 1.0000000180025095e-35 1.4407894611358645 2.7500000000000004 -0.58580270409584034 -0.39744623005390162 -0.38873952627182001 0.37009453773498541 0.55747419595718395 -0.8241400122642516 0.37736880779266363 -0.38873952627182001 1.5588235259056094 1.722504258155823 -0.44532410800456995 -0.38873952627182001 2.3881578445434575 1.0000000180025095e-35 0.56174489855766307 0.42824673652648931 -0.34868420660495753 -0.03773903846740722 1.0000000180025095e-35 0.51915895938873302 -0.26138153672218317 -0.19253527373075482 -0.10224278271198271 0.085526313632726683 0.93164139986038219 0.04542397893965245 0.62153810262680065 0.7420414686203004 -0.88951486349105824 -0.90078088641166676 -0.17293875664472577 -0.69284561276435841 0.24672731757164004 0.69973218441009533 -1.0000000180025095e-35 -0.24342105537652967 -0.56174489855766285 -0.45394736528396601 0.3460983037948609 0.47326071560382849 -0.56174489855766285 -0.38873952627182001 0.563153237104416 0.54583051800727855 1.0000000180025095e-35 0.88005742430686962 0.69706812500953685 -0.56174489855766285 0.047682337462902076 0.6784479320049287 -0.072221003472805009 -0.10780945792794226 0.43262706696987158 0.7420414686203004 -1.0000000180025095e-35 0.61818528175354015 -0.583143651485443 0.67428746819496166 -0.66103035211563099 -0.37050691246986384 -0.13066187500953672 0.66249006986618053 0.6784479320049287 0.63625517487525951 -0.17584410309791562 0.020095882005989555 1.0000000180025095e-35
decision_type=2 2 2 2 2 2 2 2 2 2 2 2 2 2 2 2 2 2 2 2 2 2 2 2 2 2 2 2 2 2 2 2 2 2 2 2 2 2 2 2 2 2 2 2 2 2 2 2 2 2 2 2 2 2 2 2 2 2 2 2 2 2 2 2 2 2 2 2 2 2 2 2 2 2 2 2 2 2 2 2 2 2 2 2 2 2 2 2 2 2 2 2 2 2 2 2 2 2 2 2 2 2 2 2 2 2 2 2 2 2 2 2 2 2 2 2 2 2 2 2 2 2 2 2 2 2
left_child=1 -1 8 15 10 -4 7 67 -2 32 11 42 56 22 -11 17 -17 18 -3 20 39 61 23 31 25 26 79 28 -28 41 73 -12 34 43 -9 36 70 -38 50 -18 59 96 76 -26 45 -45 47 48 60 -40 -37 52 -32 78 69 -49 115 63 -58 -14 -21 -15 -57 64 66 -66 -36 82 -60 -55 -33 -8 -73 -31 75 -75 77 -5 -53 -24 -81 -46 -7 112 85 -27 -87 88 -13 -41 -71 -50 -91 94 -94 -61 -19 105 99 -99 101 118 103 -102 -100 -20 107 -107 -108 110 -110 -80 113 -84 -35 117 123 -10 -101 120 121 -59 -23 124 -117 -126
right_child=2 3 5 4 -6 6 71 9 12 14 13 87 40 21 -16 16 19 29 97 46 -22 122 24 -25 33 84 27 -29 -30 30 51 35 -34 114 57 38 37 -39 49 89 -42 -43 -44 44 81 -47 -48 55 91 -51 -52 53 -54 54 -56 62 58 119 68 95 -62 -63 -64 -65 65 -67 -68 -69 -70 90 -72 72 -74 74 -76 -77 -78 -79 111 80 -82 -83 83 -85 -86 86 -88 -89 -90 92 -92 -93 93 -95 -96 -97 -98 98 104 100 102 -103 -104 -105 -106 106 108 -109 109 -111 -112 -113 -114 -115 -116 116 -118 -119 -120 -121 -122 -123 -124 -125 125 -127
leaf_value=0.031106279552053282 0.033095201964114557 0.034960635186168938 0.032823229972521822 0.02600047116082144 0.027813166747961419 0.032752173733821367 0.031974679382345744 -0.018997414957964955 0.0035550881110025002 0.031366303111959322 -0.02241402082039717 0.030530208240574747 -0.0072767352946580812 -0.023119075018463883 -0.013141629922194269 -0.021057765555002432 -0.023763011146136867 0.028082306054574641 -0.016710899581475706 -0.0075689101184444173 -0.019802517755796466 -0.019743217305631448 0.041675091876031377 -0.017466500100411311 -0.017314765729405983 -0.012136301239102268 0.063531168066120358 0.051686584987694725 -0.011207932879964274 -0.017769963472398852 -0.022499435920137503 0.0045040256472821038 0.036800259261830844 -0.020063390227643065 0.032603418236388668 0.00096592992070169352 0.017058549072071355 0.0016519487329595343 -0.016423369983605766 -0.022225867630009961 0.031582742280084702 0.0049108370851991753 0.023917767579869069 0.0095786344347072415 0.044188515876739699 -0.017793287963949897 -0.017427260973565256 0.047298206152130338 -0.02076824947171179 0.019531419594337861 0.051561803111440145 -0.020474944819455939 0.029016553034664494 -0.015502509162895431 -0.022752620122517848 0.048887770637255336 -0.011015282596300658 -0.013071370503177944 0.029877575863993262 -0.010601241361091541 0.074525983343634736 0.027036003860522042 -0.022569731756426254 -0.015950037141757873 -0.015248441860170438 0.025032574806736166 0.0095108044159007456 -0.0037656895645684814 -0.02258126532391469 -0.022441716479902923 -0.021417450104269591 -0.020372694129567118 0.025838766886199589 0.056071945227573326 -0.013116827099832798 -0.0038091071628943559 -0.010451679608078137 -0.015284138907824438 -0.02348046645767175 0.013414508339211735 -0.017848761895307211 0.0014564711867416271 0.021157806779985126 0.029575414663320036 -0.020029664821433819 0.082228081008326306 -0.022638671583670413 0.071048921727373746 -0.0022813466666058535 0.033915481762711343 0.035467258983199482 0.035907229919751614 0.065881083425997633 -0.017964048312714326 -0.0027470562037349377 0.018349301285927495 0.086362343644759532 -0.023125120223243246 -0.020177261293979072 0.042483620126461771 -0.014693405303108793 0.057816418628987114 -0.020059566097668485 0.024350935633453277 0.025544831034297492 -0.01756228492763913 -0.021981053607112496 0.032634600323310461 0.11631035509760977 -0.016066126148030522 -0.022112039361422635 0.045015067738964472 0.03236956142993519 -0.019937330523618756 0.019514912970903811 -0.023225469277902745 0.02646531099298121 0.038840096678159859 -0.022628007246567165 -0.02121248643527297 0.046448878524561109 0.017568382200197154 0.058787953955999485 -0.020560397826936305 0.030255322397907479 -0.01533040621950524
leaf_weight=1013.0873703733087 265.32022725045681 20.292876958847046 10598.425181508064 42.04058201611042 177.53403256088495 469.63918374478817 3701.7733830958605 82.517784059047699 22.747221186757088 172.36588355898857 66.722743816673756 163.15386667102575 45.099451951682568 9.4415654838085157 29.346886985003948 137.4572080373764 14.024014338850973 15.968888163566591 1537.7042293846607 6.5216511413455009 43.000553093850613 34.340205349028111 9.1153900772333127 170.97056060284376 133.64206533879042 41.136961303651333 9.6519915461540204 47.548392876982689 26.688521400094032 242.90019536018372 13.98948948830366 44.307288967072964 25.225833609700203 401.38315698504448 58.175296097993851 125.73061235249043 249.61085713654757 1137.0472143664956 253.01030340790749 7.198933318257331 134.84901943802834 65.600292772054672 39.05861609429121 86.578927725553513 25.621314205229282 100.05692593753338 110.98008607327938 25.477992221713066 62.674528412520885 23.188077293336391 11.610464870929716 84.337226010859013 59.957878291606903 13.430251680314539 18.739213615655899 6.1849148944020298 168.0294319242239 76.413908883929253 29.386339157819748 21.245941855013371 6.6863951683044416 119.6443587988615 13.964557655155657 36.259140193462372 67.083511769771576 30.917634159326553 143.01242869347334 20.068042241036892 10.288421638309954 5.6895693838596335 102.09861173480749 17.509218156337738 75.053364500403404 11.929825909435751 37.778785698115826 10.7500784099102 184.52569256722927 30.303011082112789 5.5898014754056922 42.136655852198601 63.915386319160461 16.804002776741982 18.809870675206184 134.18444233387709 130.50941997766495 8.5292204916477186 5.2800155133008948 8.6581979691982252 31.398356862366199 119.10891789197922 44.775930307805538 5.7539040595293036 10.929132096469404 17.528202027082443 10.044836379587649 379.19665840268135 7.0752524659037581 31.885511428117752 415.24963263422251 4.8227393776178387 28.918744973838329 37.026921920478344 57.539989367127419 75.096008196473122 10.307448573410509 18.793163992464542 108.12864817678928 34.319550216197968 5.7301019728183746 18.900802731513977 3.2781188040971774 8.9228181988000852 15.875169917941092 30.502377808094025 10.472737476229666 13.544873282313345 36.302637219429016 33.326763823628426 16.073265686631203 55.75264523178339 9.3114104047417623 26.517128378152847 2.6140954941511145 35.516334034502506 27.763383246958256 14.006161622703074
leaf_count=973 201 18 7916 133 283 387 3055 825 106 236 707 300 305 89 245 1783 121 64 18767 41 485 340 20 1696 1412 359 10 104 185 3001 156 319 28 4352 155 865 1328 8695 2462 82 153 475 134 687 42 1082 1239 42 701 150 31 822 173 123 200 27 1374 562 78 129 6 307 150 309 584 62 711 74 105 63 1062 115 118 37 436 95 1606 189 48 259 550 110 47 158 1292 24 53 9 226 442 158 39 16 131 67 987 11 321 5142 13 302 66 697 401 42 187 1361 83 28 219 38 13 14 260 68 116 76 60 179 537 24 101 4 279 116 117
internal_value=0 -0.00059161 0.0299499 -0.00467974 -0.000152265 0.0310119 0.0273873 0.0167155 0.0162989 0.0068003 -0.00139082 0.0103381 0.0117108 -0.00305902 0.0248909 -0.00984522 -0.00202505 -0.0113666 -0.0135742 0.00366134 0.01385 0.0150091 -0.00395632 -0.00151758 -0.00855219 0.000115753 0.0129411 0.03304 0.00864267 -0.00310116 -0.00606565 -0.00016321 0.00082977 -0.0128552 -0.000718773 0.00059947 0.00270648 0.00442527 -0.0072116 0.0219418 0.0183729 0.0155862 -0.00123168 -0.00581294 0.000897614 -0.00509567 -0.00582558 0.00429162 -0.00791417 -0.0134048 0.00524318 0.00311023 0.0192707 -0.00347447 0.00999368 0.0261302 0.00181952 0.00227722 -0.0058026 0.0143748 0.0339905 0.0233676 -0.00063573 0.00724276 0.0100535 -0.00254049 0.0161882 0.0284124 0.016274 0.0195974 -0.0135728 0.0316117 0.0170974 -0.0137919 0.00219063 0.0276888 -0.00505582 0.00870733 -0.0147334 -0.00169912 -0.00542722 0.027263 0.0293777 0.0214287 -0.0136502 0.00150253 0.0421319 0.0271868 0.0252348 0.0258309 0.0289385 -0.0160026 0.0280259 0.00980599 0.0330137 0.0168133 0.0459761 -0.0139839 -0.00978135 0.00594401 0.0101671 0.0342169 0.00154447 0.0134956 -0.0190698 -0.0156313 -0.00685437 0.0148732 -0.0153374 0.0104024 0.065938 0.0186328 0.00465906 -0.00426183 -0.019057 0.0104608 0.00425706 0.0245262 -0.00760043 -0.00763784 -0.000895088 -0.00517795 -0.014188 -0.00461899 0.00561669 0.0149695
internal_weight=0 8868.21 17131.4 7855.12 4186.08 15894.7 5296.31 1501.98 1236.62 812.899 4008.55 499.138 971.303 3509.41 201.713 3669.04 597.536 3071.5 2424.07 460.079 221.835 166.04 3343.37 2184.3 1159.07 384.512 199.056 83.8889 36.3405 647.435 558.791 2013.33 611.187 774.559 585.961 1946.6 1533.06 1386.66 413.539 178.834 580.391 88.6444 295.928 362.703 229.061 186.636 238.244 127.264 81.6365 276.198 137.341 255.432 73.9474 181.485 82.635 45.6275 390.912 503.443 207.704 445.542 13.208 129.086 20.1495 335.448 299.189 98.0011 201.188 689.079 39.6748 63.8958 146.406 3794.34 92.5626 303.359 60.4587 22.6799 256.869 72.3436 98.8498 115.167 106.052 42.4253 669.011 199.372 185.456 54.9462 13.8092 203.21 194.552 164.81 50.4655 68.4284 157.611 38.5022 20.974 400.443 23.0441 2403.77 676.92 251.363 219.478 57.9229 161.555 104.015 425.557 1726.85 189.15 53.1127 136.038 27.909 9.00822 14.5126 65.1874 49.3122 411.856 183.207 127.133 56.074 20.896 167.995 112.242 102.931 36.9543 90.8308 55.3144 41.7695
internal_count=92353 71628 20725 70655 31544 16523 8607 5319 4202 4379 31261 2597 4001 28664 481 39111 5372 33739 27864 3589 1344 740 27924 17315 10609 2856 1128 299 195 5875 5325 15619 3898 7753 3870 14912 11404 10023 3508 859 1574 550 2062 3333 1921 1769 2245 1006 787 2612 896 1756 329 1427 544 219 2427 3045 1557 1421 47 396 177 1821 1512 646 866 940 183 344 1381 3288 233 3569 568 132 1928 322 883 829 809 152 866 479 1728 436 77 535 526 738 221 740 656 214 83 1116 75 27846 7163 1979 1658 258 1400 703 5184 20683 1916 270 1646 285 66 61 321 307 4420 870 704 166 192 1224 687 663 344 628 349 233
is_linear=0
shrinkage=0.02


Tree=39
num_leaves=127
num_cat=0
split_feature=14 15 13 14 15 15 14 1 15 2 0 0 14 1 0 15 0 1 8 8 11 8 8 10 10 0 0 10 1 1 1 12 0 2 12 15 8 3 0 10 8 8 10 15 7 1 0 2 8 8 8 8 3 1 11 13 2 15 4 10 8 8 8 11 10 12 0 7 12 12 7 12 1 13 0 14 0 15 15 8 7 3 11 0 8 10 8 8 11 7 1 13 2 10 7 1 8 10 0 8 2 7 0 10 2 3 5 14 12 12 8 8 8 10 13 8 8 1 1 8 15 0 1 10 2 7
split_gain=13170.9 2773.94 610.675 447.077 348.532 257.138 581.005 420.838 232.54 218.856 204.499 156.994 153.497 152.387 98.9579 89.132 143.012 80.7906 98.944 279.153 174.012 124.426 141.751 170.879 151.691 115.728 115.012 112.654 80.3191 73.2458 93.2816 65.0403 56.4492 55.393 54.3337 60.9755 54.0679 52.4554 108.117 177.102 166.276 111.617 77.4698 88.6345 77.1837 93.4104 73.998 75.4178 71.784 75.6545 71.4251 64.9206 51.7597 48.9233 72.8757 48.5393 50.469 47.7782 47.7641 65.2127 49.2328 47.7236 191.465 97.4891 90.3335 46.496 45.9213 45.1882 44.9417 44.9102 44.8136 62.0097 43.6556 65.2667 43.5895 43.2957 47.1538 42.8266 42.7423 47.8478 42.2097 42.059 56.8307 38.9013 38.7815 59.0053 50.168 49.8417 37.3068 45.9342 97.2403 39.3647 37.0536 36.9792 36.3793 46.2981 36.7439 36.1251 47.697 35.4475 35.3987 35.0942 35.0088 34.8572 34.8279 34.7344 38.2826 34.3946 33.8751 35.0895 32.6203 32.0583 39.4166 31.9374 31.7757 31.3644 39.8153 31.3208 91.3852 31.0457 30.6675 30.6024 68.6734 30.8775 43.4831 48.5959
threshold=0.7761511802673341 -1.2494890093803404 0.52676329016685497 -0.12468271329998969 0.96496084332466137 -1.4755534529685972 2.1615140438079838 0.62105265259742748 -0.85678535699844349 -6.6604938507080069 0.37736880779266363 -0.27722449600696558 1.7375702857971194 1.7302631735801699 -0.27722449600696558 -0.85688525438308705 -0.043219527229666703 1.4407894611358645 -0.59348425269126881 -0.63488757610321034 0.6784479320049287 -0.41528490185737604 -0.28682269155979151 -0.38873952627182001 -0.38873952627182001 -0.0080028348602354509 1.0000000180025095e-35 -0.38873952627182001 1.0000000180025095e-35 0.82236841320991527 0.71710523962974559 -33.372810363769524 0.19687808305025103 -6.6604938507080069 7.3343291282653817 0.87182176113128673 -0.50653058290481556 1.2764706015586855 1.1725872159004214 -0.38873952627182001 -0.17293875664472577 0.28115683794021612 0.38873952627182012 0.39962671697139746 0.30975873768329626 -0.23026315867900846 1.1916535496711733 1.2489711642265322 0.5214291810989381 0.61905220150947582 0.42524318397045141 -0.3367812037467956 1.5588235259056094 2.3881578445434575 1.0000000180025095e-35 -0.42990349233150477 -0.59053498506546009 -0.11668765172362326 1.0000000180025095e-35 0.56174489855766307 -0.7085718810558318 -0.53177404403686512 -0.60341805219650257 -1.0000000180025095e-35 1.0000000180025095e-35 -3.1016201972961421 1.7630385160446169 0.60793757438659679 0.61102882027626049 5.0009958744049081 -0.79870587587356556 -0.6812496781349181 0.085526313632726683 0.93164139986038219 1.6012866497039797 -0.2500340193510055 1.342342257499695 0.52632996439933788 0.38534303009510046 0.64028519392013561 -1.0402734875679014 1.2058823704719546 0.6784479320049287 0.11065879836678506 -0.583143651485443 0.38873952627182012 -0.20866852253675458 -0.66103035211563099 0.6784479320049287 -0.15386192500591275 0.12500000372529033 -0.39744623005390162 0.65226340293884288 1.0000000180025095e-35 1.0030285716056826 -0.24342105537652967 -0.66103035211563099 -0.56174489855766285 0.013618886005133392 0.70776253938674938 0.026748971082270149 0.45021080970764166 -0.077976319938898073 -1.0000000180025095e-35 -0.335390955209732 -0.17584410309791562 0.99954625964164745 4.4634184837341317 0.99987411499023449 -89.202472686767564 -0.67903119325637806 -0.67631912231445301 0.42524318397045141 -0.38873952627182001 2.8397936820983891 -0.53785976767539967 -0.67054775357246388 0.3092105239629746 0.28289473056793218 -0.40011125802993769 -1.6011464595794676 0.25648590922355657 0.83552631735801708 -0.56174489855766285 -0.092592593282461153 -1.8978128433227537
decision_type=2 2 2 2 2 2 2 2 2 2 2 2 2 2 2 2 2 2 2 2 2 2 2 2 2 2 2 2 2 2 2 2 2 2 2 2 2 2 2 2 2 2 2 2 2 2 2 2 2 2 2 2 2 2 2 2 2 2 2 2 2 2 2 2 2 2 2 2 2 2 2 2 2 2 2 2 2 2 2 2 2 2 2 2 2 2 2 2 2 2 2 2 2 2 2 2 2 2 2 2 2 2 2 2 2 2 2 2 2 2 2 2 2 2 2 2 2 2 2 2 2 2 2 2 2 2
left_child=1 108 8 14 9 -4 7 52 -2 -5 29 -11 28 -12 -3 16 69 18 19 25 26 117 23 -23 -24 67 -21 -27 84 30 -9 -14 70 -16 35 36 74 38 39 40 -35 55 -39 51 45 68 50 75 -43 -50 -46 110 72 121 -55 65 -57 -30 60 -60 -31 62 -41 64 -64 -42 81 -17 -40 -13 97 -72 -7 83 107 -48 -77 -65 -53 -80 -32 82 -59 102 87 86 -86 -10 -63 90 -90 -91 113 99 95 96 -6 98 -18 -47 101 119 -74 -73 -52 106 -88 -33 109 -1 -44 -95 -113 -82 -56 116 -15 118 -20 -38 -110 122 -8 -124 -125 -126
right_child=2 3 5 4 94 6 53 10 12 11 13 15 31 115 33 17 32 -19 21 20 -22 22 24 -25 -26 27 -28 -29 57 58 80 34 -34 37 -36 -37 100 42 44 61 41 48 43 -45 46 93 47 -49 49 -51 104 78 -54 54 114 56 -58 66 59 -61 -62 88 63 77 -66 -67 -68 -69 -70 -71 71 103 73 -75 -76 76 -78 -79 79 -81 92 -83 -84 -85 85 -87 105 -89 89 91 -92 -93 -94 111 -96 -97 -98 -99 -100 -101 -102 -103 -104 -105 -106 -107 -108 -109 120 -111 -112 112 -114 -115 -116 -117 -118 -119 -120 -121 -122 -123 123 124 125 -127
leaf_value=-0.004034602694873231 0.032654115418651729 0.034352280449482089 0.032400125476908216 0.033797509771693608 0.022971326061154328 0.032262635823441549 0.030493530235612212 -0.014704170194427281 0.0021705212446732 0.035178300685420404 0.026104192196850517 0.028640272351822343 0.033062607844696577 -0.022974737776932035 0.0347121640653879 -0.018470457480302096 0.026586585469603186 -0.015821394710434346 -0.012501869576111766 0.022325623195574469 0.04771476954692043 -0.022715725256105865 0.0037326669395983045 0.020956101264445803 -0.0081748361083332742 -0.022280473282028267 -0.015623518147397713 0.0097925678438813765 -0.014643438658119344 0.047211771753051218 0.036356066557735767 0.01225636161279565 0.022013190355816385 -0.019683936795911169 0.026263039872802655 0.03276663693763078 -0.027958454891271082 -0.021575426948145609 0.056811620798470831 -0.018698849032955045 0.047439498929388826 -0.021617632243256985 -0.024666774232659418 -0.017537541406079448 -0.022196485000373221 -0.018849984976871837 -0.011447298408248858 0.031775046819459744 0.014270061769210115 -0.0088280160054370737 -0.0098778719721375509 -0.022221945429409393 -0.0036945523883617215 -0.020193044410867219 -0.0010544937234148609 0.03674554621098506 0.011096581736187017 -0.0083736401867016818 -0.022597125041996315 0.04819783417886013 -0.010730555976114388 -0.018358377662909611 -0.0077012188855729528 -0.022351486260863501 0.038962514184121673 -0.019945293380370259 -0.022585170288413749 0.04249714691983951 -0.0047039262953478067 -0.0011077010729344105 0.074952290506317673 0.018471456722416839 0.017831496526520756 0.029044143823562567 -0.025023768156091163 -0.011726259307930902 0.022254708577169699 0.025991584129338489 -0.021839319429733602 0.074744640092385919 0.030856667922424887 0.027259115729536258 0.028014700642858485 0.026984126413095652 -0.023832982970002331 -0.015088761005126676 0.036846418834174034 0.03850632794454955 0.0327799987074665 -0.0017450639143677333 -0.018458068314175277 -0.020350948639832684 -0.023281357836417858 0.036328418826619455 0.034374972239930773 0.038201896405877081 -0.013772802489262732 -0.012336918780131316 -0.022656175518882989 0.057608197034892401 -0.014543545551523145 -0.016787397358101863 -0.019471597253088536 -0.022566501185004841 0.038054882238526107 0.0018844911074400873 0.0057556536097484803 0.039114615598270223 0.030145940103617576 0.03268425238378133 0.03179010071053056 -0.022454614394039778 0.026233127140424556 -0.0029326182429245807 0.031748262533578098 -0.018150484755992343 0.015266899963240266 -0.022531852372308515 0.079460720055198414 0.018225005041899313 0.012559786693441065 0.032097063690036717 -0.029123863638875529 0.033653481620931638 0.031030110560953107 -0.017079408921500429
leaf_weight=10.541238889098166 263.54383517801762 20.239725932478905 10522.848067998886 69.55348789691925 20.546166218817234 467.25379091501236 252.44109347462654 42.94176808744669 23.904555715620518 44.929798483848572 257.77523950487375 110.58176705986261 106.73107634484768 14.595877327024935 11.051760911941527 182.99916312843561 23.167536117136478 200.15551717579365 180.71187529712915 98.112516015768051 73.559086784720421 44.758619569242001 618.74231471121311 179.8205193951726 1387.6942470371723 54.540837906301022 47.367353141307831 222.54566571116447 105.59741159528494 5.9870015308260909 40.288035742938519 47.467365123331547 35.2988660633564 184.77328046411276 126.00325196236372 40.916617512702942 6.4740173369646064 343.71520943194628 23.127360224723819 243.50766271352768 4.7700442150235167 83.986475862562656 4.5515551865100852 106.78048976510763 14.130849815905092 32.293971747159958 406.81794249266386 18.852286994457245 90.815255708992481 151.08409436792135 7.3360877409577361 27.061933964490891 20.045583978295326 17.313664518296719 14.68703421205282 36.715705439448357 186.86454590409994 67.745813362300396 8.4530919715762138 13.543229661881924 289.60746980458498 1012.4866748601198 23.608166247606277 34.467665128409863 55.85123248398304 28.982642710208893 23.587352342903614 4.9955548867583266 5.9785362258553496 24.864093437790871 5.7404506132006636 23.882962755858898 15.66481329500675 133.90886431932449 8.3379671648144704 31.181330509483814 34.305573210120201 9.3098878711462003 3.8382426500320417 4.4078794196248055 28.23354534059763 32.84853933006525 22.995368503034115 20.983832485973835 12.734050229191778 37.629642359912395 46.553712755441666 40.998418793082237 27.858857743442059 66.938788764178753 31.644629716873169 141.91723699122667 11.032747715711592 16.649016812443733 109.94141638278961 23.735800981521606 23.153546176850796 178.52224982529879 11.914291784167288 2.6224448680877677 52.447265550494194 19.951355278491974 28.14373154938221 12.671735398471354 34.95393892377615 34.94387149810791 24.012795969843864 31.881684228777885 87.764915123581886 837.48079883307219 40.694502465426922 13.835059575736524 12.809208638966082 18.534784242510796 60.349492639303207 36.484030835330486 42.894758321344852 152.98480159044266 4.4282018020749083 57.830302037298679 72.370935887098312 3356.8169614449143 7.9175347015261641 24.310369238257408 12.732096850872038 24.674066245555878
leaf_count=34 201 18 7916 51 43 387 235 341 114 33 428 224 135 143 8 1757 95 2001 1569 475 166 441 4354 1161 12627 607 371 1493 934 16 48 126 131 2394 229 38 34 4465 82 3135 24 822 38 1200 170 393 4381 56 532 1296 65 326 74 115 56 175 1070 476 89 18 2428 12983 266 387 192 239 242 19 55 102 21 135 43 158 56 327 259 78 50 16 102 98 60 32 100 295 103 68 187 776 381 1790 104 36 80 17 143 1590 119 3 272 108 246 127 54 174 133 34 95 656 148 162 72 139 62 307 216 1572 20 172 188 2624 43 26 11 116
internal_value=0 -0.0005854 0.029535 -0.00461818 -0.00015139 0.0305944 0.0269871 0.0164424 0.0159917 -0.00136953 0.0066838 -0.00199272 0.0114721 0.0181559 -0.00974783 -0.00242314 0.00620106 -0.0034886 -0.00272983 0.00402934 0.0226454 -0.00452969 -0.00281621 0.0122523 -0.00450282 -0.00473828 0.00996962 0.00347941 0.00331965 -0.00211499 0.0098792 0.0192236 -0.00169611 -0.00999491 0.015449 0.0103131 0.00621874 -0.0101321 -0.0091283 -0.0110824 -0.00315051 0.00208754 -0.015936 -0.00558885 -0.00192055 0.013589 -0.00496014 -0.00745202 -0.00568734 -0.000156402 0.0167322 0.01025 0.0279702 0.0311711 0.0167936 0.0119336 0.0153086 -0.00437814 -0.00744119 0.0209916 -0.00955699 -0.0147797 -0.00841852 0.0118947 0.0250983 -0.0104222 0.00298706 -0.0168504 0.0441759 0.0231794 -0.00496658 0.0138422 0.0289234 0.0210709 0.0184767 -0.00901779 0.0060748 -0.0120707 -0.010075 0.0297886 0.0206414 0.00786758 0.000847788 0.00459242 0.0121331 0.00672417 0.0136658 0.0251234 -0.0166011 -0.00997113 0.00553101 -0.0143877 0.00968806 0.002206 0.0272813 0.0157163 0.00350308 -0.00869085 0.00986304 -0.0131075 -0.00164405 0.0063856 -0.00613297 0.00424559 0.0297399 0.0181916 0.0262667 0.0230477 0.0306347 0.0322278 0.0261108 0.0145565 0.000951975 0.0174656 0.0253277 -0.0036464 0.00555801 -0.0158356 -0.0103023 0.0135754 0.0221981 0.031532 0.0256431 0.00805926 0.0128294 -0.000704165
internal_weight=0 8812.9 17025.6 7804.74 4171.92 15790.5 5267.61 1496.37 1235.14 3994.54 810.372 3924.99 971.592 351.75 3632.82 3880.06 426.644 3453.42 3253.26 684.12 219.039 2569.14 2231.02 224.579 2006.44 465.081 145.48 277.087 473.552 458.622 141.031 498.041 291.198 3612.58 391.31 265.307 224.39 3601.53 3070.48 2415.58 767.992 583.219 531.05 187.335 654.894 107.316 547.578 491.157 325.886 241.899 56.4209 80.5541 686.001 3771.24 92.3502 257.333 223.58 252.774 317.591 21.9963 295.594 1647.59 366.745 123.237 79.4594 33.7527 147.177 187.995 29.1059 135.446 255.899 42.2951 665.955 198.701 87.687 472.305 65.4869 43.7776 35.3081 8.24612 98.0891 123.59 90.7412 64.7924 220.777 155.874 118.244 64.903 1280.85 268.36 59.5035 208.856 57.8011 78.2097 177.377 67.4355 43.6997 213.604 35.0818 34.9164 136.703 84.2557 43.8085 36.5547 42.29 105.51 70.5665 79.349 1008.16 848.022 45.2461 43.2933 26.6443 46.7683 75.0365 93.9747 57.4906 338.125 185.14 64.3043 160.136 3678.89 322.075 69.6341 61.7165 37.4062
internal_count=92353 71628 20725 70655 31544 16523 8607 5319 4202 31261 4379 31210 4001 1094 39111 31177 2544 28633 26632 4888 1012 21744 18583 1602 16981 3876 846 2100 2797 3285 734 1204 2218 39093 1069 840 802 39085 32842 26727 6552 4158 6243 1778 6115 803 5312 5023 2650 1828 289 578 940 3288 233 1508 1245 1810 2551 107 2444 20175 4058 923 458 263 876 1776 137 326 2087 283 866 479 216 4967 586 465 392 66 393 634 536 321 987 805 510 182 16117 3134 568 2566 345 666 283 203 186 1804 214 396 586 314 289 262 119 410 236 160 973 690 186 270 234 241 118 666 359 3161 1589 206 283 3055 431 196 153 127
is_linear=0
shrinkage=0.02


Tree=40
num_leaves=127
num_cat=0
split_feature=14 15 15 14 14 15 1 13 0 0 16 13 10 1 1 15 16 10 8 8 8 11 10 13 0 0 1 16 13 14 10 8 8 0 8 16 1 8 7 8 8 7 10 15 13 15 3 1 8 0 16 14 8 8 1 10 15 8 8 0 8 15 8 1 16 10 8 10 8 10 0 10 7 3 1 12 8 0 10 10 8 10 14 11 8 8 7 16 0 14 14 15 16 1 13 8 3 11 5 14 8 8 8 14 14 5 0 15 1 16 12 12 3 12 0 1 15 8 8 11 12 12 11 1 1 10
split_gain=12571.2 2584.53 593.856 890.721 411.686 399.661 368.533 213.558 169.441 160.14 139.755 135.054 114.907 110.004 100.718 192.434 100.487 159.646 214.628 98.6191 272.47 96.7007 96.0272 94.4427 90.6435 85.4015 80.3166 111.162 91.0355 88.8972 74.2588 170.813 168.616 152.734 137.407 200.125 129.478 99.7465 74.1745 73.211 74.14 69.6044 68.6571 66.5248 62.5826 61.3164 57.9201 59.4434 57.7722 63.3637 62.5323 79.7417 59.3986 107.328 112.548 97.0771 57.8021 56.8825 102.4 66.9827 94.0818 56.2532 66.2142 56.1817 54.76 53.1483 53.0833 52.955 51.8868 115.719 90.6417 50.6472 50.0629 48.1463 47.7423 47.2334 47.1536 82.5397 75.8919 74.47 92.9832 89.0853 67.7528 52.3197 50.2447 102.032 46.6584 45.4773 106.118 65.768 48.5744 46.3881 44.8478 44.7629 76.7092 43.7508 41.8062 41.132 45.8884 40.0243 39.5092 39.1753 94.5175 54.6173 39.0248 38.4457 44.0912 37.287 37.674 35.8897 35.6783 46.0499 34.8975 34.7765 34.4355 34.3095 34.4262 34.1805 95.816 33.7063 49.9391 519.086 32.008 31.968 45.5239 32.9294
threshold=0.7761511802673341 -1.1666011810302732 -1.3535210490226743 2.1615140438079838 -0.12468271329998969 0.96496084332466137 0.82236841320991527 1.0196729302406313 0.37736880779266363 -0.27722449600696558 1.1286340951919558 1.0784741640090945 -0.56174489855766285 1.7302631735801699 0.48026315867900854 -0.59574958682060231 0.88005742430686962 -0.38873952627182001 -0.17293875664472577 -0.54975369572639454 -0.60341805219650257 1.0000000180025095e-35 1.0000000180025095e-35 0.46577404439449316 -0.024598641321063038 -0.027418032288551327 1.0000000180025095e-35 0.82225069403648388 0.11980637162923814 1.2068750262260439 -0.38873952627182001 -0.20866852253675458 0.59008219838142406 -0.03773903846740722 -0.19086904078721997 0.92915815114974987 -0.55921050906181324 -0.6389540135860442 0.079273290932178511 0.39499190449714666 0.18490620702505114 0.78359782695770275 -0.56174489855766285 0.29051074385643011 -0.42450429499149317 -0.90078088641166676 0.67647060751914989 0.71710523962974559 0.18490620702505114 1.5802449584007265 0.88005742430686962 0.4423926323652268 0.5151028335094453 0.563153237104416 0.57236841320991527 -0.38873952627182001 -0.15966022014617917 0.28964744508266455 0.5214291810989381 -0.24250671267509458 -0.13673496991395948 -0.87305051088333119 0.075611963868141188 2.1513158082962041 -0.0047565940767526618 1.0000000180025095e-35 -0.22632499039173123 -0.56174489855766285 0.60503366589546215 -0.56174489855766285 -0.25331237912178034 -0.56174489855766285 0.20245066285133365 -0.08823529444634913 1.0000000180025095e-35 -15.292791843414305 0.59008219838142406 1.213112533092499 -1.0000000180025095e-35 1.0000000180025095e-35 -0.22632499039173123 0.38873952627182012 -0.39958652853965754 -1.0000000180025095e-35 0.42524318397045141 0.48216935992240911 0.87095215916633617 0.63850855827331554 0.83184224367141735 -0.30094012618064875 -0.33037325739860529 0.62752261757850658 1.2662103772163393 2.3881578445434575 5.6274898052215585 0.70493233203887951 -1.0000000180025095e-35 0.6784479320049287 0.99954625964164745 1.2068750262260439 -0.69284561276435841 -0.044805379584431641 -1.0000000180025095e-35 -0.43031832575798029 -0.52236616611480702 0.99954625964164745 1.4099626541137698 0.67755714058876049 0.71710523962974559 1.0732121467590334 0.66672962903976452 -1.0000000180025095e-35 1.5588235259056094 -0.6812496781349181 -0.15902843326330182 -0.19078947603702542 -1.0000000180025095e-35 -0.17293875664472577 -0.14582495391368863 -1.0000000180025095e-35 -1.0000000180025095e-35 -0.28626279532909388 1.0000000180025095e-35 1.2697368264198305 1.4539473652839663 1.0000000180025095e-35
decision_type=2 2 2 2 2 2 2 2 2 2 2 2 2 2 2 2 2 2 2 2 2 2 2 2 2 2 2 2 2 2 2 2 2 2 2 2 2 2 2 2 2 2 2 2 2 2 2 2 2 2 2 2 2 2 2 2 2 2 2 2 2 2 2 2 2 2 2 2 2 2 2 2 2 2 2 2 2 2 2 2 2 2 2 2 2 2 2 2 2 2 2 2 2 2 2 2 2 2 2 2 2 2 2 2 2 2 2 2 2 2 2 2 2 2 2 2 2 2 2 2 2 2 2 2 2 2
left_child=1 25 -2 6 16 9 7 12 61 -6 14 41 -4 23 15 39 17 18 -3 20 63 22 -22 99 57 -1 28 29 73 117 31 -17 33 -33 36 95 -32 -38 -37 40 74 75 45 46 -34 64 -18 122 49 50 51 -44 -50 55 -55 -54 -51 59 -59 60 -20 62 71 86 -16 -41 -52 -45 69 -60 -70 -8 -12 -14 -11 -5 79 78 -78 -69 81 -81 -79 -84 -82 -86 -19 -26 89 90 -89 -90 -27 -13 -95 -36 -72 -15 -99 -10 -83 115 -103 -104 -102 -85 -107 108 -31 -75 111 -77 -9 -101 -7 116 -61 -28 -119 -21 121 -121 -48 -73 -125 -126
right_child=2 4 3 11 5 114 8 112 13 10 72 93 26 97 42 30 43 19 24 119 21 -23 -24 -25 87 92 27 -29 -30 107 34 32 44 -35 35 38 37 -39 -40 65 -42 -43 48 67 -46 -47 47 -49 52 56 66 -53 53 54 -56 -57 -58 58 68 101 -62 -63 -64 -65 -66 -67 -68 76 70 -71 96 123 -74 109 -76 110 77 82 -80 80 84 100 83 105 85 -87 -88 88 91 -91 -92 -93 -94 94 -96 -97 -98 98 -100 113 104 102 103 -105 -106 106 -108 -109 -110 -111 -112 -113 -114 -115 -116 -117 -118 118 -120 120 -122 -123 -124 124 125 -127
leaf_value=0.030732632021995405 0.031951312584661294 -0.019388978428560574 -0.013590765509687725 0.027938918826027871 0.035019439009557271 -0.0049558084947221694 -0.022258079826632655 0.030820270657798608 -0.023068140816126986 0.021194718422131317 0.031558050049804783 0.031594340793163422 0.015968142757815398 -0.011305665136106603 -0.023109917880185363 -0.016211921759985651 -0.022803620526900686 -0.018809739342722714 0.045270314593497771 -0.020208553087310694 -0.010971222639341745 -0.014373544473771205 0.0380444245680642 0.024678687486188414 -0.017409138177265564 0.001532494575042283 -0.021397452283179689 0.03012071887849432 0.02924332210850783 0.0023672926614475157 -0.022646039269647835 0.025277691975309761 0.021573001671260045 -0.015047677728612062 -0.016413758609903982 0.035320313661329129 -0.0083059595559599637 0.011300871434408144 -0.0018967638775032698 0.012612548957111107 0.036303753888765139 0.031805557215894828 0.0024595498865226718 -0.020400626084533708 -0.01782751401294163 -0.021666525796430931 0.052615528812741993 -0.013213920480476709 -0.01867136067407801 0.038872686854051493 0.032111410067464242 -0.011043920156767894 0.057387190605622661 0.017765171109901914 -0.016231741865296065 -0.00047114982214893576 -0.020244549064180599 -0.023087309543531217 -0.024018661074750973 0.042435116601390689 -0.024226790524951185 -0.020428922088046472 -0.019560069024698347 0.058715425307837979 0.033295489136720036 -0.023422990212750183 -0.015327269139554225 -0.015536567732036377 0.022682327075737262 0.036297648807982377 -0.013596998590112043 -0.013741492691663935 -0.014018558787512278 -0.018036755406996789 -0.0018355493221624542 0.013813041280258309 0.03767520936080207 -0.022518929137422542 -0.022843564951866673 -0.023022324786235109 -0.022073523110840952 -0.023136342964883105 -0.022126381245879685 0.0014632638514557659 0.027424538845153962 -0.022408855911428875 0.033500943842518088 0.026603449485953209 -0.021951814272491973 -0.023147919498060231 0.10117323085500454 0.043564888091985089 0.03389143644505184 -0.005060794823672261 0.033126882603052785 0.004049133737902332 0.048809465174660796 0.040811343504201403 -0.023471147101421327 0.030415033667377793 -0.023065639842589625 0.067036524210016005 -0.0097469652417639715 0.025008240570837538 0.026610193922997478 0.061717167714673817 0.0024873456968784033 0.037620594215063072 0.026478130728135884 0.029835759764378762 0.02069011403006446 -0.0077841093437436993 0.0056272359701416965 -0.015799594529945248 0.030094886102854445 -0.02488121904792711 -0.023817013434567547 0.049137712494249003 -0.0098263247900378364 -0.011413880843431257 -0.018118257746052302 0.18480416470391398 0.010820570386311073 0.025830987043316864 0.011039328888861 -0.023436003787476917
leaf_weight=963.0160610601306 10768.211811542511 265.50366493314505 58.991842210292816 118.57291930168867 47.473041772842407 11.948499135673044 24.111044518649578 488.02039305865765 26.032836981117725 95.203101299703121 65.215895220637321 3279.8648955225945 150.24454240500927 91.01264289021492 11.705153465270998 122.30726347863674 11.274182945489882 275.45349617302418 10.228060327470301 639.23547458648682 20.075895108282566 27.462067499756813 78.509567938745022 197.91155973821878 118.46398434787989 64.483729176223278 52.874988727271557 74.687826298177242 243.46614246070385 89.567541167140007 72.295727215707302 239.06686045974493 19.788583017885685 44.574816383421421 549.33263618499041 45.474014326930046 143.08367275446653 377.90033061802387 40.496336400508881 37.35372718423605 79.368906013667583 177.75090625137091 604.21611342579126 75.274514757096767 87.108612172305584 170.2793575823307 24.941786356270313 10.836634807288645 198.6742844581604 7.0806999281048766 40.326983705163002 246.20480302721262 19.370569035410881 48.052988409996033 205.64189441502094 28.914457820355892 100.73650168627501 57.89235695451498 16.931179150938988 9.3414322882890684 32.710194975137711 110.93869256973267 66.72446832805872 3.920947663486003 16.71732497215271 29.145274177193642 12.31703959405422 187.55897478759289 48.212419480085373 51.192067995667458 94.45959435403347 20.216476164758205 11.312571778893469 32.208964832127094 57.904225654900074 137.93226070702076 45.047020457684994 43.892233841121197 10.157418243587015 23.16051958501339 73.062543198466301 7.8630483224987975 14.291601367294787 18.896334305405617 32.242822200059891 33.519838437438011 6.9935444742441168 6.7586261853575715 35.634593658149242 4.4457207694649687 7.2341489866375932 4.9195516407489768 23.33073627948761 36.42653464525938 49.814852923154831 45.235322155058384 4.4982773289084426 13.81345157325268 6.5474515035748473 16.066899277269844 6.7678051441907874 18.375333234667778 22.515459656715393 91.941892243921757 96.83889327198267 13.985752038657667 7.8484236970543853 21.896201252937317 36.480655997991562 7.7764629349112502 147.53418157249689 55.332859694957733 23.031373351812363 10.953232169151304 181.82853615283966 13.005668573081492 4.7236487790942219 12.968024693429468 73.520182557404041 349.9662796780467 519.71718297898769 5.4772906005382529 10.379597544670103 57.476161852478981 33.972301989793777 16.44769312441349
leaf_count=862 8189 3600 483 180 35 94 273 497 239 238 91 2621 608 764 106 1187 110 3534 12 8496 219 281 268 373 1404 363 471 125 293 486 730 1031 114 437 5778 80 1205 2496 313 193 166 163 4540 976 771 1880 53 99 2072 28 182 2263 69 326 2135 260 1047 544 134 18 262 1101 685 9 59 265 104 2214 186 168 806 146 105 222 340 361 91 486 108 222 902 75 169 182 170 387 32 42 457 41 13 24 17 175 39 357 12 20 56 40 73 42 146 379 346 39 56 16 134 26 313 238 68 79 200 105 43 30 600 4261 6591 10 49 185 197 138
internal_value=0 -0.000412981 0.0291326 0.0241251 -0.0044247 -0.000104391 0.0134318 0.0194573 0.00154381 -0.00149043 -0.00193802 0.0296222 0.0133418 0.0109853 -0.0024775 0.000472587 -0.00937018 -0.0110846 -0.00422544 -0.0143561 -0.0056856 0.0188172 0.0280629 0.0183264 0.00193535 0.0290109 0.0153385 0.00838344 0.0211437 0.00273267 -0.00201253 0.0044135 0.0108729 0.0189405 -0.00459968 -0.0107328 0.00243552 0.00591603 0.0177892 0.0153236 0.0206168 0.0211785 -0.00607515 -0.00284615 -0.0105338 -0.0171274 0.0178358 0.0277621 -0.00462225 -0.00187056 -0.000140407 -0.00144983 -0.0101782 -0.00459056 -0.0097923 0.02274 -0.0163621 0.00648325 0.000525906 0.0145066 -0.00767231 -0.00882646 -0.00294762 -0.0164708 0.0100662 -0.00318116 0.0210123 -0.0045666 0.00687549 0.0213068 0.000195429 0.00433414 0.0248208 0.0107775 0.0124848 0.0170664 -0.00262898 0.00694808 0.02654 -0.00583062 0.000826542 0.0126693 -0.00398622 0.0107977 -0.0106583 0.002024 -0.0175145 -0.0102644 0.00408308 0.0438645 0.0651554 -0.0140041 0.0101297 0.0312204 0.0169972 -0.0148569 -0.0107602 -0.00555688 0.02014 -0.0053703 0.0200851 0.0204622 0.0249311 0.0181714 0.0233653 0.0223502 0.0404267 0.0135302 0.00934541 -0.00872639 0.0132836 0.00762966 0.0296849 0.0116809 0.0279336 -0.00146635 0.0201849 -0.00872974 -0.000985269 -0.0167173 -0.0141672 -0.00839021 0.0403336 0.00933885 0.0136634 -0.000206997
internal_weight=0 8758.13 16829.4 6061.19 7707.3 4113.66 2057.96 1365.74 692.225 3919.88 3872.41 4003.23 854.683 362.338 3795.88 2085.64 3593.64 2845.8 918.988 1926.81 412.416 126.048 98.5855 250.965 653.484 1050.83 795.692 361.995 433.696 287.308 1786.66 512.846 390.539 283.642 1273.82 680.538 593.28 520.984 85.9704 298.975 232.476 637.123 1710.24 747.84 106.897 198.702 57.4322 46.158 1511.54 1010.88 903.065 850.421 500.654 301.98 253.695 48.285 107.817 476.028 273.186 202.842 42.9383 329.887 218.948 286.368 28.4225 66.499 52.644 690.408 215.294 68.1232 147.17 152.224 76.5285 190.23 153.107 459.372 615.133 154.119 55.2044 461.014 273.455 134.63 98.9143 55.0221 138.825 65.7627 282.447 177.457 58.9926 18.4385 13.9928 40.5541 87.8145 3366.11 86.2414 594.568 98.9579 111.374 20.3609 53.053 111.47 159.903 132.833 114.457 103.607 40.7305 21.8342 147.944 126.048 39.9854 340.799 193.265 511.052 27.0201 193.777 27.0707 14.0651 139.363 86.4882 1514.4 875.161 355.444 35.3214 128.113 107.896 50.42
internal_count=92119 71485 20634 12445 70243 31297 8355 4059 4296 31003 30968 4090 3494 1571 30772 15701 38946 32139 8438 23701 4343 768 487 731 4838 1242 3011 1862 1149 1737 14499 3540 2353 1468 10959 6528 4431 3701 393 1202 744 1255 15071 6807 885 2045 311 201 13026 8164 7089 6803 4862 2790 2461 329 1075 2857 1850 1007 274 2725 1624 3575 165 458 286 6496 1306 302 1004 939 196 856 578 1092 5520 1131 199 4389 2175 716 932 446 1459 557 3566 1981 577 96 55 481 380 2835 214 6135 818 840 76 358 494 733 567 525 419 277 95 636 620 248 912 599 565 119 294 166 61 1101 630 19358 10862 4271 102 666 520 335
is_linear=0
shrinkage=0.02


Tree=41
num_leaves=127
num_cat=0
split_feature=14 15 15 14 14 15 10 15 16 9 2 13 9 16 16 10 8 15 14 5 10 8 8 9 8 8 8 14 16 9 15 7 8 9 9 10 8 10 8 8 5 8 2 16 7 15 8 2 8 8 8 16 8 10 9 12 15 10 2 10 12 12 5 7 15 8 11 8 2 6 9 7 12 8 9 9 9 8 8 4 16 7 2 7 10 11 8 9 2 15 7 8 15 9 9 12 12 13 11 10 10 2 12 9 12 12 6 13 15 8 13 8 13 9 8 7 11 16 2 9 4 14 16 6 8 8
split_gain=12164.9 2497.47 586.188 866.647 400.601 385.211 290.78 201.485 253.423 188.023 180.924 135.849 111.349 105.67 105.412 150.638 166.384 105.239 94.0095 90.8684 90.0423 199.244 149.93 86.6099 82.272 77.7037 162.763 73.0175 77.2927 73.2763 71.3535 136.574 77.6191 255.063 137.246 146.755 137.06 129.498 193.356 141.929 70.0454 70.8951 69.4023 68.4093 68.3988 67.3427 69.9425 83.3047 66.7328 65.5616 95.9563 109.226 63.5769 63.0823 60.5257 60.1356 58.5425 57.5284 110.345 96.3459 53.8416 474.636 51.7798 51.5709 47.6774 57.7605 80.6182 72.2577 66.5708 47.0682 46.7707 46.2332 45.2014 44.898 58.3419 51.8468 56.6913 73.1855 43.791 42.9751 42.8397 78.5006 42.1037 41.5719 40.6262 41.7023 40.1572 40.1215 54.7457 43.8883 123.129 40.0009 43.7952 38.3397 81.1996 47.6217 66.7962 37.8704 37.9402 37.3526 36.2604 36.2204 33.9984 44.4606 44.108 33.4179 35.3709 32.5469 48.8114 32.3123 32.2419 31.3487 30.1479 30.0503 28.4702 28.3332 28.142 28.6969 27.5421 27.263 36.1423 27.0361 30.3038 42.1092 45.7361 109.552
threshold=0.7761511802673341 -1.1666011810302732 -1.3535210490226743 2.1615140438079838 -0.12468271329998969 0.96496084332466137 -0.56174489855766285 0.67755714058876049 0.95587372779846203 0.64887681603431713 -6.6604938507080069 1.0784741640090945 0.010774772614240648 1.1286340951919558 0.73261612653732311 -0.38873952627182001 -0.17293875664472577 -0.9618692398071288 1.2068750262260439 0.99954625964164745 0.38873952627182012 0.094030573964118971 -0.21751539409160611 0.3216924667358399 -0.70553851127624501 -0.54975369572639454 -0.59348425269126881 -0.26945888996124262 0.9491097927093507 -0.60558217763900746 -0.87305051088333119 -0.79870587587356556 -0.59348425269126881 -0.31068393588066096 0.066093422472476973 -1.0000000180025095e-35 -0.42276564240455622 -1.0000000180025095e-35 -0.30368746817111963 0.59516832232475292 0.99954625964164745 -0.13066187500953672 -0.051440330222249024 1.0139531493186953 0.78359782695770275 0.18118525296449664 0.59008219838142406 0.36831274628639227 0.70776253938674938 -0.68871176242828358 -0.59850239753723133 0.58577954769134533 0.69706812500953685 -0.38873952627182001 -0.18112743645906446 1.6644907593727114 -1.6011464595794676 0.38873952627182012 0.87860083580017101 -1.0000000180025095e-35 -1.0000000180025095e-35 -0.28626279532909388 0.99954625964164745 -0.29519236087799067 0.92774829268455516 0.6442055106163026 0.6784479320049287 0.65877640247344982 0.19547325372695926 2.7500000000000004 -0.68112745881080616 0.20245066285133365 -15.292791843414305 0.13976763933897021 0.70049586892128002 0.66861790418624889 0.64519405364990245 0.5214291810989381 -0.026276728138327595 1.0000000180025095e-35 1.0992876887321474 0.37663231790065771 -1.2777777314186094 6.4535715579986581 -1.0000000180025095e-35 1.0000000180025095e-35 -0.58836433291435231 0.70519137382507335 -0.60288065671920765 -0.55174565315246571 -0.45228962600231165 -0.53177404403686512 0.029953717254102234 0.65925562381744396 0.68850955367088329 -0.6812496781349181 -2.9935749769210811 1.471219062805176 1.0000000180025095e-35 0.56174489855766307 0.56174489855766307 0.6975308656692506 0.66672962903976452 0.48007008433341986 -1.0000000180025095e-35 -73.648517608642564 1.2500000000000002 -0.058739567175507539 -0.17848423868417737 -0.6389540135860442 -0.22122996300458905 -0.583143651485443 -0.20000310242176053 -0.42092499136924738 -0.17293875664472577 -1.6439802050590513 1.0000000180025095e-35 0.43900892138481146 -0.4670781791210174 -0.2855739146471023 1.0000000180025095e-35 -0.44532410800456995 0.89963558316230785 2.9166666269302373 0.220456138253212 0.25540180504322058
decision_type=2 2 2 2 2 2 2 2 2 2 2 2 2 2 2 2 2 2 2 2 2 2 2 2 2 2 2 2 2 2 2 2 2 2 2 2 2 2 2 2 2 2 2 2 2 2 2 2 2 2 2 2 2 2 2 2 2 2 2 2 2 2 2 2 2 2 2 2 2 2 2 2 2 2 2 2 2 2 2 2 2 2 2 2 2 2 2 2 2 2 2 2 2 2 2 2 2 2 2 2 2 2 2 2 2 2 2 2 2 2 2 2 2 2 2 2 2 2 2 2 2 2 2 2 2 2
left_child=1 55 -2 6 12 10 43 8 9 17 -6 44 27 24 15 16 -14 19 97 -8 21 -16 69 48 -12 26 82 80 64 70 31 93 33 57 109 -36 91 39 -39 -38 -11 -42 -43 83 72 73 -47 -48 -23 -20 53 -52 -49 -51 119 105 -57 59 -59 -32 61 87 79 -10 65 -29 67 -67 -68 -22 -30 -15 -5 74 -18 76 77 -75 -76 -25 121 -82 -17 -4 -28 -86 -65 89 -89 90 -27 92 -34 95 114 96 -26 107 115 -31 -91 -78 104 -104 -74 106 -1 108 -19 -35 -66 -87 113 -7 -95 -99 117 -33 -58 120 -21 -3 -123 124 -124 -126
right_child=2 4 3 11 5 112 7 -9 63 40 13 -13 14 71 20 25 45 18 49 54 22 23 -24 62 30 60 84 28 29 99 32 116 36 34 35 -37 37 38 -40 -41 41 42 -44 -45 -46 46 47 52 -50 50 51 -53 -54 -55 -56 56 118 58 -60 -61 -62 -63 -64 86 110 66 68 -69 -70 -71 -72 -73 102 75 78 -77 101 -79 -80 -81 81 -83 -84 -85 85 111 -88 88 -90 100 -92 -93 -94 94 -96 -97 -98 98 -100 -101 -102 -103 103 -105 -106 -107 -108 -109 -110 -111 -112 -113 -114 -115 -116 -117 -118 -119 -120 -121 -122 122 123 -125 125 -127
leaf_value=-0.018492519305553103 0.031563972783346723 -0.019836487474423986 -0.017309962253067114 0.027306972316122693 0.032830750248926607 0.051032357133998625 0.028507998391772187 0.0321136676892122 0.032405863691620837 0.03209919529534136 -0.022349511383828371 0.030822472207133831 -0.020745762810698402 0.030734453026761303 -0.022229191075091134 0.037504770528850699 0.036462830308246166 0.044505204010893876 -0.024754314451906682 0.0047821974251066445 -0.022572603903167586 -0.020005944268844503 -0.017470732012268189 0.031606810226390787 -0.013321670944550534 -0.022104936397819363 -0.022741780124980321 -0.014972357345583038 -0.022148906297220203 -0.022063579389841693 0.0082960068651540559 0.0035471331912717494 -0.018856072945301106 -0.020023559993950883 -0.017642397782266422 0.012986626821086079 0.0065269598658079762 0.015195289903672613 -0.0097918368117149643 -0.010485692092570595 0.032793786458441262 0.02064883697185171 -0.01265583653341255 0.022189160271491343 0.031316317104021364 -0.013745657125643879 0.047688802878693544 -0.022904594546050889 0.026615075604068197 -0.016851335938418383 -0.0076786220523978469 0.024348394155659522 0.026220485354482483 0.026867548347015432 -0.0086268608902353959 0.029489287655868845 0.024050641183187005 -0.01959602744207032 0.057301335438118432 0.046165154145394384 -0.020788936586183061 0.15088680800740517 -0.01476006454075233 0.027646868664747967 0.041466438974843534 0.027107275650381412 0.0029155671080591848 -0.021878038358719008 0.10763224529077407 0.029112559075383605 0.041861235022811652 -0.013875154441647317 0.013499815476601246 -0.023559064879954718 0.030560656178957962 -0.02187501146361201 0.014587437997472662 0.014346131659147832 -0.024815616633362538 -0.02371532612080561 0.03480096107906068 -0.018471813144932698 -0.018951751283450124 0.033237809838160194 0.041314204867914754 0.053309161762113123 -0.016852644601138004 0.05236249137837632 -0.021936256234575697 -0.021228450501012467 0.087765454482867378 -0.022080905724757679 0.0015925859196275227 -9.2163438442903069e-05 -0.024629915731104651 -0.013032094556349783 0.036718104838150509 0.0070182794156086956 -0.013439521954564299 0.021041922577026511 -0.0028495346218967072 0.066383076935918148 0.024814161744678747 -0.0058352861360675638 -0.0076505104933564374 0.031344945289366648 0.033837329316550077 -0.013461778791322862 -0.004361729856102772 0.014702516385558115 -0.006461894606872208 -0.023057511393643561 0.029460641165815954 -0.02284998629508651 0.041952651578390024 0.049527991388314298 0.027942180126265183 0.060984876943809246 -0.00092410184809829535 0.0341041174869295 0.043718029506253211 -0.016038130849139513 -0.014974430029027 -0.018206464161041776 0.089216395842254673 0.0038056741961315335
leaf_weight=11.185535661876203 10683.200529202819 516.69064570963383 156.03065130859613 118.88734549283981 60.5650395154953 2.9628292173147193 118.94949671626091 254.50346811115742 268.23464874923229 158.58383440226316 81.27722156047821 3341.6156585216522 120.52878772467375 54.531732745468616 134.35745388269424 5.5843563824892035 55.106153659522533 9.4411522373557073 23.544586703181267 72.37656419724226 7.5205119103193274 46.517471171915531 43.561985731124878 81.138323493301868 21.851722612977028 12.263590142130854 6.0934289842844001 316.65738864243031 5.347192555665969 24.036788262426853 41.780173242092133 39.766513802111149 84.631299920380116 165.72911923378706 87.298102304339409 220.92871791124344 817.75338052213192 139.37490577995777 1113.9313456863165 258.04486779123545 48.711945451796055 48.2749899700284 51.97275098413229 22.24676451832056 176.92551892250776 104.34512759745121 19.195498697459698 25.202145054936409 16.686426624655724 14.71511124819517 153.84000077843666 58.903664745390415 18.110467649996281 128.35963475704193 69.581573627889156 86.160530641674995 24.717613443732262 24.771135583519936 10.683602213859556 75.319534756243229 438.6870349496603 7.174746870994567 13.177002809941767 16.456689894199371 11.687345236539842 19.127702683210373 4.5394621789455396 32.530156493186951 5.2216342240571976 112.1350407153368 31.254116632044315 11.202019482851027 138.3061026930809 26.33439327031374 9.9438560083508509 21.835314050316811 10.574245594441892 90.027361661195755 13.422487638890741 6.0343861654400817 18.699288673698902 27.097967706620693 98.197619639337063 6.791394591331481 40.236052364110947 2.9339590892195675 15.996666878461836 8.3796548992395383 7.5328643918037406 212.18157063424587 6.1140618324279776 193.51532489806414 82.963307350873947 8.8188672810792905 15.766523770987986 139.09867463260889 20.853243447840214 14.013023912906649 15.797991313040255 12.083369664847849 53.833329826593399 11.037346832454203 125.79026326537132 22.285775288939476 55.174746990203857 851.22350501269102 9.6016783714294416 216.66685029119253 61.024144694209099 11.459144882857798 10.804552748799322 8.0486656203866005 181.58372513949871 8.5758055895566923 23.902599215507507 11.352489881217478 96.315518699586391 3.8129907920956603 61.881703056395054 23.997960917651653 10.983393788337706 486.65044406801462 31.820459134876728 60.532174997031689 6.9763610959053031 43.230265326797962
leaf_count=59 8189 6863 1497 180 45 10 148 232 220 200 890 2835 1708 83 1602 36 125 32 193 410 77 534 444 263 177 150 59 3937 63 299 260 214 794 1708 850 1344 5782 953 10621 2324 135 135 373 53 163 937 35 237 60 115 1002 156 49 298 539 90 60 182 20 179 5861 11 121 37 47 81 49 418 22 317 101 105 361 211 37 130 37 399 94 54 53 321 1270 5 63 13 124 13 95 2869 23 1984 655 48 128 1209 81 45 96 77 663 20 236 77 238 776 7 1820 415 64 82 73 199 85 57 21 238 8 250 46 8 6218 393 758 19 455
internal_value=0 -0.000409354 0.0287499 0.0237646 -0.00436665 -0.000104296 0.013205 0.0155762 0.0129649 0.00916703 -0.00146759 0.0292085 -0.00927574 -0.00200779 -0.00595897 -0.00863554 -0.00011636 0.00497424 0.000786289 0.0149903 0.00235828 -0.0041833 0.0142982 0.0106412 -0.00244502 -0.0135715 -0.00097463 -0.0130488 -0.00640288 0.012566 -0.00200759 0.00632205 -0.00293407 0.0033379 -0.00375151 0.00431167 -0.00442144 -0.0026439 -0.00701312 0.00244624 0.0228486 0.0130002 0.00338226 -0.0107069 0.0207469 0.00602095 -0.0037234 0.0130068 -0.00769755 0.00756753 0.00970627 0.0011889 -0.00236374 0.0223711 0.00590287 0.0285974 0.0178172 0.0258958 0.00357551 0.0326538 -0.0162911 -0.009874 0.0221916 0.0295248 -0.00984661 -0.0115296 0.00622048 -0.00373992 0.0589331 0.0258641 0.0325098 0.0231323 0.0166856 0.0128443 0.0252334 0.00676075 0.0112926 0.00576762 -0.00124951 0.0277772 -0.0156883 0.00327977 -0.0159139 -0.0152016 0.0260777 0.0318857 0.0057125 -0.0137148 0.01719 -0.015444 0.0144478 -0.0158862 -0.0087335 -0.0031461 0.0126554 -0.00736045 0.0111132 -0.00704979 0.0108906 -0.00764338 -0.0175091 0.0410402 0.0129885 0.0202014 0.0074684 0.0307331 0.0056788 -0.00962174 0.00218561 -0.0177778 0.0184429 -0.0026565 0.0274687 -0.00387887 0.030621 0.0260438 0.0219083 0.00857265 0.00620432 0.01532 0.00991233 -0.0164464 -0.0136625 -0.00555309 0.00378452 0.0156737
internal_weight=0 8702.88 16713.5 6030.34 7658.11 4099.07 2051.35 1866.28 1611.78 1311.09 3905.95 3978.99 3559.04 3845.38 1894.05 1432.92 525.663 1003.55 707.659 295.889 461.129 297.911 163.218 163.554 3779.65 907.261 161.094 1664.99 473.29 72.7215 3698.37 370.187 3328.18 637.97 485.415 308.227 2690.21 2329.1 1253.31 1075.8 307.544 148.96 100.248 185.069 637.37 405.134 166.853 62.5081 63.2039 379.363 355.818 212.744 43.3126 143.075 176.939 1044.77 172.76 152.554 35.4547 117.1 746.167 307.48 100.35 300.688 400.568 378.076 61.419 51.6579 9.7611 119.656 36.6013 65.7338 460.444 238.281 78.4725 159.809 137.973 116.362 23.3663 87.1727 1191.7 45.7973 103.782 162.822 57.3121 51.2187 32.4534 300.305 15.9125 284.393 18.3777 361.11 167.595 230.292 48.488 181.804 42.705 328.296 41.1635 36.1202 266.015 21.6116 341.557 148.076 193.481 872.011 20.7872 287.132 70.4653 177.188 22.4919 10.9826 193.122 11.5386 32.7215 25.3655 139.895 43.5795 86.5993 107.358 83.36 1145.9 629.21 142.559 82.0271 50.2066
internal_count=92119 71485 20634 12445 70243 31297 8355 6800 6568 6187 31003 4090 38946 30958 18690 15218 4019 5344 4193 1151 3472 2634 838 1032 30770 11199 1514 20256 5176 540 29880 2160 27720 4607 3966 2194 23113 19680 11574 8106 843 643 508 1555 1255 2311 1258 321 594 1764 1571 1158 286 413 1003 1242 400 641 202 439 9685 3824 438 381 4636 4507 570 499 71 394 164 188 1092 1053 256 797 667 610 131 317 15080 374 1306 1502 208 149 161 3813 108 3705 173 3433 1449 1700 233 1467 258 2429 162 376 3532 57 912 313 599 842 66 2267 447 1772 129 86 294 95 105 66 460 222 310 464 418 14706 7843 1625 867 474
is_linear=0
shrinkage=0.02


Tree=42
num_leaves=127
num_cat=0
split_feature=13 15 15 13 1 15 0 1 9 8 8 8 10 10 0 6 11 2 0 1 0 1 0 1 13 10 10 8 8 9 8 10 2 2 9 8 8 8 9 9 3 15 6 16 16 1 3 8 2 8 9 10 9 15 1 3 8 16 10 5 0 1 8 1 8 1 9 10 9 2 3 15 15 2 13 15 15 9 8 16 9 0 8 9 5 13 8 0 1 6 5 15 15 15 13 1 9 1 13 8 10 15 9 10 8 8 8 0 13 9 2 15 11 8 9 9 1 0 13 15 16 9 9 0 2 8
split_gain=10582.9 1689.03 1200.43 1549.95 811.979 426.724 266.226 152.567 131.537 160.309 246.008 136.513 242.917 159.162 298.37 184.272 157.738 133.24 131.127 124.709 124.094 139.064 112.19 111.824 121.171 109.057 128.167 192.199 221.268 147.164 105.161 96.6539 106.57 94.8817 120.631 266.175 182.72 95.7363 192.108 112.814 94.0746 92.075 98.3938 125.021 90.7327 158.186 88.9641 86.4217 84.2668 90.9169 135.851 86.5063 83.4095 80.5634 85.2124 97.8672 91.0251 79.2102 191.616 77.2964 77.2794 75.0602 73.0211 72.6057 71.0532 70.9999 69.1362 68.8387 65.3382 63.011 61.9849 70.7952 61.9653 59.9754 59.8924 59.5773 59.4797 76.3648 127.749 59.3627 60.8698 59.1654 141.605 57.2337 77.2002 77.7698 55.7478 52.8861 50.4839 50.3033 50.1358 49.5304 49.08 53.3582 48.5492 47.4342 46.8607 46.771 46.6017 45.4646 154.266 222.424 45.1232 49.7315 220.736 123.665 64.4008 53.6847 44.7238 44.4833 42.8387 44.3953 44.1278 42.6338 141.269 42.1266 41.5344 41.3782 41.3449 39.9093 78.3503 85.7494 56.21 39.8232 39.3752 38.7282
threshold=0.52676329016685497 -0.72607553005218495 -1.3535210490226743 1.9143015146255495 0.5447368621826173 0.92774829268455516 0.49888893961906439 1.6513158082962038 0.066093422472476973 -0.6389540135860442 -0.58836433291435231 -0.54385331273078907 -0.38873952627182001 -0.38873952627182001 -0.043219527229666703 2.7500000000000004 1.0000000180025095e-35 -0.49176955223083491 -0.27722449600696558 -0.26973684132099146 0.0029145946027711038 -0.30040077865123743 -0.046189986169338219 2.3355262279510502 5.6274898052215585 -0.56174489855766285 -0.38873952627182001 -0.044805379584431641 0.25540180504322058 -0.67865929007530201 -0.20866852253675458 0.56174489855766307 -0.34362140297889704 0.47530864179134374 0.47326071560382849 0.63211616873741161 0.22925297915935519 0.69152030348777782 0.63749751448631298 0.66249006986618053 0.67647060751914989 0.53987497091293346 1.7500000000000002 -0.029419386759400364 -0.41324658691883082 0.36184209585189825 1.1470588445663454 -0.39242093265056605 -0.043209876865148537 -0.094030573964118944 0.66249006986618053 -1.0000000180025095e-35 0.21949630975723269 -0.3126778900623321 0.28289473056793218 1.0000000180025095e-35 -0.61293834447860707 0.89963558316230785 0.56174489855766307 0.99954625964164745 -0.061947070062160485 -0.03289473615586757 0.68722879886627208 0.32236841320991522 -0.69650462269783009 -0.28289473056793207 0.66861790418624889 -0.56174489855766285 0.020008387975394729 -0.98971194028854359 0.088235294446349158 -0.9618692398071288 -0.22183667868375775 0.034979423508048064 -0.4551308006048202 0.28416901826858526 -0.14731485396623609 -0.26002354919910425 -0.61293834447860707 0.73261612653732311 0.42339175939559942 -0.25331237912178034 0.16693504154682162 0.70395612716674816 0.99954625964164745 -0.35487325489521021 0.6442055106163026 1.6448457241058352 0.2171052619814873 3.7500000000000004 2.5000000000000004 -0.46471385657787317 -0.85678535699844349 -0.76927262544631947 0.21162636578083041 0.51973685622215282 -0.38298861682415003 0.072368420660495772 -0.41345766186714167 -0.38466337323188776 0.38873952627182012 0.073182232677936568 0.70395612716674816 -0.38873952627182001 0.038631947711110122 -0.36100059747695917 -0.39242093265056605 0.067778520286083235 0.42537313699722296 0.67694920301437389 -0.49176955223083491 -0.33421424031257624 0.6784479320049287 0.5214291810989381 0.45235085487365728 0.7024667263031007 -0.40131579339504236 -0.037716398015618317 0.061408136039972312 0.70978054404258739 0.8659237027168275 -0.66142448782920826 0.44522427022457128 0.14567722380161288 1.5946502089500429 0.67444664239883434
decision_type=2 2 2 2 2 2 2 2 2 2 2 2 2 2 2 2 2 2 2 2 2 2 2 2 2 2 2 2 2 2 2 2 2 2 2 2 2 2 2 2 2 2 2 2 2 2 2 2 2 2 2 2 2 2 2 2 2 2 2 2 2 2 2 2 2 2 2 2 2 2 2 2 2 2 2 2 2 2 2 2 2 2 2 2 2 2 2 2 2 2 2 2 2 2 2 2 2 2 2 2 2 2 2 2 2 2 2 2 2 2 2 2 2 2 2 2 2 2 2 2 2 2 2 2 2 2
left_child=1 92 -2 4 41 8 22 90 9 -3 20 12 -10 14 30 31 17 -17 -12 52 21 -11 -6 119 -25 68 27 -27 46 -28 -13 66 44 34 35 -32 61 38 -35 -40 -30 42 43 70 45 -33 -29 -19 67 50 76 -52 86 -14 56 64 73 65 -59 88 -45 -36 -46 -57 -56 -31 99 -24 -20 115 71 -4 -58 116 -74 -47 77 78 -50 80 -44 82 -71 113 85 -85 -7 95 -49 -89 -8 108 -1 -94 -76 -65 -72 -73 -39 100 -15 -102 103 104 -69 106 -105 -106 -23 -83 -93 -112 -113 -34 -115 -68 -55 -118 -54 120 121 -5 125 -104 -53 -123
right_child=2 5 3 23 6 19 7 -9 11 10 18 13 53 15 -16 16 -18 47 25 -21 -22 91 48 24 -26 26 29 28 40 57 33 32 83 37 36 -37 -38 98 39 -41 -42 -43 79 60 62 75 -48 59 49 -51 51 124 118 54 55 63 72 58 -60 -61 -62 -63 -64 87 -66 -67 69 102 -70 81 96 97 74 -75 94 -77 -78 -79 -80 -81 -82 109 -84 84 -86 -87 -88 89 -90 -91 -92 110 93 -95 -96 -97 -98 -99 -100 -101 101 -103 123 105 107 -107 -108 -109 -110 -111 111 112 -114 114 -116 -117 117 -119 -120 -121 -122 122 -124 -125 -126 -127
leaf_value=0.030469689368698614 0.031090954362551933 -0.019050434252740431 0.022491193501800275 -0.019596462084391534 0.024340044487891115 0.021642114728676418 0.024024202431027285 -0.0031283674166899091 -0.019981705437990296 -0.018413828510191212 0.037806915416284864 -0.020015845550588884 -0.010528697187065728 -0.022563515807978021 -0.014510435534522697 -0.013860047183652691 -0.016925041253031032 -0.014284332278935379 -0.021815678984049729 0.035399993542954852 -0.015865860160289246 -0.0074374402668493959 -0.015708836326694505 -0.0092413941352205761 0.030891392618436431 -0.020494356604176898 -0.020824468378595588 0.040102830994172577 -0.010697200158532981 -0.016472912166829765 0.057206694266957472 -0.0039025399245500346 -0.015972612049093546 -0.021343685902865776 0.01552014374963193 -0.023448005270131436 -0.016785898983645714 0.046474893853843173 0.058183738100587412 0.0069012390739209388 0.018394524385318103 0.032370993246527473 -0.02447130490303278 0.021371889782573369 -0.016845719147339566 0.12883100200005909 -0.022199799260233809 0.030573374290393373 0.028575636047324857 -0.015239177224938985 0.038697750686470099 -0.018915172505914384 -0.023209339947024708 -0.018382731085340113 0.075958408279487272 0.04785768383465637 0.056017162703480138 -0.0089110945801379113 0.020616483865348947 -0.0083657483900877443 -0.0073608959057594797 0.049454148185734494 0.045854760813506958 -0.0070156714421200804 0.0098544888004951196 -0.0057206958625448312 -0.022164494739068605 -0.019526097462178604 0.01497700672238338 -0.021985775130907124 -0.012203304392715431 0.018066027057731603 0.034424907807191624 -0.018653173879528896 -0.0051152195130817913 0.050222882736537862 0.037280265403722479 -0.017586628239267342 -0.0096897703855455056 0.03370149972844954 0.052304184976581958 0.0075176467832745392 0.077920611024351397 -0.021828127824827345 -0.022996363530163998 0.078229329502315134 -0.01441779831996888 -0.017293136210832449 0.065176162368041274 0.027603851250287807 -0.018511066553457998 -0.0097796756673004144 5.2705995802314039e-05 0.034407487055357046 0.039172754519251944 0.021417735351612059 0.030676920898923623 -0.012921900516719135 -0.00010284385981056447 -0.019187502355159893 0.067321806921103067 -0.016233429704605565 -0.0060745564643664984 0.009762867950872554 0.044679906575166982 -0.012304535740757707 0.058178336782631547 -0.0095687158568126939 0.038240869454762676 -0.014214283020376006 0.063588313190320891 0.021222151330065331 0.052405020934241826 -0.0078411679683568457 0.075241524960820275 0.031801367381949483 -0.016054449912973782 0.01856898643056052 0.028366276580812019 0.031593094820844665 0.03082971439869605 0.017979629857331723 0.030354140661290722 0.055987496738644352 0.064591614966061459 -0.019137377220981504
leaf_weight=622.94197159260511 11084.187496393919 444.29832687973976 131.96462125331163 20.224451258778572 56.646892204880714 122.15454130619764 295.79045710712671 134.22579147666693 130.78446933627129 28.878003902733326 24.949845314025879 40.580860860645771 69.739428862929344 89.031289100646973 272.1262805685401 45.368082009255886 79.67959026247263 19.527526304125786 290.71543970704079 116.86194908618927 43.946296274662018 23.13479395210743 72.379719875752926 61.939439423382282 58.527742549777031 101.80277401953936 342.60252591222525 97.975723661482334 135.92310506105423 350.10270518809557 74.782185025513172 12.491683907806875 154.63714712113142 98.628604240715504 86.545154087245464 20.952692940831184 59.97399889677763 28.218660302460194 21.719262555241585 81.718071021139622 66.077337607741356 295.10340416431427 14.290873870253565 53.23469328135252 25.928039781749249 8.1804921552538854 10.114124834537504 98.747580572962761 48.627813026309013 393.40076407790184 47.817135855555534 19.451481454074386 37.53820925205946 23.798893742263317 19.853374086320404 25.802067123353481 15.080765284597872 248.61148297041655 135.99938882142305 17.649620704352856 126.21986848860979 37.315610207617283 10.413615405559538 27.347560845315456 9.6731235906481725 823.39720125496387 7.4446942657232276 44.132251664996147 20.679891012609005 12.902250133454801 10.72390692681074 31.471792064607143 34.241622067987919 71.030884929001331 59.526896089315414 7.2964450418949118 11.802430003881453 177.22215204685926 123.60595985502005 209.43548019230366 5.8099368661642066 43.657554522156715 10.130624055862425 4.3382091000676146 9.4004426300525648 10.950358018279077 19.949654534459114 37.833686701953411 20.338840544223785 13.559729501605032 11.515881605446337 7.5185576006770125 46.381147228181362 29.640181131660938 11.876099593937395 165.47687005996704 206.39360680431128 51.14358352124691 12.35378711670637 632.31876958906651 22.934973515570164 28.678996376693249 6.1414846479892757 107.80807730555534 59.194172345101833 156.00258779525757 12.237030021846293 8.3227561861276609 13.62248210608959 274.9644021242857 23.845377422869205 50.448895424604416 28.355712354183197 67.206378199160099 9.3217495009303075 25.969052150845528 17.343874283134937 67.699634790420532 7.4512709677219382 2077.490563750267 841.28647801280022 246.15478228777647 202.92842930555344 12.662549734115599 2.5553054660558692 11.782768242061136
leaf_count=649 8683 5142 258 110 127 427 844 993 1595 337 18 441 572 1015 3014 429 825 162 3530 89 416 135 683 393 55 1108 4182 463 1267 4148 89 99 1711 785 343 174 410 53 62 372 397 221 131 130 270 16 119 269 192 3796 148 170 405 239 25 55 39 2558 714 124 919 98 39 178 62 8180 88 388 90 162 64 110 86 689 412 37 21 1653 1063 206 21 399 55 57 90 26 195 356 31 45 84 57 290 89 17 644 352 472 62 7458 66 298 45 584 160 1425 42 71 41 2852 70 276 63 692 69 63 192 319 11 1576 737 525 269 12 9 81
internal_value=0 -0.00102731 0.0270975 0.020243 0.00951632 -0.00398662 0.00116697 0.0146604 -0.00503839 -0.00787143 -0.00614005 -0.00226568 0.00495015 -0.00450119 0.00268345 -0.00792991 0.00689869 0.0163132 -0.00782695 0.0191906 0.0141945 0.0217088 -0.00321372 0.0291933 0.0102567 -0.00826085 -0.00676468 0.00334955 0.0111775 -0.00895648 0.0109972 -0.0107711 -0.00105398 0.0134073 0.0213494 0.0395545 0.0118687 0.00425635 -0.00137299 0.0176693 -0.00118087 0.0227597 0.0193859 0.0151927 0.0219613 0.0490407 0.0342731 0.0250734 -0.00441127 -0.00828695 -0.00194243 0.0235956 0.00906594 0.00981771 0.0121821 0.0197315 0.00465904 -0.00634691 0.00152993 0.0306942 0.0011626 0.0257435 0.00112096 0.0159512 0.0543022 -0.00892852 -0.013481 0.00226145 -0.0193723 -0.00643524 0.0210249 0.0134017 0.0180929 -0.00435736 0.0126792 0.091772 -0.00687842 -0.00836982 0.00111394 0.0305505 -0.00228012 -0.00899885 0.0219564 -0.00683899 0.0221057 0.0498375 0.0165798 0.0125802 0.0364832 -0.00544744 0.0224303 0.0295948 0.0286183 0.0134474 0.00225098 0.0173851 0.028559 -0.00111725 0.0322926 -0.0168999 -0.00661518 0.0208948 0.00546116 0.00399366 0.0152569 -0.000561835 0.0146982 0.0379927 0.00949123 -0.0112366 0.0363023 0.0396776 0.0324425 -0.00993035 0.00227898 0.0197776 0.00497213 0.0115078 -0.0146673 0.0298643 0.0271483 0.0207106 0.0224794 0.0357177 -0.00921883 0.0162841
internal_weight=0 7701.01 17541.9 6457.67 2937.33 7002.05 1801.54 441.532 6698.09 3313 2868.7 3385.09 800.669 2584.42 834.915 1749.51 281.311 201.632 2648.95 303.956 219.75 175.804 1360.01 3520.33 120.467 2624 2312.61 411.893 310.09 1900.71 562.789 1468.2 320.165 522.208 279.57 95.7349 183.835 242.638 202.066 103.437 202 1135.79 840.688 611.152 64.3103 27.9686 108.09 156.264 1303.36 824.483 431.082 69.8239 187.094 669.885 600.145 299.546 300.599 1558.11 384.611 136.736 179.455 123.861 36.3417 270.02 29.5265 1173.5 1148.03 478.881 311.395 375.069 431.698 214.58 120.725 179.873 105.645 15.4769 361.258 349.456 172.234 229.536 20.1008 341.655 23.0329 255.854 24.689 15.2886 142.104 244.218 119.086 51.3934 307.306 146.926 698.963 76.0213 71.403 192.824 217.118 82.6154 40.5724 772.964 140.645 51.614 406.501 387.697 111.649 276.048 120.045 67.5169 36.7573 318.622 110.169 102.65 78.8046 231.165 76.5281 33.4137 108.842 85.0435 44.9895 3399.87 1322.38 481.09 460.866 18.804 22.0068 257.938
internal_count=92119 64296 27823 19140 15394 63268 12510 1921 62141 33311 28169 28830 5525 23305 5903 17402 1840 1015 26774 1127 1395 979 10589 3746 448 26756 23136 3354 2246 19782 2889 15562 3106 2448 1114 263 851 1334 1219 434 1664 2884 2663 2305 461 152 582 586 10462 7052 3256 327 1038 3930 3358 1365 1993 15600 3272 424 1049 441 309 1278 87 12328 12456 3410 3620 3619 1256 840 554 1439 515 53 2929 2908 1255 358 152 3468 217 2645 173 83 622 1223 300 401 928 642 1028 379 429 822 416 582 115 8837 1379 364 2727 2670 619 2051 626 231 176 3251 466 409 339 2472 761 151 750 511 416 3298 1722 985 875 57 179 606
is_linear=0
shrinkage=0.02


Tree=43
num_leaves=127
num_cat=0
split_feature=14 15 15 14 14 15 1 13 2 0 0 13 1 1 6 13 13 0 6 15 8 0 8 15 8 11 8 8 0 8 1 15 8 8 13 6 8 2 15 8 3 0 6 3 14 7 8 11 8 8 1 13 11 7 2 1 14 1 2 6 12 12 8 6 0 7 2 2 1 8 0 0 1 8 2 0 0 2 13 12 8 8 11 4 11 5 7 0 2 15 8 0 13 12 1 15 8 8 14 8 8 1 11 8 8 8 11 15 3 8 14 13 2 1 0 12 13 12 3 7 2 7 12 1 2 0
split_gain=11471.3 2339.03 562.638 824.026 396.141 355.864 346.704 204.111 172.577 155.275 147.348 116.328 102.598 96.5757 113.398 104.948 90.4114 89.54 144.599 129.373 115.254 111.022 167.404 127.905 90.6892 101.232 127.73 98.0818 84.9533 79.9798 70.3554 67.7435 60.9042 82.1851 56.0571 63.3106 58.2521 55.9344 54.8894 69.8609 54.09 52.9576 63.2074 51.3507 50.3983 48.9636 47.8388 80.8382 61.6635 46.4313 87.9346 80.5217 74.5161 53.3329 47.9572 44.3826 78.06 44.1208 46.8177 41.9104 41.3247 53.2997 41.2013 43.6179 93.1927 103.183 63.2903 59.2004 59.1308 56.1987 53.8788 71.3921 51.7526 44.2462 90.2893 43.2364 40.7152 55.4213 40.5099 37.2588 37.1863 47.018 36.7244 33.7148 33.536 46.4689 33.4299 32.539 31.7058 38.4027 31.3219 31.1318 30.8988 30.0222 46.7382 58.6941 29.858 51.3562 29.0138 31.299 34.3373 28.799 28.5406 28.2045 43.5899 72.4421 27.9932 27.8785 27.8445 27.3008 26.8595 26.1406 25.665 25.2663 24.9077 24.1209 24.02 23.7233 22.2111 21.8876 21.7325 34.5627 21.4877 21.4251 27.9277 25.5153
threshold=0.7761511802673341 -1.2063425183296201 -1.3535210490226743 2.2709668874740605 -0.12468271329998969 0.96496084332466137 0.82236841320991527 1.0196729302406313 -6.6604938507080069 0.37736880779266363 -0.27722449600696558 0.79182052612304699 1.7302631735801699 1.0000000180025095e-35 0.41666667163372045 0.12941011786460879 1.0784741640090945 2.4834250211715703 2.7500000000000004 0.28416901826858526 0.59008219838142406 -0.072725236415863023 -0.64291095733642567 -0.66060432791709889 0.69152030348777782 0.6784479320049287 0.70493233203887951 0.6981552541255952 -0.27722449600696558 -0.61293834447860707 0.5447368621826173 0.67755714058876049 0.64028519392013561 0.57422092556953441 0.75585690140724193 1.5833333134651186 -0.18191947788000104 -6.6604938507080069 -0.87305051088333119 0.075611963868141188 -0.08823529444634913 0.056667001917958267 0.91666665673255932 1.4411764740943911 1.2068750262260439 0.70779410004615795 0.69533789157867443 -0.22252093255519872 0.65877640247344982 0.70493233203887951 0.59868422150611889 -0.3996183425188064 0.6784479320049287 0.37663231790065771 0.9650205969810487 2.5723683834075932 6.3308494091033944 0.71710523962974559 0.010288065765053036 0.011494252830743791 -15.292791843414305 1.6644907593727114 -0.70238840579986561 1.9166666865348818 1.4448422789573672 0.30647946894168859 -0.17901234328746793 1.7674897313117983 -0.12500000372529027 -0.56127089262008656 -0.046189986169338219 -0.053875114768743508 -0.085526313632726655 -0.69815525412559498 -0.49176955223083491 -0.26138153672218317 -0.13743405789136884 -0.4218106865882873 4.7808580398559579 -49.900762557983391 0.42524318397045141 -0.17293875664472577 0.6784479320049287 1.0000000180025095e-35 0.6784479320049287 0.99954625964164745 1.0000000180025095e-35 1.5368232131004336 -0.12139917910099028 0.37388169765472418 -0.49999999999999994 -0.15902843326330182 -0.30268098413944239 1.328506648540497 -0.30040077865123743 -1.7392292022705076 0.038631947711110122 -0.081757880747318254 0.81779974699020397 -0.16392838954925534 -0.14582495391368863 0.55921050906181347 1.0000000180025095e-35 0.038631947711110122 -0.64291095733642567 -0.65763062238693226 -0.22252093255519872 -0.23057414591312406 0.97058823704719555 -0.17293875664472577 1.8098452091217043 -0.29219289124011988 1.1831275820732119 -0.30040077865123743 0.0029145946027711038 -7.331183433532714 -0.14984329789876935 -0.6812496781349181 1.5588235259056094 -0.72410258650779713 0.5658436417579652 0.69559305906295787 3.3339674472808842 2.256578922271729 -0.14609053730964658 1.8471097946166994
decision_type=2 2 2 2 2 2 2 2 2 2 2 2 2 2 2 2 2 2 2 2 2 2 2 2 2 2 2 2 2 2 2 2 2 2 2 2 2 2 2 2 2 2 2 2 2 2 2 2 2 2 2 2 2 2 2 2 2 2 2 2 2 2 2 2 2 2 2 2 2 2 2 2 2 2 2 2 2 2 2 2 2 2 2 2 2 2 2 2 2 2 2 2 2 2 2 2 2 2 2 2 2 2 2 2 2 2 2 2 2 2 2 2 2 2 2 2 2 2 2 2 2 2 2 2 2 2
left_child=1 41 -2 6 28 8 7 13 -6 38 -10 45 16 15 31 40 29 18 20 30 21 22 -12 -24 -22 27 -27 -26 -3 59 -20 44 33 43 36 -36 -23 -30 39 83 76 93 -43 -21 98 60 48 -48 62 51 54 52 53 -49 -51 -13 -57 58 110 -11 -5 88 -39 70 65 68 -67 69 -65 -66 71 75 -73 74 -72 -64 77 -4 -19 -9 81 -63 -52 103 123 -86 -78 -32 89 107 -90 111 -16 -1 95 -95 97 -79 99 -15 -101 -75 -35 104 105 117 112 -62 -18 -59 -46 -7 -106 -53 -111 -55 -56 -8 -81 -60 -88 -122 -120 124 125 -14
right_child=2 4 3 11 5 91 9 79 10 12 17 55 84 14 92 -17 108 78 19 32 24 34 23 -25 25 26 -28 -29 37 -31 87 -33 -34 102 35 -37 -38 46 -40 -41 -42 42 -44 -45 57 -47 47 49 -50 50 82 113 -54 115 116 56 -58 109 119 -61 61 80 63 64 67 66 -68 -69 -70 -71 73 72 -74 101 -76 -77 86 96 -80 118 -82 -83 -84 -85 85 -87 120 -89 90 -91 -92 -93 -94 94 -96 -97 -98 -99 -100 100 -102 -103 -104 -105 106 -107 -108 -109 -110 114 -112 -113 -114 -115 -116 -117 -118 -119 122 -121 121 -123 -124 -125 -126 -127
leaf_value=0.031075699418683531 0.030838838496403811 0.031680463654159385 0.025894323368350295 0.026961095549129829 0.032077254045093158 0.042757733159155251 0.022286202086130427 0.0026503764493396643 0.034005810605517446 0.033066343414163341 -0.022566873711677475 0.030332537266567889 0.020447028410232108 -0.022781170298536366 -0.003125461631803926 0.02798859024523306 0.030603593558928128 -0.019975703880784981 0.03631966750481417 0.0071350923875684062 -0.018956299774525502 -0.0028100049576461391 0.023387789290202601 0.0031912268239910687 0.015809754703064938 -0.022573662740193092 0.046881013083468356 -0.017097401407841134 0.033386852871971191 -0.015781147043573012 0.035395610832446738 0.035641618584588926 -0.020313555760770145 0.038950060373785664 -0.00035055141007410325 0.028540044204517414 -0.011295975491870596 -0.021730087004358353 -0.01961028207339072 -0.019527884003176045 -0.010524441459395515 -0.010687479274433411 0.031948925742207715 -0.019540821826348424 0.0016160881449386495 0.029637227137170263 -0.021841371547793087 0.043853804528756674 -0.021951289255367552 -0.022405430519524733 -0.0044002465053291032 0.013450687390349434 0.10433109975560859 0.049123695230556867 -0.011074662244952148 -0.01423985843469559 0.030236122433907834 0.036585758448774597 0.0047713640381600525 -0.015000259423396301 -0.0080521967140058433 0.018575265732287408 -0.021157975304062378 0.039502684215585442 -0.00083341577995087732 -0.010963231851322926 0.0047901677593658225 0.055397051250317797 0.007350552999290225 -0.017582710020941656 0.08822369115063923 -0.021678074269025509 0.03983335484188244 -0.018207425355875734 -0.021755961095427812 -0.0077815672792164968 -0.024219404387450273 -0.01314755573688923 0.059195915425584708 0.03059697411550838 0.033589269647896124 -0.027850328751616065 0.055180623290220047 0.032484165186781787 0.038960191577264151 -0.023924974917778417 0.03298354647792897 -0.016317700520990963 0.010515616002476158 -0.013546431108248389 -0.016320744009917208 0.028708929024099356 0.030215391500218441 0.027861563357100817 0.030345201217284845 -0.013618407028638953 -0.023838560661462792 0.041334015683859048 -0.015152403249171388 0.066799548293745292 0.0065375514982701109 -0.0095803687076471741 -0.0061289088791174574 0.024578661737137929 -0.00064118281328311752 0.044036318966685938 -0.016359094312509745 0.029717073747743818 0.011596076773014916 -0.014222721448363673 0.031137129290646225 -0.023416164254667901 0.056168023522412965 -0.014649666490508678 0.035213209366953144 -0.014967619397385371 0.033952457998495132 -0.022938920421338875 0.032761416123083753 -0.022305509626823077 -0.024449262443936901 0.037865678027849022 -0.0071146704990956494 -0.018832756065295355 -0.023986294708985945 -0.023401040978917577
leaf_weight=796.94718006253242 10503.966177761555 20.272637590765953 31.203018613159657 92.956366337835789 61.030553102493286 3.3219112008810034 6.630072824656966 21.185534000396729 45.381222009658813 31.577647812664509 87.159367501735687 3284.2863097861409 23.849602475762371 10.419505797326563 12.948133431375025 250.32258738577366 130.61471284925938 129.85547562688589 89.690818674862385 103.07809635996819 291.76180513203144 763.21404629945755 149.23588923364878 786.21157518029213 48.399688675999641 15.8858275860548 31.778764046728611 144.08860465884209 12.189952850341795 49.315551526844501 6.7260852903127697 20.275343775749207 40.234478034079075 34.714572913944721 424.58796811848879 32.675483427941799 561.71192637830973 106.9781656190753 110.64476477354765 67.180597439408302 45.257831484079361 29.343026384711266 26.440260097384453 40.091533750295639 32.805453687906265 137.48524197191 58.285838201642036 23.825558267533779 168.92627157270908 60.946756713092327 6.2926878035068521 23.011783204972744 5.3643380999565116 2.8644214645028105 8.5583435446023959 24.837700791656971 43.307062417268753 25.165821701288223 17.519607052206993 9.4206593632698041 9.7971567884087545 53.377334460616112 105.86642390489578 34.249586090445518 107.57075843587518 241.49839758127928 176.61555396765471 5.0766769647598258 68.922582924365997 314.11393472552299 4.9911043122410774 7.4670552015304592 20.468944177031517 518.2524154484272 7.4319704696536046 1111.0282300114632 5.2930991649627677 19.945677801966671 2.6376395225524893 491.10177804529667 53.543315142393112 10.431100375950335 12.085697166621685 15.836215883493422 13.987556837499143 7.0791475176811209 60.932715803384781 17.6083769723773 28.246260859072208 16.124180190265179 45.289758116006851 179.56681368499994 78.687155783176422 26.605804815888405 84.174009740352631 28.010819710791111 24.632933408021927 10.598091050982474 115.21943633258343 4.7660689279437092 18.320804625749588 220.6892112120986 6.7026149183511725 18.785746157169342 15.564516916871073 18.826576516032219 64.183450996875763 38.681108608841896 40.352299407124519 11.02555224299431 19.749954730272293 8.491858668625353 3.9981263652443877 28.83945294469595 6.4683930575847617 13.049641184508799 10.618983931839464 15.453525125980375 9.5007097572088259 37.505999155342579 7.3938729763030988 6.8667128086090088 12.539836540818213 51.333018869161606 13.3286050632596 6.8281280398368827
leaf_count=637 8189 20 86 146 46 14 26 58 34 54 912 2716 127 102 65 309 157 1376 144 722 3132 6375 428 5844 364 162 134 1490 9 378 22 15 406 94 3148 142 5487 1493 1111 704 298 173 22 439 199 147 779 47 2171 724 66 168 26 6 81 142 38 66 99 65 38 116 1346 124 967 2819 1323 4 559 3984 11 105 90 6746 102 12087 41 147 6 475 67 58 21 28 20 59 139 176 75 83 226 200 127 27 99 115 204 17 1025 7 135 2604 59 63 85 26 576 69 94 89 39 80 6 331 14 138 25 149 12 267 54 5 44 476 116 66
internal_value=0 -0.000441942 0.0280537 0.0231459 -0.00420552 1.07294e-05 0.0131458 0.018906 -0.00129119 0.00180224 -0.00181968 0.0286755 0.0106088 0.0129489 0.00589303 0.0192179 0.0175665 -0.00224662 -0.00166435 0.0107839 -0.00292848 -0.00130977 0.00394322 0.00641327 -0.011464 -0.00236155 0.0237329 -0.00882315 -0.00914264 0.00137951 0.0281366 0.000263801 0.00198291 0.00684288 -0.00432389 0.00171393 -0.00640769 -0.00938004 -0.00806454 -0.00242345 0.00886792 0.0284522 0.0095214 -0.000334916 -0.00213546 0.0195303 -0.00953011 -0.00116921 -0.0101889 0.00499526 -0.00467574 0.0148206 0.0343628 0.024918 -0.0137259 0.0300011 0.0140253 0.00603462 -0.000790331 0.0220215 0.0155425 0.0113879 -0.00953773 -0.00909472 -0.00556239 0.000111234 -0.00430884 -0.0124927 0.0180239 -0.01331 -0.0107723 -0.00821958 0.0233919 -0.0150016 0.0224296 -0.00894528 0.0141276 0.00459126 -0.0183996 0.0286424 0.021299 0.0109858 0.0347804 0.00479089 -0.00500823 0.0178286 0.0243621 -0.00202406 0.00296833 0.0131911 -0.00601251 0.0266399 0.0255043 0.0295807 0.0209963 0.00658804 -0.00745584 0.00575649 -0.0103888 0.00599217 0.0189781 -0.0156309 0.0316549 0.00173351 -0.00170927 0.015212 -0.00997534 0.0220841 0.0261174 0.023246 0.0127099 -0.00480874 0.0109692 -0.00217862 0.00405623 -0.00343163 0.013858 -0.00936116 0.0297155 -0.0136845 0.0277819 0.00555643 0.0100742 -0.0100544 0.000185527 0.0106875
internal_weight=0 8603.72 16464.8 5960.81 7612.2 4105.84 2122.44 1407.65 3914.46 714.791 3853.43 3838.36 377.687 873.324 410.877 462.447 261.281 3808.05 3675.56 338.847 3336.71 2804.8 1022.61 935.447 531.915 240.153 47.6646 192.488 3506.35 90.3139 114.025 319.242 224.821 184.587 1782.19 457.263 1324.93 3486.08 337.104 226.459 212.124 991.521 55.7833 143.17 298.967 485.932 3473.89 253.744 3220.15 195.458 98.5025 96.9552 45.104 39.7396 80.1241 3352.43 68.1448 150.241 107.581 40.9983 348.447 255.49 3051.22 2944.24 948.047 521.286 418.114 426.761 103.172 421.685 1996.2 1244.83 27.936 751.365 12.4231 1216.89 166.866 86.3797 132.493 534.328 117.352 63.8084 18.3784 159.278 116.406 21.0667 80.4864 24.3345 138.138 64.6024 73.536 191.381 91.6353 935.738 138.791 54.6166 55.1767 30.5438 148.726 33.5064 23.0869 738.942 41.4172 143.442 124.656 40.9102 83.7461 48.4783 170.967 42.6598 52.5554 11.8138 19.5626 51.8512 17.4939 15.9141 19.1773 22.0836 513.142 55.0256 75.1933 14.2606 22.0405 95.3394 44.0063 30.6777
internal_count=92119 71485 20634 12445 70412 31436 8524 4138 31142 4386 31096 3921 1612 3549 2249 1300 748 31062 29680 2062 27618 22336 7184 6272 5282 2150 296 1854 38976 497 342 2057 1720 1314 15152 3290 11862 38956 2774 1663 991 1073 195 1161 2042 1025 38947 2412 36535 1633 917 716 217 191 830 2896 180 773 604 119 878 732 34364 32871 9780 4825 4142 4955 683 4951 23091 13628 195 9463 113 13433 693 454 1382 589 241 174 87 959 864 79 239 198 491 190 301 294 192 878 241 142 368 164 1269 244 142 9350 153 931 868 201 667 107 251 169 238 94 91 499 103 144 106 175 531 366 198 59 56 785 309 193
is_linear=0
shrinkage=0.02


Tree=44
num_leaves=127
num_cat=0
split_feature=14 15 15 14 14 15 1 13 2 0 0 13 10 1 16 0 8 8 15 10 16 10 8 8 8 11 13 0 2 10 0 8 2 15 15 0 16 8 8 13 0 8 8 14 16 3 16 0 8 15 16 0 6 0 14 15 1 8 13 15 8 15 5 0 6 10 10 15 2 1 8 16 10 8 10 8 8 13 2 0 12 1 13 8 14 5 8 12 10 2 11 12 12 0 10 11 5 8 14 2 2 0 12 1 15 2 14 15 5 15 0 2 13 0 0 14 1 1 10 14 10 3 5 13 3 14
split_gain=11123.4 2263.34 555.314 802.242 384.544 343.304 333.564 198.028 167.073 149.988 142.471 117.477 106.745 98.7044 98.5505 95.7065 107.237 129.224 104.553 115.498 91.8984 154.209 203.344 95.1007 254.28 87.6248 86.7648 86.0992 85.3324 83.0902 82.8814 77.0108 73.0898 89.5093 82.0514 71.1339 121.263 103.362 117.448 87.4208 84.6268 65.7354 93.49 64.8816 86.804 65.2895 64.2001 63.7098 88.0743 61.6292 60.2605 98.3105 60.1902 67.6279 59.0599 57.7838 56.9611 55.551 54.8138 53.7238 68.0249 51.5858 51.4975 51.4244 61.0823 48.4453 47.9385 44.1342 42.727 42.6425 42.5579 78.0672 51.4269 57.3771 69.093 49.8151 95.3482 47.148 41.8209 52.0937 44.4768 40.7805 72.5238 40.7047 39.0175 38.8915 36.8957 36.2153 35.2055 34.7645 34.0914 49.8481 360.079 32.3943 64.7636 32.355 44.3981 31.4032 31.3891 31.1853 31.1744 30.0274 29.7774 44.996 56.6401 29.773 29.4365 67.0371 29.0692 28.712 83.1918 67.547 28.5844 28.5687 63.9981 28.4339 28.1292 43.2072 28.018 29.3013 27.5716 84.9437 29.0579 27.0031 26.9677 26.3834
threshold=0.7761511802673341 -1.2063425183296201 -1.3535210490226743 2.2709668874740605 -0.12468271329998969 0.96496084332466137 0.82236841320991527 1.0196729302406313 -6.6604938507080069 0.37736880779266363 -0.27722449600696558 1.0784741640090945 -0.56174489855766285 1.7302631735801699 1.1286340951919558 -0.12116655334830283 -0.64291095733642567 -0.59348425269126881 -0.72607553005218495 -0.38873952627182001 0.88005742430686962 -0.38873952627182001 -0.17293875664472577 -0.54975369572639454 -0.60341805219650257 1.0000000180025095e-35 1.0784741640090945 -0.15902843326330182 -0.92798352241516102 1.0000000180025095e-35 0.0067396073136478671 -0.61293834447860707 -6.6604938507080069 0.67755714058876049 -1.0594110488891599 2.4834250211715703 0.88640671968460094 0.58489501476287853 0.5214291810989381 0.16974896937608722 1.3885927200317385 0.28964744508266455 0.5214291810989381 1.2068750262260439 0.82225069403648388 -1.0000000180025095e-35 -0.165203683078289 -0.24250671267509458 -0.13673496991395948 0.36422635614871984 0.63850855827331554 0.83184224367141735 1.9166666865348818 1.3989435434341433 -0.30094012618064875 0.59179481863975536 0.5447368621826173 0.69152030348777782 -0.30612529814243311 -0.87305051088333119 0.075611963868141188 0.5260186791419984 1.5000000000000002 0.056667001917958267 0.91666665673255932 -0.56174489855766285 -0.56174489855766285 0.62752261757850658 1.3024691939353945 -0.24342105537652967 0.59008219838142406 0.99167782068252575 1.0000000180025095e-35 -0.22632499039173123 0.38873952627182012 0.42524318397045141 0.48216935992240911 -0.15572346001863477 0.50000000000000011 -0.0084123723208904249 -13.986121654510496 2.3881578445434575 5.6274898052215585 0.39499190449714666 -0.33037325739860529 0.99954625964164745 0.60503366589546215 -49.900762557983391 0.38873952627182012 -1.0555555224418638 -1.0000000180025095e-35 -1.0000000180025095e-35 -0.28626279532909388 -0.0053564114496111861 0.38873952627182012 0.6784479320049287 0.99954625964164745 -0.69284561276435841 0.30805587768554693 -0.6810699701309203 -0.71399176120758046 -0.15902843326330182 1.328506648540497 -0.30040077865123743 -1.7392292022705076 -0.335390955209732 -0.22542341798543927 0.61259219050407421 37.500000000000007 -0.55174565315246571 -0.033611157909035676 0.12139917910099031 -0.45845098793506617 -0.21019178628921506 -0.15358143299818036 -0.52236616611480702 1.1513158082962038 1.4539473652839663 1.0000000180025095e-35 1.163232207298279 0.56174489855766307 1.382352948188782 0.99954625964164745 -0.24704439938068387 0.97058823704719555 -0.26012438535690302
decision_type=2 2 2 2 2 2 2 2 2 2 2 2 2 2 2 2 2 2 2 2 2 2 2 2 2 2 2 2 2 2 2 2 2 2 2 2 2 2 2 2 2 2 2 2 2 2 2 2 2 2 2 2 2 2 2 2 2 2 2 2 2 2 2 2 2 2 2 2 2 2 2 2 2 2 2 2 2 2 2 2 2 2 2 2 2 2 2 2 2 2 2 2 2 2 2 2 2 2 2 2 2 2 2 2 2 2 2 2 2 2 2 2 2 2 2 2 2 2 2 2 2 2 2 2 2 2
left_child=1 63 -2 6 20 8 7 12 -6 59 -10 55 -4 26 15 16 -12 27 83 -20 21 22 -3 24 28 29 31 -18 56 -26 41 46 -14 34 -34 36 37 38 -17 40 -38 47 -43 44 45 -36 -11 48 -24 52 -32 54 -22 58 84 78 -23 -39 -54 60 65 85 -41 102 -65 -8 -51 -53 113 -29 72 -72 106 74 -74 -75 123 99 80 -80 -5 -13 100 -19 105 86 -44 -9 -55 -45 -25 92 109 94 -82 -15 -97 -76 -16 108 -83 -7 -1 104 -104 -52 -68 -108 -73 110 111 -92 -27 -49 -115 -99 -67 -118 119 -119 122 -122 -31 -77 -28 -58
right_child=2 4 3 11 5 101 9 87 10 13 14 81 32 95 98 35 17 18 19 -21 49 23 30 90 25 112 124 69 -30 120 50 -33 33 -35 43 -37 39 57 -40 62 -42 42 61 89 -46 -47 -48 68 -50 66 51 67 53 88 -56 -57 125 -59 -60 -61 -62 -63 -64 64 -66 116 70 -69 -70 -71 71 77 73 75 97 76 -78 -79 79 -81 93 82 -84 -85 -86 -87 -88 -89 -90 -91 91 -93 -94 -95 -96 96 -98 115 -100 -101 -102 -103 103 -105 -106 -107 107 -109 -110 -111 -112 -113 -114 114 -116 -117 117 118 -120 -121 121 -123 -124 -125 -126 -127
leaf_value=0.030712616521522445 0.030497845239095281 -0.019156704755441966 -0.013471550878227396 0.029541464618961597 0.031698261071059421 -0.0047425098541779339 -0.022128649001563135 0.0025968966838531781 0.033561402516947871 0.037663333216458976 -0.022538008701816822 0.030195618998441739 0.03261918719254818 -0.0099367047732411683 0.0012383258785336592 -0.0045743887757822331 -0.014729457100761137 0.03162818361082053 0.010216116614990093 -0.0063629596395201439 -0.022553906336396781 -0.014590361960739737 0.042870129128085743 -0.020020509992085784 -0.010500503624844384 0.038144626117902702 0.03005771979099223 0.065230704682760293 -0.020136931887543289 0.036549377583494518 -0.021828525091715158 -0.015624739301623796 0.031543867988415429 0.029689338495867631 0.0047525118216902862 -0.019599182392574445 -0.012258531471056695 -0.0212792730057925 0.016305989689074325 0.032921534066382277 0.017637402797499067 -0.022845860895057409 0.02343701683399893 -0.02509129812128259 0.022893665083601623 -0.016875271270508262 -0.017218594556971802 0.041876792754512303 -0.024113088417555929 -0.021739750017748759 0.061954209461803918 -0.021855116696369012 -0.022043561093455379 -0.014852747069929357 -0.023062192865618711 0.029202729659091386 -0.0004665189405419847 -0.0057408698886809552 0.039676577237868361 -0.019496676708565027 -0.01942675760371616 -0.022492723002103043 0.0015352321948271502 -0.010536165296349004 0.031503154013583473 -0.017078420113488917 -0.018753528919183571 0.041643042151271861 -0.024925715446339067 0.028871054071504566 -0.013706940222218614 -0.022657954803158516 -0.022928877752842265 -0.021984674701790233 -0.023114416349052612 0.036725625328616077 -0.022357294849252543 -0.02238812330363818 0.01863878147226879 -0.021375842810392624 -0.024764781007592981 0.013002823341339715 0.031520720020655306 -0.0027224936398597679 0.091746420520852356 -0.023097238687866565 0.0047982347937938555 0.02928087700736412 0.02109889770691472 0.015344870522860928 -0.022691766140362356 -0.017858494627779522 0.13031921237181007 0.017447684977973572 0.020815928055944247 0.037888397561848974 -0.02383835198358638 -0.023256902743070879 0.031415355157455714 0.028014638725546465 -0.025623248434363099 0.028258644233579214 0.0274413943008818 0.029838500032224907 -0.013391936759599826 -0.022750243434818414 -0.022230956721129819 0.04586836469827521 0.052405183324326934 -0.01260855387373137 -0.021998481288595717 0.086949782144588636 -0.022292782104966574 -0.0093792677874864668 0.025090926974662048 0.023152112618709867 0.022781560057377328 0.027823010686609785 -0.023351549375729943 -0.0082683595810803586 -0.022709974348025949 0.051285988819949287 0.073748054145471753 -0.0081379331107548948 0.011353601234132031 0.056099185393965863
leaf_weight=790.30795895308256 10409.926386728883 251.78613821417093 58.065694727003574 102.15498889237642 60.530068159103394 11.75359847396612 23.008512660861015 21.189344808459282 45.06566333770752 29.010302409529686 61.594331957399845 3125.588630720973 81.041794657707214 94.565795533359051 19.846016697585583 1939.2473579421639 13.455775931477545 62.764796614646912 273.28068513423204 436.61348606646061 18.551149904727936 13.763948164880278 10.408337861299513 606.23401927947998 19.406621485948563 3.6202949807047871 130.32986790686846 19.794623047113419 244.37580551207066 45.082849413156509 86.880003675818443 48.818057842552662 62.174944207072258 105.01859728246927 123.94069945812225 119.04948981851339 93.165798105299473 220.35499505698681 114.09223871678114 71.509400211274624 63.817713610827923 58.819628573954105 63.916007816791534 8.7765618190169317 55.68307526409626 101.59852984547615 12.074359856545923 24.495057158172131 31.969173774123192 63.46051262319088 3.9302107319235811 33.894085042178631 6.5662935450673094 28.372384294867516 4.3146853148937216 193.91864903271198 4.5540903732180622 158.03643821924925 46.622982673346996 109.0794612839818 66.189678721129894 23.725547350943089 29.552108585834503 29.170889899134636 26.279712185263634 14.493514128029345 141.00485727936029 5.0278689786791793 8.1615139171481115 37.054255828261375 50.732726968824863 9.6723062098026258 21.515438817441463 66.805926315486431 7.2772913724184027 24.998240768909458 30.576536223292351 10.545681238174437 26.801699854433537 25.297345258295536 23.417625769972801 16.341224998235703 48.543868601322174 17.686948627233505 7.7843508645892152 14.346727252006529 126.67679764330387 510.37176603078842 17.687089718878269 274.49396708607674 3.2729299888014811 496.12646375596523 7.3717257976531974 204.92194677144289 26.669107645750046 14.094461709260942 6.963931903243064 5.6477171108126631 45.164315566420555 66.844032943248749 17.107890173792839 178.78736162185669 26.474237576127052 83.894131854176521 27.915783144533634 2.8733734041452408 14.359720297157766 9.6799124926328641 2.6233878135681143 313.06022793799639 13.982457056641577 7.174325630068779 23.124549172818661 26.691194489598274 111.73601355403662 81.262873090803623 69.065850801765919 16.735432855784893 16.016995877027512 19.461429759860039 11.220198854804041 13.884444504976271 10.323209412395952 6.8333820700645438 40.389427497982979 11.960599347949026
leaf_count=637 8189 3604 487 135 46 94 274 58 34 33 654 2544 61 785 119 16524 115 108 1526 4061 196 157 12 8505 219 16 157 36 3359 108 1149 378 56 123 737 1289 862 2507 771 162 330 588 260 61 158 872 86 69 262 881 14 457 80 317 41 208 41 1511 160 1111 704 270 174 173 22 111 1798 24 55 137 559 111 212 861 71 93 363 118 66 115 120 49 39 107 13 146 790 531 79 994 36 6597 10 476 56 20 59 62 69 251 113 200 27 99 115 28 173 48 2 4023 176 26 265 159 504 307 224 74 138 138 119 16 26 66 94 24
internal_value=0 -0.000436568 0.0277161 0.0228273 -0.00414583 9.65101e-06 0.012942 0.0185979 -0.00127049 0.00177557 -0.00179003 0.0283076 0.0127259 0.0104354 -0.0022097 -0.00263507 0.00295507 0.00477954 0.00246816 1.93175e-05 -0.00903571 -0.0107139 -0.00391173 -0.0140163 -0.00540173 0.0180412 0.0172585 0.0307635 -0.0162129 0.0266476 0.0020334 0.00135649 0.0145976 0.0126015 0.00973788 -0.00447053 -0.00380094 -0.00518427 -0.00341419 0.0092351 -0.000105088 0.00588468 -0.000358215 0.0073361 0.000530956 -0.00499014 0.0215341 0.0142925 -0.00766134 -0.00273713 -0.0112992 0.00452091 0.0105133 0.0166941 0.0419415 0.0202098 0.0154576 -0.0147896 0.0320571 -0.00797809 -0.0023932 0.00542629 0.0237436 0.0280972 0.00938754 0.0047074 -0.00527997 -0.0136525 0.0197304 0.0415314 -0.00338211 0.00612063 -0.00663694 -0.000822013 0.00940789 -0.00998226 0.00286594 0.0173366 0.0159488 -0.000790822 0.0183905 0.0298304 0.015907 0.0240763 0.0611676 0.00865844 0.0110488 0.0282172 -0.00104712 0.014092 -0.0164051 -0.0137989 -0.0079586 0.0139235 -0.000494944 -0.00494416 0.0174756 0.0167946 0.0222031 0.02263 -0.00675287 0.026223 0.0292145 0.0206525 0.00648361 0.0261808 -0.015266 0.00519024 -0.00664261 -0.010979 0.00990371 0.0526011 -0.0141117 0.0219675 0.0184445 0.0201363 0.00925511 0.0124021 -0.00132734 0.0084183 0.0356019 0.0182144 0.0434802 0.0270946 0.0256326 0.0405006
internal_weight=0 8553.88 16333.3 5923.42 7569.83 4092.22 2112.65 1402.35 3901.68 710.297 3841.15 3810.76 870.794 376.246 3796.08 3731.07 922.245 860.651 790.346 709.894 3477.62 2745.98 897.437 1848.54 401.317 126.662 260.622 70.3047 274.654 99.9173 645.651 89.9027 812.728 731.686 626.668 2808.83 2689.78 2431.73 2053.34 258.045 156.984 500.946 287.485 564.493 281.222 225.539 41.0847 213.461 42.3775 731.64 144.705 57.8246 117.8 99.2488 18.9026 603.181 30.2786 378.391 53.1893 334.051 224.971 228.665 101.062 984.043 55.4506 158.782 613.841 38.922 171.084 56.8489 550.38 140.418 409.962 244.917 115.703 129.214 62.4082 89.6854 409.263 52.099 357.164 3207.58 81.993 80.4517 14.5879 204.94 190.593 531.561 46.0595 283.271 1447.22 840.988 344.862 255.009 50.0867 115.624 21.0584 94.1879 65.0103 79.1397 33.4491 190.541 928.592 138.284 54.39 6.80358 165.044 24.0396 12.2957 337.49 24.4297 10.4473 26.7448 162.922 138.427 86.9106 135.773 121.28 52.2139 36.1969 80.5107 25.1046 55.4061 31.8316 170.719 16.5147
internal_count=92119 71485 20634 12445 70412 31436 8524 4138 31142 4386 31096 3921 3549 1612 31062 30874 6744 6090 5802 5587 38976 32168 8445 23723 4350 769 748 288 3581 488 4841 497 3062 3001 2878 24130 22841 21313 17295 1528 1192 3115 2054 2822 1767 1609 119 1061 274 6808 1726 577 832 636 96 1176 222 4018 240 2774 1663 1466 336 1073 195 959 5976 481 787 173 5095 1041 4054 2035 652 1383 522 482 968 181 787 2745 201 215 55 1196 1050 589 396 1055 19373 10868 4271 652 176 864 79 440 188 364 162 294 878 241 142 42 2019 221 113 4261 238 62 281 732 663 369 685 574 350 212 269 135 134 159 251 65
is_linear=0
shrinkage=0.02


Tree=45
num_leaves=127
num_cat=0
split_feature=14 15 15 14 14 15 10 1 2 13 13 10 8 6 9 5 13 8 9 15 1 9 9 8 9 11 6 10 11 11 8 11 8 8 10 8 11 15 10 4 2 10 1 15 10 2 8 4 8 8 1 10 11 10 13 9 5 1 9 2 8 8 13 14 8 10 9 8 8 8 9 8 2 15 13 8 7 15 2 10 1 9 10 9 13 8 15 8 9 8 8 5 6 1 2 2 9 9 9 2 9 1 13 9 10 15 12 6 4 7 5 2 9 8 15 1 8 8 9 13 9 14 8 9 13 14
split_gain=11069.5 2213.43 516.949 746.917 382.747 303.486 297.35 209.3 147.977 139.822 116.532 111.297 254.25 145.936 231.509 120.816 90.09 94.5459 108.466 89.8744 193.2 109.781 136.181 125.968 112.564 106.809 94.7522 179.081 119.104 93.3473 92.1892 139.443 106.628 166.205 248.38 107.4 88.6142 87.0336 82.0436 85.3478 81.2684 76.8283 76.6809 102.652 75.4429 75.0174 70.4237 69.9647 66.2499 129.236 91.2869 94.5659 85.3103 68.1169 65.6347 74.2995 116.796 65.427 65.0156 78.5125 68.2004 64.4956 63.1905 59.1565 64.9975 68.8549 59.0374 58.2851 57.3017 103.65 99.3861 184.513 168.959 70.6776 60.8153 56.4476 53.8697 53.8133 53.4001 107.807 70.3585 60.2478 182.166 52.9402 51.9439 51.6675 51.4074 56.1643 51.4029 50.1216 65.1606 167.373 49.7949 49.6635 67.4534 49.1248 113.097 77.1456 48.9292 48.8215 48.6223 48.5196 47.4791 46.3545 99.9246 46.136 45.1892 45.1416 48.4226 43.5024 43.114 42.6698 55.626 41.8881 41.4923 50.4426 41.4201 41.1943 40.7034 75.857 57.2649 54.743 93.2851 76.8102 40.1019 39.1756
threshold=0.7761511802673341 -1.2063425183296201 -1.3535210490226743 2.2709668874740605 -0.061897344887256615 0.96496084332466137 -0.56174489855766285 0.82236841320991527 -6.6604938507080069 1.0196729302406313 0.95739597082138073 -0.38873952627182001 -0.18191947788000104 2.7500000000000004 0.13915912061929706 1.0000000180025095e-35 1.8404935598373415 -0.61293834447860707 0.16620822995901111 -0.66989830136299122 0.019736842252314094 -0.2855739146471023 0.65590819716453563 -0.61293834447860707 0.68850955367088329 -0.22252093255519872 2.7500000000000004 0.56174489855766307 -0.22252093255519872 1.0000000180025095e-35 0.70493233203887951 0.6784479320049287 0.59008219838142406 0.50868821144104015 -1.0000000180025095e-35 0.220456138253212 0.6784479320049287 0.21733982861042025 -1.0000000180025095e-35 1.0000000180025095e-35 -0.34362140297889704 1.0000000180025095e-35 0.019736842252314094 -0.11668765172362326 -0.56174489855766285 0.29423868656158453 0.59516832232475292 1.0000000180025095e-35 -0.19086904078721997 -0.38466337323188776 -0.11184210702776907 -0.38873952627182001 -0.22252093255519872 1.0000000180025095e-35 -0.36846433579921717 0.70351320505142223 0.99954625964164745 0.62105265259742748 0.70519137382507335 -0.69753086566925038 -0.32034412026405329 -0.59348425269126881 0.11980637162923814 -0.30094012618064875 -0.63488757610321034 -1.0000000180025095e-35 0.60239943861961376 -0.19086904078721997 0.69706812500953685 0.29808843135833746 0.3460983037948609 0.563153237104416 0.36831274628639227 -0.53709733486175526 -0.46139882504940027 -0.56127089262008656 -0.12717398256063459 0.62752261757850658 -0.96913582086563099 0.56174489855766307 -0.34868420660495753 -0.65815234184265126 -1.0000000180025095e-35 -0.19003803282976148 2.2133353948593144 0.68490621447563182 -1.2494890093803404 -0.7085718810558318 0.67151021957397472 0.63625517487525951 -0.28682269155979151 0.99954625964164745 1.2500000000000002 -0.23026315867900846 -0.12962962687015531 0.76748973131179821 -0.096671678125858293 0.020008387975394729 -0.52945876121520985 0.85390949249267589 -0.010774772614240645 1.5065789222717287 2.7458201646804814 0.61180901527404796 0.56174489855766307 1.1461044549942019 1.328506648540497 1.5833333134651186 1.0000000180025095e-35 0.95917025208473217 0.99954625964164745 0.99794238805770885 0.4009064137935639 -0.583143651485443 0.094949580729007735 -0.32236841320991511 -0.54975369572639454 -0.14582495391368863 -0.68571326136589039 -0.39276073873043055 -0.70395612716674794 -0.41866622865200037 -0.11238473653793334 0.66249006986618053 -0.30268098413944239 1.4823413491249087
decision_type=2 2 2 2 2 2 2 2 2 2 2 2 2 2 2 2 2 2 2 2 2 2 2 2 2 2 2 2 2 2 2 2 2 2 2 2 2 2 2 2 2 2 2 2 2 2 2 2 2 2 2 2 2 2 2 2 2 2 2 2 2 2 2 2 2 2 2 2 2 2 2 2 2 2 2 2 2 2 2 2 2 2 2 2 2 2 2 2 2 2 2 2 2 2 2 2 2 2 2 2 2 2 2 2 2 2 2 2 2 2 2 2 2 2 2 2 2 2 2 2 2 2 2 2 2 2
left_child=1 106 -2 6 11 8 84 9 -6 40 77 12 105 58 37 68 17 18 86 20 25 23 92 -22 41 -10 29 28 46 48 32 -32 33 35 -35 -31 47 -15 44 61 124 67 62 66 -25 -46 57 88 49 52 -51 -52 53 -21 93 -56 -57 -28 60 -60 63 -40 114 111 109 -66 -44 -24 69 74 73 -72 -73 76 -14 -29 -71 98 79 81 -81 82 -39 107 -4 -77 -9 -88 89 90 91 -16 -23 -50 -95 96 -70 -97 -5 -100 -33 -18 -103 113 -105 -3 -1 108 -19 -65 -92 -13 -113 -67 -42 -116 -114 -68 119 120 -76 122 -120 -123 -8 -119
right_child=2 4 3 10 5 -7 7 16 19 -11 -12 13 15 14 36 -17 101 83 -20 26 21 22 24 38 -26 -27 27 75 -30 30 31 100 -34 34 -36 -37 -38 78 39 -41 42 -43 43 -45 45 -47 -48 -49 54 50 51 -53 -54 -55 55 56 -58 -59 59 -61 -62 -63 -64 64 65 103 117 -69 95 70 71 72 -74 -75 118 85 -78 -79 -80 80 -82 -83 -84 -85 -86 -87 87 -89 -90 -91 110 -93 -94 94 -96 97 -98 -99 99 -101 -102 102 -104 104 -106 -107 -108 -109 -110 -111 -112 112 116 -115 115 -117 -118 125 121 -121 -122 123 -124 -125 -126 -127
leaf_value=0.029656116088444155 0.030135519362851349 -0.019921303887829006 -0.016504101711966576 -0.0034440745668387245 0.031559384737729949 0.027489819930965727 -0.0007001134806439703 0.038911555089141528 -0.024551748123634597 0.028280174416867952 0.029345098763982884 -0.018272465896462683 -0.018762213528026841 0.023789549405519726 -0.022899515549865225 -0.016315197951716476 0.027051448283252157 -0.0087657811861848144 0.027729223102501886 -0.013946536283053985 0.042328726000781296 -0.016691435764399742 -0.011881239863571915 -0.016391073976199884 -0.011328973992134663 0.028463535543951101 0.030775204049799467 -0.023144522573926518 -0.015510177443938396 0.00095665928219740043 -0.022485154836179667 0.074124290482854321 -0.019545135762733597 0.048275518090172762 -0.022328733685317164 -0.019749486892060072 -0.021948765834935772 0.093984512426481356 0.052955612183659538 0.062939601437495593 -0.0070977262628631535 -0.022868949928298538 -0.013779334767642745 0.021949953862205916 0.031030505024223838 -0.013034677052299005 -0.02252733825907887 -0.022657090470673262 -0.013407968398525524 -0.019034746012199736 -0.022501098130225713 0.027613572931253161 -0.019091689729450349 0.0078329372153283176 -0.017965958578295634 0.041690585279781887 -0.022788402954877239 -0.022499212253409645 0.047915159370228791 -0.010647141048752355 -0.017720854956284931 -0.017055671540348941 0.026792397042799707 -0.018899732105838167 -0.022040522448993145 0.020960257708589228 0.031277618072230368 0.044705051991459563 0.049565412077370502 -0.022573526506684222 -0.017334946408128486 0.054631221445297501 -0.024192261239656388 -0.020160979715228337 0.065056044606314409 0.034526066745573673 0.033479367604697628 0.029457637470543103 -0.019550643550236876 0.040247049065477034 -0.0077826193785377621 -0.021779178207154273 -0.021678067299426763 -0.014142575728574434 0.012117260721883506 -0.022834486744051818 0.05139637351232916 -0.023236130117729764 -0.022619871108349367 -0.022250716166500709 0.033818650715283408 0.023764019485555603 0.045230129707499678 -0.016549920767479586 0.029391096226510021 -0.022030831399174437 -0.022766383114235844 0.040876530639006065 0.019563798660801268 -0.02003144659061384 0.015832854028884423 -0.017606230964423014 0.019118440066984647 -0.021890095127335651 0.11096556278174138 0.0097133791277737806 0.018217389233743855 0.01871228819662835 0.052690722962076005 0.031953407809452702 -0.012190067753333271 -0.021908632246224857 0.040419930714539698 -0.00084109409053368463 -0.013391339343305726 0.024505738486511622 -0.021635644683427348 -0.019795513498920281 0.036732553527897387 -0.022125347889824426 -0.021904049490518166 0.040990581391032475 -0.013266003977147191 0.01326902926142365 0.025597721220956778 0.026385511181829236
leaf_weight=803.16609948128462 10359.937001138926 323.84538623690605 148.270153850317 48.397791288793087 55.008279085159302 156.46256782859564 25.437804140150547 7.9499648585915557 16.872770078480244 490.18663123995066 3306.2524186596274 293.90377942472696 24.910083062946796 25.002669662237167 43.882308043539524 117.66280826181173 98.293502226471901 87.504626259207726 88.609910063445568 97.867308802902699 39.003115773200989 262.57031458616257 8.5564863681793195 24.971947409212589 54.805830769240856 153.40061594545841 61.441040500998497 8.3452078253030759 137.08608708530664 657.16750267893076 13.754246108233927 18.331543855369095 116.60487879067659 63.589382722973824 29.028633125126362 118.22550012916327 34.100774638354778 7.6723032817244556 5.5598480701446524 6.2205795645713797 48.989044688642025 10.374846391379831 123.22658254206181 73.991484493017197 79.89643993973732 19.159491151571274 16.93827510625124 21.597594991326332 48.708114214241505 29.590550698339939 17.675440914928913 101.84032089263201 192.37261275202036 139.05641156435013 498.25546655058861 22.082080960273743 22.880183346569538 10.849284023046492 14.661186523735521 24.392404243350029 1138.3679929971695 98.66256745159626 139.99593806266785 108.81339250504971 36.963335804641247 49.963310174643993 23.351505309343338 48.846751734614372 13.1796578168869 10.650557711720468 52.857895545661449 42.587129399180412 14.608936034142969 149.36892087757587 8.8254232704639417 98.976163923740387 19.260582894086838 150.54660421609879 308.65586388111115 27.928788416087627 21.662676297128201 108.90123405307531 18.777433767914772 148.37644008547068 30.598027072846889 6.7069566994905463 4.4593083485960952 42.223199367523193 14.043942019343374 12.64299752563238 101.68192995339632 102.70964433997869 5.2995552122592917 19.197404615581036 38.265498921275139 9.2261574789881688 25.140959173440933 50.365260131657124 326.27228356152773 12.950607769191263 8.3223933055996877 23.931463696062565 34.212013773620129 4.0852584391832334 5.0808825492858887 22.471657335758209 166.84385522454977 48.045654952526093 5.4475492835044852 7.1723231226205817 8.8566286191344243 18.934049189090729 16.83214178681374 119.72433008998632 18.00966664403677 63.882779777050018 5.7797058001160613 20.949233412742615 21.492175109684467 29.481577232480049 4.6119926795363417 61.165673263370991 48.860361874103546 115.42815225571394 263.01428288221359 11.3168858140707
leaf_count=725 8241 4653 1464 231 42 207 144 15 127 527 2890 3968 236 113 449 1266 136 681 229 878 101 2701 53 214 456 302 190 75 1392 4979 148 45 1248 175 316 1219 435 20 9 7 331 107 1030 215 346 147 180 241 487 271 190 615 1994 994 5228 94 221 115 24 269 15357 998 187 1398 467 345 57 108 53 111 444 45 104 1751 29 255 16 156 3998 134 233 1491 267 1334 113 63 17 407 152 145 224 384 5 203 244 114 278 82 648 64 42 171 91 54 21 81 346 182 14 9 65 256 27 1152 112 187 83 176 54 357 59 269 385 608 605 24
internal_value=0 -0.000742136 0.0274422 0.0227247 -0.00441549 0.000240817 0.0130397 0.0153706 -0.000983479 0.019845 0.0279403 -0.00879502 -0.00363036 -0.0110231 -0.00420924 0.00244013 0.00547802 0.000774649 0.0140637 -0.00150578 0.00420436 -0.000669927 -0.00747616 0.00904771 0.00998401 0.0232101 -0.0033427 0.00649321 -0.00380463 -0.00482865 -0.000372981 0.0292345 -0.00158806 0.000824218 0.0261465 -0.00220044 0.00862963 -0.0126146 0.00351157 -0.00902556 0.0147539 0.0272178 0.0100586 0.0021374 0.0146755 0.0225074 0.0141792 0.0120438 -0.00854848 -0.00362585 0.0124154 0.020202 -0.0091974 -0.00116362 -0.012933 -0.015744 0.00887882 0.0227798 -0.0141928 0.0113378 -0.014745 -0.0133209 0.0174523 -0.00966799 -0.0036803 0.002809 -0.00605946 0.0362703 0.00558363 0.00328326 -0.0053576 0.00960324 0.0344982 -0.0145416 0.0112257 0.0269316 0.0135204 0.0193095 -0.0144586 -0.00596024 0.0192666 -0.0152031 0.0118723 -0.00580353 -0.011608 0.0308858 -0.00810079 -0.0161069 0.0146845 0.0166265 0.018538 0.00979529 -0.0154664 0.00144929 0.014043 0.0197768 0.00211078 0.031137 0.0153682 0.0180522 0.0559234 0.0184849 0.00400281 0.00794459 0.0517531 -0.0179984 0.0276886 0.00297191 -0.00516407 -0.0157551 0.0301323 -0.0155906 0.00338149 0.00557816 0.00746179 0.0161715 0.0245582 0.0110447 0.0138028 -0.00417448 0.0352096 0.0169272 0.00200818 0.0228708 0.0232786 -0.00359817
internal_weight=0 8477.63 16274.6 5914.69 7507.62 3638.83 2070.27 1891.41 3482.37 1302.35 3844.42 3868.79 1166 2702.79 858.117 819.684 589.054 432.617 143.242 3427.36 834.201 663.928 390.454 273.474 122.584 170.273 2593.16 340.343 226.315 2252.82 1025.02 40.4082 984.616 868.011 92.618 775.393 339.516 518.601 234.471 110.443 812.165 67.7781 523.713 252.836 124.028 99.0559 89.2286 305.415 1227.79 578.403 149.106 119.516 429.296 236.924 649.389 543.218 44.9623 72.2903 1844.67 39.0536 1805.62 104.222 270.877 667.253 331.803 215.817 178.844 57.4032 702.021 604.109 289.334 110.054 57.1961 179.28 314.775 114.028 29.9111 538.167 493.598 184.942 49.5915 135.351 26.4497 289.374 178.868 105.683 54.6325 46.6825 283.817 269.774 257.131 146.592 267.87 106.171 57.4629 97.912 38.3206 59.5914 387.621 339.223 26.6539 156.437 58.1435 178.854 9.16614 346.317 970.01 140.998 92.9522 115.986 110.539 335.45 41.5459 169.688 130.881 81.8924 22.6118 55.6176 289.865 42.919 13.4374 246.946 70.3525 176.594 288.452 32.2661
internal_count=92317 71638 20679 12438 70567 27791 8449 6872 27584 3595 3989 42776 10995 31781 8351 6261 3277 2879 668 27542 5681 5252 3430 1822 724 429 21861 2270 1877 19591 8172 235 7937 6689 491 6198 2095 6256 1721 1014 3068 268 2319 1502 707 493 485 1660 11419 4942 1076 805 3866 1872 6477 5543 315 305 23430 293 23137 1007 817 7780 3446 2039 1287 161 4995 4468 2471 593 149 1878 1997 393 127 1099 6143 2145 367 1778 287 2211 1577 318 439 424 1419 1267 1122 833 2706 934 447 527 331 196 943 712 87 398 262 1572 75 4734 1071 877 695 1407 289 4334 366 1497 630 299 110 257 1761 445 88 1316 439 877 749 200
is_linear=0
shrinkage=0.02


Tree=46
num_leaves=127
num_cat=0
split_feature=14 15 15 14 14 15 10 1 2 0 9 0 0 7 7 7 7 2 8 8 11 8 9 0 7 10 0 10 8 8 0 11 9 10 6 8 0 3 9 0 3 8 8 8 2 8 15 9 6 12 8 11 8 1 9 8 8 9 2 7 8 0 6 2 9 1 9 15 9 9 5 14 15 12 7 2 2 8 8 11 10 2 1 5 14 1 1 14 1 8 10 9 8 14 15 2 7 7 1 8 1 11 8 9 8 7 0 12 7 1 9 14 7 14 10 7 1 1 0 12 1 0 2 2 8 1
split_gain=10732.3 2141.11 513.87 730.146 372.788 301.511 286.3 201.436 145.911 122.177 118.053 113.934 103.188 91.7472 108.683 84.6641 113.471 88.7656 74.9883 75.3096 226.018 172.504 111.149 153.754 100.754 97.863 180.837 196.978 159.691 151.272 114.504 88.9968 71.374 70.8079 278.035 239.133 114.022 91.1537 70.4329 153.038 91.6517 69.1412 116.965 87.1354 172.484 134.045 66.6403 68.7122 79.7433 79.239 65.7603 75.4764 57.0852 54.8062 53.6354 51.6415 84.9584 54.521 78.1496 53.2357 51.6344 50.3592 57.2587 50.0704 84.4672 63.831 57.9392 55.8342 49.7287 56.6839 49.0109 48.2931 48.1653 47.5026 47.0437 46.7877 46.6731 43.801 95.9433 109.395 82.8763 41.6526 40.3338 39.6408 39.1414 38.8858 62.2675 38.4465 38.1539 37.6061 62.6396 36.6562 52.0442 36.2516 68.9873 35.6074 35.3528 35.2358 34.9241 34.029 34.0011 84.2018 33.9429 33.6639 46.7482 33.3233 31.6438 31.6225 30.1749 49.3937 32.4581 30.0851 29.8158 68.19 66.5302 29.7607 29.5958 29.0991 32.3347 28.7512 35.9055 38.5975 38.2977 26.467 48.4275 31.1917
threshold=0.7761511802673341 -1.2063425183296201 -1.3535210490226743 2.2709668874740605 -0.094450104981660829 0.92774829268455516 -0.56174489855766285 0.82236841320991527 -6.6604938507080069 -0.27722449600696558 0.020008387975394729 0.37736880779266363 -0.27722449600696558 1.0030285716056826 -1.6901387572288511 0.87095215916633617 -1.0144053697586057 -6.6604938507080069 -0.70553851127624501 -0.59348425269126881 0.6784479320049287 -0.4301739484071731 -0.30236525833606714 -0.0084123723208904249 0.60793757438659679 -1.0000000180025095e-35 0.16713064908981326 0.56174489855766307 0.59008219838142406 0.5214291810989381 -0.1562710031867027 -0.22252093255519872 -0.3594288676977157 -0.38873952627182001 2.7500000000000004 -0.17293875664472577 0.83184224367141735 1.4411764740943911 -0.2855739146471023 0.024279085919260982 0.44117647409439092 0.69706812500953685 0.61448436975479137 0.563153237104416 0.3765432089567185 0.28964744508266455 -1.0594110488891599 0.66861790418624889 0.41666667163372045 14.348165035247805 0.63625517487525951 0.6784479320049287 -0.063303325325250612 1.6644736528396609 -0.60558217763900746 -0.54975369572639454 -0.59348425269126881 0.70519137382507335 -0.69753086566925038 0.39771330356597906 -0.7085718810558318 0.067778520286083235 0.91666665673255932 -1.4465020298957822 -0.60079088807106007 -0.36184209585189814 -0.67337453365325917 0.92774829268455516 -0.26002354919910425 -0.29399476945400232 0.99954625964164745 -0.53843143582344044 0.37927399575710302 11.002419948577883 0.23108566552400592 0.80452674627304088 -0.335390955209732 0.69533789157867443 0.70493233203887951 1.0000000180025095e-35 0.38873952627182012 0.3765432089567185 0.28289473056793218 0.99954625964164745 -0.27844180166721338 1.4407894611358645 1.2565789222717287 -0.14695004373788831 -0.49342104792594904 -0.57782307267189015 -0.38873952627182001 0.67151021957397472 -0.28682269155979151 1.2068750262260439 -0.12637205421924588 -0.26131686568260187 0.95917025208473217 -0.020993148908019062 3.9407894611358647 0.70776253938674938 2.2828947305679326 1.0000000180025095e-35 0.25540180504322058 0.52536880970001232 0.12153371796011926 -0.92964336276054371 4.2922978401184091 -33.372810363769524 1.0030285716056826 -0.24342105537652967 -0.65476739406585682 1.3799114227294924 0.80252677202224743 -0.23514548689126966 -0.38873952627182001 6.4535715579986581 1.8618420958518984 0.76973685622215282 -0.086222432553768144 1.328506648540497 -0.49342104792594904 -0.22877730429172513 -1.0802468657493589 0.137860082089901 -0.59850239753723133 0.90131577849388134
decision_type=2 2 2 2 2 2 2 2 2 2 2 2 2 2 2 2 2 2 2 2 2 2 2 2 2 2 2 2 2 2 2 2 2 2 2 2 2 2 2 2 2 2 2 2 2 2 2 2 2 2 2 2 2 2 2 2 2 2 2 2 2 2 2 2 2 2 2 2 2 2 2 2 2 2 2 2 2 2 2 2 2 2 2 2 2 2 2 2 2 2 2 2 2 2 2 2 2 2 2 2 2 2 2 2 2 2 2 2 2 2 2 2 2 2 2 2 2 2 2 2 2 2 2 2 2 2
left_child=1 61 -2 6 9 8 103 15 -6 -3 63 60 -10 14 100 16 107 -18 -14 20 22 98 23 32 31 28 30 -28 29 -23 -27 -24 -20 35 55 -12 41 50 117 -40 -41 42 43 45 -45 -37 -19 48 49 -48 51 91 -49 93 82 56 96 -57 -59 71 -9 119 -63 64 65 66 -11 77 69 85 -54 -58 -39 -70 -50 -43 -26 112 79 -79 81 -81 97 -30 -69 86 -62 -66 106 90 -55 92 -36 94 -13 -88 -35 -16 -21 -52 -5 -102 -86 115 -105 -67 -68 111 109 110 -7 -8 -65 -114 -115 -4 -92 118 -22 -1 121 -121 -123 -56 -125 -126
right_child=2 4 3 13 5 108 7 11 12 10 33 53 18 -15 54 -17 17 46 19 21 38 25 24 -25 76 26 27 -29 83 -31 -32 -33 -34 34 37 36 -38 72 39 40 -42 75 -44 44 -46 -47 47 52 74 -51 99 -53 70 89 123 57 59 58 -60 -61 68 62 -64 67 87 105 88 84 73 -71 -72 -73 -74 -75 -76 -77 -78 78 -80 80 -82 -83 -84 -85 102 -87 95 -89 -90 -91 116 -93 -94 -95 -96 -97 -98 -99 -100 -101 101 -103 -104 104 -106 -107 -108 -109 -110 -111 -112 -113 113 114 -116 -117 -118 -119 -120 120 -122 122 -124 124 125 -127
leaf_value=0.029939099174978563 0.029821185748717741 0.030200702947986009 -0.017390240607801078 0.028948340928153706 0.031203075371499293 0.0438506003506791 -0.021536773578260809 0.048173908112979023 0.034109693716202295 -0.021850648414199151 -0.020928458255898449 0.024188087434391898 -0.022245031596479916 0.030307195786855857 0.027689447885668392 0.030697141363513532 0.031897832438405084 0.030776242792713942 -0.0106000028823083 -0.016831425810298221 0.04459955736403981 0.0039741919052086305 0.0018099637177937547 -0.022908852515517327 -0.010588163541226048 0.0042181293261249041 -0.0050383849963204835 0.022625406540885417 -0.0047943891312531564 0.028932721834395485 -0.01332067902532154 -0.018365302962490341 0.035911751942186654 -0.017280052208403222 0.010560806865212047 0.014030835296624706 -0.021911629839159421 0.011323023731945894 -0.02287476035448793 0.05281752022980294 -0.0088619698620289074 -0.012358453207462091 -0.022852808388611211 0.054145458086487512 -0.02393384807222227 -0.019999403521026637 -0.0022412472474879668 0.034924941184526416 0.03079014515697771 0.030738034814525386 -0.022042061794733527 -0.022045412574168619 0.025252936833981634 -0.023094810892460897 0.02198246436595484 -0.017941699538453613 0.04266252461796638 0.045044676167773683 -0.016566835720096741 0.035377556633221535 -0.016127879316642359 -0.010632866407478245 0.031363063828376718 -0.016718974114210829 -0.021760270028638423 0.03147210642172877 -0.022082830814195268 -0.01652799191713808 -0.015840968674255902 0.040709615420417206 -0.014467879432714941 -0.023091936463003556 -0.02216187274477565 0.027593860831733399 0.0022298671133188681 0.037389797699218692 0.045511846300088331 -0.021727907231566618 -0.020355532675854573 0.061803133110934293 -0.022153523479922211 -0.0025973126325843959 -0.028105690110191137 -0.021286514020045888 0.030351710989792894 -0.022788203658338203 -0.013757795894247722 0.015888324679306329 0.065156008835136919 -0.013832653042481548 -0.012521265156155372 -0.022812437152208067 0.030043409947182458 0.024433079620372097 -0.017049568139521444 0.031231801052476599 0.034966097937181237 -0.016251070102364276 0.05254670469274253 0.031607236354514665 -0.02185929931040367 0.025786324433600447 -0.022191701925884665 -0.018275127226011871 0.02955982623203381 -0.021873690733042697 0.040780645978775343 0.028280340012253515 0.031880597824628605 0.034423663841995585 -0.00534787298538011 0.023199018486002893 -0.015836179274635983 0.056594483303655213 -0.011562342857232734 0.031231953230288323 0.03318938324692608 0.055738094788508386 0.007412019524821979 0.030984741788147297 0.027546560191676912 0.031844680358847695 -0.018637492849266964 -0.022762588103490824 0.019513597926018027 -0.0046327286883781826
leaf_weight=770.37425348162651 10260.751415669918 31.588589295744896 139.25801912695169 976.91007524728775 54.528510451316833 6.2541866302490225 10.187489941716196 7.3695396706461898 31.796079874038696 6.525888316333293 169.41917187720537 38.36985282599926 72.271352127194405 2157.4912387877703 18.589349225163463 223.58326399326324 85.050037026405334 57.143491223454475 15.971281521022318 345.88409278541803 23.166410215198994 765.76225358247757 149.95476873964071 32.271236903965473 8.397087439894678 186.21320521831512 261.17707173526287 169.9517048150301 153.79342842847109 111.24772372096777 742.96708390116692 209.84266173839569 75.973471269011497 97.75225530192256 114.21208897233009 201.86030738055706 49.745562709867954 24.255429223179817 29.14491880685091 34.024636901915073 13.444157652556894 8.8786823973059636 46.379351913928986 42.46678551286459 15.428891606628893 60.080652020871639 342.0859744772315 62.59858626127243 64.815175771713257 31.855533175170422 30.647116117179394 20.129845947027206 25.945950306952 14.918566994369028 366.97644004970789 718.19136672466993 6.0815545469522503 13.630115270614622 20.804642885923386 28.254887312650681 29.022835627198219 28.849802628159523 23.617400571703911 1277.7976290173829 65.954157777130604 6.1927200555801418 4.732266701757907 18.491161823272705 144.29057218879461 15.122115656733511 23.845002822577953 16.837359972298145 58.929294157773256 10.827440857887266 35.817937932908535 50.991672426462173 20.206703618168831 20.566032730042934 63.665145918726921 24.460000231862072 7.7966606691479674 4.8066325932741156 16.836196392774582 93.886338979005814 25.318748861551288 24.344832241535187 8.8907306566834432 12.985989704728125 15.979872278869152 40.108348280191422 6.882944017648696 8.3355557993054372 105.51306419074535 153.17690730839968 28.119016572833061 33.746027581393719 5.4704592227935782 12.019961491227148 2.9268435686826697 5.5920342132449141 18.529066897928715 74.452099725604057 6.1032969802618018 15.576702043414114 17.191289365291595 19.224244259297848 9.9111809059977531 321.35549288988113 107.17166757583618 31.66050960123539 37.680434994399548 14.675079762935637 57.326724350452423 12.32311572507024 10.705516785383223 5.2242996692657462 32.037365883588791 30.286625012755394 15.684817560017107 16.814094051718712 91.114444442093372 7.9504951238632193 24.642991192638874 14.288770005106924 134.35638270527124 25.453126534819603
leaf_count=634 8241 30 1391 829 42 15 44 19 24 87 2536 73 824 1696 33 186 65 51 97 3372 42 5455 1110 301 70 1425 2258 821 1322 491 7603 2127 248 1293 564 909 658 160 277 77 93 61 443 39 116 496 2234 93 96 68 373 246 52 138 632 9988 10 23 261 57 256 165 20 17271 917 13 59 214 1397 24 156 159 751 34 174 88 56 286 817 108 98 44 104 1024 86 239 68 64 38 319 40 82 239 270 218 90 4 81 12 17 114 97 71 141 41 255 8 357 82 24 211 19 769 38 121 4 92 35 62 15 120 6 111 61 262 80
internal_value=0 -0.000734596 0.0271199 0.0224054 -0.00436002 -1.28518e-05 0.0128208 0.0151046 -0.00126783 -0.00896064 -0.00930515 0.0053838 -0.00176018 0.0275883 0.0240511 0.0194991 0.0171709 0.0126942 -0.00208015 -0.00166283 0.00443054 -0.00307848 -0.00181798 0.0146499 -0.00708462 -0.00122974 -0.00483863 0.00586673 0.0031352 0.00714015 -0.0098058 -0.00995675 0.0278324 -0.0059221 -0.00865487 -0.000523739 0.00674133 0.00601746 0.026407 0.0131996 0.0353486 0.0100866 0.00682904 0.0111332 0.0333377 0.00622542 0.0101585 0.00815125 0.00482119 0.00056821 0.0114033 0.015078 0.0222127 0.0136124 0.0171478 -0.0146015 -0.00406517 -0.016763 0.0078205 0.0170055 -0.00404773 0.0273241 0.00827103 -0.0131924 -0.00181045 0.0155462 0.0322557 -0.0142455 -0.0054932 0.00471891 0.00623055 -0.00564393 -0.0123982 -0.0128092 0.0206248 0.0300122 0.0290428 -0.0149474 -0.00343213 0.0152638 0.03579 0.0512263 -0.00324164 -0.011046 0.00655945 -0.000950159 0.00646886 -0.0155669 0.0437858 0.000827815 0.0117494 0.0183547 0.0199164 0.0190802 0.00674814 0.0218505 -0.0145112 0.0104345 -0.0162493 -0.0137635 0.0278484 0.0162916 0.0201459 -0.0114813 0.00682084 -0.00887625 0.0204653 0.0265991 0.0250555 0.0153794 0.00165563 0.00486843 -0.0159759 -0.00415899 0.0249098 -0.0156321 0.0251056 0.0410424 0.0295864 0.0284215 0.020102 0.00637307 -0.00632343 0.0189358 0.0125137 0.0156678
internal_weight=0 8419.25 16140.1 5879.34 7455.88 3833.54 2063.44 1886.19 3650.77 3622.34 3590.76 587.227 3596.25 3815.9 1658.41 1298.96 1075.38 729.158 3564.45 3492.18 658.369 2833.81 512.617 124.216 388.401 2485 1360.31 431.129 1124.69 877.01 929.18 359.797 91.9448 1919.89 1274.64 645.251 475.832 367.614 145.752 76.6137 47.4688 426.086 366.216 319.837 57.8957 261.941 644.108 586.964 474.575 373.942 284.43 248.191 112.39 313.613 588.52 907.023 154.397 752.626 34.4348 51.1738 273.614 963.363 52.4672 1670.87 141.506 62.5662 37.1492 1529.36 266.245 111.127 49.791 22.9189 83.1847 155.118 100.633 59.8704 28.6038 1479.45 121.294 57.6293 37.0633 29.2666 47.4455 247.68 49.9132 96.0044 71.6596 78.9401 30.6233 93.9472 53.8389 228.061 219.725 219.666 66.4889 42.6368 103.223 30.6093 348.811 36.2392 1069.89 92.9812 31.422 177.25 32.768 25.417 14.6434 346.218 182.767 75.5951 43.9346 24.8626 1358.15 80.3554 23.0286 144.482 38.9203 69.1379 38.8512 910.896 140.522 49.4076 32.5935 541.075 174.098 159.81
internal_count=92317 71638 20679 12438 70567 29600 8449 6872 29268 40967 40937 3277 29226 3989 2293 3595 3409 2989 29202 28378 4595 23783 4009 646 3363 20399 12107 3079 8292 5946 9028 3237 345 19573 14227 5346 2810 2432 586 447 170 2152 2003 1560 155 1405 2924 2873 2572 2302 1521 1131 301 1150 1253 11795 1523 10272 284 226 2127 1071 185 21364 1441 460 192 19923 2108 677 208 169 911 1431 270 149 126 19552 1353 536 250 152 218 2346 371 653 414 981 105 589 270 885 803 561 291 158 1297 114 3384 390 1040 211 157 1577 182 268 67 420 332 250 226 63 18199 928 159 1395 132 139 104 886 252 132 117 1035 403 342
is_linear=0
shrinkage=0.02


Tree=47
num_leaves=127
num_cat=0
split_feature=14 15 15 14 14 15 10 1 2 0 9 0 0 7 7 7 7 2 8 8 11 8 9 0 7 10 0 10 8 0 0 11 10 6 8 0 3 9 1 8 8 8 2 8 15 9 6 8 11 8 8 14 5 9 9 9 8 8 9 2 7 0 6 14 7 9 8 8 4 9 15 5 14 7 15 2 2 7 5 1 1 1 2 7 8 2 7 7 7 10 8 0 8 8 1 11 1 8 9 8 9 10 0 8 8 11 0 8 2 9 10 1 4 10 7 1 9 8 8 0 7 0 11 1 8 14
split_gain=10413.7 2073.5 509.203 713.342 363.027 291.299 275.951 194.133 141.374 118.353 115.638 109.561 99.7797 92.1588 108.959 83.3435 110.282 86.7289 73.5325 72.4325 214.881 168.252 106.62 146.392 96.3604 94.2813 174.876 187.16 153.576 142.887 111.536 87.2446 68.9701 271.103 232.923 110.388 87.7678 66.7016 66.1344 65.5568 113.093 82.887 162.665 128.956 64.8302 65.8619 76.533 63.0852 72.4629 61.1849 54.4463 54.4398 53.906 56.9165 53.7883 51.2673 50.7274 82.2393 53.397 74.2132 50.4319 48.9988 55.3434 48.9829 77.0957 65.2366 95.7182 48.8272 53.8213 51.4938 47.1459 46.9907 46.4439 45.2014 45.0046 44.2011 43.4589 41.285 39.2244 39.1893 38.7071 60.5923 46.3364 36.8567 58.1902 37.2319 34.5941 34.3327 33.8234 33.4555 39.4241 37.6215 33.4079 40.9891 33.3799 81.2837 33.1897 32.9482 32.7702 44.9964 31.6016 47.1932 30.2483 30.1256 93.1224 62.5386 66.3918 34.9185 34.3339 48.9765 66.1404 93.2995 55.4484 42.2934 29.7399 47.8698 30.6635 29.4795 109.83 29.2639 28.9077 28.7187 27.9095 27.5384 27.1837 26.3633
threshold=0.7761511802673341 -1.2063425183296201 -1.3535210490226743 2.2709668874740605 -0.094450104981660829 0.92774829268455516 -0.56174489855766285 0.82236841320991527 -6.6604938507080069 -0.27722449600696558 0.020008387975394729 0.37736880779266363 -0.27722449600696558 1.0030285716056826 -1.6901387572288511 0.87095215916633617 -1.0144053697586057 -6.6604938507080069 -0.70553851127624501 -0.59348425269126881 0.6784479320049287 -0.4301739484071731 -0.30236525833606714 -0.0084123723208904249 0.60793757438659679 -1.0000000180025095e-35 0.16713064908981326 0.56174489855766307 0.59008219838142406 0.013618886005133392 -0.1562710031867027 -0.22252093255519872 -0.38873952627182001 2.7500000000000004 -0.17293875664472577 0.83184224367141735 1.4411764740943911 -0.3594288676977157 0.7302631437778474 0.69706812500953685 0.61448436975479137 0.563153237104416 0.3765432089567185 0.28964744508266455 -1.0594110488891599 0.66861790418624889 0.41666667163372045 0.63625517487525951 0.6784479320049287 -0.64291095733642567 -0.063303325325250612 1.4280212521553042 0.99954625964164745 0.27993273735046392 0.13915912061929706 -0.60558217763900746 -0.54975369572639454 -0.59348425269126881 0.70519137382507335 -0.69753086566925038 0.39771330356597906 0.067778520286083235 0.91666665673255932 -0.25533904135227198 0.59807050228118908 -0.65476739406585682 0.18490620702505114 -0.7085718810558318 1.0000000180025095e-35 -0.30236525833606714 0.37927399575710302 0.99954625964164745 -0.53843143582344044 0.23108566552400592 -0.87305051088333119 0.80452674627304088 -0.335390955209732 -2.7124787569046016 0.99954625964164745 0.28289473056793218 0.40131579339504247 0.37500000000000006 -1.4465020298957822 0.3376764059066773 -0.26976132392883295 0.27777779102325445 0.27731744945049291 0.95917025208473217 -0.020993148908019062 0.56174489855766307 -0.58836433291435231 1.3885927200317385 0.44717116653919226 0.47533023357391363 2.2828947305679326 1.0000000180025095e-35 3.9407894611358647 0.70776253938674938 0.52536880970001232 0.12153371796011926 -0.70154139399528492 -1.0000000180025095e-35 1.0000000180025095e-35 0.69533789157867443 0.70279201865196239 1.0000000180025095e-35 -0.12665827572345731 0.70016998052597057 -0.92798352241516102 -0.61933025717735279 -1.0000000180025095e-35 -0.098684210330247865 1.0000000180025095e-35 0.56174489855766307 1.0030285716056826 -0.24342105537652967 -0.65476739406585682 0.70279201865196239 0.70493233203887951 0.8141048550605775 6.4535715579986581 0.029669920913875106 1.0000000180025095e-35 0.23026315867900851 0.220456138253212 1.8098452091217043
decision_type=2 2 2 2 2 2 2 2 2 2 2 2 2 2 2 2 2 2 2 2 2 2 2 2 2 2 2 2 2 2 2 2 2 2 2 2 2 2 2 2 2 2 2 2 2 2 2 2 2 2 2 2 2 2 2 2 2 2 2 2 2 2 2 2 2 2 2 2 2 2 2 2 2 2 2 2 2 2 2 2 2 2 2 2 2 2 2 2 2 2 2 2 2 2 2 2 2 2 2 2 2 2 2 2 2 2 2 2 2 2 2 2 2 2 2 2 2 2 2 2 2 2 2 2 2 2
left_child=1 61 -2 6 9 8 98 15 -6 -3 63 67 -10 14 94 16 -8 -18 -14 20 22 96 23 37 31 28 30 -28 29 -23 -27 -24 34 56 -12 39 47 -20 49 40 41 43 -43 -36 -19 46 51 48 83 -22 -47 -46 -13 54 77 79 57 87 -58 -60 72 -1 -63 103 80 66 -66 -9 86 -70 -38 -52 -59 -48 -55 -41 -26 -54 -30 88 81 82 -65 85 -85 -35 100 -34 -16 90 102 -91 -79 -94 -5 -96 -21 -49 120 -100 101 -69 -67 108 105 -105 -107 -108 109 110 111 124 -112 -111 115 116 -7 -84 -119 121 -4 -40 -56 -51 -11 -102
right_child=2 4 3 13 5 114 7 11 12 10 32 52 18 -15 55 -17 17 44 19 21 38 25 24 -25 76 26 27 -29 78 -31 -32 -33 33 36 35 -37 70 -39 119 75 -42 42 -44 -45 45 50 73 97 -50 123 71 -53 53 74 122 -57 58 60 59 -61 -62 62 -64 64 65 89 -68 68 69 -71 -72 -73 -74 -75 -76 -77 -78 92 -80 -81 -82 -83 117 84 -86 -87 -88 -89 -90 91 -92 -93 93 -95 95 -97 -98 -99 99 -101 125 -103 -104 104 -106 106 107 -109 -110 113 112 -113 -114 -115 -116 -117 -118 118 -120 -121 -122 -123 -124 -125 -126 -127
leaf_value=0.028092086307179884 0.029519040710070929 0.029800014179733842 -0.017252323370281878 0.028631918985771755 0.030861578389891928 0.042214915850193151 0.026194835347605916 0.046255313727592083 0.033665550500573828 0.023791669848873608 -0.020883557767183349 0.023111189161926688 -0.022196136754570391 0.029999223209015928 0.027077853546923443 0.030343669218852089 0.031533596255151404 0.030375909278107582 -0.010456837060570243 -0.016707057362948006 -0.011167126207142546 0.012523613475490778 0.0017716897316546044 -0.022843604866362006 -0.010452179308184458 0.0041233362823173882 -0.0049548162375625945 0.021946387630745565 -0.004714563202436216 -0.0047112244767031995 -0.013186828952353197 -0.018256298488484517 -0.017180988424234909 0.036466160058459457 0.013654925738796212 -0.021870822363131509 0.011024500484538522 0.034558815949412576 0.029253208063673652 -0.012203515178749538 -0.022789094081538872 0.052290026805916545 -0.0238417492931546 -0.019876280052172443 -0.004736717591609917 0.034130438642703133 0.03016930710968788 -0.02199779706542597 -0.022001109038103862 0.036249104904960007 0.024645947138765549 0.011563345434111551 0.027213725019035198 0.027000748933915339 0.04045048880887548 0.018546313881828248 -0.01785339266506774 0.041347834828940958 0.043467326156720817 -0.016459681718170128 0.034366710010564544 -0.010480624051880801 0.030931712606646417 0.016635486291468576 -0.022170846983819738 0.035624970254239025 0.057903543041933681 0.042767315585095174 0.043883234455242996 -0.023065112980250903 -0.022116239404656672 -0.014284928926617211 -0.023024012342660743 0.0021831838512966378 -0.02103716239614082 0.036268997594165249 0.043652577690119092 -0.015614562189149262 -0.021215894520894455 -0.027922391679374485 -0.021838546835581962 0.046659358540746557 -0.013894719105616347 -0.0011409009821305984 0.023156037662908684 -0.0046235160431900551 0.03591529025142795 0.03446471056143631 -0.016080847277257386 -0.02228293670543021 -0.022041938780281645 0.040246380627271157 0.053035671053055539 -0.0043947118944161001 -0.021658932097605638 0.025377996901998219 0.049881176254839669 0.030595572078938895 -0.018127991773490313 0.028939373026523857 -0.014887012219198905 -0.023418349155978041 -0.022930633609606454 -0.021648975795769913 -0.020177253178730706 -0.021886127565482753 0.034682755418615735 0.089381731673444362 -0.018124937238847359 -0.02080721835052218 -0.017846618821666726 -0.021723501773129535 0.060564864016775653 0.005615150932087404 0.031518862820137106 0.033924326498917037 -0.005250978759111442 0.093112586662839017 -0.02199275086234373 0.0037974986335379784 0.030886919984312887 0.056322093556552016 0.0069767370980165187 0.003371189125240758 0.073517175998038156 0.0030613301182551905
leaf_weight=903.22623541206121 10159.478448480368 31.375204488635063 137.58077020198107 968.04133795201778 54.034219264984131 6.365425005555152 344.54643981903791 7.5201387926936141 31.573478579521179 7.1549915298819604 166.41791054978967 131.5135231167078 70.994765594601631 2136.2606727927923 18.628622703254226 221.68311436474323 84.319117546081543 56.74269638210535 15.867202423512934 341.53358878940344 27.52666524797678 596.79263875633478 150.12861426174641 31.721665315330029 8.3368188068270701 186.67948756366968 260.27961531281471 171.68789523094893 153.27475319057703 283.96994508057833 735.57302063703537 206.90329215675592 96.363559816032648 57.932673074305058 203.25468458980322 48.850599657744169 24.412366010248661 77.354421086609364 28.686551123857498 8.8122524842619878 45.586801968514919 43.087670564651489 15.181211486458777 59.252111323177814 252.36734842509031 62.772836789488792 64.825846195220947 30.100103184580803 19.770581789314747 33.420640118420124 26.052158981561661 121.37825740128756 21.964002765715122 9.656854219734667 32.902377508580685 541.38115000724792 707.41731568053365 6.1487242355942753 13.840042710304258 20.524109296500683 28.501683600246906 28.685171060264111 23.469301924109459 24.821365535259247 8.5571895018219966 10.461573623120783 19.759865202009678 10.685503549873831 15.749604359269144 6.4889061376452437 57.880402106791735 23.669165097177029 16.552157275378704 35.85181450098753 40.591531924903393 51.510695993900299 20.641466967761517 39.971335083246231 92.330513708293438 16.610059224069118 109.13775944337249 7.9500036165118209 224.70319629088044 69.335965968668461 91.407148316502571 10.40511456876993 6.9183248281478873 5.4393523931503287 11.905412092804907 5.5467198044061687 35.949443131685257 12.573508895933626 7.4985613673925426 14.747668817639349 18.328494198620319 74.140160605311394 3.0205954015254965 5.6606886088848105 15.390942327678202 17.208486720919609 176.97379605472088 7.2218275964260092 5.324909307062625 10.360997051000593 59.349518358707428 6.1035890132188824 13.874041184782984 7.035592406988143 843.95121344923973 126.4139178879559 41.271566659212112 9.8793301060795766 3.95286089926958 29.978522770106792 106.24294447898865 31.485740125179291 37.608949445188046 4.8769764453172675 10.358453728258608 8.1573448032140714 5.1774765253067008 34.572104394435883 14.290746845304964 14.660566799342631 11.410677619278429 40.16403853148222
leaf_count=886 8241 30 1391 829 42 15 420 19 24 55 2536 331 824 1696 33 186 65 51 97 3372 237 3492 1110 301 70 1425 2258 821 1322 2454 7603 2127 1293 108 909 658 160 248 90 61 443 39 116 496 1851 93 96 373 246 83 52 451 38 16 35 1035 9988 10 23 261 57 165 20 140 102 21 40 18 14 63 751 156 159 174 290 88 56 309 1024 104 1467 44 2907 451 267 59 5 4 81 62 465 48 7 71 114 97 12 17 141 41 1743 64 62 149 780 79 52 29 11849 1817 562 139 13 296 82 24 211 21 133 57 4 52 53 67 32 201
internal_value=0 -0.000726374 0.0268139 0.0221078 -0.004303 -1.40404e-05 0.0126195 0.0148587 -0.00124781 -0.00887381 -0.00921519 0.00529588 -0.00173168 0.0272574 0.0237055 0.0191801 0.0168727 0.0124607 -0.00204613 -0.00163543 0.0043408 -0.00302729 -0.00179013 0.0142682 -0.00698788 -0.00120826 -0.00476425 0.00573722 0.00306708 0.00696687 -0.00968296 -0.00983471 -0.00585591 -0.00857136 -0.000518973 0.00660779 0.00590647 0.0268967 0.0256477 0.00986826 0.00668721 0.0108762 0.0324549 0.00608638 0.00996211 0.00798852 0.00472609 0.0111663 0.0147358 0.0126111 0.0217472 0.000556919 0.0133594 0.0062982 0.0132224 0.0168044 -0.014508 -0.00402278 -0.0166707 0.00767571 0.0166525 0.0270037 0.00815476 -0.0130891 -0.00770875 0.00809876 0.0337057 -0.0039967 -0.00542705 0.0243486 -0.012285 0.00611343 -0.00558836 0.0202033 -0.0118051 0.0291879 0.0280871 0.00364055 -0.0109179 -0.0031991 -0.0117729 -0.00774461 -0.00937821 0.0179063 0.0126756 0.0302098 -0.00816369 -0.0144215 0.01025 -0.00228133 -0.0104725 0.0211058 -0.00468124 0.0149634 0.0275353 0.0160547 -0.0161233 -0.0136726 -0.0113749 0.00671778 -0.00946111 0.0160754 0.0158737 -0.0152951 -0.00460441 0.020125 0.0361475 0.0530877 -0.0162579 -0.00940897 0.00403618 0.027931 -0.010993 -0.0157424 0.0246998 0.0150989 0.00161985 -0.0120693 0.0148533 0.0394495 -0.0155064 0.0440469 0.0303142 0.0262242 0.0543535 -0.0115671
internal_weight=0 8362.58 15999.2 5839.72 7407.2 3821.42 2054.43 1879.07 3639.72 3585.78 3554.4 584.859 3585.69 3785.3 1649.04 1294.21 1072.53 727.979 3554.11 3483.12 657.977 2825.14 510.953 124.943 386.01 2480.59 1354.22 431.968 1126.37 880.763 922.253 357.032 1903.65 1261.69 641.954 475.536 366.905 93.2216 147.024 426.685 366.362 320.776 58.2689 262.507 643.66 586.917 474.423 284.612 248.851 75.6079 112.494 373.746 313.137 181.623 131.375 588.525 894.787 153.005 741.781 34.3642 51.2026 955.381 52.1545 1650.76 480.021 98.1732 28.3171 271.722 264.202 22.2385 82.2928 49.7213 22.7009 100.678 50.2484 60.3229 28.9783 84.1816 245.605 47.1441 381.848 272.71 264.76 229.081 160.743 68.3378 241.963 101.803 30.534 69.8562 51.7359 18.1202 62.2176 22.2462 1060.51 92.4687 344.554 35.7608 175.358 32.5994 235.045 17.9073 15.7865 1170.74 96.7237 37.3742 27.0132 20.9096 1074.01 230.062 73.6694 28.445 45.2244 156.392 181.703 75.4601 43.9744 239.939 15.2354 71.416 142.758 63.2587 47.1931 48.0812 18.5657 217.138
internal_count=92317 71638 20679 12438 70567 29600 8449 6872 29268 40967 40937 3277 29226 3989 2293 3595 3409 2989 29202 28378 4595 23783 4009 646 3363 20399 12107 3079 8292 5946 9028 3237 19573 14227 5346 2810 2432 345 586 2152 2003 1560 155 1405 2924 2873 2572 1521 1131 387 301 2302 1150 819 513 1253 11795 1523 10272 284 226 1071 185 21364 5512 800 142 2127 2108 77 911 208 169 270 306 149 126 425 2346 218 4712 3245 3201 885 718 167 2031 1297 114 658 548 110 387 78 1040 211 3384 390 1577 182 2026 82 83 15852 1089 309 160 81 14763 2914 801 226 575 2113 332 250 226 3061 154 199 1395 142 88 150 87 1944
is_linear=0
shrinkage=0.02


Tree=48
num_leaves=127
num_cat=0
split_feature=14 0 14 13 0 2 7 7 13 0 2 14 16 0 7 9 11 10 0 9 9 14 0 6 7 9 16 10 0 10 6 9 9 10 10 14 2 9 9 10 6 0 5 13 13 0 7 14 7 11 16 11 5 9 9 9 2 7 9 9 13 9 9 16 14 9 9 2 9 9 2 2 0 10 4 6 7 2 9 9 14 16 7 4 0 14 9 7 9 13 9 16 9 2 2 0 16 7 9 9 12 12 10 9 0 9 10 10 7 13 9 0 9 9 2 9 7 9 10 9 10 0 9 12 2 11
split_gain=10109.1 1383.4 625.923 449.155 468.586 371.518 227.983 190.488 170.525 161.95 143.263 132.556 129.407 129.331 171.594 98.4086 95.8307 90.1917 90.1104 89.9048 89.3594 81.3617 187.286 165.74 91.4049 84.1259 78.2539 201.632 165.293 106.369 85.9991 77.6256 243.428 141.901 192.825 119.683 113.615 92.2695 102.836 90.7622 87.0876 96.2707 79.9038 76.9426 75.0702 72.9377 72.3397 70.6899 90.822 80.5408 68.0321 65.9296 65.1415 64.4462 61.9188 61.4195 65.4615 61.3431 55.3456 54.8292 94.8478 75.7891 59.8038 54.5167 52.8344 52.7356 107.969 68.7076 60.2929 126.498 122.853 51.7495 51.1567 48.9322 48.9224 48.6308 47.6818 46.8915 46.1834 46.0101 44.8321 43.8864 65.2515 42.0974 41.0709 72.8335 66.8158 48.7921 55.891 53.6242 40.918 40.3809 40.0777 38.6308 37.9288 37.7284 37.711 37.6838 37.5276 36.8057 35.7319 95.0048 46.439 35.7262 35.616 56.0211 61.4787 102.962 46.167 36.6846 34.5864 34.1509 33.1552 33.0183 31.9125 30.1673 29.9635 29.4075 50.6356 33.6816 29.166 28.6862 28.2408 28.1044 27.1573 27.0931
threshold=0.79599568247795116 -0.2695785760879516 -0.061897344887256615 1.182648837566376 -0.17517330497503278 -6.6604938507080069 1.0030285716056826 0.82400304079055797 0.82925808429718029 -0.053965032100677483 -6.6604938507080069 1.6695773601531985 0.78300815820693981 -0.15358143299818036 -0.16384749859571454 0.020008387975394729 1.0000000180025095e-35 -0.56174489855766285 -0.15902843326330182 0.62079927325248729 -0.6321234107017516 1.887318015098572 0.056667001917958267 1.2500000000000002 1.7475492358207705 0.66249006986618053 0.73261612653732311 -0.38873952627182001 -0.030076130293309685 1.0000000180025095e-35 2.7500000000000004 -0.30236525833606714 -0.38298861682415003 -1.0000000180025095e-35 -0.56174489855766285 0.12488418444991113 0.29423868656158453 0.066093422472476973 0.14820139855146411 -1.0000000180025095e-35 2.7500000000000004 1.4448422789573672 0.99954625964164745 0.039128681644797332 -0.28868649899959559 1.213112533092499 0.62816947698593151 -0.2500340193510055 0.59807050228118908 -1.0000000180025095e-35 0.93660208582878124 1.0000000180025095e-35 7.5000000000000009 -0.60079088807106007 -0.61026969552040089 0.70519137382507335 -0.69753086566925038 0.15109504014253619 0.63348504900932323 -0.66762831807136525 -0.33414529263973231 -0.072221003472805009 -1.0000000180025095e-35 0.12810270488262179 -0.52236616611480702 0.13009299337863925 0.36207465827465063 0.76748973131179821 0.43074347078800207 0.64140072464942943 0.36831274628639227 0.14609053730964663 -0.0059995211195200673 -0.38873952627182001 1.0000000180025095e-35 1.7500000000000002 -0.35768871009349817 -6.6604938507080069 0.13915912061929706 0.66561099886894237 0.15931565314531329 1.0992876887321474 0.37663231790065771 1.5000000000000002 -0.046189986169338219 1.2068750262260439 0.11189543083310129 -0.57069450616836537 -0.70451995730400074 -0.31729605793952936 0.67151021957397472 -0.31278990209102625 0.31344507634639746 0.16255144029855731 0.87860083580017101 -0.064645767211914049 1.0624629855155947 0.73391112685203563 0.51286014914512645 0.65590819716453563 -0.6812496781349181 -3.1016201972961421 -0.38873952627182001 -0.39071239531040186 -0.03773903846740722 -0.44998387992382044 0.38873952627182012 -1.0000000180025095e-35 -0.19324237108230588 0.29604057967662817 0.68850955367088329 1.8935310244560244 0.69289794564247142 -0.39836923778057093 0.26954731345176702 0.69804492592811596 0.43797212839126592 0.3932721763849259 -0.56174489855766285 0.69614508748054515 -1.0000000180025095e-35 0.094581324607133879 -0.19891607016324994 2.6680868864059453 -2.4917695522308345 0.6784479320049287
decision_type=2 2 2 2 2 2 2 2 2 2 2 2 2 2 2 2 2 2 2 2 2 2 2 2 2 2 2 2 2 2 2 2 2 2 2 2 2 2 2 2 2 2 2 2 2 2 2 2 2 2 2 2 2 2 2 2 2 2 2 2 2 2 2 2 2 2 2 2 2 2 2 2 2 2 2 2 2 2 2 2 2 2 2 2 2 2 2 2 2 2 2 2 2 2 2 2 2 2 2 2 2 2 2 2 2 2 2 2 2 2 2 2 2 2 2 2 2 2 2 2 2 2 2 2 2 2
left_child=1 -1 15 4 44 -4 8 10 13 -10 -6 17 19 14 -7 47 18 -12 123 100 -20 22 -5 24 25 73 27 28 63 45 -31 32 33 34 -15 37 -36 125 43 51 46 57 -40 -39 -2 71 79 81 77 -50 84 -34 83 96 93 120 -57 -42 -43 60 -18 -61 -63 65 -32 67 -67 -17 70 -70 -68 92 -53 124 78 99 112 -49 -66 -37 -22 -3 -83 -14 87 -86 116 -19 -89 -90 98 95 -28 -51 -55 -41 -13 -58 -80 -21 101 -11 -103 -35 105 109 107 -107 -109 -79 -101 -25 -30 -56 -75 -114 -87 -94 119 -119 -29 -48 -115 -16 -24 -33
right_child=3 2 5 21 7 6 -8 -9 9 12 11 53 52 31 16 26 59 50 20 75 80 -23 23 111 -26 -27 29 55 76 30 64 35 39 103 36 40 -38 38 42 91 41 58 -44 -45 -46 -47 121 48 49 54 -52 72 -54 94 113 56 97 -59 -60 61 -62 62 -64 -65 74 66 68 -69 69 -71 -72 -73 -74 114 -76 -77 -78 104 90 -81 -82 82 -84 -85 85 86 -88 88 89 -91 -92 -93 117 -95 -96 -97 -98 -99 -100 110 -102 102 -104 -105 -106 106 -108 108 -110 -111 -112 -113 115 122 -116 -117 -118 118 -120 -121 -122 -123 -124 -125 -126 -127
leaf_value=0.029548952624491576 -0.0066489000458520445 -0.015694955837715043 0.030464532943381736 0.029168135365511678 0.03076325281646141 0.026488407014198724 0.029874907397965358 0.02875731510087123 0.026970595393147525 -0.01083595990404037 -0.017845113721385277 -0.013197160373392931 0.032936816179192439 -0.022396745518564697 -0.018331862297049775 -0.023447046496881483 -0.022993361173992276 0.026362922008160872 0.074539270311637221 -0.022831407057666106 0.021340407735231739 0.028920627761363199 0.030565443510634949 0.0295854709355408 0.030614399190093022 0.022837215500899264 -0.022294265575797043 -0.021634260977860024 -0.0066992207493823328 -0.016178979744902018 -0.023296346158703317 -0.017994750618122148 -0.023384974621742521 -0.014761845922602027 0.020107918418125613 -0.015844263236683257 -0.014111405804848055 0.044924236146817259 0.0090585348743170268 0.027146123595337288 0.03983323786281024 -0.020219540312380532 -0.009591835111039785 -0.0081777854151420283 0.02965281093776926 -0.017543209494966724 0.033342250000204549 0.031571340264269859 -0.021830571420999711 0.018250087672772329 0.022346070012965021 0.036161561094093291 -0.024112743734877116 0.018119738625687522 -0.017773077610759747 0.043367020116221865 -0.022010362252117131 -0.0083476464681637406 0.04103092456245748 -0.012672604357546859 0.040959017342855474 0.052261991658254986 0.0087364579617884349 -0.014957472855967989 -0.022806004920207599 -0.022709317162856475 0.047532673416324583 0.036634537866496661 -0.01936982667370216 0.015564655247422879 -0.023820782430651215 -0.019607172222349221 -0.028570632140231624 -0.003438106552363459 -0.02349007418274221 0.06336279185117244 -0.021802209792792692 -0.019576507132532551 0.017427305491170983 -0.0048370294120919392 -0.017772622342300908 0.030243389382830058 -0.016049122311677485 -0.0071753393315903292 -0.0081618998024914121 -0.011382245464915315 0.018702836694777802 0.061671874038644783 0.022292212752223085 -0.0066615876485968456 -0.023000151980162427 0.031989569765293303 0.032656450595233359 0.06007280037630916 -0.0058217327044845467 -0.023906315117388832 0.030876213934784742 0.045216160363321566 0.036754314482329319 0.025232200762415769 -0.01006026237648784 -0.022717950051500759 0.039424747347562392 0.021707516835501858 -0.016602065657378446 -0.010332425604972113 -0.018761710134802542 0.070663054962998309 0.023102857131222398 0.015107416309122431 0.00087214497559228278 0.0029305909938012269 0.07408900840961033 0.024706381660622428 0.014002052158733931 0.0012043624727935927 0.038713832234837681 -0.0024903634230902549 -0.023243181151410039 0.066663867418893782 -0.012729499962917513 -0.0053339324339730819 -0.022212883834207449 0.025513781778216386 -0.016921466565944059 0.0088430304062288283
leaf_weight=568.58192602545023 23.206004455685616 1130.9820770807564 183.96802318096161 1175.0707664862275 127.68235838413239 137.46429587155581 109.109987616539 267.70399837195873 160.89140897989273 61.909358099102974 75.58763499557972 45.30409812182188 90.146921120584011 79.150819152593613 149.69839398562908 8.9583916254341585 11.812078930437563 54.9939344227314 8.0901983529329282 11.379412949085234 24.429195769131184 10839.283158116043 5.1164636611938468 258.55922438949347 57.502568364143372 69.276266008615494 10.208412911742924 184.35408798605204 28.054825153201818 40.871509835124016 13.161182582378386 105.21457154303789 28.337307929992676 334.95883195102215 199.7300576120615 678.82863827049732 48.171343415975571 41.025123111903667 235.16437461972237 12.466009058058264 37.39353621006012 45.273986890912056 150.81518614292145 14.870837345719336 1259.7991438731551 139.09289626404643 18.603299953043464 10.489412784576414 24.981126461178064 17.541814781725407 81.338278986513615 20.136836685240272 10.46655138581991 579.8592614158988 17.100401729345322 15.313168376684187 18.788356900215152 14.73524050414562 6.7853825166821471 65.564288936555386 43.210181184113026 14.549983546137808 95.54108389467001 37.399476651102304 9.3782013058662397 42.118491340428591 40.950712069869041 50.712279044091702 54.679192870855331 171.50400648266077 12.62846754491329 24.502086330205202 6.4468224719166747 95.084393873810768 10.711626559495924 7.6523732170462599 122.97184676676989 98.414541829377413 106.29170076549053 195.68843752890825 22.535624817013741 21.052064821124077 28.898434352129698 11.84017366170883 229.48754335939884 57.812110058963299 107.28067571669817 6.4127074778079978 35.095448650419712 94.433506675064564 7.4981743320822707 132.84776595979929 34.031537488102913 17.797025956213474 27.734358064830303 10.812363550066946 9.372081093490122 4.0551490113139144 64.616935886442661 56.633584409952164 235.86786998808384 5.693888656795024 30.993317820131779 11.10069118440151 235.53375045955181 35.431414783000946 31.110524959862232 11.293660715222357 29.460838116705418 13.923738762736319 39.625810965895653 20.771442905068398 4.4950345903635007 28.31008543074131 75.127818375825882 4.59225944429636 5.2058365345001212 5.2405368313193303 12.913346562534572 6.0922024920582771 728.59736715629697 13.053280562162398 6.2673762738704673 6.0853726044297209 82.373501636087894 17.55685181170702
leaf_count=513 133 15652 145 1080 100 168 110 272 157 521 823 281 151 883 1451 96 114 77 31 112 135 9312 4 271 45 165 123 2747 285 474 125 1102 261 3458 1159 7074 410 136 1667 30 28 497 1364 127 1031 1753 29 8 334 106 194 75 81 1252 189 24 249 121 29 592 108 51 646 319 92 435 49 79 508 653 102 272 50 478 94 22 1811 1299 403 1677 214 62 349 68 1864 475 408 12 126 642 72 445 63 24 109 93 15 8 128 200 2087 58 129 50 2928 416 398 22 249 68 262 96 9 119 271 36 17 38 134 11 9354 126 74 23 757 124
internal_value=0 -0.000572861 -0.00276082 0.0265946 0.0197551 0.00269523 0.00137529 0.0131875 0.000548542 0.00927752 0.0104767 0.00863959 0.00421417 -0.00152902 0.00697527 -0.00862313 0.000899941 0.00286791 -0.00884629 -0.000583812 0.0131477 0.0282607 0.0243708 0.0158787 0.00736063 0.00327122 -0.00560561 -0.00782378 0.00148066 0.00139833 0.010381 -0.00353125 0.00121134 -0.00466486 0.0047811 -0.00619358 0.0134585 0.00118128 0.00544285 0.0199528 -0.0103151 0.00700168 0.00177121 0.0307967 0.0289962 -0.00837578 -0.0123061 -0.0120802 -0.00634694 0.00982341 0.00519754 -0.00216088 0.0234036 0.0151553 0.0189108 -0.0134886 0.0113717 0.0262139 -0.0122362 0.00980797 0.0272298 0.00435074 0.0144889 0.00808648 0.0155098 0.0103452 0.00714385 0.0276145 0.0116383 0.00711934 0.0307149 0.00533697 0.0204633 -0.00198858 0.0180828 0.0146465 -0.015804 -0.0102362 0.0204542 -0.0133812 0.00257239 -0.0148847 0.00346125 0.02828 0.00283631 -0.00080817 0.00910142 0.0104672 0.00403674 0.00118335 0.0227282 0.0277318 0.0142612 0.0393125 0.0170269 0.00343323 -0.00564251 -0.0100764 0.0247344 0.0111832 -0.00583377 0.00427705 0.0297801 -0.013592 -0.0111996 -0.0054061 0.00492929 0.0146035 0.0362825 -0.0152776 0.0152042 0.0276034 0.00405518 0.0049595 0.00425958 0.0372568 -0.00724387 0.0206646 0.00383285 0.0346853 -0.0145277 0.0173945 0.016202 -0.0166191 -0.0141444 -0.0141568
internal_weight=0 8396.28 7827.7 15766.5 3088.31 4054.33 3870.36 1805.3 3761.25 723.101 1537.6 1409.92 562.209 3038.15 578.981 3773.37 441.516 747.648 210.839 449.756 55.055 12678.2 1838.88 663.812 384.481 326.978 2014.78 1530.17 579.065 484.61 252.529 2459.17 884.159 673.112 327.052 1575.01 247.901 564.647 441.876 211.047 1010.36 104.188 385.98 55.896 1283.01 232.081 906.174 1758.59 577.656 111.998 672.06 54.921 112.454 662.27 87.0167 951.108 38.1567 52.1288 52.0594 230.678 55.0223 175.655 110.091 418.951 211.658 381.552 321.881 59.6707 279.762 226.183 53.5792 92.9881 26.5837 257.702 198.497 115.291 160.114 465.658 187.785 874.517 46.9648 1180.93 49.9505 101.987 590.722 399.786 170.299 190.936 135.942 129.529 178.407 156.126 68.486 35.3388 607.594 23.2784 54.6762 22.8435 170.909 107.639 334.464 98.5966 36.6872 346.06 455.168 219.635 107.296 76.1859 40.7545 112.338 96.2594 279.331 37.1421 51.6779 170.212 9.08729 63.0179 58.2776 24.2461 11.3327 912.951 31.6566 34.5775 155.784 87.49 122.771
internal_count=92317 72007 71494 20310 7831 28651 28506 6667 28396 3848 6395 6295 3691 24548 3533 42843 3365 4638 1854 3391 380 12479 3167 2087 1720 1675 20546 16764 4382 3782 1388 21015 6914 5960 2452 14101 1569 4520 3294 954 9581 675 3031 263 1164 2394 8906 22297 6234 846 3815 386 300 1657 512 12382 281 149 526 1511 222 1289 697 2241 914 1922 1747 175 1312 1161 151 641 125 1510 789 596 2141 5388 695 8751 349 16063 411 219 3621 2764 900 857 780 768 603 568 369 130 1361 123 296 257 531 574 2795 708 187 3508 5380 2452 1085 687 271 1367 462 367 330 382 749 45 492 246 183 49 12101 155 193 1474 761 1226
is_linear=0
shrinkage=0.02


Tree=49
num_leaves=127
num_cat=0
split_feature=13 15 15 13 1 15 0 1 15 1 3 12 12 12 0 12 12 12 2 0 1 10 13 1 12 12 10 8 8 5 2 8 10 8 8 2 8 8 6 2 11 13 13 6 13 1 8 11 8 8 10 0 1 7 0 10 12 12 2 10 2 3 2 12 6 10 0 8 10 11 8 8 8 5 8 0 10 10 7 8 3 6 10 8 12 12 7 1 8 13 10 1 3 7 8 8 0 2 8 10 12 2 6 12 11 7 6 15 12 12 1 15 15 0 2 0 2 8 10 2 2 10 6 0 1 13
split_gain=8807.27 1407.88 1011.67 1324.37 633.128 324.472 223.5 121.207 118.849 115.169 99.1423 124.257 615.87 101.63 94.4472 92.8506 350.04 86.6608 83.058 112.823 81.5925 78.1676 72.7819 69.5421 67.1166 76.8812 63.6797 296.178 222.12 107.688 156.815 153.774 97.7183 191.298 125.44 93.6703 83.1439 98.6893 79.7754 98.2875 128.442 74.9859 74.5966 62.8525 60.1033 61.9057 59.6369 242.646 59.6112 78.9248 78.6489 58.4748 56.9448 54.6617 54.3401 53.8194 53.2676 91.8454 53.2665 131.866 48.5168 47.2208 47.0548 44.7059 42.1499 40.3992 92.1241 65.7897 84.4883 62.0258 56.9736 40.0592 39.1987 36.5636 36.03 34.4552 32.9721 32.496 32.09 31.4433 31.3869 31.0457 30.0525 34.4065 30.1605 29.655 29.6095 28.8965 27.4412 27.3376 50.1098 27.3058 43.7658 29.3052 26.1424 26.1364 25.1059 24.3971 24.3501 42.2941 24.0928 31.9846 26.4995 23.4933 24.921 23.4425 51.8469 33.6033 32.8445 39.7519 23.3656 23.1787 23.0874 31.3948 22.8039 22.5063 25.908 22.4725 57.9811 22.433 49.7272 22.4257 22.0645 21.9571 21.4175 30.9588
threshold=0.52676329016685497 -0.72607553005218495 -1.3535210490226743 1.9143015146255495 0.48026315867900854 0.92774829268455516 0.49888893961906439 -0.26973684132099146 -0.14731485396623609 1.4407894611358645 1.4411764740943911 -0.33382290601730341 -0.6656709313392638 17.352477073669437 -0.27722449600696558 -0.6812496781349181 -0.99900424480438221 3.3339674472808842 0.034979423508048064 -0.03773903846740722 1.5986841917037966 -0.56174489855766285 0.032364165410399444 0.019736842252314094 -1.0012316703796384 -1.3327668905258176 -0.38873952627182001 -0.19978590309619901 -0.54975369572639454 0.99954625964164745 0.35185185074806219 -0.63071238994598378 -0.56174489855766285 0.60503366589546215 0.53381279110908519 0.67283952236175548 0.69348850846290599 0.28964744508266455 2.7500000000000004 -0.17901234328746793 1.0000000180025095e-35 -0.41609519720077509 0.24498091638088229 1.5833333134651186 0.95739597082138073 2.4144737720489506 0.70016998052597057 0.6784479320049287 -0.094030573964118944 -0.27831585705280298 -1.0000000180025095e-35 0.11065879836678506 1.4539473652839663 -1.4045948982238767 0.61209514737129223 -0.56174489855766285 -0.6812496781349181 -1.9990042448043821 -0.28600823879241938 0.56174489855766307 1.5946502089500429 1.5588235259056094 -6.6604938507080069 -30.321710586547848 2.7500000000000004 -1.0000000180025095e-35 0.18078970909118655 0.038631947711110122 -0.38873952627182001 1.0000000180025095e-35 -0.60823029279708851 0.70776253938674938 0.43993680179119116 0.99954625964164745 0.48216935992240911 0.27226798236370092 -1.0000000180025095e-35 1.0000000180025095e-35 1.0030285716056826 0.52766618132591259 1.7941176295280459 1.4166666865348818 0.56174489855766307 0.46140880882740026 19.493468284606937 -20.499748229980465 1.0030285716056826 0.65921053290367138 -0.24382634460926053 -0.29219289124011988 -0.38873952627182001 -0.7697368562221526 3.20588231086731 -0.37077648937702173 0.40265952050685888 -0.58836433291435231 1.8037174940109255 -0.75925928354263295 -0.617541342973709 -1.0000000180025095e-35 -0.33382290601730341 -0.022633745335042473 1.2500000000000002 2.6680868864059453 1.0000000180025095e-35 1.7475492358207705 1.5833333134651186 -0.16388268023729322 26.960092544555668 -47.304491043090813 -0.55921050906181324 -1.1192106008529661 -1.6011464595794676 -0.22096103429794309 -0.66460907459259022 -0.25331237912178034 -0.94855967164039601 -0.64291095733642567 -0.38873952627182001 -0.49176955223083491 -0.41358023881912226 1.0000000180025095e-35 0.75000000000000011 0.73591092228889476 4.151315689086915 6.6893529891967782
decision_type=2 2 2 2 2 2 2 2 2 2 2 2 2 2 2 2 2 2 2 2 2 2 2 2 2 2 2 2 2 2 2 2 2 2 2 2 2 2 2 2 2 2 2 2 2 2 2 2 2 2 2 2 2 2 2 2 2 2 2 2 2 2 2 2 2 2 2 2 2 2 2 2 2 2 2 2 2 2 2 2 2 2 2 2 2 2 2 2 2 2 2 2 2 2 2 2 2 2 2 2 2 2 2 2 2 2 2 2 2 2 2 2 2 2 2 2 2 2 2 2 2 2 2 2 2 2
left_child=1 17 112 4 23 10 8 22 18 61 11 12 15 14 -13 16 24 73 52 74 105 -22 89 80 25 58 27 -16 29 31 42 -28 36 34 -34 -33 37 -29 46 71 -41 -38 -31 86 78 63 62 -48 49 53 55 -15 56 76 114 -51 57 -6 59 -3 -52 85 -30 -46 -35 67 70 68 -58 -69 -67 -40 91 -1 88 -68 -21 79 -11 -59 -4 -65 83 96 -84 -8 111 -55 -20 90 -7 92 -12 -93 110 -60 -74 -83 99 -54 101 -87 122 104 -75 106 108 -108 109 123 -53 -25 -2 -114 -23 -19 -117 -24 -119 -85 -121 -91 -102 -5 -56 -126
right_child=2 5 3 20 6 7 9 -9 -10 44 72 13 -14 51 26 -17 -18 115 19 48 21 54 117 43 -26 -27 28 32 38 30 -32 35 33 64 -36 -37 41 -39 39 40 -42 -43 -44 -45 45 -47 47 -49 -50 50 60 94 98 87 124 -57 65 77 95 -61 -62 -63 -64 81 -66 66 75 69 -70 -71 -72 -73 82 103 -76 -77 -78 -79 -80 -81 -82 97 84 119 -86 100 -88 -89 -90 121 -92 93 -94 -95 -96 -97 -98 -99 -100 -101 102 -103 -104 -105 -106 -107 107 -109 -110 -111 -112 -113 113 -115 -116 116 -118 118 -120 120 -122 -123 -124 -125 125 -127
leaf_value=0.029502302130795469 0.029057965645725652 -0.00034132413384303182 0.025645358087589967 -0.0076462224035518103 0.0027452980206065475 0.032426874295513788 0.010153386772272118 0.032566718811089371 0.031373440809580544 -0.01424869417539875 -0.022054243178798078 0.034974201822518827 0.080181227842288413 0.024884780515669808 -0.020558759664691673 -0.013592783180908044 0.074323561471090788 0.036677036421628548 -0.0029958253421168844 -0.02266989554839512 -0.012542785962824099 0.021724704483023292 0.032342312516391233 0.019196058768108051 -0.017171223066639901 0.055484664053131898 -0.016824247125598869 0.00099756063225168523 0.030889056750444677 0.023412490316794061 -0.015619732871013755 -0.0041451681381005651 0.0083111810598777095 -0.020109509000845932 0.034050541993924696 0.024083622605837688 0.033187480056695098 -0.021896660656247447 -0.014208879005980049 0.01947037108630285 -0.02282472559989606 -0.0054959289399240021 -0.0054148300602568219 0.028570480080081801 -0.025320919089174936 -0.015480376235994282 -0.019546754122469916 0.035997149871927051 -0.016719374013997926 -0.015915973456951202 -0.017492237264524136 0.01689763362355521 -0.022911139244052407 -0.0022989133932561413 0.024885678785868743 0.035522661964644486 -0.021002413977888382 -0.012922375446998527 0.003561225839124309 0.02532147204996309 0.079556673878070153 0.0012014201084948387 -0.014851509523624707 0.0052043695082943332 0.020826804471164768 0.011275605450466155 0.055403379656409221 0.0027824924553510226 0.016695958454306669 0.033226434419291621 -0.017828013429312849 0.033847394324970428 0.069859239162666023 -0.02472582544592293 -0.023306085693780558 0.003114924418454118 0.014182679128695991 0.051070577443238153 0.031738340705870713 0.056436353680735983 0.0010995537603398912 -0.0017362060106897394 -0.0048696428295085196 -0.020837947485454086 0.029970109144119572 0.026715393506015567 0.029769445795883268 -0.019708640369749203 0.0249792902890499 -0.01783625296600308 -0.022289269095818451 0.0025074588066508218 0.026701969246429372 -0.019332192846693644 0.011622002419886821 -0.005192960052514399 -0.0020170975890585938 0.037610603918502378 -0.022717011848252637 0.02747721376754738 0.017601037235814177 0.057094910373291244 0.030203570943992078 0.048945272559107147 0.016305056829066217 0.029386393630045759 0.029570114061585492 0.0075008113086634399 0.0098614510614926341 0.02766603577057938 -0.0081956901208460227 0.0013834851810995152 -0.0060067271547974864 0.025529187460035262 -0.022058284719960141 0.023681521570207691 -0.016619515346286882 -0.031843049980512121 0.030131749709032922 0.036096152856663191 -0.017740587178747175 0.0047968657371214706 -0.02411557591731937 0.017237090068299821 -0.024415343858183523 0.030558241062480288
leaf_weight=593.88265236467123 9900.306895673275 364.01029580458999 666.01867221295834 19.736849546432495 69.112815469503403 18.460272163152698 36.826996542513371 116.22253313660622 40.095500215888023 76.176246747374535 14.779165279120209 21.661396026611328 37.951893121004105 55.190946396440268 288.26267785206437 214.13077005371451 25.26363417506218 5.3629736900329581 18.474087201058865 12.264577135443686 31.718918904662132 6.7848047912120846 39.192259818315506 36.284253187477589 93.413447223603725 10.053464293479918 224.90135269984603 163.10578687489033 9.0465466976165754 190.3732415959239 72.827985290437937 114.25505050644279 290.31123133376241 91.566519714891911 102.46684249490499 79.901171315461397 39.032667338848114 139.92518078535795 188.77539648488164 115.23510545492172 38.254216387867928 41.203148782253265 44.252805348485708 76.866140156984329 7.9684786945581427 25.659377291798592 94.571941204369068 47.142342619597912 327.99263615906239 9.9304214119911176 34.266265898942947 17.51460275053978 13.941025055944921 50.812176335602999 233.07004630565643 45.030416414141655 55.116997350007296 7.4103790000081045 175.87470903620124 102.6845256946981 2.1923173516988745 34.42257821559906 1617.7677836939692 23.735057860612869 11.302879117429255 34.766645036637783 12.116157859563829 53.535857804119587 41.825290821492672 53.5397734567523 118.98997407406569 7.2031963914632788 3.5196648836135855 10.423049308359628 9.367783457040785 8.632196441292761 46.644283346831799 30.456173583865166 6.5950551033020011 4.039775937795639 21.510903120040894 7.2425508648157111 22.331189580261707 57.827545367181301 17.910854883491993 30.014613121747971 21.248607635498047 152.84689637646079 58.245554067194462 51.661737821996212 10.504828877747057 26.472429759800434 14.678588826209305 343.0780325755477 63.525645162910223 608.09015004336834 4.3417046889662743 48.613807797431946 47.29206820577383 12.763486683368681 22.6413803473115 25.759668707847595 89.552504874765873 4.3770628720521918 13.708857633173464 1918.2111383676529 740.16895822435617 28.665993295609951 99.942682288587093 206.15241929143667 97.307638887315989 150.11150798201561 12.947169736027716 510.96134236454964 15.931811355054377 8.3112830370664579 27.467490926384926 9.2711396142840403 17.316769279539585 10.318747706711294 20.490171194076538 26.490469746291637 6.5353804379701605 50.423654995858669 8.7665753588080424 7.6939473152160636
leaf_count=609 8174 3185 1046 90 459 63 151 93 64 686 197 16 37 219 3770 2385 24 4 121 131 214 17 33 71 1066 8 2732 1161 7 965 677 905 1842 979 338 367 130 1511 2236 520 463 310 343 115 66 229 1249 288 3437 79 331 79 153 418 357 171 549 60 1283 609 7 191 19715 120 62 201 29 403 208 190 1286 28 6 80 89 49 206 61 5 15 118 50 200 756 66 46 17 1550 164 535 129 198 54 4246 428 5467 38 114 500 30 86 38 125 12 55 1555 636 118 276 232 928 973 35 537 98 18 246 50 17 35 249 205 63 106 69 6
internal_value=0 -0.00121162 0.0250456 0.0186145 0.00841241 -0.00395463 0.00143145 0.0167723 -0.00255303 0.013804 -0.00488601 -0.00413779 0.000556729 -0.00593277 -0.0066755 -0.00133964 0.00056249 0.0265819 -0.00357457 -0.00785311 0.0270539 0.0171707 0.00615518 0.0214361 -0.000813654 0.000398372 -0.00690039 -0.00296668 -0.00851449 0.00102799 0.0100176 -0.00556748 0.0028031 0.0086673 0.015026 0.00747184 -0.00478059 -0.00957389 -0.0117877 -0.00305593 0.00892914 0.0133226 0.0179754 0.0131203 0.00236881 0.0118386 -0.0135132 -0.00106965 -0.0105765 -0.00488477 0.0111198 0.00689462 0.0022568 -0.0104572 0.0206325 0.0262286 0.00472856 0.0169104 -4.44409e-05 0.00530513 -0.0116565 0.0229238 -0.0145972 0.0198444 -0.0156116 0.00115567 -0.00590914 0.0071985 -0.00473763 0.018005 -0.0112473 -0.0124426 -0.0131236 0.0284402 0.0137216 0.0336492 0.00651013 0.0402718 -0.0105845 0.0115484 0.0248774 0.0243663 -0.0038824 -0.00993726 0.0106368 0.026462 0.00740088 -0.015365 0.0182429 -0.00401351 0.0125829 -0.0162906 0.00224063 -0.0177677 0.00132745 -0.00322905 0.0301631 0.0325087 -0.0140957 0.0011721 0.0299038 0.0407463 0.0248103 0.00631527 -0.001417 0.0280346 0.0257701 0.0287473 0.0196867 0.0232406 -0.00436804 0.00485092 0.0288414 0.0247499 -0.00898156 -0.00153067 -0.00725773 0.022714 0.00852129 -0.0134939 0.000290806 -0.0101645 0.00825682 0.0102372 0.0233285 0.00128031
internal_weight=0 7386.76 16577 6152.75 2785.49 6723.23 1813.45 289.12 1371.7 441.744 6434.11 5898.36 1631.47 4266.89 4033.35 1593.52 1379.39 663.533 1331.61 768.067 3367.27 303.966 172.897 972.04 1354.13 1260.71 4011.69 1167.18 2844.51 726.512 307.454 419.058 878.914 495.647 392.778 194.156 383.267 303.031 2118 349.468 153.489 80.2358 234.626 284.511 195.991 113.219 1768.53 141.714 681.98 353.987 91.4194 233.539 563.539 262.568 272.247 54.9608 489.542 111.019 1250.66 466.695 36.4586 245.753 1626.81 87.5599 102.869 378.523 174.505 204.018 96.9423 107.076 153.757 195.979 535.748 622.392 86.0874 20.7484 58.9089 41.9063 82.7713 11.4502 687.53 79.5914 136.74 96.4978 40.242 211.331 207.644 203.659 76.7196 107.117 28.9651 399.008 29.4578 369.55 178.348 783.965 7.86137 55.8564 73.9966 26.7045 174.504 55.7743 118.729 28.509 24.1319 3063.3 1145.09 768.835 376.256 276.313 114.822 186.396 10424.2 523.909 22.7166 41.1417 35.7788 65.7802 26.5879 88.6365 30.8089 78.1522 29.1768 70.1605 249.531 16.4605
internal_count=92317 64526 27791 19045 15271 63502 12931 1125 10961 1970 62377 56332 14064 42268 40614 14027 11642 1024 10897 6704 3774 761 1032 2340 11618 10552 40598 10103 30495 5989 1985 4004 6333 3221 2180 1272 3112 2672 24506 3247 983 440 1308 1176 1270 579 21259 1537 6330 2893 588 1654 4193 2305 547 250 3510 595 10544 3794 338 700 19722 350 1041 2915 1565 1350 757 593 1487 2264 6045 756 374 78 337 136 691 75 1164 284 1350 1084 266 509 1061 1968 285 932 192 4695 251 4444 1435 6750 44 164 683 183 358 84 274 147 135 3013 1458 754 704 428 1007 1044 8746 572 115 268 264 100 67 1040 284 740 149 196 432 75
is_linear=0
shrinkage=0.02


Tree=50
num_leaves=127
num_cat=0
split_feature=14 15 15 13 14 15 1 2 0 0 13 6 1 7 9 9 15 8 8 2 11 5 8 11 9 8 15 1 8 8 1 2 9 0 3 5 1 13 0 6 0 8 4 6 11 8 8 8 15 0 11 2 7 2 9 14 0 14 7 9 7 8 8 2 9 8 4 2 2 14 7 2 1 3 14 1 6 8 8 9 11 1 11 0 0 7 14 8 8 8 13 6 2 0 7 0 13 9 0 11 0 5 0 7 8 14 9 0 2 9 15 1 11 14 7 13 8 8 9 0 9 1 9 9 9 8
split_gain=9225.42 2236.8 378.166 522.573 298.921 294.374 256.823 157.499 135.359 120.468 120.337 97.2268 134.666 147.293 96.8181 94.6106 89.1424 85.5265 120.195 167.93 209.343 133.676 106.134 105.248 129.2 104.177 114.18 229.806 101.877 101.386 75.6255 75.0706 72.148 67.6714 67.1768 66.7141 66.702 67.776 59.2918 61.0901 58.4559 57.9388 57.8748 61.4515 99.4961 110.5 105.428 80.0869 60.8538 68.09 55.4971 55.2823 53.7895 52.941 65.1943 50.7569 50.2804 50.2463 65.0192 54.9847 49.5168 48.3547 52.4554 52.6603 52.1291 47.7764 50.2791 47.1491 46.5944 43.5385 41.4023 39.7047 38.2393 37.4475 36.8773 37.41 63.8502 42.4934 36.1177 109 69.6729 56.137 60.2571 36.1154 51.8519 35.3889 35.2717 34.9079 34.7455 101.393 67.9361 53.5706 38.5071 33.5415 33.3611 85.6752 43.5536 32.4838 32.1213 31.6903 45.0422 43.7753 30.2785 38.709 30.2316 29.9684 29.9674 37.2916 29.8907 66.8749 85.7709 64.2794 57.0891 50.0077 29.7617 29.1864 40.0081 28.9404 27.8389 27.2306 53.9026 88.4551 47.7364 38.6849 30.2689 27.0983
threshold=0.89410182833671581 -1.2063425183296201 -1.3535210490226743 1.9143015146255495 -0.13056138157844541 1.0439346432685854 0.82236841320991527 -6.6604938507080069 0.46906472742557531 -0.27722449600696558 0.95739597082138073 2.7500000000000004 0.62105265259742748 0.079273290932178511 0.020008387975394729 0.084459207952022566 0.63922914862632763 0.59008219838142406 0.5151028335094453 0.48353910446166998 1.0000000180025095e-35 0.99954625964164745 0.69152030348777782 0.6784479320049287 0.010774772614240648 0.39499190449714666 -0.59574958682060231 0.098684210330247893 0.70493233203887951 0.6981552541255952 2.3881578445434575 0.87860083580017101 0.47326071560382849 -0.27722449600696558 1.0294117927551272 1.5000000000000002 2.2302632331848149 1.0784741640090945 0.067778520286083235 0.58333334326744091 1.8037174940109255 0.22925297915935519 1.0000000180025095e-35 1.9166666865348818 -0.22252093255519872 -0.54975369572639454 -0.59348425269126881 -0.17293875664472577 0.38534303009510046 1.6686117649078371 1.0000000180025095e-35 -1.4012345671653745 0.10296012461185457 -6.6604938507080069 -0.61933025717735279 1.163232207298279 -0.25867402553558344 -0.25533904135227198 0.59807050228118908 -0.60558217763900746 0.54747614264488231 -0.583143651485443 -0.66431683301925648 -0.96913582086563099 0.35411681234836584 0.59008219838142406 1.0000000180025095e-35 -1.0000000180025095e-35 1.3312757611274721 -0.33037325739860529 0.53939509391784679 -1.6646090149879453 -0.32236841320991511 2.5588235855102544 1.6007834672927859 0.16447368264198306 1.5833333134651186 0.44717116653919226 0.43262706696987158 0.3216924667358399 -0.22252093255519872 -0.25657895207405085 -1.0000000180025095e-35 -0.26408690214157099 -0.25331237912178034 0.49651578068733221 4.1899335384368905 -0.31204251945018763 0.69533789157867443 0.70279201865196239 -0.47368665039539332 2.0833333730697636 -0.01851851865649223 0.10247609019279481 0.063916377723217024 -0.16169957071542737 -0.05351103097200393 0.70536598563194286 -0.1562710031867027 -1.0000000180025095e-35 1.3293038606643679 0.99954625964164745 1.6012866497039797 0.049159688875079162 0.59008219838142406 -0.10053803399205206 -0.70154139399528492 0.062101207673549659 -0.55349797010421742 -0.70451995730400074 0.29051074385643011 -0.36184209585189814 1.0000000180025095e-35 -0.46007740497589106 0.43797212839126592 6.1827387809753427 -0.57782307267189015 0.70776253938674938 -0.29399476945400232 -0.024598641321063038 -0.44998387992382044 -0.03289473615586757 -0.34341222047805781 -0.70548686385154713 -0.43560370802879328 0.61905220150947582
decision_type=2 2 2 2 2 2 2 2 2 2 2 2 2 2 2 2 2 2 2 2 2 2 2 2 2 2 2 2 2 2 2 2 2 2 2 2 2 2 2 2 2 2 2 2 2 2 2 2 2 2 2 2 2 2 2 2 2 2 2 2 2 2 2 2 2 2 2 2 2 2 2 2 2 2 2 2 2 2 2 2 2 2 2 2 2 2 2 2 2 2 2 2 2 2 2 2 2 2 2 2 2 2 2 2 2 2 2 2 2 2 2 2 2 2 2 2 2 2 2 2 2 2 2 2 2 2
left_child=1 38 -2 6 14 7 10 -6 52 -9 16 17 13 40 33 35 31 18 25 20 32 -22 -19 29 28 26 27 -11 -25 50 -5 53 -20 -3 -32 -15 37 55 -1 -40 -13 -28 43 44 45 46 -16 69 99 68 -24 -42 61 -4 86 -10 -27 88 71 67 70 62 63 -8 93 66 -17 87 78 -46 83 -59 -33 114 75 77 -77 -56 81 117 -81 -50 -83 -49 -85 -76 98 -60 108 90 92 -92 -90 -64 95 -71 -97 -62 -55 100 -45 -101 103 -14 -37 -31 107 -63 109 110 -35 112 113 -111 -57 116 -36 -80 -95 120 123 124 -123 -73 -122 -104
right_child=2 4 3 30 5 -7 8 9 36 11 -12 12 102 15 42 65 -18 22 19 -21 21 -23 23 24 -26 56 41 -29 -30 105 34 72 -34 57 115 104 -38 -39 39 -41 51 -43 -44 48 47 -47 -48 60 49 -51 -52 -53 -54 54 74 73 -58 58 59 -61 97 106 64 -65 -66 -67 -68 -69 -70 94 -72 119 -74 -75 85 76 -78 -79 79 80 -82 82 -84 84 -86 -87 -88 -89 89 -91 91 -93 -94 118 -96 96 -98 -99 -100 101 -102 -103 125 -105 -106 -107 -108 -109 -110 111 -112 -113 -114 -115 -116 -117 -118 -119 -120 -121 121 122 -124 -125 -126 -127
leaf_value=0.027588013094111387 0.028701988479976064 0.030126112870946277 0.030364981880868672 0.027972586042101923 0.030047077560002581 0.0257637665272041 0.051222671627256647 0.031576705319045884 -0.018426067772298906 0.02528006170803811 0.027563271407505398 0.036435551448045708 0.031853038687614105 -0.018614687310141678 -0.018766070935516046 0.031003289887941432 0.027387198445663469 -0.018798167975226848 -0.020563772870195951 -0.018853405841859273 0.053660256358948416 0.0034061968697801787 0.027095733076177617 -0.022604747016087192 -0.022694117603622874 0.0456229322687106 -0.0034926040677916151 -0.00103633513420754 0.062995555050385676 0.015192398365260032 -0.024303967861548818 0.019843073926554052 0.042810536527617273 0.065981766055728225 0.018964181994713409 -0.0096663718980044295 -0.0085031522139271138 0.028303878021176693 -0.010134853217542717 0.02852061614432826 0.033102814637991189 -0.016186397096763429 -0.021749853713738811 0.028569041138788945 -0.021632163191760059 -0.021107285575653268 0.032004219104329309 -0.022936602436593418 -0.02272497519423065 -0.021783076603785211 -0.022746238751552017 -0.017978580321845981 0.036525346961643203 0.022705108362107467 0.02168030032974946 0.010995118386420189 -0.019254146480081846 0.019287026418291761 0.039259057082470808 -0.0049784495107253572 -0.022340626856576572 0.029823918674587814 0.032770455446053288 -0.02403871717104808 -0.02713542400048043 -0.023047159664885606 -0.022811199093402332 0.048319770478124906 0.037911811989169916 0.08508247030430946 0.043046522945070595 0.054250530048616408 -0.019242091082598049 -0.0256197607941442 0.020569680421877047 -0.0063023108815556126 0.024667413723696834 -0.0018655442497969171 -0.021925908457903511 0.034715309720952027 -0.023509346246469626 -0.018967780327782555 0.013452597367554157 0.015142270573013801 -0.00039091040991320186 0.00034922866217127841 0.018529914801570364 -0.022089338333641281 0.11347614131491804 -0.019961840215355228 -0.021722417274375804 0.031624067555548176 0.033283461649884709 -0.024774874949797642 -0.014739780082599345 0.035611508635660448 -0.01368740507492955 0.042781600768605994 -0.019698530409628091 -0.011552904791182777 -0.021996150793723454 0.033816890596982729 -0.019700653558086201 -0.023056137850116384 0.037450558173419253 -0.018924832843567427 -0.014049308034652881 -0.023131609989469566 -0.01789228721262353 -0.01427119068840919 -0.021586122661512309 -0.019373969358404592 -0.021610226709629581 0.016676810111970818 0.034245782211230272 0.030524103911694675 -0.02504834694362193 0.024338772595439789 0.01484694301524736 -0.018571843398363694 0.055038170230848386 0.070536227475384752 0.010458386804199946 -0.020187009850515521 -0.012017732324587773 0.010175618384139953
leaf_weight=1081.7426183670759 9671.3625227659941 15.293904259800909 75.332073330879211 3025.0152739807963 63.981381893157959 170.13822100311518 4.1851582527160636 43.357723236083984 23.556591540575027 167.80480218678713 481.92586687207222 105.73402483761311 13.222287178039553 83.778953138738871 31.271842621266842 59.482115846127272 208.96243848651648 283.74302691221237 42.588927656412125 50.082661174237728 75.033158339560032 29.495361730456352 41.050072461366653 6.9273166730999938 15.8332532197237 4.9114462733268729 1656.3113183528185 635.00201944261789 28.205475643277168 11.171572335064409 18.455978453159332 13.195975467562674 8.6438990458846074 9.9721124470233935 28.339699424803257 8.7372357882559317 46.460966043174267 125.9553814381361 34.831313900649548 30.826692596077919 16.140767745673656 157.5064956061542 77.389160543680191 12.547697920352222 119.2857830747962 273.81444109231234 34.311309121549129 23.757547307759523 50.494270790368319 54.455950874835253 11.422404401004313 17.842997819185257 12.575912132859228 8.4435579404234868 123.87715521454811 98.382562808692455 176.30508621409535 17.300829827785492 6.1346252709627143 43.094984471797943 49.316205587238073 14.365578122437002 35.428343839943409 33.370032608509064 11.54007690399885 9.5650255456566793 7.8626065738499156 20.59127327054739 14.243067912757395 5.2713444679975501 9.6277677863836271 2.8995948806405059 41.504892647266388 9.1857834532856923 364.06627000123262 102.46032036095858 35.979235358536243 40.741964504122734 36.513036463409662 55.148607805371284 9.6608140766620618 33.92106481269002 70.781457003206015 103.09092838317156 517.34482337161899 38.259782291948795 18.843207560479641 9.3869964554905874 4.1611493825912476 56.953012466430664 14.113164138048889 16.141390476375818 5.6435339078307134 9.0216435045003873 47.705141432583332 9.6465638577938062 27.9007847905159 3.2668146938085547 46.489768274128437 10.321174070239065 16.072648391127586 48.384378243237734 87.283969163894653 8.3967848122119886 14.46539508551359 131.78629284352064 189.25238205492496 8.44691054522991 660.62702370807528 30.970032949000597 8.115128640085457 221.44819781929255 41.098045498132706 64.134272988885641 28.372267305850983 38.527310401201248 11.660672307014464 6.348751261830329 33.18378584086895 131.27343348786235 2.8598418049514285 10.703124612569811 10.460889067500828 75.723026268184185 46.062832705676556 14.106226809322832
leaf_count=1055 8085 14 60 2749 51 220 10 34 221 414 508 114 66 893 463 206 246 3255 447 471 173 243 270 70 162 31 14137 4893 75 78 148 33 63 38 80 89 343 168 210 33 55 1672 1153 52 1797 4282 81 256 563 795 125 151 10 34 326 332 1948 97 18 493 623 31 57 334 83 91 78 53 17 34 32 14 328 75 734 810 76 238 484 78 82 415 386 609 4564 117 75 115 16 779 198 68 34 77 670 84 374 15 401 120 219 140 1011 86 33 1476 1732 88 9616 448 121 3239 609 631 31 31 86 24 129 1827 16 44 121 1085 615 86
internal_value=0 0.000453899 0.026334 0.0220971 -0.00350743 -1.27245e-05 0.0148256 -0.00108557 0.00456132 -0.0015806 0.0192088 -0.00194178 0.00685071 0.0136217 -0.00804814 0.00186034 0.015608 -0.003053 -0.00174585 0.013004 0.0232473 0.0394798 -0.0104591 -0.000856092 0.0247402 -0.00283104 -0.00181542 0.00446439 0.0461173 -0.00753131 0.0274152 0.0129008 -0.00987139 -0.0117325 0.0100307 -0.0103031 0.0137202 0.0173373 0.0264679 0.00801404 0.0291015 -0.00459489 -0.00484061 -0.00405913 -0.00627211 -0.0155223 0.00779555 -0.00284553 0.00257416 -0.00133792 0.0162459 0.0062828 -0.00409042 0.0143548 0.0128069 0.00867705 -0.0174958 -0.0121565 -0.00582623 0.0102756 0.000377014 -0.00559806 0.00417606 -0.0156516 0.0125264 0.0187797 0.0247204 0.0284788 0.00267982 -0.0136954 0.00187868 -0.0101164 -0.00981323 0.0133736 0.0146779 0.00940896 0.00174645 0.0158529 0.000770832 0.0096713 0.0260361 -0.00540407 0.00294919 0.00126341 0.00219007 0.0186468 -0.00508163 0.00215745 -0.0142593 -0.00281382 0.0215659 0.00673896 0.0673176 0.018422 -0.00323699 0.00957849 -0.00102166 -0.0182948 -0.0131809 0.0174279 0.00017258 0.0258403 -0.0109621 0.0105265 0.0197081 -0.0162587 -0.011439 0.0102158 -0.0153307 -0.0108269 0.026693 -0.0127244 -0.00191305 0.00659882 0.0161994 0.0181002 0.00613391 -0.0150731 0.00637756 -0.0119333 -0.00607309 0.00668018 0.0408411 -0.0174418 -0.00809789 -0.015544
internal_weight=0 8682.38 15076.7 5405.36 7534.98 4257.92 2283.37 4087.78 683.283 4023.8 1600.08 3980.44 446.618 323.609 3277.06 183.891 1118.16 3533.82 3003.69 205.844 155.761 104.529 530.139 246.396 50.966 2797.84 2616.62 802.807 35.1328 195.43 3122 909.194 51.2328 1525.16 96.9837 106.982 331.914 285.453 1147.4 65.658 139.718 1813.82 1751.89 1674.5 1255.61 339.398 65.5832 916.214 418.893 331.567 52.4725 33.9838 351.37 854.493 779.161 159.497 181.217 1509.87 376.491 79.2079 706.404 338.794 126.729 37.5552 89.1739 76.9097 67.3447 36.1129 277.111 209.81 653.821 297.284 54.7009 135.941 705.385 303.059 138.44 164.619 262.868 107.671 64.8094 155.197 104.703 644.193 620.436 402.326 73.7765 15.5216 1133.38 97.0123 40.0592 30.2546 9.80468 77.6338 90.5238 42.8187 37.5473 52.583 54.9333 87.3259 28.6203 58.7056 123.009 21.6191 23.2026 142.958 212.065 22.8125 1036.36 375.738 18.0872 357.651 136.202 95.1043 126.755 78.5277 40.0004 42.8618 42.2054 279.983 148.709 70.0867 21.164 78.6226 48.9227 101.39
internal_count=92172 73286 18886 10801 71988 33267 7707 33047 3721 32996 3986 32962 2959 1710 38721 1390 3478 30003 24492 1397 926 416 5511 2256 307 23095 21116 5307 145 1949 3094 3232 510 20309 345 1015 1170 827 1298 243 320 15809 18412 17259 13884 4826 544 9058 3375 2844 395 206 2551 2871 2811 659 1979 20295 4498 679 6099 2541 690 344 346 375 284 186 2049 2959 5461 3819 361 438 2301 1450 886 564 2032 668 160 1364 801 5429 5173 851 510 133 15797 1095 316 266 50 263 1162 492 458 638 435 531 271 260 1249 152 122 1554 1851 119 14702 5086 159 4927 1688 1079 363 197 166 508 206 3722 1895 796 165 1099 631 1097
is_linear=0
shrinkage=0.02


Tree=51
num_leaves=127
num_cat=0
split_feature=14 15 15 13 14 15 1 2 16 15 13 0 10 9 6 0 15 9 8 8 10 2 8 12 8 2 13 8 11 9 8 16 0 16 10 8 0 10 8 8 0 2 8 8 9 11 0 9 0 1 0 6 9 15 10 15 1 13 8 2 9 2 9 16 1 15 8 14 1 14 9 10 16 14 8 10 0 0 0 16 8 15 0 1 2 14 15 0 2 11 1 15 8 1 6 14 14 14 10 14 10 16 2 10 0 6 13 0 9 10 0 8 2 12 1 0 2 12 9 10 6 12 14 9 8 8
split_gain=8969.19 2167.18 377.315 516.251 290.392 284.367 262.047 152.776 142.117 138.345 132.473 123.605 117.322 94.845 89.7023 89.2924 84.4727 80.7602 73.875 98.2438 269.407 170.606 107.11 79.6446 73.0465 70.5388 67.2469 66.2227 105.164 127.416 95.2411 81.1334 65.6075 63.578 149.838 147.554 90.0297 75.1141 90.7555 86.3733 64.3742 69.1313 63.9008 99.5673 66.3175 64.5411 73.3394 59.8339 59.235 58.6659 57.8102 59.0139 55.9521 55.3747 55.1084 55.0892 55.067 56.1073 52.8501 60.4148 53.1104 51.6756 61.5805 49.7056 83.3386 97.9388 77.1519 77.5099 70.7841 52.0209 51.6078 115.279 66.0117 49.2238 48.9958 73.9011 47.8201 47.1818 47.046 42.4549 40.835 40.5399 65.1479 89.1476 40.1493 44.0283 39.9961 60.4547 39.0982 37.7673 36.7461 36.4379 39.5674 35.5596 48.3342 35.42 35.3924 33.6416 43.3458 33.402 44.9751 38.1202 32.9809 31.0975 65.3662 31.6938 31.0388 30.9826 30.4457 30.3596 29.7728 28.093 28.8453 27.721 46.9818 31.3081 34.7807 26.6108 26.1874 26.1352 25.2054 24.4587 24.2177 47.4524 50.3682 67.8526
threshold=0.89410182833671581 -1.2063425183296201 -1.3535210490226743 2.2133353948593144 -0.13056138157844541 1.0439346432685854 0.80921050906181347 -6.6604938507080069 1.0067077875137331 0.51681247353553783 0.95739597082138073 -0.27722449600696558 -0.56174489855766285 0.020008387975394729 1.4166666865348818 1.7630385160446169 0.63922914862632763 0.35411681234836584 0.60015240311622631 0.5151028335094453 -0.38873952627182001 0.49176955223083502 0.39499190449714666 -0.33382290601730341 -0.70553851127624501 0.87860083580017101 0.23336022347211841 0.69152030348777782 0.6784479320049287 0.010774772614240648 0.6981552541255952 0.91700434684753429 -0.27722449600696558 0.72195822000503551 -0.38873952627182001 -0.21751539409160611 1.0000000180025095e-35 1.0000000180025095e-35 0.094030573964118971 0.53381279110908519 1.213112533092499 0.096707820892333998 -0.54975369572639454 -0.59348425269126881 0.70434543490409862 1.0000000180025095e-35 0.13480538874864581 -0.39071239531040186 0.048548597842454917 -0.25657895207405085 0.067778520286083235 0.58333334326744091 0.67151021957397472 0.69901075959205639 0.56174489855766307 0.92774829268455516 2.3881578445434575 6.1827387809753427 -0.68871176242828358 -0.82098764181137074 -0.59090030193328846 -6.6604938507080069 -0.61933025717735279 0.82929763197898876 -0.15775460004806516 0.39470103383064276 0.64801540970802318 -0.23514548689126966 -0.23026315867900846 -0.46007740497589106 -0.70451995730400074 -0.38873952627182001 -0.18124703317880628 2.6773790121078496 0.65530148148536693 -0.38873952627182001 0.062101207673549659 -0.25867402553558344 -0.26408690214157099 0.73261612653732311 0.70776253938674938 -0.51783549785614003 -0.088914588093757616 -0.21710526198148725 -0.92798352241516102 -0.25533904135227198 0.87182176113128673 0.04097417742013932 -0.71399176120758046 1.0000000180025095e-35 -0.32236841320991511 0.67755714058876049 0.69706812500953685 -0.15775460004806516 2.7500000000000004 -0.26490327715873713 -0.50335192680358876 4.1899335384368905 1.0000000180025095e-35 1.6007834672927859 -0.56174489855766285 0.82225069403648388 0.14609053730964663 -0.38873952627182001 0.55775681138038646 2.5833333730697636 0.66064170002937328 -0.1562710031867027 0.3216924667358399 -0.38873952627182001 0.46906472742557531 0.43262706696987158 1.5370370745658877 1.328506648540497 -0.49342104792594904 -0.22877730429172513 -0.7716049551963805 -7.331183433532714 -0.41347682476043696 -0.38873952627182001 3.9166666269302373 7.6825649738311776 -0.2150558605790138 -0.44998387992382044 -0.62203851342201222 -0.583143651485443
decision_type=2 2 2 2 2 2 2 2 2 2 2 2 2 2 2 2 2 2 2 2 2 2 2 2 2 2 2 2 2 2 2 2 2 2 2 2 2 2 2 2 2 2 2 2 2 2 2 2 2 2 2 2 2 2 2 2 2 2 2 2 2 2 2 2 2 2 2 2 2 2 2 2 2 2 2 2 2 2 2 2 2 2 2 2 2 2 2 2 2 2 2 2 2 2 2 2 2 2 2 2 2 2 2 2 2 2 2 2 2 2 2 2 2 2 2 2 2 2 2 2 2 2 2 2 2 2
left_child=1 50 -2 6 13 7 10 -6 11 12 16 -9 -8 32 -10 18 25 48 19 22 21 -21 24 -22 -13 61 47 31 30 -30 -29 -20 -3 34 35 -15 53 38 -35 49 41 108 43 84 81 55 -47 -16 -14 111 113 -52 93 78 -33 -46 -5 88 59 -50 76 -4 97 70 65 69 67 -67 117 -65 71 72 -34 -19 -68 -76 -60 -24 -37 -78 -42 82 83 -44 85 -36 122 95 118 -71 -27 92 -80 -51 -95 -88 -96 107 -99 100 -64 -102 -75 104 -62 -105 -38 -63 -40 -49 -108 112 -39 -1 115 -115 -117 -69 -58 -7 -111 -104 -72 -124 -125 -126
right_child=2 4 3 56 5 119 9 8 14 -11 -12 15 17 33 26 -17 -18 73 27 20 23 -23 77 -25 -26 90 -28 28 29 -31 -32 54 63 37 42 36 106 39 40 -41 80 -43 44 -45 45 46 -48 109 58 52 51 -53 -54 -55 -56 -57 57 -59 60 -61 103 62 99 64 -66 66 74 68 -70 89 86 -73 -74 102 75 -77 79 -79 91 -81 -82 -83 -84 -85 -86 -87 87 -89 -90 -91 -92 -93 -94 94 96 -97 -98 98 -100 -101 101 -103 121 105 -106 -107 110 -109 -110 120 -112 -113 -114 114 -116 116 -118 -119 -120 -121 -122 -123 123 124 125 -127
leaf_value=0.028658053629619134 0.028442547170459024 0.029716328438679315 0.030063450435695742 0.027961342010934993 0.029752045029351529 0.0093190027042166362 -0.017760826143903365 0.031233799002622117 -0.023094609812707625 0.03193370243468982 0.027272540187830777 -0.020682382236725121 -0.019511978168217998 -0.021402375841441012 -0.022376258685323457 -0.017077662315236494 0.026940344228899474 -0.013072228462985933 -0.018744603202425568 0.044289144674307945 0.012736670581852374 -0.015169570968849766 0.04330879076005361 -0.022204123721688465 -0.00041982006076549138 0.019406609023954632 0.028470670213727768 0.014574064830904914 0.045327876152940635 -0.022629214224838035 -0.01635573807137498 -0.022463718984285373 0.067989020344957407 -0.020677577176643116 -0.021793909906034973 -0.023767450808053994 -0.021688192247537739 -0.023316600678740602 -0.010913324700766868 -0.022528603015070467 -0.019933456498287865 -0.022284970754214713 -0.011431361432009554 0.022104468471235372 -0.021932407745601058 -0.021845860843583566 0.05590803007375552 -0.022713834405964303 0.030432455703686002 0.040587241501795851 -0.0099874637091521921 0.028112312425853717 -0.022367328402066074 -0.023721549246313672 0.036192461456872611 0.086084203315699853 -0.024113734636137339 0.030197249551120554 0.031644556287628751 -0.0249401614841975 -0.018968291262102099 0.022051262094785203 -0.02246640087327478 -0.021863782693349983 -0.016677750056938109 -0.017311526808720463 0.084729408245995119 0.036277761024048498 0.060084533170006706 0.04051959851071487 -0.017881286893366391 -0.021500854690207741 -0.021887995952911368 0.026370075096802118 0.039808995559342017 -0.021926301757069881 -0.025429899194877315 -0.018577218737822827 0.0096698382807549957 0.010541534151952883 0.031362072518557708 -0.018448953672809784 -0.018015734016600053 0.073518725217599834 -0.018832640114574212 0.050869167192047184 -0.021908035245105744 0.090681635583245324 -0.018437776569766664 0.0013997483989978475 -0.019022207401786867 0.055810793949703195 0.029553752029440293 -0.022071861856018001 -0.024296506249840814 0.014841128193191246 0.025316619367066133 0.039548875580876851 -0.024383409169315941 0.018250055213467765 0.0074663841025109767 0.025290898134288465 -0.030732165601569432 0.022914604699840423 0.025112741433224235 -0.0077703116531670927 -0.022688850699758206 -0.019519146228533013 0.034008425487061469 0.011730063401618316 0.057384027786621661 0.029591431303237811 0.03362337146643328 0.029246142332267758 0.026638993218152138 0.028800007564876395 -0.017717872375376708 -0.015488624016616223 0.027909025831387581 0.029238202426064255 0.039809931045221666 0.016620049088045194 -0.02026403680540028 -0.021529864066809436 0.045956098452991222 -0.0019746705898359431
leaf_weight=906.2516541108489 9565.4539503157139 15.195695266127585 74.57351279258728 2839.3794954270124 63.33007538318634 32.64837721735239 97.592631950974464 42.961045265197754 24.04019883275032 70.699530117213726 569.74009693413973 73.234851807355881 24.996655374765396 92.476060189306736 23.103402853012085 169.27705606818199 206.51491430401802 115.94979090243578 269.22550586611032 96.232817992568016 39.541035786271095 24.146342232823372 5.068751633167266 76.734693538397551 2518.8338413275778 13.222629696130751 110.37512082606554 54.713450752198696 35.360234141349792 16.043268293142319 146.32052631303668 9.6250646002590674 13.351371325552465 99.037748862057924 5.9922645427286625 14.004630535840986 52.203479457646608 26.791972760111097 6.9270259812474242 28.551377967000008 41.112274348735809 13.575346149504183 10.508456833660604 51.022942468523979 24.981054574251178 7.0138356313109425 15.745556861162184 7.9740142673254004 10.859856985509394 36.374400414526463 34.640366494655609 30.650701999664307 11.496893960982559 18.15692763030529 19.162419959902763 2.0430869534611693 4.9011355340480831 38.169043734669685 13.851088859140871 28.73908693343401 25.386399067938328 8.5192611142992956 16.707549087703228 8.8968381732702237 196.30972365289927 149.06714921817183 4.2463442757725707 5.1876122057437888 10.309745837002991 38.497416868805885 761.78022331371903 23.693394523113966 4.3284955434501162 25.689074710011482 17.435269374400381 13.971225097775458 30.679121673107147 177.15228858590126 270.94816925004125 22.935951463878155 7.3117710426449767 553.33392147347331 30.612495981156826 9.3271246477961522 74.027860812842846 7.5232643708586675 20.576240841299295 2.9374262280762187 26.841867662966251 13.27558174356818 40.252017609775066 8.0053667053580266 46.970271497964859 10.965742263942955 6.1360682249069205 21.403718344867229 91.756200261414051 12.594879977405073 6.3961933255195609 398.54816867411137 223.28080768883228 61.13364615291357 9.583782836794855 233.39341488480568 28.631790660321712 14.288614362478254 3.345382720232009 45.331261947751045 46.860395826399326 53.264966957271099 4.1760028451681137 6.6396929621696463 4.1038882732391349 13.453945770859717 117.02468927204609 8.4480032175779325 26.904279075562954 16.952618770301346 18.405742146074772 136.52447450906038 16.826162002980709 8.0100831687450391 83.980691835284233 27.522812452167273 16.298725623637438 42.93551729619503
leaf_count=778 8085 14 60 2530 51 84 987 34 260 59 591 854 241 1546 262 1858 245 960 3150 285 312 172 31 896 19896 33 170 413 139 167 1613 105 32 1391 81 114 744 247 68 334 495 157 124 194 347 92 22 84 31 72 210 33 134 157 23 4 38 31 34 253 254 34 187 120 2732 2123 32 25 26 136 11382 367 60 31 57 185 263 1977 1238 83 19 8480 427 45 1111 32 282 11 173 96 321 10 87 137 49 136 272 27 48 840 1112 129 45 555 89 62 34 396 110 267 20 15 3 12 140 11 114 204 44 136 28 15 1236 423 119 511
internal_value=0 0.000446286 0.0260613 0.0218164 -0.00345989 -1.37404e-05 0.0150184 -0.00106917 -0.00155603 0.00528733 0.0194364 -0.00249687 0.00255938 -0.00796009 0.0135146 -0.0028853 0.0154037 0.00590359 -0.00221072 -0.000979104 0.0113903 0.0323626 -0.00203425 -0.0103221 -0.000992307 0.0127581 0.0176749 -0.00894764 -0.00141035 0.0241182 -0.00793788 -0.0153322 -0.011631 -0.00477842 -0.0069945 0.00145746 0.00651714 0.00181663 -0.00662184 0.00995243 0.00540068 0.0180445 -0.0124392 -0.000102462 -0.0150548 0.00713213 0.0319464 0.00589671 0.0103755 0.0147262 0.0261696 0.00789837 0.0201049 0.0103087 0.0165808 -0.0137661 0.0274776 0.0119251 0.0122032 -0.00975444 0.0145585 0.0141645 0.0126297 -0.0120519 -0.00670255 0.000345508 -0.00593069 -0.0112138 0.0167975 0.0228114 -0.0145414 0.0073375 0.0459848 -0.00627824 0.020967 0.012346 -0.00148334 -0.0168558 0.0121264 -0.0100417 -0.0121881 -0.0168842 0.000279213 0.028514 -0.0130453 0.0186532 -0.0154675 0.00296636 -0.00198216 0.0304885 -0.00951995 0.0136687 0.0126076 0.023467 0.0177464 -0.00317127 0.0222068 -0.00487105 0.0180165 0.0144517 0.00942431 0.0112977 0.011922 0.0181458 0.00439641 0.0211444 -0.0162155 -0.0129426 0.0282232 0.0142641 0.021769 -0.00773222 -0.0157533 0.0272823 0.0197642 0.00328015 -0.00660167 -0.0033594 0.0169693 0.025394 0.018471 -0.00917379 -0.0163554 -0.00954744 0.000826214 0.0112138
internal_weight=0 8627.31 14931.3 5365.8 7489.93 4241.72 2438.1 4072.55 4009.22 761.287 1676.81 3773.63 690.587 3248.21 235.584 3730.67 1107.07 592.995 3561.4 3010.94 236.655 120.379 2774.29 116.276 2592.07 900.56 211.544 550.45 252.437 51.4035 201.034 298.013 1508.15 1740.06 1302.42 510.286 417.81 437.641 214.825 222.816 115.787 67.3628 792.132 138.566 653.566 49.7835 22.7594 101.169 433.762 194.265 1137.37 65.2911 156.729 358.085 28.7875 27.0241 2927.7 88.3178 408.765 39.5989 369.166 847.085 772.512 1492.96 474.15 277.84 217.17 181.517 32.45 60.6698 1018.81 41.3733 17.6799 159.233 35.6528 31.4065 67.4662 182.221 339.928 53.6151 48.424 603.782 50.4481 19.8356 87.5434 13.5155 977.435 44.9174 50.1487 51.773 53.4746 325.924 317.918 145.232 108.858 41.98 97.8923 72.8416 18.9911 699.67 301.122 284.414 43.2829 301.7 54.0182 247.682 59.7249 53.8505 53.7874 78.0651 7.52139 37.5356 30.8959 1072.08 165.831 48.8062 35.3523 22.1402 23.3069 169.173 70.0911 17.5939 932.518 170.738 86.7571 59.2342
internal_count=92172 73286 18886 10801 71988 33267 7985 33047 32996 3962 4023 31925 3903 38721 1071 31891 3432 2916 30033 24423 1665 457 22758 1208 20750 3187 811 5610 2332 306 2026 3278 20309 18412 14909 3950 2404 3503 2240 1263 849 335 10959 1418 9541 465 114 641 1865 929 1298 243 664 1606 128 351 2816 286 1624 284 1340 2833 2773 20295 5736 3004 2652 2378 255 352 14559 459 92 1051 274 242 380 2008 1449 346 514 9076 596 169 1224 113 14100 429 255 232 354 1335 1325 530 458 418 321 505 75 2268 1428 1241 91 960 343 617 798 430 178 379 54 265 250 1055 277 137 125 229 82 220 295 60 13671 2289 1053 630
is_linear=0
shrinkage=0.02


Tree=52
num_leaves=127
num_cat=0
split_feature=14 15 15 13 14 15 15 1 10 2 13 0 0 9 6 10 11 10 9 2 9 15 9 0 10 9 15 10 9 13 2 13 0 10 9 9 9 5 15 13 1 1 11 6 2 0 13 4 14 0 1 3 1 10 9 0 6 3 5 1 13 9 14 9 9 2 9 11 9 10 3 9 2 9 9 10 15 10 9 6 9 2 0 0 6 3 1 9 10 0 12 10 9 13 13 9 3 5 9 9 14 15 9 2 4 2 14 15 9 13 0 14 9 15 9 0 2 12 9 12 14 1 0 2 9 13
split_gain=8722.68 2101.36 376.628 510.444 282.518 274.994 253.811 203.905 187.101 148.224 131.635 113.126 101.253 92.9498 92.1413 196.434 100.747 86.4577 158.003 78.7143 98.2234 122.833 86.3126 84.1694 98.3952 147.625 106.955 76.0623 139.469 75.9858 81.1191 71.1141 70.2868 69.1081 68.4678 65.9152 148.699 206.106 77.6973 65.6132 63.76 63.0173 62.3494 74.3263 93.775 69.1824 62.2556 58.5405 57.4288 57.0853 56.913 79.4688 70.5297 59.7065 86.2051 56.4974 57.021 53.8674 109.651 53.8482 54.4872 53.743 52.416 50.6233 125.694 113.584 168.4 138.994 83.4346 93.2424 75.5005 72.1511 66.5122 101.001 58.9648 56.5403 53.0609 94.3108 62.1841 71.4032 59.5363 52.9597 51.8914 50.1233 85.9747 47.2494 45.3746 43.9086 72.6726 43.83 43.5105 40.3911 40.3642 39.661 39.6531 59.2426 39.102 71.6235 43.5632 38.5432 38.5408 38.384 37.9263 37.7853 37.5383 37.4149 37.397 36.6652 55.1568 38.3714 52.2248 34.7188 34.1032 33.2653 32.9546 45.5947 39.1603 49.3424 42.8745 33.7449 31.9562 31.7633 31.612 35.5176 31.6217 47.409
threshold=0.89410182833671581 -1.2063425183296201 -1.3535210490226743 2.2133353948593144 -0.13056138157844541 1.0439346432685854 0.63922914862632763 0.36184209585189825 -0.56174489855766285 -6.6604938507080069 0.14942439645528796 -0.27722449600696558 0.49888893961906439 -0.13613965362310407 2.7500000000000004 0.56174489855766307 -0.22252093255519872 1.0000000180025095e-35 0.70395612716674816 0.49176955223083502 0.63749751448631298 -0.59574958682060231 0.68850955367088329 -0.061947070062160485 -0.56174489855766285 0.47326071560382849 -0.9310893416404723 -0.38873952627182001 0.010774772614240648 -0.075061284005641923 -0.084362141788005815 1.6682905554771426 -0.27722449600696558 0.38873952627182012 0.38557057082653051 0.63348504900932323 0.56070137023925792 0.99954625964164745 -0.70715072751045216 -0.42450429499149317 -0.23026315867900846 1.4144736528396609 -0.22252093255519872 2.7500000000000004 -0.20370370149612424 1.4312834739685061 1.9143015146255495 1.0000000180025095e-35 -0.25533904135227198 -0.16978922486305234 0.45394736528396612 1.0882353186607363 0.37500000000000006 0.56174489855766307 -0.65476739406585682 0.067778520286083235 0.58333334326744091 0.20588235557079318 0.99954625964164745 2.3881578445434575 6.1827387809753427 0.31344507634639746 1.6007834672927859 0.64519405364990245 0.47326071560382849 0.36831274628639227 0.35411681234836584 1.0000000180025095e-35 0.13009299337863925 -0.56174489855766285 0.73529413342475902 -0.072221003472805009 -0.59053498506546009 0.69046917557716381 0.020008387975394729 0.56174489855766307 0.18118525296449664 0.38873952627182012 0.67151021957397472 2.7500000000000004 0.69804492592811596 -0.32716050744056696 -0.26138153672218317 1.4613524675369265 3.4166666269302373 2.8529411554336552 2.2302632331848149 0.56070137023925792 -0.38873952627182001 1.4909092187881472 18.007819175720218 -0.38873952627182001 0.084459207952022566 0.90484687685966503 0.90484687685966503 -0.56991127133369435 1.4411764740943911 0.99954625964164745 0.12100457772612573 -0.66458332538604725 -0.18506065756082532 0.34066621959209448 0.65590819716453563 -0.71399176120758046 1.0000000180025095e-35 0.63991767168045055 0.083712968975305571 0.83445388078689586 -0.072221003472805009 -0.48026500642299647 -0.24795301258563993 -0.15844944864511487 -0.53551799058914173 0.47354255616664892 0.020008387975394729 -0.2695785760879516 -0.022633745335042473 21.364931106567386 -0.34341222047805781 -124.16666793823241 1.4823413491249087 1.0723684430122378 -0.13743405789136884 -1.0555555224418638 0.47326071560382849 -0.30268098413944239
decision_type=2 2 2 2 2 2 2 2 2 2 2 2 2 2 2 2 2 2 2 2 2 2 2 2 2 2 2 2 2 2 2 2 2 2 2 2 2 2 2 2 2 2 2 2 2 2 2 2 2 2 2 2 2 2 2 2 2 2 2 2 2 2 2 2 2 2 2 2 2 2 2 2 2 2 2 2 2 2 2 2 2 2 2 2 2 2 2 2 2 2 2 2 2 2 2 2 2 2 2 2 2 2 2 2 2 2 2 2 2 2 2 2 2 2 2 2 2 2 2 2 2 2 2 2 2 2
left_child=1 55 -2 6 13 9 7 10 -9 -6 105 -11 29 32 17 16 83 19 35 23 39 22 -22 27 26 -26 -25 34 -29 -10 62 87 -3 -20 -13 36 38 -38 -19 40 -21 -33 43 107 -45 61 -37 63 -34 -23 51 52 91 54 -53 -1 -57 58 -35 -5 103 -46 -31 64 65 66 67 -44 69 74 81 -69 73 -65 -67 -72 77 80 79 -78 82 -68 -74 92 -85 106 94 90 -89 -55 -32 99 93 -16 95 -14 97 -18 -99 101 -80 -50 121 -61 -41 114 113 109 -109 110 -15 -110 -64 -17 115 -4 117 119 -118 -117 -43 -97 -116 -124 -125 -126
right_child=2 4 3 59 5 -7 -8 8 12 11 -12 14 86 42 15 85 96 18 33 20 21 49 -24 24 25 -27 -28 28 -30 30 31 41 48 57 -36 46 37 -39 -40 104 -42 120 47 44 45 -47 -48 -49 50 -51 -52 53 -54 89 -56 56 -58 -59 -60 60 -62 -63 112 72 -66 68 70 71 -70 -71 75 -73 76 -75 -76 -77 78 -79 100 -81 -82 -83 -84 84 -86 -87 -88 88 -90 -91 -92 -93 -94 -95 -96 102 -98 98 -100 -101 -102 -103 -104 -105 -106 -107 -108 108 111 -111 -112 -113 -114 -115 122 116 118 -119 -120 -121 -122 -123 123 124 125 -127
leaf_value=0.02700456393539059 0.028192423900145439 0.031784868439529775 0.035787106534989094 0.027692555450388175 0.029468433836356844 0.025058282489761465 0.028010405476238717 -0.016759114604199474 0.035716767569412874 0.03090463048924753 0.025395512937911181 0.0060555563601337745 -0.024157394392655077 0.025905233011460315 -0.022351134275442743 0.022332389772558765 -0.020165258938455694 0.00071118608119847095 -0.022798341575084317 -0.022798035973793662 0.037090459131278133 0.029217179559905923 -0.0097391963675123681 0.021024551108934079 0.0062947251620814005 -0.014140444185820326 -0.022195361810469813 0.010998967179688427 -0.018649385215683878 0.0015354035859067451 -0.015792171933266014 0.029539867780617103 -0.015045147519072195 0.044972731693070755 0.024936467713796599 -0.021433862211522259 0.033705455058359014 -0.02241330952232495 -0.011840136534436212 -0.016069385027005209 0.033188542784832652 0.011687884037942945 -0.021932468327696891 -0.020146796008273397 -0.022494220720260531 -0.022756380754207696 0.031269090238866329 -0.02156103770809923 -0.009357761220201672 -0.018151062438949081 -0.021642020001515962 0.034984041049502687 0.04512743214061584 0.078070684581676361 -0.021788809335715524 -0.0098417163280072866 0.027716504091506233 0.057950693408548394 -0.022773344187851437 0.016646488090843979 0.029882960182852882 0.027446066169162814 -0.016482331688674773 -0.023346306003100982 -0.018156769589824238 -0.021808700347836805 -0.021808002823287424 0.029820089843340225 -0.022425329242788488 -0.0198315693713043 -0.022214781481774706 0.0011322660282896272 -0.024066535568954012 0.036066647694058589 0.027541002674541307 0.027144129624411095 -0.011536126069906408 -0.021752125118554656 -0.021251004698083147 0.033551737504893799 -0.0072323361809591459 0.039743014591282398 0.026065338794819506 -0.018317728581468611 0.033645849324902881 -0.0096291509842400553 -0.005606764073160235 0.029855780845786724 -0.010839620272006139 0.022415558126002592 0.021799000610782611 -0.017113657485872159 0.036973229628623892 0.033264289369180584 0.025820621568048232 0.025150279529050686 -0.022244717298210866 -0.0070933929112241513 0.03370901221264154 -0.0093029610429457964 0.018377823478786623 0.043960292003103918 -0.027279648811057381 -0.018252123870982673 0.037636982922516479 -0.0087017328120500351 0.034570664408360242 0.092310584471114399 -0.021479206188943913 -0.019429196139678223 -0.016077250802944209 0.044242627329118607 0.024786476068067272 -0.023745556850285156 -0.0070269790477359177 0.034473669931062066 0.024343370702939189 0.023665150365856147 -0.018584657641509513 -0.020628754042458487 -0.024197602068767327 0.007969880254224718 -0.029732574244205549 0.032315927644175069 0.027097008748379441 -0.02129714390773985
leaf_weight=1061.5569710507989 9458.3889427036047 14.473918676376341 17.120283007621765 2809.8967171758413 62.667448401451111 168.0241284519434 468.10530033707619 127.29038522019982 28.339997954666615 42.554342269897461 513.50804933160543 166.77908502146602 16.051578007638454 18.650614142417908 11.595561444759371 22.955243453383449 47.516646720468998 261.26379781961441 11.353004738688467 12.609798282384871 56.574922472238541 11.951716579496859 21.813149236142635 27.193991109728813 583.46399423480034 186.63686667010188 145.14558621495962 175.81943781673908 99.315460905432701 99.937435910105705 188.46878604590893 42.721828535199165 944.35140851512551 23.645925208926201 142.43568924814463 187.40379089862108 78.249973051249981 39.338188089430332 805.57802322506905 334.06936250627041 22.936403952538967 20.796847134828568 99.502043850719929 53.128641445189714 9.8717783354222757 17.640676639974117 9.4158334434032422 63.921922244131565 8.7898392751812953 68.525895014405251 67.986202221363783 19.219500806182623 9.625868719071148 8.8295081183314323 24.129557345062494 34.452203959226608 30.468477874994278 19.844301022589207 16.038745105266571 23.281649179756641 37.802753016352654 67.944881066679955 8.6951331496238691 14.843625180423258 210.17109129950404 12.097783647477625 6.0093648172914973 42.406817920506001 131.69842733442783 47.005549915134907 19.412735503166914 202.62890808284283 8.9837231859564763 49.990018486976624 48.552172519266605 17.789935775101185 31.001707445830107 35.077274180948734 93.827396664768457 25.693054996430874 37.098773971199989 80.429611388593912 102.37919807061553 39.579099409282207 18.778712294995785 14.085705459117888 33.393385142087936 28.320872694253922 46.163385145366192 15.767871908843517 13.177510082721708 121.50795618072152 37.612166032195091 9.1971086263656598 170.48138655722141 100.88677058368921 84.633533999323845 18.824782967567444 23.573853693902493 39.187563542276621 10.963570818305014 14.007892314344643 7.7886629775166503 26.575286820530891 5.2881460264325133 41.423597678542137 105.19617577642202 2.8826228231191662 11.321882557123899 319.52403936162591 32.515409871935844 4.490340888500211 101.59414394199848 8.6206290870904905 16.402381218969822 4.8299324810504904 40.112232320010662 15.571398839354513 12.117673598229883 55.862154103815556 18.989596985280514 75.077517256140709 4.9534412324428549 75.120185106992722 21.957388006150723 12.82765458524227
leaf_count=1055 8085 11 14 2530 51 220 461 1248 41 34 640 1098 131 84 130 90 518 1992 111 126 154 42 178 121 4402 1783 1729 1208 1010 682 1558 52 13686 61 529 1986 438 433 8348 3294 99 123 1446 669 109 196 17 1008 101 623 1000 85 51 36 340 210 33 40 160 82 31 150 45 164 2909 168 83 313 1595 666 259 1982 77 169 115 48 385 484 1173 78 253 334 424 400 48 114 201 77 321 65 24 1725 84 7 222 184 1024 182 80 486 98 48 47 173 21 257 211 10 181 4965 478 14 201 71 93 8 148 37 71 374 178 300 25 119 44 59
internal_value=0 0.00043889 0.0257971 0.0215429 -0.00341285 -1.43827e-05 0.014779 0.0116189 0.00607975 -0.001052 0.0191316 -0.00153047 0.00898435 -0.007879 -0.00187947 0.00672487 -0.00286801 -0.00296256 -0.00670024 -0.000328524 -0.00693968 0.00624002 0.0240591 0.00198275 -0.00171491 0.00134218 -0.0153756 0.00794634 0.0002968 0.00375439 0.00216207 -0.00362025 -0.0120399 0.0224222 0.0147528 -0.00819472 -0.00641371 0.0149314 -0.00876639 -0.0125246 0.0133276 0.0126723 -0.00510168 -0.0108838 0.00115053 0.013004 -0.0189126 -0.00286621 -0.012538 -0.0111164 -0.00534276 -0.00109813 -0.00764335 0.0175049 0.00338235 0.0258969 0.00778505 0.0310463 0.0175928 0.027211 0.0117746 0.0211107 0.0120265 -0.00196605 -0.00457607 -0.000541954 0.00518772 -0.00199781 -0.0117493 0.00131108 0.0252108 0.00609709 0.00387798 0.0224641 0.0176973 0.00138814 0.000385458 0.00774236 -0.00797614 0.00889689 0.0147111 0.0354639 0.0220212 0.0115125 -0.00159659 0.025249 0.0167216 -0.00848847 0.00463384 0.0423936 -0.0133356 -0.0104117 0.0246111 0.00224893 0.0187352 0.0126897 -0.0124877 -0.00330384 0.0155929 0.00272609 -0.0171049 0.0234031 0.0159084 -0.00195555 -0.0152325 0.00902599 0.028841 -0.015476 0.0118523 -0.0168543 -0.000774144 -0.00281558 0.0215329 0.0097525 0.0116783 0.00512718 0.0010421 -0.00809511 0.0143838 -0.0162437 -0.00543983 0.01782 0.0189457 0.0226547 0.0250158 0.00925073
internal_weight=0 8571.92 14784 5325.64 7445.44 4228.11 2428.09 1959.98 1128.18 4060.08 831.806 3997.41 1000.88 3217.33 3954.86 442.169 291.311 3512.69 1452.13 2060.56 533.769 158.866 78.3881 1526.79 942.44 770.101 172.34 584.35 275.135 597.206 568.866 358.639 1287.88 70.882 309.215 1381.25 1184.43 117.588 1066.84 374.904 35.5462 82.5083 1929.46 537.971 148.586 95.4573 196.82 1391.48 1273.4 80.4776 329.052 261.066 193.119 67.9464 43.3491 1126.48 64.9207 59.529 39.6847 2897.56 87.6597 77.8167 210.227 1327.56 917.704 707.533 468.179 344.538 239.354 107.656 123.642 245.036 409.858 64.8336 60.65 37.2027 345.025 183.539 161.486 56.6948 148.462 86.439 111.363 116.763 58.3578 150.858 403.679 276.131 74.4843 24.5974 201.646 183.493 58.4048 20.7927 370.286 199.805 174.549 89.9153 42.3986 61.9853 104.791 22.7977 183.753 49.8569 339.358 318.298 136.772 389.385 18.6948 370.69 51.166 15.8122 110.289 31.5759 276.875 145.614 128.493 76.2635 52.2299 60.6921 39.7864 175.964 131.261 114.859 109.905 34.785
internal_count=92172 73286 18886 10801 71988 33267 7985 7524 5635 33047 1889 32996 4387 38721 32962 2959 2473 30003 13586 16417 4537 997 332 11880 8035 6185 1850 3845 2218 3302 3261 2333 17634 372 1627 13214 11211 871 10340 3540 225 353 21087 6856 1124 455 2003 14231 17623 665 3937 2937 2411 526 425 1298 243 261 221 2816 286 259 928 13223 9918 7009 4465 3741 2544 949 724 2295 3305 333 283 307 2972 1238 1734 463 754 417 501 669 448 486 1085 1980 398 101 1582 2360 221 137 884 662 1804 780 262 635 1271 149 531 255 3315 1249 372 5732 205 5527 562 195 246 161 992 652 638 419 219 382 301 484 340 247 222 103
is_linear=0
shrinkage=0.02


Tree=53
num_leaves=127
num_cat=0
split_feature=14 0 2 14 13 7 0 7 1 13 7 1 9 10 11 7 0 9 6 10 9 0 9 9 10 1 9 5 9 9 7 14 9 9 0 9 9 12 14 9 10 12 6 2 7 10 14 0 1 0 7 9 9 2 9 9 2 11 14 7 11 1 7 11 2 9 10 1 10 5 10 0 0 2 6 12 12 0 14 1 3 1 14 12 6 2 2 13 0 6 11 9 1 14 14 10 14 1 14 0 9 1 11 9 9 10 2 10 13 10 0 6 12 12 12 9 1 7 9 1 9 2 7 13 9 9
split_gain=8488 1313.02 597.375 416.842 322.519 207.128 169.183 254.522 166.109 391.729 136.965 126.551 120.3 99.6853 83.9439 100.351 82.9654 79.1375 77.7639 160.571 99.1512 93.7238 126.856 92.0024 109.921 81.5371 74.5566 76.4441 67.101 76.5624 65.7005 63.7138 78.2982 59.335 58.8765 58.7238 56.6517 56.5491 56.0227 66.7553 139.445 56.0028 55.5843 54.8869 53.9 56.7349 52.5253 121.678 98.2713 59.2435 58.1118 57.5029 52.0411 63.6171 57.7259 91.3274 55.05 51.7666 50.0231 87.9922 53.8192 49.4398 83.6438 49.292 48.5053 81.6696 105.858 106.559 67.0771 72.4609 48.4389 47.6884 47.4641 45.5187 45.5066 56.2888 273.897 46.7158 44.8562 44.6246 43.6031 43.1816 78.4965 42.0311 57.1171 41.431 40.0338 39.8553 61.5826 39.6812 37.993 37.8863 37.7449 36.5557 36.0198 41.7269 35.6718 72.9492 34.8835 34.2853 33.7809 33.1476 30.287 30.2444 47.3859 44.798 41.95 29.9849 29.3575 39.9753 28.9656 28.1744 27.8693 27.6595 32.2692 33.7007 56.9115 27.6417 27.4461 29.5158 27.0507 27.038 41.1671 26.89 26.1447 26.0455
threshold=0.92635616660118114 -0.2695785760879516 -6.6604938507080069 -0.061897344887256615 0.52676329016685497 1.0030285716056826 -0.17517330497503278 -0.02780054975301027 1.3486841917037966 2.2133353948593144 -1.0402734875679014 1.3486841917037966 -0.13613965362310407 -0.56174489855766285 -0.22252093255519872 0.39236985146999365 -0.2695785760879516 -0.60558217763900746 2.7500000000000004 0.56174489855766307 0.066093422472476973 -0.043219527229666703 -0.30236525833606714 -0.36734551191329951 -1.0000000180025095e-35 0.62105265259742748 -0.035389345139265053 0.99954625964164745 0.56625962257385265 0.3216924667358399 0.37663231790065771 -0.46776933968067164 -0.090568892657756792 0.67694920301437389 -0.1562710031867027 -0.69804492592811573 -0.1088547110557556 85.753871917724624 0.4423926323652268 0.70395612716674816 0.38873952627182012 -8.9991817474365217 1.7500000000000002 -0.20370370149612424 0.82400304079055797 -0.56174489855766285 1.4280212521553042 -0.053965032100677483 0.40131579339504247 0.46906472742557531 -1.4045948982238767 0.57708412408828746 0.70049586892128002 -0.54115223884582508 0.40847194194793707 0.37780287861824041 1.5370370745658877 1.0000000180025095e-35 -0.25533904135227198 0.59807050228118908 -1.0000000180025095e-35 -0.59868422150611866 -0.47811383008956904 1.0000000180025095e-35 -0.60288065671920765 0.69614508748054515 -1.0000000180025095e-35 0.51973685622215282 -1.0000000180025095e-35 0.99954625964164745 0.38873952627182012 0.63885232806205761 -0.26408690214157099 -1.4465020298957822 2.7500000000000004 -1.0000000180025095e-35 -0.28626279532909388 1.6226723790168764 -0.35530722141265864 -0.24342105537652967 1.0294117927551272 1.4934210777282717 2.6773790121078496 -0.33382290601730341 1.2500000000000002 0.86625516414642345 -0.059670781716704362 -0.10384149849414824 0.31364615261554724 2.7500000000000004 0.6784479320049287 -0.70548686385154713 2.2039473056793217 0.22077540308237079 4.1899335384368905 1.0000000180025095e-35 2.8334692716598515 1.7697368264198305 0.083712968975305571 -0.1562710031867027 -0.54148548841476429 -0.019736842252314087 1.0000000180025095e-35 -0.60558217763900746 -0.39836923778057093 0.56174489855766307 0.16255144029855731 -0.38873952627182001 1.7762745618820193 -1.0000000180025095e-35 1.7630385160446169 2.7500000000000004 12.444651126861574 10.672061443328859 -15.292791843414305 -0.52330881357192982 -0.23026315867900846 -1.2151630520820615 0.31344507634639746 0.5447368621826173 0.41596749424934393 0.072016462683677687 -0.65061193704605091 3.2941703796386723 0.10276710987091066 -0.70451995730400074
decision_type=2 2 2 2 2 2 2 2 2 2 2 2 2 2 2 2 2 2 2 2 2 2 2 2 2 2 2 2 2 2 2 2 2 2 2 2 2 2 2 2 2 2 2 2 2 2 2 2 2 2 2 2 2 2 2 2 2 2 2 2 2 2 2 2 2 2 2 2 2 2 2 2 2 2 2 2 2 2 2 2 2 2 2 2 2 2 2 2 2 2 2 2 2 2 2 2 2 2 2 2 2 2 2 2 2 2 2 2 2 2 2 2 2 2 2 2 2 2 2 2 2 2 2 2 2 2
left_child=1 -1 -3 12 16 6 7 61 46 13 11 37 58 -10 15 111 -2 94 21 20 -20 22 23 24 -12 86 -24 -28 29 87 64 -32 36 -9 -25 57 -33 41 39 70 -41 101 81 -31 45 79 47 -6 -49 50 -50 -52 54 -54 55 -34 -56 -13 125 73 -61 62 -5 -35 65 66 -16 89 69 72 -23 -69 -66 102 75 76 -70 -76 -67 -19 -74 108 -83 -43 -85 110 -22 -17 -89 -68 -38 -75 -44 -64 99 -96 97 -11 -21 -18 -87 -8 -60 106 -105 -106 -62 -53 109 117 113 -14 -109 114 -47 116 -116 -15 -113 -120 -115 122 -40 -103 -117 -4
right_child=4 2 3 5 8 -7 10 33 9 96 18 35 14 42 30 28 17 44 19 98 25 38 26 34 -26 -27 27 -29 -30 43 31 32 52 63 -36 -37 90 -39 121 40 -42 83 92 -45 -46 85 -48 48 49 -51 51 107 53 -55 56 -57 -58 -59 59 60 103 -63 93 -65 68 78 67 71 74 -71 -72 -73 80 91 77 -77 -78 -79 -80 -81 -82 82 -84 84 -86 100 -88 88 -90 -91 -92 -93 -94 -95 95 -97 -98 -99 -100 -101 -102 123 -104 104 105 -107 -108 112 -110 -111 -112 118 -114 120 115 124 -118 -119 119 -121 -122 -123 -124 -125 -126 -127
leaf_value=0.028214202960804704 0.029035026232047158 0.029205252941940846 6.3644744497341803e-05 -0.044135733997934877 0.028187302422941353 0.02873882552292166 0.015713478606788952 -0.011690740503614553 -0.021215335291988224 0.02529842080531133 0.015966551378458725 -0.02241458676881258 -0.020319888845871801 -0.0040278845328434567 -0.022090524184590447 -0.019728773726554249 0.013811969256423416 0.029402618060995124 -0.017210730004164742 0.0044813603401555385 0.030727065303056231 -0.0022583210368216401 -0.021121751360815875 -0.024468192099277503 -0.005764830023549862 -0.018174754674819521 0.0049348114361246189 -0.0092142614810608557 -0.018951935533556327 -0.013856384037324905 -0.02050937941416409 -0.0074903404765768542 -0.0069630413532047577 -0.013709515294029986 0.032030365506300534 -0.011036004517299398 0.035781783493673391 -0.024063521735347065 0.0022834099974647628 -0.02262344626135326 0.05086755870355579 0.031832812386528672 0.028178799791210355 0.02060143566553399 0.0271412671758661 0.024169464652270156 0.027733921857920018 0.024424278524565336 0.018313284140569243 0.02150266907841215 -0.020012307422971828 0.025311740882710803 0.049651058112114288 -0.0061896604038511362 -0.020303285964378394 0.031794425457906499 0.023136248612178719 0.067424262981680444 0.023091163545226598 -0.01702767217995492 0.0088630420238432726 0.029920820492446671 -0.016370914424050791 0.042582302106484622 -0.0230554566984272 0.06014940068922283 -0.021912127974226463 0.069255332818281251 -0.0060523154279710665 -0.014066789943194895 -0.012034005034094082 0.024126806936980758 0.011011527183978128 0.039912980161606597 0.020573911980467742 -0.015213776699587305 0.11205318134947949 -0.022598263900571302 0.012274703211308849 -0.020694758352774571 -0.021538598450997593 -0.015130252718165791 0.022775239574750361 0.0092452673772300872 0.031924854864900258 0.037806703341007393 -0.0099677930279705399 0.05565649898427253 -0.022013531505749358 0.018941342690268172 0.11136836337682249 -0.013980593186206139 -0.0019650466729923995 0.028575446750026167 0.033955693271063021 -0.024134479406993731 0.027396984968270605 -0.00065649887220025195 0.031667753263404999 -0.022991846244981066 -0.016143100018555841 -0.016893001680434977 -0.022120219822702906 -0.022587595712693118 -4.8963753389746441e-05 0.05389139689143195 0.05116803969537357 -0.023192085251055126 0.026947485067628497 -0.0089578837543521778 -0.0014408297227299475 -0.022137090281628875 0.037714396511779637 0.030999033956570901 -0.025156550202496179 0.0024454368882033052 0.038243245406145245 0.03147852733785083 0.022915223437269275 -0.022960044261731653 0.0015014981710422238 -0.016738436463770937 -0.014799315557692616 0.018725419824764795 0.013783977453714884 -0.01552521441573337
leaf_weight=636.66803290694952 144.15010458230972 243.61355900764465 45.03317915648222 9.8670600354671461 742.3386265039444 110.65226101130247 37.851926386356354 138.74863877892494 58.635278172791004 169.54050946235657 180.80189240723848 3.9217985272407514 296.6630438528955 13.430308930575846 43.430850438773632 56.80883065611124 13.097737871110438 9.0457275509834272 102.60698127374053 23.770346619188786 53.604884505271912 752.45469803735614 91.271257847547531 8.0863058716058713 191.94577695429325 26.545456901192665 323.46692225337029 289.38190430402756 66.394624747335911 22.782500121742487 124.4747079052031 7.3713132888078716 143.02742377668619 10.076518066227438 84.205569714307785 134.44450364634395 7.2234370782971364 14.805098868906496 101.87040986865759 17.542617902159691 25.10974857956171 83.713096059858799 66.374190635979176 98.154870230704546 116.63706344366074 104.97488699108362 10649.623387947679 214.83482244610786 42.957436949014664 63.986333146691322 70.181766599416733 22.490535333752632 14.284409470856188 19.03643723577261 151.26206636428833 29.301447909325361 12.644858855754135 7.4187259152531624 23.759821657091383 23.165340233594179 18.23297905921936 202.6306150406599 8.9561567455530149 16.267180182039738 18.945355989038944 17.983254760503772 28.061283253133297 12.137070391327141 145.5668014921248 72.357318516820669 277.53061283379793 41.029168013483286 339.10372155532241 5.2948648519814006 42.093032456934452 237.06208785623312 8.3022612929344159 13.160234220325945 13.863205127418039 33.273623302578926 17.301496367901564 93.137824140489101 28.551806822419167 167.44112238287926 60.454665526747704 5.5315255895256987 11.797719039022921 7.9393008053302792 8.4072940126061422 14.385440517216919 4.2103816047310829 357.40680879727006 22.164290018379688 37.732639364898205 15.279759705066683 7.3137080967426291 1053.1593228206038 58.179299868643284 91.743440002202988 44.604605436325073 28.885420724749565 38.876284040510654 7.8965706601738921 14.94120382517576 14.860066421329975 10.517818033695221 19.30063571035862 13.525689847767355 32.565097779035568 42.367653347551823 39.854369632899761 18.600075758993626 3.8634766340255728 77.220932379364967 6.707087740302085 128.21269908547401 36.398532778024673 25.27582460641861 19.082839120179418 7.9458124488592139 14.822655141353605 245.6721755862236 126.49831852316856 10.842746883630751 222.5275264903903 892.92492286115885
leaf_count=596 123 201 556 41 648 115 117 1350 631 184 985 42 4551 87 641 839 54 19 1170 135 175 6533 982 68 1613 310 2207 2543 1018 233 1733 84 1521 67 270 1243 42 118 841 175 82 170 93 421 130 184 9593 246 99 91 779 57 27 194 2002 117 41 29 129 312 124 180 55 52 197 32 389 53 1828 777 2853 186 1911 32 171 3265 10 171 72 314 273 805 39 813 88 6 76 9 107 80 11 4570 115 55 35 57 978 247 223 447 183 301 100 183 114 32 27 128 53 319 197 237 3 117 46 565 65 55 77 85 46 2709 1338 33 668 13128
internal_value=0 0.000574272 -0.00163149 -0.00260277 0.0256281 0.00174534 0.00100048 0.0129431 0.0264588 0.0205412 -0.000412642 0.00867545 -0.00756078 0.0027803 -0.00460215 -0.0109508 0.0149436 0.0126975 -0.00209387 0.007395 -0.00369497 -0.00317722 0.00109611 0.0092025 0.00477601 0.0113876 -0.0042578 -0.00174626 -0.00159634 0.0043406 -0.00217646 -0.0080575 -0.00406652 -0.00646623 0.0270802 -0.00734941 0.0357433 0.0143186 -0.0064075 -0.00387707 0.0206412 0.0157422 0.00712465 0.0141102 0.0145442 0.0124674 0.0272913 0.0232768 0.0148355 0.00534256 -0.00141494 -0.00911495 -0.00609227 0.0177489 -0.00845492 -0.000373026 -0.0169521 0.036356 -0.0120615 -0.00692025 0.0097342 0.0253061 0.00877215 0.0210506 0.000656054 0.0104189 0.00380201 0.0155633 -0.00121037 0.00425896 -0.00489239 0.034429 0.00779167 -0.0111864 -0.00669838 -0.00909964 0.000320263 0.0102912 0.0393089 -0.00998648 0.0094314 0.00204246 -0.00623656 0.0197134 0.0152616 0.013896 0.0233863 -0.01181 0.0157097 -0.00806665 0.0636157 -0.0131938 0.0206327 0.0199535 -0.0062558 0.0151514 0.025845 0.0186673 0.0260734 -0.0146378 -0.00747223 0.00161107 0.0118134 0.0176973 0.00566993 0.0223065 0.0306172 0.0100626 0.010908 0.00446538 0.015062 -0.0180696 -0.00966005 0.0161752 0.0143164 0.0116902 0.0283785 0.0191585 -0.00343863 0.00942893 0.0262488 -0.0121332 -0.00717908 -0.00912532 0.00963919 -0.0147768
internal_weight=0 8614.62 7977.95 7734.34 14535.7 4120.61 4009.96 424.279 13487.2 1663.38 3585.68 559.77 3613.73 382.502 2180.4 602.779 1048.54 904.388 3025.91 310.069 194.555 2715.84 1169.16 465.04 372.748 91.9481 704.12 612.849 260.487 194.093 1577.62 512.836 388.362 165.092 92.2919 145.785 18.8051 413.985 1546.68 1072.64 42.6524 399.18 323.867 120.937 824.092 707.455 11823.8 1174.18 431.84 217.005 153.019 110.061 369.557 33.3208 336.236 172.329 163.907 11.3405 1433.33 495.376 101.018 259.186 56.5559 26.3437 1064.78 170.89 139.044 95.613 893.892 447.708 1029.99 53.1662 375.351 394.358 446.184 390.931 153.869 55.2533 31.8465 42.3194 356.405 235.329 121.69 311.609 227.896 665.136 65.4026 73.1554 16.3466 42.4467 11.4338 362.702 88.5385 46.6888 80.2958 22.5935 1280.88 227.72 115.514 57.7023 34.4169 87.571 31.6564 77.8527 40.3191 25.3779 37.5336 39.8797 113.639 81.0738 630.719 342.292 17.3892 590.864 498.821 393.846 43.1056 38.7061 45.6287 27.0287 92.0436 474.041 228.369 49.719 350.74 937.958
internal_count=92172 73666 73070 72869 18506 30157 30042 1800 15250 3606 28242 2954 42712 2197 23405 7577 3256 3133 25288 2089 1731 23199 8668 2936 2598 561 5732 4750 2627 1609 15828 5772 4039 1469 338 1314 137 1640 14531 9643 257 1522 1566 654 2540 2410 11644 2051 1403 1157 1066 967 3902 221 3681 1638 2043 71 19307 5623 792 331 151 119 10056 1453 1349 708 8603 3158 9386 239 2381 4831 5445 5103 1838 342 104 333 2184 1358 844 1071 901 2077 251 955 116 469 53 4602 208 110 593 92 1409 431 358 501 189 451 229 480 329 146 151 188 514 461 1888 4950 131 1691 1528 1344 111 142 399 162 163 4888 2179 334 1233 13684
is_linear=0
shrinkage=0.02


Tree=54
num_leaves=127
num_cat=0
split_feature=13 13 1 0 2 0 7 6 3 12 12 3 12 12 8 10 8 10 2 10 9 8 9 9 9 1 2 1 13 10 8 12 7 0 8 1 12 12 2 1 10 10 8 6 6 6 13 9 9 3 8 10 9 10 8 12 12 1 6 9 12 10 8 0 13 7 12 9 8 12 13 1 0 7 16 7 1 0 16 0 1 1 3 10 3 10 1 6 7 7 12 1 8 8 9 2 7 0 13 1 2 6 4 10 12 1 1 12 1 13 3 8 12 16 9 0 1 9 2 7 11 2 11 0 9 1
split_gain=7367.99 796.623 1376.92 779.344 333.688 263.386 200.386 172.63 119.335 140.542 645.283 110.863 99.4329 380.914 87.934 188.832 195.595 144.73 122.446 152.551 242.214 128.441 115.817 234.263 120.355 85.9675 83.3618 81.1088 229.558 75.5737 74.1515 72.2552 80.4507 85.707 75.2982 71.3117 62.7016 67.6914 61.527 61.5145 60.6441 59.4024 143.923 58.9879 58.5108 135.227 73.5538 58.118 53.9196 77.5388 108.429 63.3581 58.1891 52.7014 51.8199 49.937 73.026 49.1764 46.7308 183.366 46.5907 68.8848 65.0733 48.0412 45.8044 45.3316 44.8745 44.8084 49.966 44.6021 43.0528 52.1153 50.0664 42.0651 41.4138 41.1352 52.0288 40.6563 40.6364 40.0132 46.3157 39.3218 40.9913 37.797 36.5714 35.2248 41.6598 34.9611 34.7287 34.4764 33.1163 32.2916 31.2898 47.8798 31.1072 31.0563 30.9929 30.5041 30.2934 34.1645 31.7118 29.3448 29.3282 28.3185 28.0135 27.8752 27.8172 26.9116 29.4747 25.9142 25.3695 24.5568 24.1315 23.3432 80.135 22.998 22.2531 22.0065 21.9574 23.1181 21.5556 21.498 28.5142 21.0618 44.1873 20.8636
threshold=0.52676329016685497 1.6682905554771426 0.53289476037025463 -0.27722449600696558 -6.6604938507080069 -0.053965032100677483 1.0030285716056826 1.5833333134651186 1.4411764740943911 -0.33382290601730341 -0.6656709313392638 -0.08823529444634913 -0.6812496781349181 -0.99900424480438221 -0.54975369572639454 -0.38873952627182001 -0.19086904078721997 -1.0000000180025095e-35 0.50000000000000011 -0.56174489855766285 0.66561099886894237 0.62351393699646007 0.066093422472476973 -0.31068393588066096 -0.39071239531040186 -0.085526313632726655 -0.043209876865148537 1.4407894611358645 2.8397936820983891 -0.56174489855766285 0.69348850846290599 14.348165035247805 -0.29519236087799067 -0.18590234220027921 0.40265952050685888 2.4144737720489506 -1.0012316703796384 -1.2268146872520445 -1.9814814925193784 -0.42763158679008478 -0.56174489855766285 -0.38873952627182001 0.038631947711110122 2.7500000000000004 1.7500000000000002 0.011494252830743791 1.0456759929656985 -0.64394184947013844 0.56070137023925792 0.79411765933036815 -0.68871176242828358 -1.0000000180025095e-35 0.69973218441009533 0.56174489855766307 0.047890845686197288 -0.6812496781349181 -0.99900424480438221 -0.55921050906181324 2.7500000000000004 0.3216924667358399 0.17618460208177569 -0.38873952627182001 -0.57240343093872059 0.35712024569511419 0.25728426873683935 -0.57069450616836537 2.9990732669830327 0.67949494719505321 0.15790578722953799 19.493468284606937 0.90484687685966503 1.5460526347160342 1.8935310244560244 0.72088187932968151 0.88005742430686962 -0.28340750932693476 0.63815787434577953 0.062101207673549659 0.72195822000503551 0.067778520286083235 0.65921053290367138 1.4539473652839663 0.20588235557079318 -0.38873952627182001 1.6764705777168276 1.0000000180025095e-35 0.20394737273454669 0.25000000745058065 1.0030285716056826 -0.17355214804410932 5.0009958744049081 0.88815787434577953 -0.64291095733642567 -0.67903119325637806 -0.55314108729362477 0.59465020895004284 1.0030285716056826 -0.040509711951017373 2.0551866292953496 1.7697368264198305 1.1584362387657168 2.5833333730697636 1.0000000180025095e-35 -1.0000000180025095e-35 6.3338077068328866 0.80921050906181347 0.61184212565422069 62.755783081054695 0.059210527688264854 1.3669269084930422 1.382352948188782 0.29808843135833746 34.342834472656257 -0.4553100168704986 -0.44998387992382044 0.18078970909118655 -0.49342104792594904 -0.18112743645906446 0.055555555969476707 -0.73659014701843251 0.6784479320049287 0.59465020895004284 1.0000000180025095e-35 0.61209514737129223 0.70496305823326122 -0.36184209585189814
decision_type=2 2 2 2 2 2 2 2 2 2 2 2 2 2 2 2 2 2 2 2 2 2 2 2 2 2 2 2 2 2 2 2 2 2 2 2 2 2 2 2 2 2 2 2 2 2 2 2 2 2 2 2 2 2 2 2 2 2 2 2 2 2 2 2 2 2 2 2 2 2 2 2 2 2 2 2 2 2 2 2 2 2 2 2 2 2 2 2 2 2 2 2 2 2 2 2 2 2 2 2 2 2 2 2 2 2 2 2 2 2 2 2 2 2 2 2 2 2 2 2 2 2 2 2 2 2
left_child=3 2 11 -1 -5 -4 8 26 9 10 12 -2 13 36 17 16 112 60 19 20 -18 -21 23 24 -19 30 29 -3 40 67 -20 32 33 116 121 70 37 57 -13 -26 -29 42 96 -35 45 46 66 -43 49 88 -51 52 79 75 81 56 -56 -6 73 -60 -11 -62 63 -63 110 97 85 -7 -69 -10 71 -9 -72 -34 -8 90 -77 106 92 80 -50 82 -49 -71 -46 -40 117 -79 95 -12 -24 -82 93 -42 -36 102 -31 -53 100 -100 -94 -85 105 -96 -68 -28 -44 -47 -109 -86 -55 -108 -16 114 -30 -114 -17 -87 -106 -120 -104 -33 -123 -99 -125 -66
right_child=1 27 5 4 6 7 74 35 69 14 89 38 -14 -15 15 31 18 22 25 21 -22 -23 53 -25 39 -27 48 28 113 41 -32 34 58 43 94 -37 -38 -39 44 -41 78 47 77 -45 84 107 -48 54 51 50 -52 65 -54 64 55 -57 -58 -59 59 -61 61 62 -64 -65 125 -67 104 68 -70 83 72 -73 -74 -75 -76 76 -78 87 -80 -81 91 -83 -84 101 109 86 -88 -89 -90 -91 -92 -93 98 -95 103 -97 -98 123 99 -101 -102 -103 120 -105 118 -107 111 108 -110 -111 -112 -113 115 -115 -116 -117 -118 -119 119 -121 -122 122 -124 124 -126 -127
leaf_value=0.028443620389618691 0.027558802457373577 0.027314075401610301 0.028244789628603325 0.028725949616723107 -0.0064344112014323995 -0.022801634422094534 0.028191891176348981 0.02163885258223873 -0.016061903880682994 -0.016605286078873044 0.05153737469301168 0.028719532944704685 -0.012803788756309983 0.072550202524325022 -0.021679905923402312 0.0012121529688896399 -0.019017802796521318 -0.015228737132904985 -0.0058725968009178502 0.021910485518353961 0.022076875582264878 -0.0096232082032445595 -0.019423770945928433 -0.019744698360146477 -0.021897296161810239 -0.019529300973497615 -0.0047800259019754971 -0.022205094991977536 -0.032411744935701564 -0.012671854920100339 0.0201589865043913 -0.016329103438709858 -0.013913616855709304 -0.0074791602973516358 0.081258068346476822 -0.014132094582070631 -0.015585652755176736 0.052209820084900951 0.023564335725270245 0.027459629470329882 -0.013078489458315285 -0.023000664960296034 0.0053673495618094562 0.032001517520422802 0.029919537140651344 -0.015315315630559788 0.02600100382086212 0.0073528914366117124 -0.024499339579995373 0.10901654165714091 -0.023395740818422241 0.02387786761931893 -0.022678617257492619 -0.023391489916763403 0.004017649296656405 -0.014693455206980361 0.10076592498368507 0.0032030241832382805 -0.014686892231294758 0.018998911306251406 -0.01760975970500981 -0.018697392253394944 0.059478433799588074 0.017335650837130873 0.02864741914898385 0.029581668380618469 -0.022177949970522227 -0.024312571635724436 0.046975688189516036 -0.021892005898985795 0.030732515018524968 -0.011491296100481637 -0.0067963232541351131 0.0056682194644980723 -0.0049826321659984006 0.015831557705395714 0.037604060184896392 -0.022964017729317679 0.026974640963591288 -0.013789724989399533 0.02020815549055234 -0.015259096140123114 0.029430925661246402 -0.017693302810190454 -0.011799182204656485 0.029069585170823264 -0.019669825408315935 0.049291049142779098 0.028811637724064677 0.082706949800264606 0.023176190833347068 0.051014034652165967 -0.017706310647541686 0.031338549734322207 -0.023832860447554585 -0.019232426674055513 0.030757159251766079 -0.019497462229367428 0.024929692113899952 -0.013346889465048712 0.032264041917451428 0.0091695629581190728 -0.00055323826742614129 0.0197851802991077 -0.0094309584957543956 -0.016226380218770757 0.060317084875210439 -0.024810059291085956 0.036535971743221832 0.034680156494986174 0.033147737142849992 0.034553336769319959 0.046429137620454516 0.027005076673212679 0.023053856771094994 -0.022234772632083254 0.030984073589339571 -0.00051985705403415831 -0.0024608952979058292 0.024901939876783102 0.050915574842460752 -0.023220178987494965 0.027200597118598836 -0.022985835783837963 0.067586339295217984 -0.0059846971293567421
leaf_weight=350.26606291532516 2077.4078476727009 9856.2478403449059 144.76774030178785 137.25966989994049 267.08582964912057 61.196626171469688 99.307988256216049 44.921308539807796 375.89501591399312 187.50280038267374 26.128020286560059 217.57939148694277 207.47054706886411 29.981604129076004 148.52470001578331 13.856725931167601 148.60399802774191 43.020138908177614 145.90568343177438 333.06176860257983 93.446683701127768 61.153983950614929 19.464353941380981 159.34497621655464 11.026261407881973 116.2479723058641 188.59980688989162 32.9354263022542 11.630992814898489 50.961038589477539 62.528026279062033 55.030182298272848 1428.6761952675879 286.70044611394405 3.0270216017961493 28.596786189824343 90.636441398411989 10.493810772895811 106.5166874229908 120.29587802290916 14.499921485781668 34.515049111098051 8.4560592621564847 15.981292575597761 158.55637424439192 68.684239819645882 221.49337916821241 99.00666182488203 7.5883511900901786 5.1148192435503006 4.7906222939491254 8.104756720364092 16.953367158770561 30.986252762377262 23.695961158722643 77.626618143171072 3.5940140485763541 1022.8387027978897 219.91456623002887 91.544526968151331 56.849430173635483 23.18132022768259 9.8678561300039274 40.936904478818178 19.264796003699306 10.827586870640515 19.084069732576609 7.1510868035256854 8.7386172711849195 30.516989789903164 119.92040210589767 32.903777647763491 16.13204787671566 45.271341696381569 17.741057049483061 186.338418725878 57.434095196425915 8.3771971538662893 34.081909984350204 14.07040563598275 59.180415488779545 19.614072285592556 50.947829112410545 20.543459389358759 15.458456616848709 22.622254274785519 19.436848897486925 3.9376640245318404 8.4151830673217756 31.078329563140869 11.679130706936119 17.67603250592947 52.399481318891048 29.372170194983482 6.5513315163552752 168.05078690499067 7.5463037490844718 87.978846579790115 23.770750410854816 15.351421505212782 5.6252616122364989 78.125984024256468 8.1337689869105798 65.282670818269253 27.671694610267878 155.08039604872465 23.324016198515892 4.7958379462361327 9.0344988293945772 6.9578807130455962 3.5368115529417983 40.484666801989079 4.1734677553176871 846.37020546942949 100.00656822323799 3.6642684824764729 36.482128202915192 18.096630960702896 22.187828239053488 27.857014376670122 5.4262562394142142 7.1811976917088058 11.955794263631104 5.4889463260769826 3.5468815565109253 10.892182655632494
leaf_count=302 1874 9300 141 115 2550 690 128 156 4744 2233 21 194 2397 28 1984 77 1679 442 1083 1662 407 568 161 2091 155 1105 1746 323 75 430 275 607 18382 2933 12 259 1048 8 293 465 90 358 33 13 176 530 273 597 60 9 47 22 176 299 165 846 4 8161 2805 327 748 283 34 231 17 32 148 63 12 439 209 299 116 359 155 1056 151 82 43 104 204 152 166 235 116 41 199 12 7 32 43 54 449 57 80 1856 6 933 40 96 23 551 62 366 195 1553 20 46 33 15 7 105 3 850 141 46 31 73 136 129 5 89 63 53 3 81
internal_value=0 0.0237766 0.0169154 -0.00065372 -0.00214343 0.00244824 -0.00277543 3.37022e-05 -0.00323635 -0.00246061 0.00244918 0.0249558 0.000129966 0.00201829 -0.00434317 -0.00586965 0.00086963 0.00089803 0.00424513 0.00934504 -0.00315269 0.0170187 0.00615192 -0.00221622 0.0138044 -0.00574897 -0.00284734 0.026724 0.021736 0.00327195 0.00193662 -0.00916146 -0.0100998 -0.00137582 0.00430338 0.01553 0.000498103 0.00161911 0.0193581 0.0233155 0.00269305 0.00639295 0.0170466 -0.00539462 0.0166367 0.0134789 0.017506 0.0014596 -0.00702546 -0.0104674 0.0449773 0.00105977 0.0115463 0.0143745 0.00453535 -0.00651229 0.0167591 0.00120754 -0.0118248 -0.00478591 -0.0102139 -0.00105432 0.0116665 0.00430825 -0.00186885 -0.0093835 0.0103645 -0.0150317 0.0148927 -0.0125777 0.019496 0.00763171 0.0262826 -0.0133122 0.0231636 0.0181961 0.0209613 0.0337294 0.00737625 0.0174361 0.022639 0.0113708 0.014854 -0.00243972 0.026539 0.0166547 0.00442007 0.000139465 -0.0114964 0.0684708 -0.00344834 0.0272931 0.00263964 0.0166585 0.0184537 -0.0121421 -0.00707036 -0.013397 -0.00369136 0.00991008 -0.0128619 0.00357658 -0.00880675 0.0158072 -0.000466158 -0.00994502 0.0394536 -0.01019 0.0152635 0.00262769 -0.0175992 0.0439708 -0.019875 0.0258712 0.0172752 0.0143276 0.0227888 0.0159192 0.00486539 0.0127704 0.0200428 -0.00997931 0.00828009 -0.016511 0.0125669 0.0161389
internal_weight=0 15757.2 4734.88 7191.76 6841.49 1691.44 6704.23 1546.68 6587.18 6082.1 1685.71 3043.44 1628.51 1421.04 4396.39 3404.77 1117.31 991.622 960.948 636.266 242.051 394.216 673.283 333.687 174.342 324.682 1304.2 11022.3 1166.04 529.173 208.434 2287.46 2138.43 353.021 149.028 242.474 1391.05 1300.42 966.033 131.322 208.036 452.087 143.087 302.682 748.454 567.481 484.966 309 775.027 543.612 9.90544 231.416 115.469 339.596 274.485 104.917 27.29 1289.92 1785.41 311.459 318.338 130.836 73.9861 64.1182 64.68 115.947 263.473 77.0863 15.8897 505.081 213.878 77.8251 136.052 1473.95 117.049 274.916 243.773 84.5796 175.101 98.5152 84.4448 169.569 149.954 129.186 180.973 166.672 60.1557 12.3149 533.706 57.2063 31.1435 76.8564 141.019 43.8721 74.861 525.291 58.5073 105.119 97.1469 39.1222 58.0247 98.6694 357.24 71.834 96.8006 343.68 72.2647 82.5146 13.8303 22.4163 34.5231 63.8087 156.362 958.008 111.638 7.83774 50.3389 40.7189 77.7165 50.0448 13.56 74.1672 19.137 97.0147 9.03583 30.157
internal_count=92172 27805 16318 64367 64065 11847 63950 11706 63667 57698 14245 4471 14192 11795 43453 34956 8812 8497 6779 4316 2086 2230 4968 3153 1062 2463 10667 11487 2187 3741 1358 26144 24927 3054 1217 1039 11767 10719 2597 620 1121 2976 688 2946 2403 2096 1487 2288 6926 5285 56 1641 598 1815 1930 1015 169 10711 21873 3132 3529 1296 548 514 404 1043 1214 765 75 5969 780 455 325 18741 283 1411 1207 252 798 422 318 915 763 1225 307 606 313 94 5229 53 204 258 755 147 458 5222 436 1011 608 136 472 786 3366 446 608 3299 158 609 79 131 306 125 2033 1066 216 49 108 114 460 265 67 759 152 989 56 98
is_linear=0
shrinkage=0.02


Tree=55
num_leaves=127
num_cat=0
split_feature=13 15 15 13 1 15 16 7 12 12 9 10 10 8 3 12 12 7 1 8 8 1 1 13 9 9 3 2 1 13 2 7 16 16 16 8 8 11 4 2 10 12 3 9 12 12 12 12 12 5 15 11 8 9 9 13 16 10 3 8 3 10 8 8 12 10 7 16 9 15 9 2 9 10 12 2 5 3 2 10 2 8 9 8 12 12 8 8 7 9 1 12 12 12 2 16 9 3 10 7 16 2 7 12 3 13 15 1 2 13 13 16 8 8 11 12 15 16 15 2 2 9 12 2 10 10
split_gain=7197.37 1177.44 975.547 1164.77 504.206 263.826 176.14 191.341 120.892 172.927 114.547 264.188 226.155 174.486 118.4 126.841 515.011 117.014 105.684 104.702 118.049 97.0195 81.0962 82.4154 73.4693 77.598 70.9233 75.8608 79.9053 70.7196 70.085 68.9465 69.2044 76.6034 65.3482 64.4498 98.3691 68.4984 63.1267 65.5025 62.7281 62.2385 68.1302 61.5141 56.7017 53.3432 302.278 51.0775 49.2376 48.1818 47.8744 45.3974 104.614 80.1131 70.4422 66.3248 53.1548 50.2915 158.419 105.818 118.877 108.521 71.5651 58.5247 45.101 44.9029 44.2887 93.8427 94.5648 51.5383 43.5705 43.4546 40.4906 40.1666 50.7181 49.016 40.4648 51.3864 38.6394 42.0153 38.1617 46.5346 37.2203 51.9176 36.8595 36.3046 35.8814 45.3455 35.7772 35.6903 35.617 35.4675 36.5962 33.8643 32.0878 31.7556 31.3427 30.5564 31.3652 29.4278 28.2291 28.0044 27.8632 28.0031 27.4572 32.1158 27.3362 29.2386 27.2608 26.7217 26.2191 26.072 50.9959 30.2571 26.4455 25.5535 25.509 24.5313 51.3371 23.53 23.5051 33.474 23.1584 28.5818 23.0721 22.9085
threshold=0.52676329016685497 -0.72607553005218495 -1.3535210490226743 1.9143015146255495 0.48026315867900854 0.92774829268455516 0.88640671968460094 1.0030285716056826 -0.6812496781349181 -0.99900424480438221 -0.49123564362525934 -1.0000000180025095e-35 -0.56174489855766285 -0.044805379584431641 1.4411764740943911 -0.33382290601730341 -0.6656709313392638 -0.29519236087799067 -0.26973684132099146 -0.30368746817111963 -0.36100059747695917 -0.46710526943206782 2.2828947305679326 6.1827387809753427 0.5925770401954652 0.68850955367088329 1.1470588445663454 0.57818931341171276 0.75657895207405101 0.032364165410399444 0.026748971082270149 1.0030285716056826 1.0139531493186953 -0.12464897707104682 1.1129088997840884 -0.59348425269126881 -0.66103035211563099 0.6784479320049287 1.0000000180025095e-35 -1.1831275820732114 -0.56174489855766285 14.715570926666262 1.0000000180025095e-35 -0.38298861682415003 -2.3294571638107295 -0.6812496781349181 -0.99900424480438221 2.9990732669830327 3.3339674472808842 0.99954625964164745 0.11919823288917543 -0.22252093255519872 -0.54975369572639454 0.066093422472476973 -0.33531492948532099 -0.047429174184799187 0.96214589476585399 0.38873952627182012 1.0882353186607363 -0.19978590309619901 -0.20588235557079312 -1.0000000180025095e-35 -0.026276728138327595 -0.21751539409160611 12.891506195068361 0.56174489855766307 1.7475492358207705 0.8659237027168275 0.44522427022457128 -0.3126778900623321 -0.52330881357192982 -6.6604938507080069 -0.66142448782920826 -1.0000000180025095e-35 21.364931106567386 0.60699588060379039 0.99954625964164745 0.14705882593989375 -1.4465020298957822 -0.38873952627182001 -0.71399176120758046 -0.57240343093872059 -0.30236525833606714 0.16693504154682162 -1.0012316703796384 -1.0012316703796384 -0.583143651485443 0.19384504109621051 -1.1391648054122923 0.3216924667358399 -0.55921050906181324 -31.761779785156246 8.0007739067077654 -1.6663129925727842 0.67283952236175548 -0.48791475594043726 -0.39836923778057093 2.5588235855102544 -0.38873952627182001 0.049159688875079162 -0.33881863951683039 -0.41358023881912226 0.82400304079055797 112.38746643066408 1.1470588445663454 -0.29932974278926844 1.0000000180025095e-35 1.4013158082962038 -1.1049383282661436 0.66064170002937328 0.73942324519157421 0.9224233627319337 0.25540180504322058 0.22925297915935519 -1.0000000180025095e-35 12.444651126861574 -1.7392292022705076 0.75047174096107494 -0.88951486349105824 -0.89094650745391835 -0.60288065671920765 0.42339175939559942 1.0009957551956179 1.2037037014961245 -0.56174489855766285 -1.0000000180025095e-35
decision_type=2 2 2 2 2 2 2 2 2 2 2 2 2 2 2 2 2 2 2 2 2 2 2 2 2 2 2 2 2 2 2 2 2 2 2 2 2 2 2 2 2 2 2 2 2 2 2 2 2 2 2 2 2 2 2 2 2 2 2 2 2 2 2 2 2 2 2 2 2 2 2 2 2 2 2 2 2 2 2 2 2 2 2 2 2 2 2 2 2 2 2 2 2 2 2 2 2 2 2 2 2 2 2 2 2 2 2 2 2 2 2 2 2 2 2 2 2 2 2 2 2 2 2 2 2 2
left_child=1 48 116 4 31 10 7 8 9 44 11 12 -3 17 15 16 45 19 29 20 -14 111 66 80 30 73 27 28 50 43 40 32 33 47 41 36 -32 -38 -13 65 -10 51 100 86 94 46 85 -4 49 -1 -23 52 53 54 -17 -55 71 59 62 61 -61 -53 -59 -60 -16 -40 67 68 69 72 -51 -54 -5 76 75 -75 115 -78 79 -19 81 96 83 -42 109 90 -7 -88 -49 -58 -12 -35 117 -92 124 -27 -24 98 -66 -28 -43 -45 103 -44 -47 -106 -8 -108 -90 -46 -84 -15 113 114 -113 -26 -2 118 -93 -102 121 -94 -37 -124 -6 -107
right_child=2 5 3 22 6 18 106 -9 24 -11 14 38 13 21 64 34 -18 78 -20 -21 -22 26 23 -25 25 95 99 -29 -30 -31 35 -33 -34 91 -36 122 37 -39 39 -41 82 42 102 101 84 104 -48 88 -50 70 -52 57 56 55 -56 -57 89 58 63 60 -62 -63 -64 -65 97 -67 -68 -69 -70 -71 -72 -73 -74 74 -76 -77 77 -79 -80 -81 -82 -83 110 -85 -86 -87 87 -89 108 -91 93 92 120 -95 -96 -97 -98 -99 -100 -101 119 -103 -104 -105 105 125 107 -109 -110 -111 -112 112 -114 -115 -116 -117 -118 -119 -120 -121 -122 -123 123 -125 -126 -127
leaf_value=0.027896343257040563 0.027689302388460228 -0.021206613518757016 0.024102870668048736 -0.017011385549589662 -0.015944612986344274 0.079375923170720994 0.028350228215631108 0.029068163895440327 -0.020681250106476083 0.053909594633606235 -0.0057131802255260553 -0.019122778076679652 -0.023578091866414446 -0.016858344084474588 -0.017541106639144963 0.0082821240724283481 0.072359753339929528 -0.022026995562192068 0.031930194115591802 -0.022643366626987863 0.072352244068471114 0.022224350114725403 0.075037367938580346 0.02850969694922334 -0.023937715961294421 0.028644479733273668 0.030481501540282185 -0.02241181552220918 -0.022624065088510701 0.021963535588058011 -0.019795546579921327 0.028494816026779748 0.027452536570044636 -0.011649572567075399 0.021392710013650888 -0.021051477079620757 0.0001458544171728329 0.04003302220391694 -0.010918370305395364 -0.016490873683472022 0.012117119052596981 -0.0022855666752570176 -0.0069059043468324369 0.017509760571239832 -0.022497903144597365 -0.014464370057874338 0.06865856968368278 0.024650343189681484 0.0034406439831839246 0.036846977489557023 0.042992172050034902 -0.019402518938302988 0.029022231953620171 0.019838735531160633 -0.0211975917629178 -0.0099649479869281 -0.02219242498927668 -0.0054446025296243077 0.021977717411169436 0.014304492667366367 -0.0017174372937314439 0.0013929344999842389 -0.019007367490934332 -0.004163797570944934 -0.021652378333019046 0.046046817853345925 0.027941525176923179 0.027251835532739632 0.026505825766659274 -0.016232019382519555 -0.019553231054636157 -0.016621791327995329 0.013684996915451957 -0.022518896033587067 0.038568766237593963 0.010747600423490015 0.031303312751724238 -0.013539212049048861 -0.018715815549673522 0.082312612098910373 -0.017386238193691912 -0.023881939104617542 -0.016254271823517165 -0.012615564869924836 -0.0024754625684810659 -0.013530082816212801 -0.017322017278859524 0.02925312138187456 0.03809015962651939 0.017820749266791749 0.0027677677866322528 0.01953464833538722 -0.0069431073330210105 0.018324717255158843 -0.020684317390406923 -0.013549262588740285 0.015992079642093173 -0.016258613123895913 0.01067317784276915 -0.0087463967787398782 0.10301872753901629 -0.021244483653929964 0.023753225573284076 0.020340874142882121 -0.02235282817198558 -0.021674129018824765 0.018723607213690374 -0.024790028490465826 -0.0042525609316064741 0.0278377864153165 9.5725275320011468e-05 0.042463056587009079 -0.022045570702162461 0.077999506722100029 -0.022494125674678948 0.023742398942177684 0.023952903114197444 0.031242017264444161 -0.025407165916967917 0.028866418390239085 -0.011754540115314831 0.044957812332083798 -0.011114352687994773 0.051453730654404069 0.0039060243595903234 0.026534274710233764
leaf_weight=570.4543134495616 8956.0985195338726 153.27592943608761 219.71106018126011 18.800399281084538 26.753464818000793 3.2681914344429961 102.63248331099749 83.265340089797974 62.146944757550955 30.059160172939301 188.39821986109018 676.04525047913194 7.0839419700205353 37.672108128666878 277.60665545985103 52.335672628134489 42.174374878406525 2.9630997441709042 103.07420384883881 13.644908886402844 18.612912524491549 86.107977237552404 4.479879297316077 53.327308520674706 12.439780164510013 7.7138271555304518 9.622928209602831 11.878546997904776 10.995714269578455 68.927759334445 67.587503485381603 245.89503526687622 165.33438841998577 50.380031384527683 40.512829229235649 251.37588844448328 52.929325066506863 25.527487203478813 8.2906794995069522 30.795523881912231 158.71427173539996 12.375307749956844 123.48997168242931 8.6033931486308557 4.5111632943153372 117.27915380895138 27.219418406486511 32.784712612628937 38.726712591946125 8.2332349643111247 91.665039964020252 212.39970131218433 8.4862316846847516 104.12770124524832 85.212447732686996 41.879831403493881 12.276796549558638 332.8519483692944 85.926420882344246 255.82664578035474 671.32274912297726 190.32256952300668 292.26298066228628 56.967008177191019 14.813552886247633 16.652242384850979 1843.3538973331451 754.98746897280216 183.2471346706152 31.692461103200912 16.377264648675919 494.70523376017809 200.49051558971405 35.017987418919802 12.130206309258936 35.858964450657368 74.984617009758949 11.835171766579149 144.06563463807106 3.2226753644645205 39.839163601398468 10.14441020041704 61.918825156986713 43.187300760298967 28.367849387228489 63.354166869074106 14.233258344233034 20.26863344758749 6.6841422021388999 32.578972298651934 723.42084380611777 41.736826099455357 12.260783761739733 60.663032781332731 29.889949880540371 95.056387286633253 18.227288901805878 44.195980414748192 63.360982853919268 37.2983573153615 1.7799745090305794 56.044277507811785 16.691847648471594 17.188238348811865 11.704122204333542 4.8465859591960934 22.995797112584118 8.4453003108501417 67.505175046622753 65.058572039008141 107.07669742032886 5.9728482812643042 11.714496206492184 4.3720690906047812 4.3204886317253139 7.0408572144806376 795.82489335536957 29.254847131669521 13.441141836345194 44.640357233583927 44.261741403490305 8.3599490746855718 78.559072501957417 3.0331683419644824 188.00048716366291 21.145034424960613
leaf_count=623 7868 2167 413 93 285 9 128 69 737 25 1764 9138 72 430 3622 414 40 39 88 145 51 530 7 46 106 36 55 137 112 103 741 208 186 366 135 2947 353 51 87 373 933 93 1185 48 49 1369 25 58 253 27 478 2953 7 565 1135 352 159 3402 323 1459 5633 1642 3909 480 231 30 1597 739 258 179 119 6645 446 396 49 224 195 104 1759 13 274 91 659 435 211 697 145 72 8 107 5730 91 100 377 270 849 56 515 442 406 7 658 46 73 153 72 60 72 403 222 816 11 155 11 46 27 862 35 119 161 363 23 721 19 1208 90
internal_value=0 -0.00072993 0.0235026 0.017076 0.00751271 -0.00326451 0.00130113 -0.000479794 -0.00204014 0.00791475 -0.00410953 -0.00917909 5.30494e-05 0.00655446 -0.00265941 -0.00172182 0.00364938 -0.00857422 0.0159277 0.0221315 0.0459068 0.0157589 0.0253469 0.0096262 -0.00512086 0.003609 0.0214352 0.0266118 0.0296967 0.00630128 -0.00791652 0.0193985 0.0161649 0.0126195 -0.00384626 -0.0131879 -0.00211079 0.0131239 -0.0174361 0.00302156 -0.00208557 -0.00417131 0.00618504 -0.00423951 0.00387902 0.00127027 0.00286834 0.0185847 0.0252922 0.0267143 0.0329329 -0.00493551 -0.00888992 0.000971885 -0.00998086 0.01129 -0.0139923 -0.00336797 -0.0074428 -0.00101473 0.00270346 -0.00957479 -0.0117857 0.0115559 -0.0130822 0.0271124 0.0260002 0.022991 0.0155829 0.00760791 -0.000685017 -0.015852 0.0110533 0.0112045 0.000779192 -0.00568829 0.0193453 0.0251904 -0.0166142 0.032332 -0.0042271 0.011731 0.00103029 0.00682673 0.0167389 0.00113952 0.0160388 0.0100392 0.00725115 0.00686935 0.0020952 0.002861 0.00775697 0.00397138 -0.00126916 -0.0103822 0.0276411 -0.00296682 0.0045477 -0.000701279 0.0245544 -0.016087 -0.000678026 -0.00357686 -0.00969168 0.00515714 0.0233518 0.00703554 -0.000437662 0.0245738 -0.0058948 -0.00618065 0.00906775 0.0339206 0.0151982 -0.00670476 0.0273844 0.0164367 0.00858699 0.0317098 -0.00353808 0.0140983 -0.0180465 -0.0087884 0.00143309 0.017545
internal_weight=0 7140.83 15642.2 5890.31 2731.72 6507.04 1794.11 1660.04 1576.77 372.641 6232.62 1386.27 654.49 501.214 4846.34 4446.37 1260.2 189.593 274.42 39.3418 25.6969 311.621 3158.59 126.018 1204.13 292.078 247.569 200.647 188.769 171.346 912.056 937.61 691.715 526.38 3186.16 479.012 146.044 78.4568 731.784 55.7384 433.044 3145.65 216.166 102.418 342.581 1218.03 1063.06 326.685 633.792 595.065 177.773 2929.48 831.603 283.556 137.548 146.008 548.047 2097.88 768.008 1329.87 927.149 402.722 625.115 142.893 399.977 24.9429 3032.57 1189.22 434.231 250.983 24.6105 503.191 219.291 189.308 83.0072 70.877 106.3 86.8198 150.251 6.18578 72.6907 32.8516 370.897 201.902 97.9376 1035.84 37.7701 34.5019 106.974 44.8558 972.482 199.695 149.315 784.084 244.644 102.77 22.7072 122.371 78.1745 46.9213 58.7956 64.6477 157.37 140.678 154.975 37.6957 134.074 31.4411 74.1893 69.5697 168.996 64.052 26.3799 14.6654 10.2933 19.4806 9751.92 84.4328 55.178 46.4203 64.8825 20.6207 332.968 81.5922 214.754 25.9916
internal_count=92288 64402 27886 19156 15370 63380 12997 12737 12668 2270 62257 16245 6617 4450 46012 41202 10317 2079 1123 268 123 2371 3786 474 10398 1986 1718 1257 1120 1035 8412 2373 2165 1979 30885 4832 1145 404 9628 490 3580 30750 1565 932 2245 10277 8593 882 1022 769 1008 29185 9384 2466 1549 917 6918 19801 8114 11687 7092 4595 7311 803 4810 117 3312 1715 976 718 146 6652 539 1101 669 620 432 299 1811 52 428 154 2843 1368 482 8568 226 217 469 266 7871 1097 731 6107 1763 885 63 1188 673 461 261 706 1304 1258 1684 315 260 132 411 271 1475 653 223 68 57 133 8730 245 210 168 486 123 3687 740 1493 162
is_linear=0
shrinkage=0.02


Tree=56
num_leaves=127
num_cat=0
split_feature=13 15 15 13 1 15 6 12 12 9 10 10 2 0 12 12 7 1 1 0 0 9 9 1 1 0 9 1 13 1 7 12 12 6 4 2 0 6 9 13 10 10 11 2 0 1 9 3 13 9 2 9 10 0 15 12 12 10 9 2 3 9 12 12 10 5 9 2 15 15 10 9 9 0 1 7 6 9 15 7 9 12 12 15 11 9 10 2 7 2 7 13 2 12 2 5 15 7 10 0 15 2 3 13 9 12 2 12 12 10 9 9 9 1 1 13 1 13 0 9 9 9 10 10 15 0
split_gain=7010.32 1140.39 963.229 1110.23 516.762 255.025 181.885 117.237 159.302 111.702 259.028 220.014 121.348 116.049 123.203 482.401 103.785 102.854 96.4535 88.4161 104.579 81.9152 83.9891 90.5294 83.8364 79.5702 78.0809 101.226 68.2273 67.162 65.5016 63.9504 89.3422 62.0876 61.9965 62.9878 61.4917 64.048 81.1492 109.581 99.4367 64.4802 110.009 105.565 84.1236 78.8293 59.4574 58.6256 57.8612 54.0258 63.1417 53.79 66.9925 61.91 51.5472 51.3927 285.61 51.3812 54.7999 50.1466 49.7205 84.6329 48.6878 48.3784 48.3656 47.0528 45.4318 44.8691 44.358 43.4876 42.5322 41.7574 41.6004 39.1218 37.345 37.1683 86.7332 74.2964 42.3731 35.6137 48.5913 34.5105 34.9667 33.8464 33.6429 32.8863 43.7151 32.5668 31.8741 31.5346 30.7495 30.0938 29.486 28.6546 28.4587 28.2892 28.188 28.0901 27.8062 27.5829 27.352 27.3101 27.3039 31.2183 26.9783 26.4942 26.245 26.0448 33.1034 25.8178 29.8936 35.1463 24.5627 22.8489 33.4862 22.8374 30.108 22.8307 22.2393 21.9115 37.4052 21.6148 35.8415 21.2468 20.8348 20.5798
threshold=0.52676329016685497 -0.72607553005218495 -1.4755534529685972 2.0831236839294438 0.48026315867900854 0.92774829268455516 1.5833333134651186 -0.6812496781349181 -0.99900424480438221 -0.49123564362525934 -1.0000000180025095e-35 -0.56174489855766285 0.43415638804435736 1.6448457241058352 -0.33382290601730341 -0.6656709313392638 1.0030285716056826 -0.26973684132099146 1.6513158082962038 -0.16169957071542737 -0.051161628216505044 -0.68982908129692067 -0.65815234184265126 0.7302631437778474 0.48026315867900854 -0.046189986169338219 -0.70395612716674794 0.53289476037025463 0.032364165410399444 2.3355262279510502 1.0030285716056826 2.9990732669830327 -31.761779785156246 3.7500000000000004 1.0000000180025095e-35 -1.1831275820732114 -0.27722449600696558 2.7500000000000004 0.010774772614240648 0.14942439645528796 -0.38873952627182001 0.38873952627182012 -0.22252093255519872 0.36831274628639227 -0.07543116062879561 -0.17763157933950421 -0.38298861682415003 0.38235294818878179 6.1827387809753427 0.5925770401954652 -0.047325102612376206 0.68850955367088329 -1.0000000180025095e-35 0.067778520286083235 -0.077376812696456895 -0.6812496781349181 -0.99900424480438221 1.0000000180025095e-35 0.44522427022457128 -0.71399176120758046 -1.0000000180025095e-35 -0.31894938647747034 34.342834472656257 3.3339674472808842 -0.56174489855766285 0.99954625964164745 0.48007008433341986 -0.072016462683677659 -1.0895446538925169 -0.22183667868375775 0.56174489855766307 -0.42092499136924738 -0.52330881357192982 1.8935310244560244 0.3092105239629746 1.7475492358207705 1.4166666865348818 0.44522427022457128 -0.15966022014617917 -5.9148855209350577 -0.58060473203659047 -1.0012316703796384 -1.3327668905258176 -0.11668765172362326 -1.0000000180025095e-35 -0.39836923778057093 -0.38873952627182001 -0.61522632837295521 -1.5973385572433469 1.3024691939353945 -0.56025648117065419 3.2941703796386723 -0.60288065671920765 1.6678983569145205 -0.36008229851722712 0.99954625964164745 0.28416901826858526 -0.66427066922187794 -0.56174489855766285 1.8037174940109255 -0.87305051088333119 -0.41358023881912226 1.1470588445663454 -0.29932974278926844 -0.30236525833606714 22.681198120117191 -0.20370370149612424 -2.3294571638107295 -1.6667295694351194 0.56174489855766307 0.20186791568994525 0.40847194194793707 0.35411681234836584 0.92763158679008495 0.9802631437778474 0.67313122749328624 0.085526313632726683 0.45286561548709875 -0.12116655334830283 0.67151021957397472 0.51915895938873302 -0.27710412442684168 -0.38873952627182001 -1.0000000180025095e-35 -0.095170080661773668 1.1916535496711733
decision_type=2 2 2 2 2 2 2 2 2 2 2 2 2 2 2 2 2 2 2 2 2 2 2 2 2 2 2 2 2 2 2 2 2 2 2 2 2 2 2 2 2 2 2 2 2 2 2 2 2 2 2 2 2 2 2 2 2 2 2 2 2 2 2 2 2 2 2 2 2 2 2 2 2 2 2 2 2 2 2 2 2 2 2 2 2 2 2 2 2 2 2 2 2 2 2 2 2 2 2 2 2 2 2 2 2 2 2 2 2 2 2 2 2 2 2 2 2 2 2 2 2 2 2 2 2 2
left_child=1 63 -2 4 30 9 7 8 68 10 11 -3 19 14 15 55 25 28 73 -13 26 -22 23 -23 -24 -9 94 67 46 75 31 32 -4 -15 -12 70 -16 41 39 125 -40 42 57 66 105 -45 85 92 59 50 64 52 53 -51 84 56 81 93 -59 71 61 -46 -54 65 -27 -1 -44 -28 -6 88 -36 -31 -67 -8 -62 76 77 79 -78 -5 91 82 89 -71 -20 86 -7 96 -52 -11 98 -81 -33 -38 -21 -53 -35 -94 -70 -49 -73 -48 113 -104 -66 -43 -96 112 -109 110 -89 -112 -100 -57 -115 116 -34 -65 -17 120 -42 122 -30 -105 -97 -39
right_child=2 5 3 29 6 17 18 16 -10 13 34 12 -14 33 36 118 -18 -19 54 20 21 22 24 -25 -26 49 27 -29 121 48 -32 47 115 87 35 -37 37 38 40 -41 119 44 43 45 60 -47 101 99 -50 51 69 95 62 -55 -56 102 -58 58 -60 -61 74 -63 -64 117 104 72 -68 -69 90 83 -72 100 -74 -75 -76 -77 78 -79 -80 80 -82 -83 -84 -85 -86 -87 -88 109 -90 -91 -92 -93 97 -95 106 124 -98 -99 107 -101 -102 -103 103 123 -106 -107 -108 108 -110 -111 111 -113 -114 114 -116 -117 -118 -119 -120 -121 -122 -123 -124 -125 -126 -127
leaf_value=0.027604967380244191 0.027284118426395748 -0.021155481870337067 0.0044392795973620929 0.025039134580988942 0.020008953116589231 0.028804044124276441 0.025435061158040843 0.020028254933675979 0.049384212935267791 0.002363355791061257 -0.019036164147095566 -0.013127288773308009 -0.017624069753628815 -0.017126177954174818 0.031698476990946869 0.084813237646049588 0.029027094285258223 0.031593027117433885 -0.023392473064641765 0.066511951210336623 -0.018131621812129801 0.03979695996009594 -0.016793147903227803 -0.022516629071420408 0.016838773817238147 -0.020395915371343627 -0.0022286772530320108 0.068291288595323449 -0.033224035522427281 -0.02410336521216461 0.028225654746710488 0.020565829316989075 0.022177533812186755 0.031918659684523253 -0.010780694688053009 -0.01636115819197002 -0.018040153576913423 0.012165280726291423 -0.021946291992343766 0.033218159318619794 0.010953120937940861 -0.018675747389124839 0.009067855601582608 0.002246747588765103 0.031722434878376622 -0.013044764351366749 0.017067858480900006 0.024000787093355919 0.027544508575528037 0.025697649759040143 -0.00159827859412231 0.012870340723300417 -0.013288373781225578 -0.018516364257693995 -0.010261471978542776 -0.016669227564837623 0.066322698329818963 0.0010650891185042261 -0.013999298686259761 -0.018442570903029289 -0.021724121076047237 -0.0043680399050265283 0.037658201196832747 0.012000642499041205 0.0063576439454484882 0.035551901245367418 -0.0010976687434650007 0.025562352109356264 -0.018091873367251474 0.027504283614960299 0.044715499522987805 0.051076818292935602 -0.019382479242484416 -0.0025479280443823204 -0.0042040161815339377 0.027721981287538066 0.027784283051517585 0.025294587696213174 0.0022210849451462723 -0.0027984838699926075 0.0093394730420846336 -0.013303245465914609 0.048570404652641168 -0.024401188531218209 0.041803321945675327 0.075009290010932816 -0.016831468704117006 -0.022322768263841854 -0.016577502489438612 -0.019841452546939996 0.029235702893674925 -0.041060056988668575 0.00023229367836544564 -0.0042854598801523695 0.072921225914140977 -0.017172272471539875 -0.017038094504082314 -0.025885103103375242 0.0042267420981613995 -0.001747520666989486 0.0083602928497993265 -0.021155852112010647 -0.02231997446991818 -0.021637436495855967 -0.005623295841391672 0.042505669582795794 0.0061895542656097884 0.035679755808398141 0.0037345084034761172 0.03559307166408817 0.03430287233879363 -0.022257266755629751 -0.011229816498811083 0.060322327650163085 -0.02411538593540297 0.0274886353620701 -0.00469565725922936 -0.023905587536448145 0.056006684489980814 -0.022791813173699004 0.029915678260748303 0.027358959721975797 0.030296312073735208 0.025916620483377173 0.030323060515730759 -0.017635112469008087
leaf_weight=565.00099484622478 9412.4126678556204 150.60034395009279 108.21614492684603 40.708476819097996 62.362994115799665 20.162567552179098 205.31405159085989 49.025383681058884 35.289866745471954 940.40034836903214 665.6435129083693 55.510185841470957 72.004614986479282 312.04254384711385 19.413277864456177 19.977260917425156 37.205129384994507 102.10053540766239 4.0588769689202335 23.059242725372314 46.281588181853294 56.168150678277016 54.432390183210373 11.182408604770897 65.112039625644684 49.289857178926468 47.144464794546366 14.49618501216173 6.8606751933693886 7.7153598293662098 260.19139885902405 23.201218940317631 79.609380856156349 5.3803953006863585 8.2292478382587451 30.422649085521698 274.03050813451409 10.041822977364061 34.366813562810421 21.672336559742689 174.62111393734813 308.82698044925928 452.93224770203233 237.15856072679162 36.847514536231756 312.58539207279682 8.649150148034094 90.923484344035387 45.166516050696373 85.265309181064367 66.165422461926937 17.945592381060123 58.241215787827969 14.878238230943678 67.474865473806858 108.48579497635365 27.610414803028107 257.22707454115152 154.67163897305727 34.629838868975639 68.891952820122242 88.208469051867723 8.612869590520857 29.458143725991249 166.95892284438014 8.3611634150147456 287.47220350801945 45.82604293897748 30.77410564571619 17.691166691482071 16.803495787084103 11.808240085840227 16.192971404641867 22.139343094080687 165.75393699854612 1798.0773059129715 794.67613141983747 179.26070332527161 26.812090575695038 22.773823142051697 151.58100906759501 62.152759846299887 6.4253048896789542 7.0187791176140299 14.392568551003931 3.39779358357191 14.387677419930695 11.637299932539461 402.40494329854846 26.298524152487516 14.978788167238234 12.869151592254637 100.03511926904321 77.778754495084286 3.4480382390320283 76.890392534434795 37.440030891448259 19.719323705881834 104.14634643867612 20.370311215519905 12.181283511221407 55.162363696843386 11.322523202747105 4.5652301311492947 136.75722667574883 2.8574027866125098 7.453433308750391 18.464904271066189 43.644589178264141 14.34073583781719 14.88045432418585 6.2363478504121295 67.96264660358429 3.8742645084857932 3.6473037078976631 315.17771136015654 21.095511078834534 9.3257985636591894 23.134251832962036 6.146886344999074 54.626880951225758 54.399973660707474 7.3704265356063825 21.259012389928102 3.8808912523090831 120.52681916952133
leaf_count=623 8461 2167 498 45 225 58 371 112 29 7567 9138 612 871 4082 15 21 31 88 40 37 550 259 695 122 453 581 412 36 34 68 223 70 136 18 87 373 3701 65 511 19 861 4224 3652 1847 120 3030 48 206 41 267 462 98 601 133 596 1324 25 2459 1915 236 840 846 29 166 1087 27 2429 335 323 76 30 14 119 144 1652 1577 723 233 128 89 370 689 5 64 53 9 159 159 4455 286 28 65 546 855 8 734 480 179 680 132 51 658 150 69 1170 5 60 55 271 37 41 79 530 7 38 389 148 87 19 64 140 63 6 88 13 1578
internal_value=0 -0.000720668 0.0232788 0.017064 0.00820553 -0.00321734 0.00197572 -0.000791621 0.00892565 -0.0040494 -0.00908114 4.68045e-05 0.006406 -0.00261754 -0.00168306 0.00360877 -0.00385403 0.0157195 0.0158915 0.0104288 0.0139195 0.00568962 0.0115886 0.0294509 0.00152509 -0.00490771 0.0274883 0.0191344 0.00620787 0.0253283 0.0195384 0.0166343 0.0206272 -0.0129068 -0.0173435 0.00297374 -0.00378724 -0.00400613 0.00324428 -0.00843024 0.00983284 -0.00512885 -0.00336995 0.000191302 -0.0105096 -0.00644803 -0.00418556 0.00840352 0.0100844 -0.00600707 -0.00847724 0.00186029 0.00877881 0.0191288 -0.00216094 0.0012779 0.00283863 -0.00938604 -0.00459172 -0.00180393 -0.00391951 0.00626595 -0.00672488 0.0250037 -0.00201944 0.0264271 0.00512095 0.0114698 0.00475494 -0.0130986 0.0264717 0.0163697 -0.000676248 0.0227113 -0.00934791 0.0258899 0.0232088 0.0156613 0.0269499 0.00808508 0.00439872 0.00114553 0.00206837 0.0127607 0.0274618 0.0156389 0.00980015 0.00173631 -0.0144623 0.00175929 0.00135714 -0.0166131 -7.02798e-05 -0.0149992 0.0539236 -0.00984367 -0.0108867 -0.00406832 -0.000218705 0.019288 0.0293864 -0.0159749 -0.00955353 0.0053696 0.00096287 -0.0181149 0.0272962 0.00212966 0.0132317 0.0132136 0.00341519 0.0175992 -0.00187677 -0.0143321 0.0193774 0.0248394 0.0165482 0.0033668 0.0693552 0.0144725 0.0154717 0.0216183 -0.000326227 0.01751 -0.0148902 -0.0153432
internal_weight=0 7102.42 15478.4 6066.03 2927.77 6474.08 1889.24 1575.86 377.624 6201.59 1373.82 652.719 502.119 4827.77 4425.81 1259.15 1198.23 272.491 313.38 430.114 374.604 233.177 186.895 67.3506 119.544 1161.03 141.427 107.467 170.391 3138.26 1038.54 778.348 524.099 401.958 721.099 55.4554 3166.66 3147.25 422.003 152.241 269.762 2725.24 2053.86 1290.15 671.386 549.744 101.76 254.249 111.501 1112 846.286 265.715 166.998 100.144 85.9263 1216.04 1062.89 763.708 411.899 66.3347 359.702 125.056 66.8541 628.339 353.006 589.555 740.404 92.9705 342.334 493.28 25.0327 31.7049 24.5541 227.453 234.646 3026.76 1228.68 407.193 821.488 227.932 187.224 1035.28 973.124 24.7099 18.4514 37.948 34.5502 89.9153 468.57 966.699 279.971 35.643 142.956 351.809 33.9607 98.7169 42.8204 119.754 264.993 111.294 23.9895 63.8115 153.154 37.1468 303.716 311.684 10.9015 234.218 62.1095 47.0948 32.7541 21.1168 172.109 116.007 7.52157 415.883 100.705 38.7839 43.1115 235.395 229.248 68.6311 14.2311 25.8242 80.7713 130.569
internal_count=92288 64402 27886 19425 15785 63380 13258 12054 2141 62257 16245 6617 4450 46012 41116 10288 9913 1123 1204 3579 2967 2079 1529 381 1148 9882 888 783 1035 3640 2527 2304 1171 4896 9628 490 30828 30813 3238 1662 1576 27575 19888 10958 7687 4877 932 1133 410 9770 7895 1875 1030 400 689 10248 8572 8930 4374 369 3458 966 630 1022 2838 769 6081 747 2112 5057 117 133 146 515 2492 3230 1653 802 851 569 524 8547 7858 140 93 226 217 814 4917 7853 1887 154 795 4556 105 845 498 725 1859 338 65 706 1676 307 2257 4229 68 1536 326 316 279 120 1210 1369 45 673 284 253 40 1065 1001 103 40 157 747 1643
is_linear=0
shrinkage=0.02


Tree=57
num_leaves=127
num_cat=0
split_feature=14 15 15 13 15 15 14 5 2 9 3 16 14 16 3 3 3 14 11 9 9 8 9 8 11 5 8 8 9 13 11 16 7 8 9 8 16 9 15 8 9 9 7 6 14 6 8 8 2 7 14 9 9 2 8 9 5 8 8 11 11 2 3 3 2 3 12 15 11 2 2 2 14 16 9 9 8 11 8 3 16 2 6 9 16 9 13 2 14 6 15 9 15 15 3 8 15 15 3 8 8 9 2 9 2 16 8 8 9 7 8 14 5 8 12 12 11 14 8 8 16 16 7 7 3 2
split_gain=7810.57 1875.52 347.862 454.692 275.041 214.27 176.773 140.049 119.144 113.521 98.2469 97.7119 96.4921 83.5657 80.3139 75.6077 73.2963 66.8718 64.6387 93.4409 138.234 113.19 71.1997 266.796 154.872 136.16 121.727 103.275 66.3938 62.6809 60.8533 114.366 66.3193 58.5664 62.9268 57.2756 55.2531 65.6878 81.4436 74.3922 69.295 53.6789 72.3119 56.8363 51.4544 50.4368 49.0199 98.2092 56.2258 48.2577 45.3017 42.9131 84.0555 63.5153 183.985 104.674 123.81 78.7181 57.787 61.2971 106.054 107.276 92.9553 59.3497 42.682 52.9238 51.5017 49.9908 47.1754 42.2819 40.6408 40.2637 40.1942 43.3657 75.6149 46.35 43.8345 105.485 43.6602 39.3701 39.3409 39.1554 38.5705 37.9515 37.7825 37.7119 37.3157 36.9012 36.1972 38.0002 122.817 77.8926 35.3457 35.1153 35.0285 34.9856 34.9362 34.9063 65.462 47.6893 99.6908 41.5767 34.8722 45.9307 87.0991 41.7002 38.7492 48.3684 34.703 34.4006 34.1182 47.6962 72.2325 33.1228 33.0123 44.8227 35.1226 32.7297 31.6837 70.6121 87.6567 38.3138 60.4106 30.3032 29.479 28.3429
threshold=0.92635616660118114 -1.0594110488891599 -1.4755534529685972 2.2133353948593144 0.92774829268455516 0.67755714058876049 -0.061897344887256615 0.99954625964164745 -6.6604938507080069 -1.0000000180025095e-35 0.088235294446349158 1.0357957482337954 -0.27844180166721338 0.84603753685951244 1.4411764740943911 1.1470588445663454 2.1470588445663457 5.5160694122314462 1.0000000180025095e-35 -0.67865929007530201 -0.59090030193328846 -0.27831585705280298 -0.67337453365325917 1.0000000180025095e-35 0.6784479320049287 0.99954625964164745 -0.64291095733642567 -0.58836433291435231 0.5925770401954652 0.10092468932271005 -0.22252093255519872 0.96214589476585399 0.37663231790065771 0.41778646409511572 0.31344507634639746 0.70742541551589977 0.73261612653732311 0.58234849572181713 -1.0895446538925169 -0.617541342973709 0.17516969889402392 0.12100457772612573 0.049159688875079162 1.4166666865348818 9.6853151321411151 0.91666665673255932 -0.54975369572639454 -0.59348425269126881 0.24485597014427188 -0.58764714002609242 -0.19538971781730649 0.64140072464942943 0.48007008433341986 0.31069958209991461 0.69706812500953685 0.3460983037948609 0.99954625964164745 0.5214291810989381 0.084828533232212081 -1.0000000180025095e-35 0.6784479320049287 0.2037037014961243 -0.20588235557079312 -0.20588235557079312 0.74279832839965831 0.14705882593989375 13.335869789123537 -1.1666011810302732 -0.22252093255519872 1.1584362387657168 0.26131686568260198 0.80452674627304088 -0.26945888996124262 0.8659237027168275 -0.55882722139358509 -0.68112745881080616 0.7019714117050172 0.6784479320049287 0.26403255760669714 -1.0000000180025095e-35 0.83975809812545787 0.42592592537403112 1.9166666865348818 -0.31894938647747034 0.81590867042541515 -0.65815234184265126 0.79182052612304699 -1.9814814925193784 3.9089004993438725 0.91666665673255932 -0.045400541275739663 -0.47780936956405634 1.1461044549942019 0.55082321166992199 1.382352948188782 -0.67631912231445301 0.18118525296449664 -0.29052579402923578 -0.26470588892698282 -0.56127089262008656 -0.61293834447860707 -0.70548686385154713 1.4876542687416079 0.70049586892128002 -0.54115223884582508 0.81590867042541515 -0.57782307267189015 -0.59348425269126881 0.55504703521728527 0.92511859536170971 -0.32034412026405329 -0.33037325739860529 0.99954625964164745 -0.28682269155979151 -0.6812496781349181 -52.298915863037102 1.0000000180025095e-35 1.2885868549346926 -0.044805379584431641 -0.0077300684060901395 -0.18124703317880628 1.0992876887321474 0.37663231790065771 0.31617087125778204 0.5000000149011613 -1.3559671044349668
decision_type=2 2 2 2 2 2 2 2 2 2 2 2 2 2 2 2 2 2 2 2 2 2 2 2 2 2 2 2 2 2 2 2 2 2 2 2 2 2 2 2 2 2 2 2 2 2 2 2 2 2 2 2 2 2 2 2 2 2 2 2 2 2 2 2 2 2 2 2 2 2 2 2 2 2 2 2 2 2 2 2 2 2 2 2 2 2 2 2 2 2 2 2 2 2 2 2 2 2 2 2 2 2 2 2 2 2 2 2 2 2 2 2 2 2 2 2 2 2 2 2 2 2 2 2 2 2
left_child=1 10 -2 5 6 7 9 29 -8 72 50 14 -6 17 15 18 93 64 19 -10 21 -21 23 -20 -25 26 -24 -27 -22 -4 31 46 51 -33 -35 102 37 38 -31 40 83 42 80 -43 79 125 47 -11 -49 -15 -1 52 53 55 -55 56 -32 -57 63 62 87 -62 -60 70 65 66 67 -9 69 -66 -53 -56 118 76 75 -75 97 -78 -77 -41 -17 -14 -65 -40 -48 -67 -80 -61 89 90 91 124 -83 -13 -84 -51 -64 98 -74 100 -100 -99 103 106 -105 -104 107 -34 -69 -103 111 -54 -113 -45 115 -87 -116 -93 -3 120 123 -121 -123 -120 -5 -12
right_child=2 4 3 88 12 -7 8 13 11 30 45 16 81 49 -16 41 -18 -19 22 20 28 -23 25 24 -26 27 -28 -29 -30 36 32 33 35 34 -36 -37 -38 -39 39 44 -42 43 -44 113 -46 -47 84 48 -50 95 -52 58 110 54 71 57 -58 -59 59 60 61 -63 96 82 68 85 -68 108 -70 -71 -72 -73 73 74 -76 78 77 -79 86 -81 -82 92 94 -85 -86 114 -88 -89 -90 -91 -92 117 -94 -95 -96 -97 -98 101 99 -101 -102 109 105 104 -106 -107 -108 -109 -110 -111 -112 112 -114 -115 116 -117 -118 -119 119 121 -122 122 -124 -125 -126 -127
leaf_value=0.0062175153856198631 0.027165669073111246 -0.018747682794496904 0.0084815806566899427 0.0117625622522821 -0.015610343106574345 0.02691335136050374 0.028310357779233616 0.026953440949056193 -0.022395346246817306 -0.019734397131713138 0.031357457254903208 0.022874374869963212 0.025834672626792315 0.025280990685926676 -0.015224256872041889 -0.011722802240412869 -0.015514809918268568 0.020857140859850135 -0.022801424171017073 0.030479760267145016 -0.0090980983787005316 -0.0030790104440166165 -0.022510806801992352 0.040583283556314118 -0.022454757882186122 0.0056290260369664235 0.0081537688242080564 -0.013348569587679965 0.00085169731295138161 0.02785438381555061 -0.020335025781454245 -0.017975738613255764 -0.0084664911999822508 -0.022163399643689324 0.027597879272805766 0.025014254334370923 0.028494470791485416 0.027270552768004847 0.022831453957033194 0.011290085475192396 0.028771686282569656 -0.0096663889198588641 -0.015978493306458449 0.039056849724675803 0.032177042335611236 0.027705776799493226 -0.020981871764209369 -0.023320622368406169 0.03357228068603077 0.029565222897149634 0.025847421126697544 -0.023998246662130584 -0.021388055407877738 -0.021537943887677977 -0.0068988961947353848 -0.0026243339931697196 0.014943484673135918 0.036617323680317608 -0.025285079926693127 0.029222478702661921 -0.021854674127387175 0.057174397936242995 0.04342634313917336 -0.011581995490856332 -0.013934990931368841 -0.024365439221922247 0.037259436598328234 -0.0015148821547658143 -0.020181244432375772 0.049924657110427151 0.029486571260207897 0.032150608323928416 0.028405930051046351 -0.021896557768915862 -0.015726321575281994 0.033599134207228397 -0.021617088546798332 0.064042517003783883 -0.022114126615353346 -0.014406001064802252 0.035501545586468987 -0.016470868959004046 0.033258326265268 -0.026697939818095484 0.00074995344084528544 -0.023026103130163726 0.063478107695027056 -0.023535609228918914 0.027259734683337804 0.026720925045074648 0.027705033392664519 -0.0151028759493964 0.016230208445961607 -0.015364480996193796 -0.021870268624275237 -0.0039570605056235796 0.0049111262719394875 0.039544977772733796 -0.021861610908900972 -0.017868876385277056 0.042307521740715864 -0.018176687200828143 -0.022367610669574246 0.046243037603952167 -0.022243262034258013 0.034807686773122418 -0.017728529981448356 0.033321961306928001 0.014186651782976869 0.047554890720508038 -0.021965031423378939 0.035561095464490482 -0.021593056186139541 -0.0012479355561325204 0.0017781286172531782 0.014509785176739863 -0.015761194804931961 0.015025896183914525 0.0032330865307137876 -0.014164115411093954 -0.021546711970688314 0.032539915555986475 -0.021883068740181377 0.064695752351778116 -0.035230914708734233 -0.0016117531072087543
leaf_weight=49.234198778867722 8706.5383563488722 374.34943872317672 260.05987497791648 6.9167173430323627 33.670603014528751 432.07268150150776 53.623550653457642 41.39957682043314 117.45958827808499 54.727293342351913 11.554665662348269 120.97623434662819 167.31197774410248 125.28143680095673 186.56061207130551 9.8293504640459997 28.555606070905924 78.134632334113121 56.424327105283737 80.064409635961056 877.98097681999207 80.75000773742795 56.901961475610733 95.884059719741344 18.616050228476524 158.8430113941431 575.4129393696785 412.75988103076816 386.2908538505435 86.646320901811123 74.185132648795843 22.946275122463703 79.883159603923559 12.336995046585796 57.741327352821827 19.191843457520008 212.20984061062336 148.22014145553112 9.6698614433407801 31.716112732887268 72.102690681815147 16.090479351580143 46.226318024098873 51.00008924305439 14.136626601219175 39.424592822790146 283.83422747254372 8.8730518817901594 32.031857512891293 16.506843373179436 1048.5129543468356 6.8510885909199706 32.126359906047583 116.16378044337034 14.054154913872479 29.178284533321857 85.829398099333048 68.335346020758152 11.233547963201998 6.1176562309265128 10.219208098948004 20.966715753078461 55.524433918297291 121.14772761240602 8.3773782961070555 29.278807204216719 23.473200604319572 182.95489405468106 63.749439481645823 8.2132904827594739 33.324433505535126 42.505414884537458 21.272572375833988 10.448005665093659 48.548199232667685 44.195970460772514 12.978203110396862 10.325455516576767 11.502545356750487 96.166899148374796 25.01069387793541 17.61215078830719 15.706405371427538 17.18680577725172 36.066981602460146 14.999776262789963 2.4760020300745955 39.823296312242746 2177.4432053118944 358.75987852364779 206.86568033695221 16.564974822103977 53.031266987323761 10.434637673199175 6.5258044041693202 50.711198594421148 11.345324497669933 5.2414895594120017 20.236939992755651 85.873202458024025 18.571256071329117 254.36234886199236 8.0020013861358184 14.909618228673937 14.802378870546816 14.081661298871039 259.98088838160038 12.863267809152601 81.335578117519617 3.2251523435115805 98.936450876295567 21.477479454129934 15.038048122078179 9.7085292786359769 110.8317592702806 83.917266190052032 77.675910666584969 111.50734176486731 4.3247902207076612 537.19837540015578 12.254828747361897 18.129984967410564 14.833520065993069 12.433209132403134 23.415196470916271 107.16483016684651
leaf_count=176 7863 6115 952 19 458 437 46 52 1321 794 19 294 336 142 2011 91 306 138 575 444 8729 728 611 323 212 1088 3870 4224 3038 81 1074 226 914 154 99 83 213 179 26 88 111 137 480 128 11 38 4811 82 55 30 1118 68 546 1449 156 294 597 291 71 5 134 121 124 1310 71 300 31 1239 611 13 114 85 23 139 619 158 193 46 147 599 41 192 56 142 294 95 6 417 1966 368 182 69 125 82 96 275 71 28 283 1180 114 3717 102 35 191 15 3447 54 305 23 1361 214 232 65 669 299 630 249 51 8113 192 47 214 34 125 718
internal_value=0 0.000305346 0.0247096 0.0206586 -0.00365979 0.0141733 -0.00444055 0.0113431 -0.00127057 -0.00768878 0.0228438 -0.00173414 0.016079 0.00610916 -0.00248259 -0.00170962 0.0135272 0.0032763 -0.00243911 -0.00524963 -0.00383643 0.0136288 0.000714241 0.0127935 0.0303342 -0.00100069 0.00539427 -0.00807488 -0.006058 0.0168461 -0.00438594 -0.0102884 -0.00217932 0.00975691 0.0188376 -0.00874487 0.0200076 0.0162228 0.0112247 0.00524532 0.0185575 0.0117715 0.000420197 0.0237535 -0.00403063 0.00810584 -0.0147759 -0.00221215 0.0212311 0.017946 0.024967 0.000790871 -0.00243182 0.00224846 -0.0071346 0.00854166 -0.00141216 0.0248753 0.00647771 0.0154598 0.00281263 0.0312776 0.0279489 -0.00111833 0.00138473 0.00309481 0.00871052 0.00651832 -0.0123629 0.017679 0.0203659 0.0224474 -0.0117423 -0.0074164 0.00337533 0.0168891 -0.0103428 0.0163372 0.0238549 -0.00803315 0.0221782 0.020563 -0.00713827 -0.00886466 -0.0185317 -0.00274183 -0.00695328 -0.0165102 0.0259716 0.0220976 0.0175568 0.00430379 0.00807748 0.019838 0.0170765 0.00427506 0.0368917 -0.0118638 -0.00402112 -0.00955368 0.00884586 -0.016219 -0.0103465 -0.0117576 0.0121235 0.0140903 -0.0137692 -0.00267073 0.00331728 -0.0173537 -0.0144483 -0.00361405 0.0120235 0.0326113 -0.000539122 0.00881784 -0.00544907 0.011129 -0.014183 -0.0113311 0.0191056 -0.0128798 0.00804967 0.0488339 -0.0245148 0.00159706
internal_weight=0 8394.59 13985 5278.5 7138.7 2377.03 6867.07 1944.96 3475.4 3391.67 1255.89 3421.78 271.626 996.841 3261.81 3075.25 159.966 804.342 2917.39 1542.55 1425.09 160.814 1374.84 170.924 114.5 1203.92 632.315 571.603 1264.27 948.115 1868.89 508.558 1360.33 93.0246 70.0783 423.715 688.055 475.845 327.625 240.979 98.9594 157.865 81.0664 76.7991 142.02 158.144 415.533 95.6322 40.9049 192.499 1097.75 936.615 597.83 430.252 172.723 257.528 160.015 97.5136 338.786 155.23 77.1269 31.1859 78.1033 183.555 726.207 645.867 329.163 305.69 80.3401 16.5907 40.1755 56.5596 1522.78 549.257 117.171 68.6225 432.087 23.3037 58.1745 127.883 34.84 237.955 143.38 26.8567 319.901 316.704 13.9785 45.941 2901.47 724.03 365.27 158.404 70.6434 131.411 22.2322 67.218 66.8698 408.783 145.954 124.681 38.8082 262.829 404.523 382.439 29.712 22.0837 352.727 92.7464 264.29 257.588 167.578 68.6419 36.5155 60.7086 287.425 98.917 188.508 128.072 973.524 599.175 29.0128 570.162 32.9635 16.758 30.3319 118.719
internal_count=92288 73708 18580 10717 71639 7739 70528 7302 28844 41684 2069 28798 1111 4900 28116 26105 682 4453 25163 14260 12939 1172 10903 1110 535 9793 4481 5312 11767 2402 20242 6515 13727 479 253 4841 1450 1237 1058 977 279 942 612 330 698 775 6036 931 137 447 1294 8886 6299 3946 1690 2256 1671 585 2587 943 677 255 266 1644 4315 3620 1627 1596 695 84 182 241 21442 6676 1069 450 5607 239 311 687 132 653 1462 168 5105 1993 153 422 2978 1012 644 462 317 376 152 305 195 5368 1600 1577 397 3768 4758 4641 226 117 4415 968 1544 3740 2353 992 446 193 1693 394 1299 318 14766 8651 277 8374 261 85 144 737
is_linear=0
shrinkage=0.02


Tree=58
num_leaves=127
num_cat=0
split_feature=14 15 15 14 15 1 14 2 9 15 16 10 1 16 14 9 15 3 3 10 8 10 8 8 11 8 14 1 9 6 3 15 11 16 14 15 10 9 8 16 10 8 8 2 8 8 8 10 9 2 15 16 9 15 8 9 9 9 12 12 9 15 9 8 15 3 8 8 2 14 15 8 2 8 8 9 8 2 1 1 15 1 5 14 1 16 8 11 10 9 8 3 9 2 11 8 15 9 16 16 12 3 2 8 1 10 15 15 3 10 11 9 8 8 8 8 11 8 2 9 15 2 15 1 8 9
split_gain=7609.63 1817.21 348.085 432.714 265.724 227.093 172.402 115.733 111.054 102.317 130.328 126.099 101.401 94.1129 93.0802 79.0299 99.5756 78.2454 72.7023 108.736 143.582 103.059 96.3941 141.075 240.586 190.716 85.1709 109.031 107.961 71.5197 70.4991 65.8022 59.5735 111.508 59.079 58.9836 83.9788 90.3372 91.9998 74.7678 105.58 117.342 74.2721 68.8496 123.594 66.1197 62.46 61.4009 60.7413 92.294 58.5556 70.9504 71.1147 56.6244 56.5603 60.5198 56.3116 71.3421 55.0819 126.568 50.6896 94.4777 50.2609 49.6206 56.6788 48.7716 48.1684 95.2093 53.8607 45.0941 44.9147 44.272 71.6595 44.1481 43.9938 51.495 43.7069 41.7685 41.6024 91.2786 62.6144 40.7737 39.9708 39.4465 66.8911 51.4941 57.6006 77.8579 41.0424 69.4912 160.316 197.45 60.825 91.8878 89.1342 52.9352 39.8896 41.9964 39.2023 37.5402 36.8526 36.5501 34.991 34.2647 33.9076 48.5367 33.906 33.6936 32.8112 32.4775 31.8565 31.3601 54.4558 68.0934 33.7348 38.6757 30.9245 51.2814 28.7024 28.4973 58.6807 37.0372 28.0778 27.9942 27.9675 27.8601
threshold=0.92635616660118114 -1.0594110488891599 -1.4755534529685972 2.6773790121078496 0.92774829268455516 1.4407894611358645 -0.061897344887256615 -6.6604938507080069 -1.0000000180025095e-35 0.67755714058876049 1.0624629855155947 -0.56174489855766285 0.86184212565422069 1.0357957482337954 -0.27844180166721338 0.59753942489624035 -1.1192106008529661 1.4411764740943911 1.1470588445663454 1.0000000180025095e-35 0.038631947711110122 0.38873952627182012 -0.64291095733642567 -0.58836433291435231 1.0000000180025095e-35 -0.39242093265056605 0.16819845885038379 -0.33552631735801691 0.70434543490409862 1.2500000000000002 2.1470588445663457 -0.16388268023729322 -0.22252093255519872 0.96214589476585399 -0.22020819783210752 0.18118525296449664 0.38873952627182012 0.64140072464942943 0.5214291810989381 0.72195822000503551 0.38873952627182012 -0.21751539409160611 0.69706812500953685 0.29423868656158453 0.70109742879867565 0.70776253938674938 0.61905220150947582 -0.56174489855766285 0.70049586892128002 -0.54115223884582508 0.87182176113128673 0.85384848713874828 -0.52330881357192982 -1.293992757797241 0.41778646409511572 0.31344507634639746 0.11189543083310129 0.33802047371864324 -0.33382290601730341 -0.62590238451957692 -0.62370178103446949 -0.70715072751045216 0.70049586892128002 0.047890845686197288 0.38534303009510046 2.6176470518112187 -0.54975369572639454 -0.59348425269126881 0.24485597014427188 4.1899335384368905 -1.2063425183296201 -0.69815525412559498 -0.78806585073471058 -1.0000000180025095e-35 -0.12457882612943648 0.66561099886894237 0.43993680179119116 0.67283952236175548 -0.03289473615586757 0.072368420660495772 0.044385658577084548 -0.59868422150611866 1.5000000000000002 -0.26945888996124262 0.45394736528396612 0.087605372071266188 0.7019714117050172 0.6784479320049287 -1.0000000180025095e-35 -0.56441760063171376 0.39499190449714666 0.97058823704719555 -0.65815234184265126 -1.1831275820732114 1.0000000180025095e-35 0.220456138253212 -0.66989830136299122 -0.70548686385154713 1.1129088997840884 0.81590867042541515 0.33368697762489324 1.852941155433655 0.50000000000000011 -0.69083788990974415 0.7302631437778474 -0.38873952627182001 0.30666297674179083 0.55082321166992199 -1.0000000180025095e-35 1.0000000180025095e-35 0.6784479320049287 -0.68112745881080616 0.26403255760669714 -0.60341805219650257 0.6442055106163026 0.6621384620666505 0.6784479320049287 -0.617541342973709 -0.16255144029855725 -0.19003803282976148 1.2907838821411135 0.77983540296554577 -0.43167662620544428 1.5723684430122378 -0.583143651485443 0.45235085487365728
decision_type=2 2 2 2 2 2 2 2 2 2 2 2 2 2 2 2 2 2 2 2 2 2 2 2 2 2 2 2 2 2 2 2 2 2 2 2 2 2 2 2 2 2 2 2 2 2 2 2 2 2 2 2 2 2 2 2 2 2 2 2 2 2 2 2 2 2 2 2 2 2 2 2 2 2 2 2 2 2 2 2 2 2 2 2 2 2 2 2 2 2 2 2 2 2 2 2 2 2 2 2 2 2 2 2 2 2 2 2 2 2 2 2 2 2 2 2 2 2 2 2 2 2 2 2 2 2
left_child=1 12 -2 5 6 9 8 -8 83 10 11 70 34 17 -6 16 -13 18 19 22 26 103 104 24 -24 -25 27 -21 -28 74 107 -31 33 66 108 36 37 38 71 42 45 65 48 46 -45 -41 -40 -44 -37 -50 51 52 69 -14 -35 -56 77 -58 59 125 61 -22 78 -23 -65 -42 67 -10 -69 -5 -4 72 -34 102 75 116 -59 101 80 -80 -39 119 -51 88 85 86 96 -88 89 90 92 100 93 95 -95 -3 -85 -98 -91 -68 -92 -18 -64 -20 -9 -106 -53 -15 -1 -101 -33 -87 113 -113 -114 -116 -7 -118 -111 121 -121 -16 -105 -55 -99 -38
right_child=2 4 3 50 14 29 7 13 32 -11 -12 15 53 30 81 -17 56 -19 21 20 60 63 23 25 -26 -27 28 -29 -30 31 -32 110 35 54 -36 39 58 62 43 40 41 -43 47 44 -46 -47 -48 -49 49 82 -52 106 -54 123 55 -57 57 76 -60 -61 -62 -63 73 64 -66 -67 99 68 -70 -71 -72 -73 -74 -75 -76 -77 -78 -79 79 -81 -82 -83 -84 84 -86 111 87 -89 -90 98 91 -93 -94 94 -96 -97 97 124 -100 109 -102 -103 -104 122 105 -107 -108 -109 -110 118 -112 112 114 -115 115 -117 117 -119 -120 120 -122 -123 -124 -125 -126 -127
leaf_value=0.011859960630939345 0.026963330259630967 -0.0016493242333012917 0.025205675973847676 -0.019276850244223941 -0.015493699580973548 -0.011389764068579087 0.028080608373022359 -0.021323209550182538 -0.019665465586347356 0.027112994937134149 0.026968442712210227 0.023221975549064713 0.025545698330166983 0.022418248217425715 0.026163926848046613 0.022054968406236348 0.0046990968732485549 -0.01509382744362798 0.025767401717077278 -0.022690202108092375 0.025670049793056565 0.039971911772034262 -0.023316480352505248 -0.020346608398305318 0.033112670776599573 0.0029571093522211861 -0.010804987216864995 0.011328245092379117 0.022893779189104735 0.025146242077728264 -0.015379374171562144 -0.011435314686679226 0.071829763749127556 -0.01785805754629147 0.025160635790757741 -0.016426506469909979 -0.022006731894994403 -0.00090675946259857168 0.038141798478535265 -0.016990796814829342 0.023959061107853247 -0.019516045517877591 0.034380370217759595 -0.022809634706289224 0.028058560780658034 0.029983469149203214 -0.013281117103627185 -0.022124705647756166 0.041727135096745728 -0.022105776864984154 0.027301179956620483 0.027338057745641752 0.019396634756074168 -0.013729699411496035 -0.022117354544167189 0.027045491913529795 0.023125683626597244 0.0088186186215807039 -0.015779393657550187 0.14193225051990438 -0.018749216513247714 -0.019812984708311991 0.034524595839063796 0.027618164747465208 -0.023071996324193416 -0.023124081073306057 -0.020945963042432215 -0.023247369358980169 0.032785244662897159 0.012674674177171042 -0.020368547493031044 -0.02071605025519227 -0.021471344434916446 -0.02451634508045054 -0.023735266073702209 0.040967940508074625 -0.018249007836140852 -0.017347958218970498 0.058467425410520066 0.011044663260754125 0.031222248787470503 0.028325128756116334 0.056682583195271238 0.020521486907480443 -0.020033480554486824 -0.021804518483410439 -0.021610512831212413 0.066937013590846681 -0.017595381122841709 -0.018532549779769342 0.077335495971451215 -0.021458936299526596 -0.021452610346201526 -0.021423274892514738 0.019787609992588974 0.077004573311584987 0.042061919931500123 -0.0036683654176286624 0.017446929613560893 -0.02259465346884704 0.1631642406791701 -0.030038282867459114 -0.023068981619010682 0.047627503568802187 -0.021930101538678567 0.010295429796254149 0.01095698434327675 -0.015198544268965136 -0.026440655187461713 -0.021967903392381291 0.025812742991317403 -0.021729137581335906 -0.015414169918610764 0.024646844592323774 0.030189796724125823 -0.013945115506590521 0.029724739861971293 -0.027096509084948553 0.030031037638360979 -0.021613199448299366 0.021926105363870376 -0.018305442782676193 -0.015219726100873731 0.0249777871988759 -0.021171514630051007 0.013928839407207299
leaf_weight=38.679416954517365 8597.5326739698648 5.2583873048424712 9.9991704821586591 32.185183167457581 33.249854452908039 109.53123755380511 52.987438082695007 95.71968861669302 53.829767789691687 280.49636854231358 249.4355539008975 168.53500617668033 28.736650437116623 120.96893876791 57.246293220669031 272.56726053357124 301.97574657574296 184.43078475445509 11.34261444211006 43.972163200378418 31.412339620292187 47.57321560382843 39.60876477509737 158.64512849226594 127.52633891254663 1226.4293618388474 376.11418229341507 263.61873264610767 42.304803647100925 59.416053012013435 28.234180830419064 49.217660754919052 5.7271523252129555 22.638637613505125 1103.1932667568326 358.58784776180983 13.259013019502161 53.842970471829176 42.791432693600655 113.67552467435598 125.49549952149391 37.071529857814312 24.370729759335518 47.467438977211714 31.976333048194647 13.398649968206881 12.125442203134297 11.240215267986057 19.051893293857574 27.041700799018148 1829.6101256161928 685.53372764587402 592.85073887556791 53.929581202566624 12.117628432810305 57.742209613323212 134.45490135252476 101.47903409227729 130.35913621261716 2.7483081221580496 384.24581164866686 43.656763792037964 14.282276518642904 24.536699451506138 13.77782943844795 9.4639271385967714 278.68610453233123 8.7244836390018445 32.143622756004333 39.172570876777172 64.101586356759071 88.920328434556723 7.7465467453002912 19.731202088296413 59.456526953727007 9.7839556112885457 31.198240585625172 44.73766677826643 31.737659178674221 33.237391822040081 44.163890421390533 121.52743054181337 2.8467417471110812 13.441419154405592 127.25002151355147 17.025347542017698 7.3006115220487127 8.7117824107408524 557.79812190309167 215.02925595641136 3.3928540758788568 6.1819255240261546 59.930990193039179 49.661127034574747 36.366539057344198 9.8041111342608911 5.0083740167319766 49.376288719475269 12.836400333791969 14.365835525095461 4.8781484439969063 12.622305773198603 5.9889448136091223 2.9913787245750418 32.614165153354406 43.805513165891171 54.564748756587505 10.338562883436678 11.639060333371161 5.7896551899611977 11.291467070579527 15.120253775268791 50.393982395529747 77.965889394283295 18.062855184078217 14.174407489597796 20.056471109390262 9.2988852933049184 15.926360901445149 24.641949281096458 24.887461517006159 8.6196537911891919 57.511705808341503 8.6761115789413434 140.19819610193372 24.716411948204041
leaf_count=121 7863 63 15 155 458 890 46 1066 794 282 259 238 51 294 118 552 1464 2011 43 467 115 107 362 1708 401 9524 3497 1856 206 84 306 420 7 226 1256 5052 179 320 86 1638 361 421 35 507 97 41 126 153 53 363 1649 626 945 521 154 99 314 367 1900 4 4711 540 41 58 139 96 4811 82 55 96 645 1204 125 160 678 23 262 392 73 205 137 201 19 78 1836 240 110 33 8911 3454 26 99 983 814 309 16 22 656 74 165 17 74 62 6 422 288 156 82 80 76 29 218 676 450 69 188 38 64 53 237 40 57 589 40 2100 262
internal_value=0 0.000299839 0.0244879 0.0204213 -0.00361083 0.0131079 -0.00438095 -0.0012503 -0.00760866 0.0160937 0.0138718 0.0110104 0.0225877 -0.00170588 0.0158425 0.0127616 0.00957531 -0.00244169 -0.00168097 -0.00239786 -0.00706111 0.0115435 0.000807673 0.00238241 0.0197397 0.000287923 -0.00152449 0.00646508 -0.00739783 -0.00210632 0.0132916 0.0101958 -0.00433351 -0.0102179 0.024194 -0.00215049 0.00245263 0.00707818 -0.00131541 -0.00593858 0.00178773 0.0120003 -0.0111536 0.00956826 -0.00233505 -0.0120378 0.0267878 0.0165451 -0.013574 0.00732655 0.0249434 0.0218716 0.0171262 0.0023031 0.00961502 0.0185179 0.00590403 0.0128585 -0.00943654 0.0108673 -0.0158125 -0.000780807 0.0168682 0.0263294 0.00939008 0.0206574 -0.0146982 -0.00219194 0.0208235 -0.00173673 -0.0142188 -0.0155969 0.0181874 -0.00321995 -0.00919494 -0.00337996 0.00245383 0.000734004 0.0217987 0.0342087 0.0135712 0.0202402 -0.0146015 -0.0116451 -0.00734156 -0.0034665 -0.00998706 0.0265651 -0.014081 -0.00922076 0.000239267 0.0640472 -0.005488 0.00397656 -0.00400217 0.0495461 -0.0128006 -0.0151024 -0.0165057 -0.0184607 0.127956 0.00330536 0.0175091 -0.00613218 -0.013392 -0.00345769 0.0261303 0.0194565 0.00300073 0.000734649 -0.00448454 0.00411275 0.00662389 0.0171139 -0.00519333 0.0107841 -0.00650408 0.0117255 0.0161677 0.0117257 0.000264363 0.0203444 -0.0121124 -0.00836548 -0.0166127 0.00138204
internal_weight=0 8339.59 13831.1 5233.57 7094.74 1999.66 6824.56 3464.37 3360.2 1671.6 1391.11 1141.67 1244.85 3411.38 270.173 1067.57 795.003 3251.84 3067.41 2909.67 1185.32 157.733 1724.35 1552.21 167.135 1385.07 726.01 307.591 418.419 328.052 159.542 119.925 1855.03 501.964 1153.51 1353.07 610.822 439.739 236.755 742.244 299.105 172.031 443.139 134.361 79.4438 127.074 54.9169 35.6109 407.528 48.9403 3233.92 1404.31 664.208 91.3423 92.4985 69.8598 626.468 267.132 171.083 40.7237 459.315 75.0691 202.984 85.8877 38.3145 134.959 409.466 94.6979 40.8681 71.3578 74.1008 102.394 13.4737 40.0024 208.127 148.671 132.677 359.336 162.982 64.9751 98.0069 236.923 29.8884 1505.17 544.029 416.779 224.037 16.0124 961.138 403.34 175.474 14.4529 161.021 101.09 86.0277 15.0625 208.024 194.583 227.866 314.768 8.271 314.598 20.2712 71.8457 172.139 76.4197 740.098 131.308 50.3185 36.0819 60.5091 192.743 175.717 93.0861 82.6312 32.2373 138.887 29.3554 21.716 115.395 49.5294 65.8659 60.5031 62.6057 189.574 37.9754
internal_count=92288 73708 18580 10717 71639 7090 70528 28844 41684 4864 4582 4323 2069 28798 1111 3663 3111 28116 26105 25163 11392 942 13771 11995 763 11232 6026 2323 3703 2226 682 533 20242 6515 1457 13727 5495 3150 2152 8232 2557 878 5675 816 604 1679 212 188 5487 435 3627 1978 1196 612 479 253 2873 943 2345 445 5366 655 998 304 197 457 6036 931 137 251 660 1336 132 263 1693 1015 629 1930 735 278 457 653 382 21442 6676 4840 2999 143 14766 5855 2327 142 2185 1202 1123 79 2856 2778 3528 5105 43 1538 103 638 1776 710 782 376 201 294 449 1841 1601 668 933 257 992 102 129 452 277 175 595 561 2756 441
is_linear=0
shrinkage=0.02


Tree=59
num_leaves=127
num_cat=0
split_feature=14 15 15 13 15 15 14 5 0 2 0 10 16 3 2 0 10 15 2 10 0 16 10 10 0 16 14 13 10 14 7 7 15 2 2 16 16 13 11 14 2 6 0 16 3 15 10 16 15 15 14 3 16 10 2 0 14 5 0 2 0 7 5 13 2 7 12 16 16 14 13 10 14 6 15 0 0 11 13 0 2 2 15 2 12 7 7 13 3 14 2 15 6 2 14 13 3 12 0 13 12 0 2 12 10 3 0 11 2 3 7 16 2 12 7 0 14 0 12 12 0 0 12 15 12 13
split_gain=7414.21 1760.93 348.811 449.784 257.004 206.777 168.19 133.015 127.781 112.447 97.9768 94.7563 91.113 101.428 81.3198 80.5786 88.8516 108.96 99.883 87.9785 74.7548 69.3482 68.3779 66.4159 163.642 103.597 62.5097 61.8858 61.0368 67.1232 71.5272 58.9137 56.0094 55.7237 54.9176 53.7758 52.1629 50.9001 50.569 47.5514 46.5936 48.0582 45.7327 45.0282 44.7514 71.4075 44.2944 43.8828 43.2934 41.8967 41.4641 39.1349 55.2944 51.1027 69.9537 39.0036 38.6963 37.7079 37.136 36.9265 45.1845 45.1039 41.2566 39.8014 36.8717 41.8218 36.5864 36.3793 54.8716 43.8851 36.3746 39.6244 35.9437 36.9583 118.941 35.4129 47.8456 35.0506 48.3534 91.3535 41.6999 37.0485 34.7214 33.9292 33.7731 33.768 33.676 33.5117 32.9601 32.8733 35.2496 32.2849 32.1679 31.2442 30.3511 30.1519 29.3239 29.2769 28.8324 36.8227 39.8165 38.8266 36.0849 30.1008 28.7258 28.422 28.2739 28.0758 42.9188 37.9449 32.9927 31.3748 27.9687 27.6043 26.6215 26.2856 25.8959 25.826 25.6735 233.751 25.348 25.1873 25.0009 26.2172 30.9719 24.9708
threshold=0.92635616660118114 -1.0594110488891599 -1.4755534529685972 2.2133353948593144 0.92774829268455516 0.67755714058876049 -0.061897344887256615 0.99954625964164745 -0.053965032100677483 -6.6604938507080069 -0.13743405789136884 -0.56174489855766285 0.9491097927093507 2.1470588445663457 0.010288065765053036 -0.033611157909035676 -0.38873952627182001 -0.59574958682060231 0.47530864179134374 -0.56174489855766285 -0.27722449600696558 1.0992876887321474 -0.38873952627182001 -0.38873952627182001 -0.024598641321063038 0.80128589272499096 0.16819845885038379 0.10092468932271005 -0.56174489855766285 0.4423926323652268 -1.4540902972221372 0.079273290932178511 -0.9310893416404723 -0.21193415671586988 1.4876542687416079 0.73261612653732311 1.0205816030502322 -0.10967511683702467 0.6784479320049287 -0.38779197633266443 -1.3559671044349668 0.91666665673255932 -0.26408690214157099 -0.19981227815151212 1.1470588445663454 0.19060570746660235 -0.38873952627182001 0.88640671968460094 -0.51783549785614003 -1.0895446538925169 0.18611551076173785 1.1470588445663454 0.58577954769134533 -0.56174489855766285 -0.039094651117920869 3.2472327947616582 1.3799114227294924 0.99954625964164745 -0.12665827572345731 -0.17901234328746793 -0.094324819743633256 0.1349475905299187 0.99954625964164745 -0.42990349233150477 0.70987653732299816 -0.73659014701843251 0.61102882027626049 0.12784276157617572 0.10733758285641672 -0.29648716747760767 -0.29932974278926844 -0.38873952627182001 3.9089004993438725 0.91666665673255932 -0.045400541275739663 1.4448422789573672 1.3885927200317385 0.6784479320049287 -0.018447264097630974 0.77648705244064342 -0.034979423508048051 1.9279835820198061 -1.6011464595794676 0.80452674627304088 -44.911098480224602 0.67284944653511058 -1.0402734875679014 -0.45845098793506617 0.32352942228317266 2.5256417989730839 -2.4917695522308345 0.10444977879524232 1.9166666865348818 0.15432098507881167 1.2885868549346926 -0.50173768401145924 1.7352941036224367 -36.972148895263665 -0.2695785760879516 -0.34689857065677637 -8.9991817474365217 -0.13743405789136884 -0.44238683581352228 21.364931106567386 -1.0000000180025095e-35 1.4411764740943911 -0.14282844215631482 1.0000000180025095e-35 0.75514405965805065 0.14705882593989375 -1.5024183988571165 1.0067077875137331 0.84156376123428356 -0.94587525725364674 0.63859283924102794 -0.0059995211195200673 0.70276132225990307 1.8471097946166994 -0.33382290601730341 -0.62590238451957692 -0.150860421359539 1.4099626541137698 3.3339674472808842 -1.1666011810302732 -6.3200998306274405 3.2941703796386723
decision_type=2 2 2 2 2 2 2 2 2 2 2 2 2 2 2 2 2 2 2 2 2 2 2 2 2 2 2 2 2 2 2 2 2 2 2 2 2 2 2 2 2 2 2 2 2 2 2 2 2 2 2 2 2 2 2 2 2 2 2 2 2 2 2 2 2 2 2 2 2 2 2 2 2 2 2 2 2 2 2 2 2 2 2 2 2 2 2 2 2 2 2 2 2 2 2 2 2 2 2 2 2 2 2 2 2 2 2 2 2 2 2 2 2 2 2 2 2 2 2 2 2 2 2 2 2 2
left_child=1 8 -2 5 6 7 20 27 66 -8 70 36 15 22 55 16 18 64 19 -11 -3 23 -14 24 42 38 33 98 32 77 96 39 86 114 75 49 -9 57 118 -27 -10 88 -22 -35 45 -24 112 104 50 -29 -21 52 -26 -54 -55 89 -51 58 -20 62 83 -62 63 -44 65 -18 -1 68 69 -40 71 -6 73 74 94 76 -33 81 79 -79 -80 105 -68 -61 106 87 -17 -23 -42 90 -13 -70 93 -41 -5 -47 -31 -97 -4 101 -101 -100 -103 -102 -32 -30 -28 110 109 -109 -16 -111 115 -67 -19 -12 -49 121 119 -25 -7 -92 123 -112 -125 -96
right_child=2 4 3 72 10 120 9 11 40 12 46 14 13 -15 107 28 17 26 37 48 21 85 44 25 51 31 84 35 29 30 47 34 -34 43 -36 -37 -38 -39 67 92 41 -43 59 -45 -46 95 -48 116 -50 56 -52 -53 53 54 -56 -57 -58 -59 -60 60 61 -63 -64 -65 -66 113 82 -69 91 -71 -72 -73 -74 -75 -76 -77 -78 78 80 -81 -82 -83 -84 -85 -86 -87 -88 -89 -90 -91 117 -93 -94 -95 125 97 -98 -99 99 100 103 102 -104 -105 -106 -107 -108 108 -110 111 122 -113 -114 -115 -116 -117 -118 -119 -120 -121 -122 -123 -124 124 -126 -127
leaf_value=0.026833139744469863 0.026767658253156051 0.029428197422771109 0.030628857637509884 -0.01827441096594792 0.031599804625399568 0.0038273552770874447 0.02785898510035021 -0.016169172277124 0.028801384907403374 0.00018194244926144067 -0.024177905026143649 0.028957745867224521 -0.019940980330226805 -0.018021119366655382 0.023903096018275644 -0.022715113500198607 -0.01180873979900317 -0.019144903526004335 0.0036331744233772047 -0.024208284484528244 -0.022541675339770657 -0.022053438290992541 0.023846725775950511 -0.012703236207140995 -0.016922570136804947 -0.022443595653126907 0.043313715805112452 0.027202047570281458 -0.0022033757342708377 0.018096768592722145 -0.0076555879068474168 -0.0084358283680713419 -0.020485662246874831 -0.0061580931182098706 0.032768582836280466 0.027966590880583064 0.022346419457997264 -0.017468476436508257 -0.012414104753615386 -0.022164472556537716 0.0021011271616711829 0.02692673017154066 -0.0066755891448040316 0.010287338150676848 0.02622788894625027 0.050067332857202364 0.028436215329804952 0.025743147762112974 0.027480078095438593 0.00072100264995542725 0.016460430821779073 -0.021343019904983395 -0.012860721329742551 -0.012417521219820987 0.033281079186297691 -0.018542124411865139 0.016161483801897369 -0.02329061522471524 0.039847364375995495 -0.0068331287587720668 0.023015027841634905 -0.022684469017033373 -0.023248580875421646 0.020516484205326733 0.021614939394706635 -0.0087311804593351236 0.025741792634253177 -0.017628498328313751 0.022289504894598716 0.0051995960658431321 -0.015226704660159554 -0.021842115404699977 0.026854889039513132 0.026269615016444418 0.027302448045289324 -0.016085050295629132 0.0066784153290861802 0.039158161796566497 0.01153940401161147 -0.022506400214284458 -0.011391886059217451 0.078574745305617699 0.0076826008381116889 0.0063876268986748364 -0.013188863254322889 -0.016248734390530525 0.045332971058818783 0.018216170632448507 -0.027279338626143696 0.021887658982462015 0.0073645076052553929 0.10322679679807811 0.025520122133215643 0.025342169277472015 0.015211764843940252 0.043733802765020417 -0.023936561902442102 -0.020403957228567561 -0.024888239543774376 0.016699721822781885 -0.013008263339201893 -0.0039852901979628057 0.025578939431345909 0.014305715383960761 -0.018861870890903919 -0.014399286015916042 -0.022312367069784535 0.0090739663128840981 -0.02034847560154155 -0.014753720289010855 0.028228936604843279 0.027488676135363072 -0.028546004160068174 0.014832501097565755 0.038378698383715742 0.019631976544666828 -0.023579428070005314 -0.023762270231099617 -0.016356325558030904 0.093514488037261909 0.027441962792022902 0.028149642951660378 0.019499495474912407 0.013107395242187812 -0.012499164907900926 -0.0020289459145978951
leaf_weight=864.00408809632063 8488.2722895294428 21.747116327285767 20.826522707939148 21.015873551368713 17.431271009147171 19.037655010819435 52.347221493721008 102.77277406305075 34.537192888557911 115.53140224516392 6.4547910094261161 37.376551151275635 20.864143460988998 45.549098003655672 37.737263962626457 4.3662899136543265 47.617820892482996 66.295237697660923 42.296571545302868 13.130654007196425 27.190917801111937 9.2917125187814218 50.90997564047575 279.07218042016029 138.72348336875439 14.185727931559084 7.8063780292868614 100.795749604702 783.39030718430877 43.494887568056583 142.13504454493523 291.33637031540275 153.7117813155055 111.57276730239391 14.2741112858057 208.73276722431183 16.295436449348927 73.660255070775747 118.01866341382265 13.47327818721533 118.97282347455621 28.395940318703651 26.510543115437031 165.20863422006369 117.80564650893211 3.0093734860420218 146.92093204334378 17.2739791572094 151.98938779532909 83.98462700843811 42.437905363738537 162.6577438749373 47.618994373828173 22.086832106113434 34.062350105494261 14.654427111148832 286.0757264457643 13.965544521808622 15.468982197344301 217.17634364590049 55.981620196253061 10.215099915862082 11.979914363473652 114.64190754666924 67.103531248867512 24.7563751116395 84.977114483714104 78.579515762627125 7.5643547885119897 108.69191617891192 45.494324814528227 8.1415743082761747 2124.2022357136011 351.23344053328037 201.8082195520401 129.65423277765512 117.59348448738456 37.157663457095623 63.080488994717598 12.962071575224398 63.804989587515593 2.2112915813922873 85.365414194762707 120.85559605062008 367.18427199870348 18.234564989805222 8.7161678150296193 74.889118056744337 17.522710792720318 161.86481716483831 234.65671054646373 2.6661708615720272 55.83766957744956 9.4017415754497033 75.612312227487564 3.0803134962916365 7.8347186893224707 37.552668944001198 8.8682993501424772 37.97719406709075 78.519570022821426 21.348572134971619 72.922639772295952 20.313985615968704 256.82381519302726 84.697759166359901 3.9571161568164808 101.01020808145404 47.07667612656951 62.832416709512472 10.421370863914488 7.9194979816675177 7.6411562077701083 101.08494852483273 3.3822932243347159 36.206129588186741 5.6508518904447547 9.7265080288052541 965.64575557038188 8.5410771965980512 404.54056101292372 25.893710255622864 27.85237792879343 26.391049563884735 66.51126903295517 60.482871547341347
leaf_count=804 7863 18 18 96 51 57 46 1051 39 828 65 32 205 521 92 48 447 724 245 101 335 129 109 4107 2051 178 32 96 7002 193 1413 3467 2001 1050 19 213 35 653 1737 167 786 29 266 1310 222 13 208 95 605 481 210 2847 642 253 189 91 660 126 56 1995 273 126 135 671 255 164 84 1180 78 1201 542 113 1966 368 182 1619 1046 127 425 143 593 7 229 756 3878 251 11 321 98 248 1108 6 278 83 181 7 68 371 64 99 445 104 166 56 3013 935 44 511 448 476 9 10 64 486 11 68 51 87 15251 9 380 55 69 101 477 185
internal_value=0 0.000294192 0.0242704 0.0201855 -0.00356357 0.0137258 -0.00432314 0.0109504 0.0223368 -0.0012307 0.0156351 0.00583756 -0.0016785 0.00927676 0.00812293 -0.00265679 0.000828143 -0.0026383 0.00797567 0.0141706 -0.00753123 -0.0077743 0.0146081 -0.00829212 -0.00398494 -0.010217 -0.00650647 0.0163385 -0.00561948 -0.00435961 -0.010611 -0.00347475 -0.0171045 -0.000366353 -0.00595103 0.0195167 -0.010898 -0.00579078 -0.0129924 0.0112622 0.00767842 0.00325413 0.00278557 0.00365806 0.0180026 0.00775442 0.0228903 -0.0133233 0.021957 0.0157709 0.00685056 -0.0137535 -0.00866258 0.00237986 0.0153051 0.0135889 0.0126573 0.00620098 0.0133309 0.00402116 0.000852688 0.0159629 0.0123851 0.0154094 0.00902602 0.00415593 0.025163 -0.00583593 -0.00192502 -0.00396956 -0.00449903 0.0145856 0.0255526 0.0216574 0.0171439 -0.00697722 -0.00408952 -0.00153498 0.00657805 0.0232103 8.29154e-06 -0.00318504 0.0166916 -0.00210635 -0.0121202 0.00842637 0.0226218 0.0137713 -0.00167061 0.0145917 0.0107532 0.0433825 0.0173367 -0.00263902 0.00409537 -0.0110177 0.011681 -0.0155418 0.0080559 0.00609667 -0.000706001 0.0151202 0.0188839 -0.00739422 -0.0148695 -0.00339331 0.0212378 0.00129779 -0.00343034 0.0012066 0.0074234 -0.0100254 0.00669177 0.0101969 -0.0163526 0.0130033 0.0135854 0.00823565 -0.0147941 -0.00954895 0.0263806 0.00943015 0.00268246 -0.00185082 -0.00522503 0.00754972
internal_weight=0 8283.35 13677.6 5189.29 7049.57 2354.94 6781.28 1931.36 1233.78 3452.88 268.29 990.993 3400.53 278.771 871.925 3121.76 1434.45 965.969 468.481 323.089 3328.4 3306.65 233.222 3204.24 989.701 2214.54 725.407 940.366 1687.31 1520.52 473.213 645.757 166.794 346.459 552.858 679.589 119.068 145.391 1568.78 92.8984 199.429 164.891 584.552 276.781 212.358 94.5523 197.223 421.884 207.558 470.856 55.5686 405.149 242.492 103.768 56.1492 484.173 370.06 71.7311 57.7656 557.361 404.229 66.1967 153.132 141.152 240.563 173.459 1034.35 315.521 236.941 226.711 71.0672 25.5728 2834.35 710.153 358.919 538.584 408.93 1047.3 177.005 50.1197 126.885 870.299 170.343 338.032 378.948 102.415 13.0825 84.1808 136.496 469.518 307.653 10.2305 78.7127 22.875 157.111 43.6424 51.3296 40.633 260.777 239.95 136.811 103.14 94.2712 98.8336 398.959 868.088 11.7635 387.752 218.839 171.762 168.913 70.7519 50.3021 125.841 69.6775 42.6609 22.9248 270.277 1253.26 287.613 423.578 260.55 131.176 103.324 92.9023 136.095
internal_count=92288 73708 18580 10717 71639 7739 70528 7302 2069 28844 1111 4900 28798 1448 3814 27350 11225 8401 2824 1744 41684 41666 927 40965 10539 30426 7049 2402 16125 14065 4833 6857 2060 3095 6151 1450 1086 1080 23569 706 952 913 4557 2360 722 500 405 4572 916 1237 311 5982 3135 1084 442 1621 1141 427 301 4222 3150 399 1072 937 1352 1097 1117 4202 3022 2938 706 164 2978 1012 644 6132 4513 9232 1288 270 1018 7944 313 2751 3954 701 59 450 884 1530 1282 84 528 250 462 391 261 378 952 934 600 334 270 501 4426 7937 76 2193 1445 997 748 486 197 650 735 133 146 1250 19367 4116 437 1163 656 587 578 366
is_linear=0
shrinkage=0.02


end of trees

feature_importances:
hour_sin=1074
hour_cos=879
Global_active_power=714
dow_sin=614
gap_intensity_ratio=602
Global_reactive_power=568
Voltage=487
vi_res_roll15_mean=451
vi_res_abs=392
VI_residual=374
sm_gap_ratio=318
gap_diff1=293
dow_cos=238
Global_intensity=221
Sub_metering_3=190
Sub_metering_2=105
Sub_metering_1=40

parameters:
[boosting: gbdt]
[objective: binary]
[metric: auc]
[tree_learner: serial]
[device_type: cpu]
[data_sample_strategy: bagging]
[data: ]
[valid: ]
[num_iterations: 5000]
[learning_rate: 0.02]
[num_leaves: 127]
[num_threads: 10]
[seed: 42]
[deterministic: 0]
[force_col_wise: 0]
[force_row_wise: 0]
[histogram_pool_size: -1]
[max_depth: 12]
[min_data_in_leaf: 20]
[min_sum_hessian_in_leaf: 0.001]
[bagging_fraction: 0.8]
[pos_bagging_fraction: 1]
[neg_bagging_fraction: 1]
[bagging_freq: 5]
[bagging_seed: 400]
[feature_fraction: 0.85]
[feature_fraction_bynode: 1]
[feature_fraction_seed: 30056]
[extra_trees: 0]
[extra_seed: 12879]
[early_stopping_round: 0]
[early_stopping_min_delta: 0]
[first_metric_only: 0]
[max_delta_step: 0]
[lambda_l1: 0]
[lambda_l2: 0]
[linear_lambda: 0]
[min_gain_to_split: 0]
[drop_rate: 0.1]
[max_drop: 50]
[skip_drop: 0.5]
[xgboost_dart_mode: 0]
[uniform_drop: 0]
[drop_seed: 17869]
[top_rate: 0.2]
[other_rate: 0.1]
[min_data_per_group: 100]
[max_cat_threshold: 32]
[cat_l2: 10]
[cat_smooth: 10]
[max_cat_to_onehot: 4]
[top_k: 20]
[monotone_constraints: ]
[monotone_constraints_method: basic]
[monotone_penalty: 0]
[feature_contri: ]
[forcedsplits_filename: ]
[refit_decay_rate: 0.9]
[cegb_tradeoff: 1]
[cegb_penalty_split: 0]
[cegb_penalty_feature_lazy: ]
[cegb_penalty_feature_coupled: ]
[path_smooth: 0]
[interaction_constraints: ]
[verbosity: -1]
[saved_feature_importance_type: 0]
[use_quantized_grad: 0]
[num_grad_quant_bins: 4]
[quant_train_renew_leaf: 0]
[stochastic_rounding: 1]
[linear_tree: 0]
[max_bin: 255]
[max_bin_by_feature: ]
[min_data_in_bin: 3]
[bin_construct_sample_cnt: 200000]
[data_random_seed: 175]
[is_enable_sparse: 1]
[enable_bundle: 1]
[use_missing: 1]
[zero_as_missing: 0]
[feature_pre_filter: 1]
[pre_partition: 0]
[two_round: 0]
[header: 0]
[label_column: ]
[weight_column: ]
[group_column: ]
[ignore_column: ]
[categorical_feature: ]
[forcedbins_filename: ]
[precise_float_parser: 0]
[parser_config_file: ]
[objective_seed: 16083]
[num_class: 1]
[is_unbalance: 1]
[scale_pos_weight: 1]
[sigmoid: 1]
[boost_from_average: 1]
[reg_sqrt: 0]
[alpha: 0.9]
[fair_c: 1]
[poisson_max_delta_step: 0.7]
[tweedie_variance_power: 1.5]
[lambdarank_truncation_level: 30]
[lambdarank_norm: 1]
[label_gain: ]
[lambdarank_position_bias_regularization: 0]
[eval_at: ]
[multi_error_top_k: 1]
[auc_mu_weights: ]
[num_machines: 1]
[local_listen_port: 12400]
[time_out: 120]
[machine_list_filename: ]
[machines: ]
[gpu_platform_id: -1]
[gpu_device_id: -1]
[gpu_use_dp: 0]
[num_gpu: 1]

end of parameters

pandas_categorical:null
